wage_payment_method,no_account_family_member,debit_card_ownership,ever_had_mobile_money_account,survey_year,ever_had_bank_account,no_account_documentation,borrowed_money,saved_mobile_money,female,account_ownership,credit_card_ownership,received_goverment_transfer,wages_bank_account,mobile_money_transaction,agriculture_payment_method,mobile_money_activity,no_account_distance,age,saved_bank,education_level,received_wages,utility_payment,any_digital_payment,account_transaction_activity,no_mobile_agents_far,emergency_funds,no_account_too_expensive,sent_domestic_remittance_account,merchantpay_dig,store_money_account,income_quintile,utility_payment_cash,agriculture_payment_account,borrowed_from_family_friends,financial_health_indicator,borrowed_from_formal_bank,mobile_money_send_recieve,high_withdrawal_fee_wages,received_acc_balance_info,agri_payment_mobile,economycode,borrowed_from_savings_club,adult_population,received_agriculture_payment,saved_money,utility_payment_mobile,agri_payment_card,mobile_money_usage,agricultural_payment_mobile,agri_payment_bank,wages_mobile,survey_weight,financial_instituion_account,made_utility_payment,emergency_fund_access,recieved_wages,no_account_lack_of_trust,account_ownership,debit_card_ownership,account_usage,no_mobile_account_too_expensive,respondent_id,world_bank_region,emergency_fund_source,no_mobile_account_lack_documentation,applied_for_mobile_loan,wages_card,received_public_pension,recieved_agricultural_payment,utility_payment_bank,employment_status,mobile_money_account,economy,received_transfers,no_account_insufficient_funds,codes_found,gender,age_group,education_original
2.0,,2.0,2.0,2021,,,0.0,2.0,1,1,1.0,1.0,1.0,,,,,27.0,1.0,3.0,1.0,4.0,1.0,2.0,2.0,2.0,,2.0,0.0,,Q4,,1.0,2.0,,2.0,,2.0,2.0,,THA,,58246340.0,4.0,1.0,,,,1.0,,2.0,0.224080829,1,2.0,3.0,1.0,,1.0,1,1.0,2.0,156981272,East Asia & Pacific (excluding high income),3.0,,2.0,,2.0,2.0,,1.0,1.0,Thailand,1.0,,False,Female,23_29,3.0
2.0,,1.0,1.0,2021,,,0.0,2.0,2,1,1.0,1.0,1.0,,,,,30.0,1.0,3.0,1.0,4.0,1.0,2.0,1.0,2.0,,2.0,1.0,,Q4,,2.0,2.0,2.0,2.0,,2.0,1.0,,THA,,58246340.0,4.0,1.0,,,,1.0,,2.0,0.5261178,1,2.0,3.0,1.0,,2.0,1,1.0,1.0,195399987,East Asia & Pacific (excluding high income),3.0,2.0,2.0,,2.0,2.0,,1.0,1.0,Thailand,1.0,,False,Male,30_39,3.0
,,,2.0,2021,,,1.0,2.0,1,1,1.0,1.0,,1.0,,3.0,,45.0,1.0,3.0,4.0,1.0,1.0,2.0,1.0,4.0,,2.0,1.0,,Q4,,1.0,2.0,,1.0,1.0,,1.0,,THA,,58246340.0,4.0,1.0,1.0,,1.0,2.0,,,0.14889143,1,1.0,3.0,2.0,,1.0,2,1.0,1.0,181150505,East Asia & Pacific (excluding high income),5.0,3.0,2.0,,2.0,2.0,2.0,1.0,1.0,Thailand,1.0,,False,Female,40_49,3.0
,,,2.0,2021,,,0.0,2.0,1,1,1.0,1.0,,,,,,45.0,1.0,3.0,4.0,4.0,1.0,2.0,2.0,2.0,,2.0,0.0,,Q1 Lowest,,1.0,2.0,6.0,2.0,,,2.0,,THA,,58246340.0,4.0,1.0,,,,1.0,,,0.353824578,1,2.0,2.0,2.0,,2.0,2,1.0,2.0,190062572,East Asia & Pacific (excluding high income),3.0,,2.0,,2.0,2.0,,1.0,1.0,Thailand,1.0,,False,Female,40_49,3.0
,,2.0,1.0,2021,,,0.0,2.0,2,1,1.0,1.0,,,,,,39.0,1.0,3.0,4.0,2.0,1.0,2.0,2.0,2.0,,2.0,0.0,,Q4,1.0,1.0,2.0,,2.0,,,1.0,,THA,,58246340.0,4.0,1.0,2.0,,,2.0,,,0.138056999,1,1.0,3.0,2.0,,1.0,1,2.0,2.0,146919431,East Asia & Pacific (excluding high income),3.0,,2.0,,2.0,2.0,2.0,1.0,0.0,Thailand,1.0,,False,Male,30_39,3.0
2.0,,,1.0,2021,,,1.0,2.0,2,1,1.0,1.0,1.0,1.0,,1.0,,26.0,1.0,2.0,1.0,1.0,1.0,1.0,1.0,1.0,,1.0,1.0,1.0,Q5 Highest,,2.0,2.0,,1.0,1.0,1.0,1.0,,THA,,58246340.0,4.0,1.0,1.0,,1.0,1.0,,1.0,2.193631879,1,1.0,3.0,1.0,,1.0,2,1.0,1.0,187160212,East Asia & Pacific (excluding high income),3.0,1.0,2.0,,2.0,2.0,1.0,1.0,1.0,Thailand,1.0,,False,Male,23_29,2.0
2.0,,2.0,2.0,2021,,,1.0,2.0,2,1,1.0,1.0,2.0,,,,,32.0,1.0,1.0,1.0,2.0,1.0,2.0,2.0,5.0,,1.0,1.0,,Q1 Lowest,1.0,1.0,1.0,2.0,2.0,,2.0,1.0,1.0,THA,,58246340.0,1.0,1.0,2.0,,,1.0,2.0,1.0,2.320584425,1,1.0,2.0,1.0,,1.0,1,1.0,1.0,124034566,East Asia & Pacific (excluding high income),1.0,3.0,2.0,,2.0,1.0,2.0,1.0,1.0,Thailand,1.0,,False,Male,30_39,1.0
2.0,,2.0,1.0,2021,,,0.0,2.0,2,1,1.0,2.0,1.0,,,,,46.0,1.0,3.0,1.0,4.0,1.0,2.0,1.0,1.0,,2.0,1.0,,Q5 Highest,,,2.0,,2.0,,2.0,1.0,,THA,,58246340.0,4.0,1.0,,,,,,2.0,0.377784145,1,2.0,3.0,1.0,,1.0,1,1.0,1.0,199028113,East Asia & Pacific (excluding high income),3.0,3.0,2.0,,2.0,2.0,,1.0,0.0,Thailand,4.0,,False,Male,40_49,3.0
1.0,2.0,,1.0,2021,,2.0,0.0,2.0,2,1,,1.0,2.0,,,,2.0,57.0,1.0,2.0,1.0,4.0,1.0,,1.0,2.0,2.0,1.0,0.0,,Q3,,2.0,2.0,1.0,2.0,,2.0,,,THA,,58246340.0,4.0,1.0,,,,1.0,,1.0,1.251779298,0,2.0,3.0,1.0,2.0,,2,,2.0,121307534,East Asia & Pacific (excluding high income),5.0,,2.0,,2.0,2.0,,1.0,1.0,Thailand,1.0,2.0,False,Male,50_59,2.0
2.0,,2.0,1.0,2021,,,0.0,1.0,1,1,1.0,1.0,1.0,1.0,,1.0,,25.0,1.0,2.0,1.0,4.0,1.0,1.0,1.0,2.0,,2.0,1.0,2.0,Q4,,1.0,2.0,,2.0,1.0,3.0,1.0,,THA,2.0,58246340.0,4.0,1.0,,,2.0,2.0,,2.0,0.302764356,1,2.0,3.0,1.0,,1.0,1,1.0,1.0,184101152,East Asia & Pacific (excluding high income),3.0,1.0,2.0,,2.0,2.0,,1.0,1.0,Thailand,1.0,,False,Female,23_29,2.0
,,,2.0,2021,,,1.0,2.0,2,1,1.0,2.0,,,,,,23.0,1.0,1.0,4.0,4.0,1.0,2.0,2.0,2.0,,2.0,0.0,,Q2,,,1.0,,2.0,,,2.0,,THA,,58246340.0,4.0,1.0,,,,,,,2.383735438,1,2.0,2.0,2.0,,1.0,2,1.0,2.0,172516618,East Asia & Pacific (excluding high income),1.0,,2.0,,2.0,2.0,,1.0,0.0,Thailand,4.0,,False,Male,23_29,1.0
,,,1.0,2021,,,1.0,2.0,2,1,1.0,2.0,,1.0,,2.0,,72.0,1.0,2.0,4.0,1.0,1.0,1.0,2.0,5.0,,2.0,1.0,1.0,Q5 Highest,,,2.0,,2.0,2.0,,1.0,,THA,,58246340.0,4.0,1.0,2.0,,2.0,,,,0.830981594,1,1.0,3.0,2.0,,1.0,2,1.0,1.0,161370016,East Asia & Pacific (excluding high income),3.0,2.0,2.0,,2.0,2.0,1.0,1.0,1.0,Thailand,4.0,,False,Male,70_plus,2.0
2.0,,,2.0,2021,,,0.0,2.0,2,1,2.0,1.0,2.0,1.0,,,,20.0,2.0,1.0,2.0,2.0,1.0,2.0,2.0,7.0,,2.0,0.0,,Q1 Lowest,1.0,1.0,2.0,3.0,2.0,,,,,THA,,58246340.0,4.0,0.0,2.0,,,1.0,,2.0,2.834493188,1,1.0,,1.0,,2.0,2,2.0,2.0,141489949,East Asia & Pacific (excluding high income),,,2.0,1.0,2.0,2.0,2.0,1.0,1.0,Thailand,1.0,,False,Male,18_22,1.0
2.0,,,2.0,2021,,,1.0,2.0,1,1,1.0,1.0,1.0,1.0,,1.0,,29.0,1.0,3.0,1.0,1.0,1.0,2.0,1.0,4.0,,1.0,1.0,,Q5 Highest,,1.0,2.0,1.0,1.0,1.0,2.0,1.0,,THA,,58246340.0,4.0,1.0,1.0,,1.0,1.0,,1.0,0.496218276,1,1.0,3.0,1.0,,1.0,2,1.0,1.0,168323468,East Asia & Pacific (excluding high income),3.0,1.0,2.0,,2.0,2.0,1.0,1.0,1.0,Thailand,1.0,,False,Female,23_29,3.0
2.0,,2.0,2.0,2021,,,0.0,2.0,2,1,2.0,1.0,2.0,,2.0,,,58.0,2.0,1.0,2.0,2.0,1.0,2.0,2.0,2.0,,2.0,0.0,,Q1 Lowest,1.0,2.0,2.0,1.0,2.0,,,,2.0,THA,,58246340.0,2.0,0.0,2.0,1.0,,2.0,2.0,2.0,4.357584441,1,1.0,2.0,1.0,,2.0,1,2.0,2.0,130615598,East Asia & Pacific (excluding high income),2.0,,2.0,1.0,2.0,1.0,2.0,1.0,0.0,Thailand,1.0,,False,Male,50_59,1.0
2.0,,1.0,2.0,2021,,,0.0,2.0,1,1,1.0,1.0,1.0,,,,,22.0,1.0,3.0,1.0,1.0,1.0,2.0,1.0,3.0,,1.0,1.0,,Q4,,1.0,2.0,2.0,2.0,,2.0,1.0,,THA,,58246340.0,4.0,1.0,1.0,,,1.0,,2.0,0.64118658,1,1.0,2.0,1.0,,1.0,1,1.0,1.0,120493279,East Asia & Pacific (excluding high income),1.0,1.0,2.0,,2.0,2.0,2.0,1.0,1.0,Thailand,1.0,,False,Female,18_22,3.0
2.0,,,2.0,2021,,,0.0,2.0,1,1,1.0,2.0,1.0,,,,,33.0,2.0,3.0,1.0,1.0,1.0,2.0,1.0,3.0,,2.0,1.0,,Q1 Lowest,,,2.0,,2.0,,2.0,1.0,,THA,,58246340.0,4.0,0.0,1.0,,,,,1.0,0.308541205,1,1.0,3.0,1.0,,2.0,2,1.0,1.0,120939423,East Asia & Pacific (excluding high income),3.0,1.0,2.0,,2.0,2.0,1.0,1.0,1.0,Thailand,4.0,,False,Female,30_39,3.0
2.0,,2.0,1.0,2021,,,1.0,2.0,2,1,1.0,1.0,1.0,,,,,55.0,1.0,3.0,1.0,4.0,1.0,1.0,2.0,1.0,,2.0,1.0,1.0,Q5 Highest,,2.0,2.0,,2.0,,2.0,1.0,,THA,,58246340.0,4.0,1.0,,,,1.0,,2.0,0.205961814,1,2.0,3.0,1.0,,1.0,1,1.0,2.0,181722458,East Asia & Pacific (excluding high income),3.0,,2.0,,2.0,2.0,,1.0,1.0,Thailand,1.0,,False,Male,50_59,3.0
2.0,,1.0,2.0,2021,,,1.0,2.0,1,1,1.0,2.0,1.0,,,,,30.0,2.0,3.0,1.0,1.0,1.0,1.0,1.0,8.0,,1.0,1.0,1.0,Q5 Highest,,,2.0,2.0,2.0,,1.0,2.0,,THA,,58246340.0,4.0,0.0,1.0,,,,,1.0,0.496218276,1,1.0,,1.0,,1.0,1,1.0,1.0,128073072,East Asia & Pacific (excluding high income),,3.0,2.0,,2.0,2.0,1.0,1.0,1.0,Thailand,4.0,,False,Female,30_39,3.0
2.0,,1.0,1.0,2021,,,1.0,2.0,1,1,1.0,1.0,1.0,1.0,2.0,1.0,,47.0,1.0,3.0,1.0,1.0,1.0,1.0,1.0,2.0,,1.0,1.0,1.0,Q3,,2.0,2.0,,2.0,1.0,2.0,2.0,,THA,,58246340.0,4.0,1.0,1.0,,2.0,2.0,,1.0,0.349051564,1,1.0,3.0,1.0,,1.0,1,1.0,1.0,139200001,East Asia & Pacific (excluding high income),3.0,1.0,2.0,,2.0,2.0,2.0,1.0,1.0,Thailand,1.0,,False,Female,40_49,3.0
2.0,,1.0,1.0,2021,,,1.0,2.0,1,1,1.0,2.0,2.0,,,,,37.0,2.0,3.0,1.0,1.0,1.0,1.0,1.0,1.0,,2.0,1.0,1.0,Q1 Lowest,,,2.0,,2.0,,2.0,1.0,,THA,,58246340.0,4.0,1.0,1.0,,,,,1.0,0.933096153,1,1.0,3.0,1.0,,1.0,1,1.0,1.0,124245804,East Asia & Pacific (excluding high income),3.0,1.0,2.0,,2.0,2.0,1.0,1.0,1.0,Thailand,4.0,,False,Female,30_39,3.0
1.0,,1.0,1.0,2021,,,1.0,2.0,1,1,1.0,1.0,1.0,1.0,,1.0,,28.0,1.0,2.0,1.0,1.0,1.0,1.0,1.0,8.0,,2.0,1.0,1.0,Q1 Lowest,,1.0,2.0,,2.0,1.0,2.0,1.0,,THA,,58246340.0,4.0,1.0,1.0,,2.0,2.0,,2.0,1.314183571,1,1.0,,1.0,,1.0,1,1.0,1.0,210355279,East Asia & Pacific (excluding high income),,3.0,2.0,,2.0,2.0,2.0,1.0,1.0,Thailand,1.0,,False,Female,23_29,2.0
2.0,,1.0,2.0,2021,,,1.0,2.0,2,1,1.0,1.0,1.0,,,,,22.0,2.0,2.0,1.0,1.0,1.0,2.0,1.0,4.0,,1.0,1.0,,Q3,,1.0,1.0,3.0,2.0,,2.0,1.0,,THA,,58246340.0,4.0,1.0,1.0,,,1.0,,1.0,0.484549483,1,1.0,2.0,1.0,,1.0,1,1.0,1.0,153946385,East Asia & Pacific (excluding high income),2.0,2.0,2.0,,2.0,2.0,1.0,1.0,1.0,Thailand,1.0,,False,Male,18_22,2.0
2.0,,,1.0,2021,,,0.0,2.0,1,1,1.0,1.0,2.0,1.0,2.0,1.0,,17.0,1.0,1.0,1.0,4.0,1.0,2.0,1.0,8.0,,2.0,0.0,,Q1 Lowest,,2.0,2.0,3.0,2.0,1.0,2.0,2.0,,THA,,58246340.0,4.0,1.0,,,2.0,2.0,,1.0,2.248266621,1,2.0,,1.0,,1.0,2,1.0,2.0,163620002,East Asia & Pacific (excluding high income),,,2.0,,2.0,2.0,,1.0,1.0,Thailand,3.0,,False,Female,17_or_less,1.0
,,2.0,1.0,2021,,,1.0,2.0,2,1,1.0,1.0,,,,,,32.0,1.0,2.0,4.0,1.0,1.0,1.0,1.0,4.0,,1.0,1.0,1.0,Q5 Highest,,2.0,2.0,,2.0,,,1.0,,THA,,58246340.0,4.0,1.0,1.0,,,1.0,,,1.312859013,1,1.0,3.0,2.0,,1.0,1,1.0,1.0,121949004,East Asia & Pacific (excluding high income),3.0,3.0,2.0,,2.0,2.0,1.0,1.0,1.0,Thailand,1.0,,False,Male,30_39,2.0
,,2.0,2.0,2021,,,1.0,2.0,1,1,1.0,1.0,,2.0,,1.0,,23.0,2.0,3.0,4.0,4.0,1.0,2.0,1.0,2.0,,2.0,1.0,,Q3,,1.0,1.0,3.0,2.0,1.0,,,,THA,,58246340.0,4.0,1.0,,,2.0,1.0,,,0.894508062,1,2.0,2.0,2.0,,1.0,1,1.0,1.0,209813194,East Asia & Pacific (excluding high income),1.0,1.0,1.0,,2.0,2.0,,1.0,1.0,Thailand,1.0,,False,Female,23_29,3.0
,,2.0,2.0,2021,,,1.0,2.0,1,1,1.0,1.0,,,,,,18.0,2.0,1.0,4.0,4.0,1.0,2.0,2.0,2.0,,2.0,1.0,,Q1 Lowest,,1.0,1.0,2.0,2.0,,,2.0,,THA,,58246340.0,4.0,0.0,,,,1.0,,,3.689425568,1,2.0,2.0,2.0,,1.0,1,2.0,1.0,179809468,East Asia & Pacific (excluding high income),1.0,2.0,2.0,,2.0,2.0,,1.0,1.0,Thailand,1.0,,False,Female,18_22,1.0
2.0,,2.0,1.0,2021,,,1.0,2.0,2,1,2.0,1.0,2.0,1.0,,2.0,,18.0,1.0,2.0,2.0,1.0,1.0,2.0,1.0,2.0,,1.0,0.0,,Q2,,1.0,2.0,4.0,2.0,1.0,,2.0,,THA,,58246340.0,4.0,1.0,2.0,,1.0,2.0,,2.0,3.954351335,1,1.0,2.0,1.0,,1.0,1,1.0,1.0,202025064,East Asia & Pacific (excluding high income),1.0,2.0,2.0,1.0,2.0,2.0,1.0,2.0,1.0,Thailand,1.0,,False,Male,18_22,2.0
2.0,,2.0,1.0,2021,,,0.0,1.0,2,1,1.0,1.0,1.0,,,,,40.0,1.0,3.0,1.0,2.0,1.0,2.0,2.0,9.0,,1.0,0.0,,Q5 Highest,1.0,1.0,2.0,,2.0,,2.0,2.0,,THA,2.0,58246340.0,4.0,1.0,2.0,,,1.0,,2.0,0.138056999,1,1.0,,1.0,,2.0,1,2.0,2.0,180458293,East Asia & Pacific (excluding high income),,,2.0,,2.0,2.0,2.0,1.0,1.0,Thailand,1.0,,False,Male,40_49,5.0
,,2.0,2.0,2021,,,0.0,2.0,1,1,1.0,1.0,,,,,,45.0,1.0,3.0,4.0,4.0,1.0,2.0,2.0,5.0,,2.0,0.0,,Q4,,1.0,2.0,3.0,2.0,,,1.0,,THA,,58246340.0,4.0,1.0,,,,1.0,,,0.560958796,1,2.0,2.0,2.0,,1.0,1,1.0,2.0,203237558,East Asia & Pacific (excluding high income),2.0,,2.0,,2.0,2.0,,1.0,1.0,Thailand,1.0,,False,Female,40_49,3.0
,,2.0,1.0,2021,,,1.0,2.0,2,1,1.0,1.0,,,,,,21.0,1.0,2.0,4.0,1.0,1.0,2.0,1.0,2.0,,1.0,1.0,,Q5 Highest,,1.0,1.0,2.0,2.0,,,1.0,,THA,,58246340.0,4.0,1.0,1.0,,,1.0,,,0.988370097,1,1.0,3.0,2.0,,2.0,1,1.0,1.0,164478595,East Asia & Pacific (excluding high income),2.0,3.0,2.0,,2.0,2.0,2.0,2.0,1.0,Thailand,1.0,,False,Male,18_22,2.0
2.0,,2.0,1.0,2021,,,1.0,2.0,1,1,1.0,1.0,1.0,1.0,,1.0,,22.0,1.0,3.0,1.0,1.0,1.0,2.0,1.0,2.0,,1.0,1.0,,Q3,,1.0,1.0,,2.0,1.0,2.0,2.0,,THA,,58246340.0,4.0,1.0,1.0,,2.0,1.0,,2.0,0.439869775,1,1.0,3.0,1.0,,1.0,1,1.0,1.0,178905768,East Asia & Pacific (excluding high income),3.0,1.0,2.0,,2.0,2.0,1.0,1.0,1.0,Thailand,1.0,,False,Female,18_22,3.0
2.0,,2.0,2.0,2021,,,1.0,2.0,2,1,1.0,1.0,1.0,,,,,41.0,2.0,1.0,1.0,2.0,1.0,2.0,1.0,2.0,,1.0,1.0,,Q4,1.0,1.0,1.0,1.0,2.0,,2.0,2.0,,THA,,58246340.0,4.0,0.0,2.0,,,1.0,,2.0,3.439763935,1,1.0,1.0,1.0,,2.0,1,1.0,2.0,181646671,East Asia & Pacific (excluding high income),1.0,,1.0,,2.0,2.0,2.0,1.0,1.0,Thailand,1.0,,False,Male,40_49,1.0
2.0,,1.0,1.0,2021,,,0.0,2.0,1,1,1.0,2.0,2.0,,,,,20.0,2.0,2.0,2.0,4.0,1.0,2.0,2.0,2.0,,1.0,1.0,,Q1 Lowest,,,2.0,,2.0,,,1.0,,THA,,58246340.0,4.0,1.0,,,,,,2.0,0.439869775,1,2.0,3.0,1.0,,1.0,1,1.0,1.0,162597429,East Asia & Pacific (excluding high income),3.0,3.0,2.0,1.0,2.0,2.0,,1.0,0.0,Thailand,4.0,,False,Female,18_22,2.0
2.0,,2.0,2.0,2021,,,1.0,2.0,1,1,1.0,1.0,2.0,,,,,57.0,1.0,1.0,2.0,4.0,1.0,2.0,2.0,2.0,,2.0,1.0,,Q1 Lowest,,1.0,1.0,3.0,2.0,,,,,THA,,58246340.0,4.0,1.0,,,,1.0,,2.0,0.498550996,1,2.0,1.0,1.0,,2.0,1,2.0,2.0,136947154,East Asia & Pacific (excluding high income),1.0,,2.0,1.0,2.0,2.0,,1.0,1.0,Thailand,1.0,,False,Female,50_59,1.0
2.0,2.0,,2.0,2021,,2.0,0.0,2.0,1,1,,2.0,2.0,,,,1.0,40.0,2.0,2.0,2.0,2.0,1.0,,2.0,2.0,1.0,2.0,0.0,,Q3,1.0,,2.0,3.0,2.0,,,,2.0,THA,,58246340.0,1.0,0.0,2.0,,,,1.0,2.0,1.357969716,1,1.0,2.0,1.0,1.0,,2,,2.0,136151491,East Asia & Pacific (excluding high income),1.0,,2.0,1.0,2.0,1.0,2.0,1.0,0.0,Thailand,4.0,2.0,False,Female,40_49,2.0
2.0,,2.0,1.0,2021,,,1.0,2.0,2,1,1.0,1.0,1.0,,,,,50.0,1.0,3.0,1.0,2.0,1.0,2.0,2.0,2.0,,1.0,0.0,,Q4,1.0,2.0,1.0,,2.0,,2.0,2.0,,THA,,58246340.0,4.0,1.0,2.0,,,1.0,,2.0,0.350293803,1,1.0,3.0,1.0,,1.0,1,2.0,2.0,141276749,East Asia & Pacific (excluding high income),3.0,,2.0,,2.0,2.0,2.0,1.0,1.0,Thailand,1.0,,False,Male,50_59,3.0
,,,2.0,2021,,,1.0,2.0,1,1,1.0,2.0,,,,,,42.0,1.0,1.0,4.0,4.0,1.0,2.0,2.0,2.0,,2.0,0.0,,Q3,,,1.0,,2.0,,,2.0,,THA,,58246340.0,4.0,1.0,,,,,,,0.514490215,1,2.0,1.0,2.0,,1.0,2,2.0,2.0,159343129,East Asia & Pacific (excluding high income),1.0,,2.0,,2.0,2.0,,1.0,0.0,Thailand,4.0,,False,Female,40_49,1.0
1.0,,2.0,1.0,2021,,,1.0,2.0,2,1,1.0,1.0,1.0,1.0,,1.0,,38.0,1.0,1.0,1.0,4.0,1.0,2.0,1.0,2.0,,1.0,1.0,,Q5 Highest,,2.0,1.0,,2.0,1.0,3.0,1.0,,THA,,58246340.0,4.0,1.0,,,2.0,1.0,,3.0,0.462325869,1,2.0,2.0,1.0,,1.0,1,1.0,1.0,209362150,East Asia & Pacific (excluding high income),2.0,2.0,2.0,,2.0,2.0,,1.0,1.0,Thailand,1.0,,False,Male,30_39,1.0
2.0,,2.0,1.0,2021,,,1.0,2.0,2,1,1.0,1.0,1.0,,,,,52.0,1.0,3.0,1.0,2.0,1.0,1.0,1.0,1.0,,1.0,1.0,1.0,Q4,1.0,1.0,2.0,,2.0,,2.0,1.0,,THA,,58246340.0,4.0,1.0,2.0,,,1.0,,1.0,0.404584751,1,1.0,3.0,1.0,,1.0,1,1.0,1.0,185843875,East Asia & Pacific (excluding high income),3.0,2.0,2.0,,2.0,2.0,2.0,1.0,1.0,Thailand,1.0,,False,Male,50_59,3.0
1.0,,1.0,1.0,2021,,,0.0,2.0,2,1,1.0,1.0,1.0,1.0,,1.0,,60.0,1.0,3.0,1.0,1.0,1.0,2.0,1.0,1.0,,1.0,1.0,,Q3,,1.0,2.0,,2.0,1.0,2.0,2.0,,THA,,58246340.0,4.0,1.0,1.0,,2.0,2.0,,2.0,0.138056999,1,1.0,3.0,1.0,,1.0,1,1.0,1.0,145540887,East Asia & Pacific (excluding high income),3.0,3.0,2.0,,2.0,2.0,1.0,1.0,1.0,Thailand,1.0,,False,Male,60_69,3.0
2.0,,,2.0,2021,,,0.0,2.0,2,1,1.0,2.0,1.0,,,,,40.0,2.0,2.0,1.0,4.0,1.0,2.0,2.0,5.0,,2.0,0.0,,Q3,,,2.0,,2.0,,2.0,2.0,,THA,,58246340.0,4.0,0.0,,,,,,2.0,1.27787695,1,2.0,2.0,1.0,,1.0,2,2.0,2.0,113995745,East Asia & Pacific (excluding high income),2.0,,2.0,,2.0,2.0,,1.0,0.0,Thailand,4.0,,False,Male,40_49,2.0
2.0,,,1.0,2021,,,0.0,2.0,2,1,1.0,1.0,1.0,,,,,45.0,1.0,3.0,1.0,1.0,1.0,2.0,1.0,1.0,,2.0,1.0,,Q5 Highest,,2.0,2.0,,2.0,,2.0,3.0,,THA,,58246340.0,4.0,1.0,2.0,,,1.0,,2.0,0.146375593,1,1.0,3.0,1.0,,1.0,2,1.0,2.0,206415577,East Asia & Pacific (excluding high income),3.0,,2.0,,2.0,2.0,1.0,1.0,1.0,Thailand,1.0,,False,Male,40_49,3.0
2.0,,2.0,1.0,2021,,,0.0,2.0,1,1,1.0,1.0,1.0,1.0,,1.0,,40.0,1.0,3.0,1.0,1.0,1.0,2.0,1.0,2.0,,1.0,1.0,,Q5 Highest,,1.0,2.0,,2.0,2.0,1.0,1.0,,THA,,58246340.0,4.0,1.0,1.0,,2.0,1.0,,1.0,0.640126926,1,1.0,3.0,1.0,,1.0,1,1.0,1.0,204747746,East Asia & Pacific (excluding high income),3.0,3.0,2.0,,2.0,2.0,1.0,1.0,1.0,Thailand,1.0,,False,Female,40_49,3.0
,,,1.0,2021,,,0.0,2.0,1,1,1.0,1.0,,,,,,39.0,1.0,3.0,4.0,2.0,1.0,2.0,1.0,2.0,,2.0,1.0,,Q3,1.0,1.0,2.0,,2.0,,,2.0,,THA,,58246340.0,4.0,1.0,2.0,,,1.0,,,0.634738303,1,1.0,3.0,2.0,,1.0,2,1.0,1.0,146894031,East Asia & Pacific (excluding high income),1.0,3.0,2.0,,2.0,2.0,2.0,1.0,1.0,Thailand,1.0,,False,Female,30_39,3.0
2.0,,,2.0,2021,,,1.0,2.0,2,1,1.0,2.0,1.0,,,,,36.0,2.0,3.0,1.0,2.0,1.0,2.0,2.0,2.0,,2.0,0.0,,Q3,1.0,,1.0,3.0,2.0,,2.0,2.0,,THA,,58246340.0,4.0,0.0,2.0,,,,,2.0,0.565962403,1,1.0,2.0,1.0,,2.0,2,2.0,2.0,179875063,East Asia & Pacific (excluding high income),1.0,,2.0,,2.0,2.0,2.0,1.0,0.0,Thailand,4.0,,False,Male,30_39,3.0
2.0,,1.0,1.0,2021,,,1.0,2.0,2,1,1.0,1.0,1.0,1.0,,1.0,,50.0,1.0,3.0,1.0,1.0,1.0,1.0,1.0,6.0,,2.0,1.0,1.0,Q4,,2.0,2.0,,2.0,2.0,2.0,1.0,,THA,,58246340.0,4.0,1.0,2.0,,2.0,1.0,,2.0,0.404584751,1,1.0,3.0,1.0,,1.0,1,1.0,1.0,148792120,East Asia & Pacific (excluding high income),3.0,1.0,2.0,,2.0,2.0,1.0,1.0,1.0,Thailand,1.0,,False,Male,50_59,3.0
2.0,,1.0,2.0,2021,,,0.0,2.0,2,1,1.0,1.0,1.0,,,,,18.0,1.0,2.0,1.0,1.0,1.0,2.0,1.0,2.0,,1.0,1.0,,Q2,,2.0,2.0,1.0,2.0,,2.0,1.0,,THA,,58246340.0,4.0,1.0,1.0,,,1.0,,1.0,1.800854349,1,1.0,3.0,1.0,,1.0,1,1.0,1.0,185956387,East Asia & Pacific (excluding high income),2.0,3.0,2.0,,2.0,2.0,1.0,2.0,1.0,Thailand,1.0,,False,Male,18_22,2.0
,,,2.0,2021,,,0.0,2.0,2,1,2.0,1.0,,,1.0,,,37.0,2.0,1.0,4.0,2.0,1.0,2.0,2.0,2.0,,1.0,1.0,,Q3,1.0,2.0,2.0,1.0,2.0,,,,2.0,THA,,58246340.0,2.0,0.0,2.0,1.0,,2.0,2.0,,0.447294941,1,1.0,2.0,2.0,,2.0,2,2.0,2.0,144020195,East Asia & Pacific (excluding high income),1.0,,2.0,,2.0,1.0,2.0,2.0,0.0,Thailand,2.0,,False,Male,30_39,1.0
2.0,,2.0,1.0,2021,,,1.0,2.0,1,1,1.0,1.0,1.0,,,,,45.0,1.0,2.0,1.0,1.0,1.0,2.0,1.0,3.0,,2.0,1.0,,Q4,,1.0,1.0,,2.0,,2.0,1.0,,THA,,58246340.0,4.0,1.0,1.0,,,2.0,,1.0,1.427554488,1,1.0,2.0,1.0,,1.0,1,1.0,1.0,161639087,East Asia & Pacific (excluding high income),1.0,3.0,2.0,,2.0,2.0,1.0,1.0,1.0,Thailand,1.0,,False,Female,40_49,2.0
,,1.0,2.0,2021,,,0.0,2.0,1,1,1.0,1.0,,,,,,40.0,2.0,1.0,4.0,2.0,1.0,2.0,2.0,9.0,,2.0,0.0,,Q1 Lowest,1.0,2.0,2.0,4.0,2.0,,,3.0,,THA,,58246340.0,4.0,0.0,2.0,,,1.0,,,0.514490215,1,1.0,,2.0,,2.0,1,2.0,2.0,167018442,East Asia & Pacific (excluding high income),,,2.0,,2.0,2.0,2.0,1.0,1.0,Thailand,1.0,,False,Female,40_49,1.0
,,,2.0,2021,,,0.0,2.0,1,1,2.0,2.0,,,,,,24.0,1.0,3.0,4.0,2.0,1.0,2.0,1.0,2.0,,2.0,0.0,,Q2,1.0,,2.0,,2.0,,,,,THA,,58246340.0,4.0,1.0,2.0,,,,,,0.573004685,1,1.0,1.0,2.0,,2.0,2,2.0,2.0,208977030,East Asia & Pacific (excluding high income),1.0,,2.0,,2.0,2.0,2.0,2.0,0.0,Thailand,4.0,,False,Female,23_29,3.0
,,,2.0,2021,,,0.0,2.0,2,1,1.0,1.0,,,,,,50.0,2.0,1.0,4.0,4.0,1.0,1.0,2.0,2.0,,2.0,0.0,2.0,Q3,,1.0,2.0,,2.0,,,2.0,2.0,THA,,58246340.0,2.0,0.0,,1.0,,2.0,2.0,,0.436942545,1,2.0,4.0,2.0,,1.0,2,2.0,2.0,131075724,East Asia & Pacific (excluding high income),2.0,,2.0,,2.0,1.0,,1.0,0.0,Thailand,1.0,,False,Male,50_59,1.0
2.0,,2.0,1.0,2021,,,1.0,1.0,1,1,1.0,1.0,1.0,1.0,,1.0,,31.0,1.0,3.0,1.0,1.0,1.0,1.0,1.0,2.0,,1.0,1.0,1.0,Q5 Highest,,1.0,1.0,2.0,2.0,1.0,2.0,1.0,,THA,2.0,58246340.0,4.0,1.0,1.0,,2.0,2.0,,2.0,0.193616866,1,1.0,3.0,1.0,,1.0,1,1.0,1.0,179710047,East Asia & Pacific (excluding high income),3.0,3.0,2.0,,2.0,2.0,1.0,1.0,1.0,Thailand,1.0,,False,Female,30_39,3.0
,,2.0,1.0,2021,,,1.0,2.0,2,1,1.0,2.0,,,,,,52.0,1.0,3.0,4.0,1.0,1.0,1.0,1.0,2.0,,2.0,1.0,1.0,Q5 Highest,,,2.0,,1.0,,,1.0,,THA,,58246340.0,4.0,1.0,2.0,,,,,,0.146375593,1,1.0,3.0,2.0,,1.0,1,1.0,2.0,200846495,East Asia & Pacific (excluding high income),3.0,,2.0,,2.0,2.0,1.0,1.0,0.0,Thailand,4.0,,False,Male,50_59,3.0
2.0,,,2.0,2021,,,1.0,2.0,1,1,1.0,1.0,1.0,,,,,26.0,2.0,2.0,1.0,4.0,1.0,2.0,2.0,2.0,,2.0,0.0,,Q2,,1.0,1.0,,2.0,,2.0,2.0,,THA,,58246340.0,4.0,0.0,,,,1.0,,2.0,1.361901691,1,2.0,1.0,1.0,,2.0,2,1.0,2.0,120616344,East Asia & Pacific (excluding high income),1.0,,2.0,,2.0,2.0,,1.0,1.0,Thailand,1.0,,False,Female,23_29,2.0
,,1.0,1.0,2021,,,0.0,2.0,1,1,1.0,1.0,,1.0,,1.0,,37.0,1.0,3.0,4.0,4.0,1.0,2.0,1.0,1.0,,2.0,1.0,,Q5 Highest,,2.0,2.0,,2.0,1.0,,1.0,,THA,,58246340.0,4.0,1.0,,,2.0,1.0,,,0.227863973,1,2.0,2.0,2.0,,1.0,1,1.0,1.0,170189268,East Asia & Pacific (excluding high income),2.0,1.0,2.0,,2.0,2.0,,1.0,1.0,Thailand,1.0,,False,Female,30_39,3.0
,,2.0,1.0,2021,,,1.0,2.0,1,1,2.0,1.0,,,,,,35.0,2.0,1.0,4.0,2.0,1.0,2.0,2.0,4.0,,2.0,0.0,,Q1 Lowest,1.0,1.0,2.0,1.0,2.0,,,,,THA,,58246340.0,4.0,1.0,2.0,,,2.0,,,0.868417419,1,1.0,2.0,2.0,,2.0,1,2.0,1.0,163346215,East Asia & Pacific (excluding high income),1.0,2.0,2.0,,2.0,2.0,2.0,1.0,0.0,Thailand,1.0,,False,Female,30_39,1.0
,,1.0,1.0,2021,,,1.0,1.0,1,1,1.0,1.0,,1.0,,1.0,,40.0,1.0,2.0,4.0,1.0,1.0,1.0,1.0,1.0,,1.0,1.0,1.0,Q4,,2.0,2.0,1.0,2.0,1.0,,1.0,,THA,2.0,58246340.0,4.0,1.0,1.0,,2.0,1.0,,,0.158649626,1,1.0,3.0,2.0,,1.0,1,1.0,1.0,117579517,East Asia & Pacific (excluding high income),3.0,3.0,2.0,,2.0,2.0,1.0,1.0,1.0,Thailand,1.0,,False,Female,40_49,2.0
2.0,,2.0,1.0,2021,,,1.0,1.0,2,1,1.0,1.0,1.0,,,,,50.0,1.0,3.0,1.0,1.0,1.0,1.0,1.0,1.0,,1.0,1.0,1.0,Q5 Highest,,2.0,2.0,,2.0,,2.0,1.0,1.0,THA,2.0,58246340.0,1.0,1.0,1.0,,,1.0,1.0,2.0,0.157862851,1,1.0,3.0,1.0,,1.0,1,1.0,1.0,161323038,East Asia & Pacific (excluding high income),3.0,1.0,2.0,,2.0,1.0,1.0,1.0,1.0,Thailand,1.0,,False,Male,50_59,3.0
,2.0,,2.0,2021,,2.0,0.0,2.0,2,1,,1.0,,,,,2.0,38.0,2.0,3.0,4.0,4.0,1.0,,2.0,7.0,2.0,1.0,1.0,,Q1 Lowest,,2.0,2.0,,2.0,,,,,THA,,58246340.0,4.0,0.0,,,,1.0,,,0.545490711,0,2.0,,2.0,1.0,,2,,1.0,115067983,East Asia & Pacific (excluding high income),,5.0,2.0,,2.0,2.0,,1.0,1.0,Thailand,1.0,2.0,False,Male,30_39,5.0
2.0,,2.0,1.0,2021,,,1.0,2.0,1,1,1.0,1.0,1.0,1.0,,1.0,,26.0,1.0,3.0,1.0,1.0,1.0,1.0,1.0,2.0,,1.0,1.0,1.0,Q5 Highest,,1.0,2.0,2.0,2.0,1.0,2.0,1.0,,THA,,58246340.0,4.0,1.0,1.0,,2.0,2.0,,1.0,0.315192068,1,1.0,3.0,1.0,,1.0,1,1.0,1.0,184126584,East Asia & Pacific (excluding high income),3.0,3.0,2.0,,2.0,2.0,1.0,1.0,1.0,Thailand,1.0,,False,Female,23_29,3.0
2.0,,1.0,1.0,2021,,,1.0,2.0,2,1,2.0,1.0,1.0,1.0,,2.0,,,1.0,3.0,1.0,1.0,1.0,1.0,1.0,2.0,,2.0,1.0,1.0,Q3,,1.0,2.0,3.0,2.0,1.0,2.0,,,THA,,58246340.0,4.0,1.0,2.0,,2.0,2.0,,2.0,0.172706162,1,1.0,2.0,1.0,,1.0,1,1.0,1.0,199048077,East Asia & Pacific (excluding high income),2.0,3.0,2.0,,2.0,2.0,1.0,1.0,1.0,Thailand,1.0,,False,Male,,3.0
2.0,,2.0,1.0,2021,,,1.0,2.0,1,1,1.0,1.0,1.0,,,,,46.0,1.0,3.0,1.0,1.0,1.0,1.0,1.0,2.0,,1.0,1.0,1.0,Q5 Highest,,2.0,2.0,1.0,2.0,,1.0,2.0,,THA,,58246340.0,4.0,1.0,1.0,,,1.0,,1.0,0.239457964,1,1.0,3.0,1.0,,1.0,1,1.0,1.0,202932078,East Asia & Pacific (excluding high income),3.0,1.0,2.0,,2.0,2.0,2.0,1.0,1.0,Thailand,1.0,,False,Female,40_49,3.0
,,1.0,1.0,2021,,,0.0,2.0,2,1,1.0,1.0,,1.0,,1.0,,22.0,1.0,3.0,4.0,1.0,1.0,2.0,1.0,2.0,,1.0,1.0,,Q4,,1.0,2.0,,2.0,2.0,,1.0,2.0,THA,,58246340.0,2.0,1.0,1.0,1.0,2.0,1.0,2.0,,0.309597896,1,1.0,3.0,2.0,,1.0,1,1.0,1.0,161001137,East Asia & Pacific (excluding high income),2.0,1.0,2.0,,2.0,1.0,1.0,1.0,1.0,Thailand,1.0,,False,Male,18_22,3.0
2.0,,2.0,1.0,2021,,,1.0,2.0,1,1,1.0,1.0,1.0,1.0,,2.0,,40.0,1.0,2.0,1.0,2.0,1.0,2.0,2.0,4.0,,2.0,1.0,,Q5 Highest,1.0,1.0,2.0,2.0,1.0,1.0,2.0,2.0,,THA,,58246340.0,4.0,1.0,2.0,,2.0,1.0,,2.0,0.145900586,1,1.0,1.0,1.0,,1.0,1,1.0,1.0,182186726,East Asia & Pacific (excluding high income),1.0,2.0,2.0,,2.0,2.0,2.0,1.0,1.0,Thailand,1.0,,False,Female,40_49,2.0
,,1.0,1.0,2021,,,0.0,2.0,2,1,1.0,1.0,,,,,,37.0,1.0,2.0,4.0,1.0,1.0,2.0,1.0,2.0,,2.0,1.0,,Q5 Highest,,1.0,2.0,1.0,2.0,,,1.0,,THA,,58246340.0,4.0,1.0,1.0,,,2.0,,,0.167033585,1,1.0,2.0,2.0,,1.0,1,1.0,1.0,186277728,East Asia & Pacific (excluding high income),1.0,1.0,2.0,,2.0,2.0,2.0,1.0,0.0,Thailand,1.0,,False,Male,30_39,2.0
2.0,,1.0,2.0,2021,,,1.0,2.0,2,1,1.0,1.0,1.0,,,,,40.0,1.0,3.0,1.0,4.0,1.0,1.0,1.0,5.0,,2.0,1.0,1.0,Q4,,1.0,2.0,1.0,2.0,,2.0,2.0,,THA,,58246340.0,4.0,1.0,,,,1.0,,1.0,0.138056999,1,2.0,2.0,1.0,,1.0,1,1.0,1.0,183847846,East Asia & Pacific (excluding high income),1.0,1.0,2.0,,2.0,2.0,,1.0,1.0,Thailand,1.0,,False,Male,40_49,3.0
2.0,,1.0,2.0,2021,,,1.0,1.0,1,1,1.0,2.0,1.0,2.0,,2.0,,51.0,1.0,2.0,1.0,2.0,1.0,2.0,1.0,3.0,,2.0,1.0,,Q2,1.0,,1.0,1.0,2.0,2.0,2.0,1.0,,THA,2.0,58246340.0,4.0,1.0,2.0,,2.0,,,2.0,0.412110893,1,1.0,2.0,1.0,,1.0,1,1.0,1.0,132442743,East Asia & Pacific (excluding high income),1.0,3.0,2.0,,2.0,2.0,2.0,1.0,1.0,Thailand,4.0,,False,Female,50_59,2.0
2.0,,,1.0,2021,,,0.0,2.0,2,1,1.0,1.0,1.0,,,,,58.0,1.0,3.0,1.0,1.0,1.0,2.0,1.0,4.0,,1.0,0.0,,Q5 Highest,,2.0,2.0,1.0,2.0,,2.0,2.0,2.0,THA,,58246340.0,2.0,1.0,2.0,1.0,,1.0,2.0,2.0,0.138056999,1,1.0,4.0,1.0,,1.0,2,1.0,2.0,166820247,East Asia & Pacific (excluding high income),2.0,,2.0,,2.0,1.0,1.0,1.0,1.0,Thailand,1.0,,False,Male,50_59,3.0
,,,1.0,2021,,,1.0,2.0,2,1,1.0,1.0,,1.0,,1.0,,46.0,1.0,3.0,4.0,1.0,1.0,2.0,1.0,2.0,,2.0,1.0,,Q3,,2.0,2.0,,1.0,1.0,,1.0,,THA,,58246340.0,4.0,1.0,1.0,,2.0,1.0,,,0.14740566,1,1.0,3.0,2.0,,1.0,2,1.0,1.0,128334405,East Asia & Pacific (excluding high income),3.0,1.0,1.0,,2.0,2.0,2.0,1.0,1.0,Thailand,1.0,,False,Male,40_49,3.0
,,2.0,1.0,2021,,,1.0,2.0,2,1,1.0,1.0,,,,,,43.0,1.0,1.0,4.0,2.0,1.0,2.0,2.0,2.0,,2.0,0.0,,Q2,1.0,2.0,1.0,,2.0,,,2.0,,THA,,58246340.0,4.0,1.0,2.0,,,1.0,,,1.007318148,1,1.0,3.0,2.0,,1.0,1,2.0,2.0,189746346,East Asia & Pacific (excluding high income),2.0,,2.0,,2.0,2.0,2.0,1.0,1.0,Thailand,1.0,,False,Male,40_49,1.0
,,1.0,1.0,2021,,,0.0,1.0,2,1,1.0,1.0,,,,,,67.0,2.0,2.0,4.0,1.0,1.0,2.0,2.0,2.0,,2.0,0.0,,Q3,,2.0,2.0,,2.0,,,1.0,,THA,2.0,58246340.0,4.0,1.0,2.0,,,1.0,,,0.513440101,1,1.0,3.0,2.0,,1.0,1,1.0,2.0,181907228,East Asia & Pacific (excluding high income),3.0,,2.0,,1.0,2.0,1.0,2.0,1.0,Thailand,1.0,,False,Male,60_69,2.0
2.0,,1.0,1.0,2021,,,1.0,1.0,2,1,1.0,1.0,1.0,,,,,50.0,1.0,3.0,1.0,1.0,1.0,1.0,1.0,1.0,,1.0,1.0,1.0,Q5 Highest,,1.0,2.0,,1.0,,1.0,1.0,,THA,2.0,58246340.0,4.0,1.0,2.0,,,1.0,,2.0,0.157862851,1,1.0,3.0,1.0,,1.0,1,1.0,1.0,139393845,East Asia & Pacific (excluding high income),3.0,1.0,2.0,,2.0,2.0,1.0,1.0,1.0,Thailand,1.0,,False,Male,50_59,3.0
1.0,,2.0,1.0,2021,,,0.0,2.0,2,1,1.0,2.0,1.0,,,,,67.0,1.0,2.0,1.0,2.0,1.0,2.0,2.0,2.0,,1.0,1.0,,Q4,1.0,1.0,2.0,,2.0,,2.0,2.0,,THA,,58246340.0,4.0,1.0,2.0,,,2.0,,2.0,2.140772605,1,1.0,3.0,1.0,,2.0,1,2.0,2.0,195599671,East Asia & Pacific (excluding high income),3.0,,2.0,,1.0,2.0,2.0,2.0,0.0,Thailand,4.0,,False,Male,60_69,2.0
2.0,,,2.0,2021,,,0.0,2.0,2,1,1.0,2.0,1.0,,,,,45.0,2.0,3.0,1.0,1.0,1.0,2.0,1.0,3.0,,2.0,1.0,,Q5 Highest,,,2.0,,2.0,,2.0,1.0,,THA,,58246340.0,4.0,1.0,1.0,,,,,2.0,0.193518674,1,1.0,3.0,1.0,,1.0,2,1.0,1.0,124736053,East Asia & Pacific (excluding high income),3.0,2.0,2.0,,2.0,2.0,1.0,1.0,0.0,Thailand,4.0,,False,Male,40_49,3.0
2.0,,2.0,2.0,2021,,,1.0,2.0,2,1,1.0,1.0,1.0,,,,,32.0,2.0,1.0,1.0,2.0,1.0,2.0,1.0,8.0,,1.0,0.0,,Q1 Lowest,1.0,1.0,1.0,4.0,2.0,,2.0,1.0,,THA,,58246340.0,4.0,1.0,2.0,,,2.0,,1.0,2.332635807,1,1.0,,1.0,,1.0,1,1.0,2.0,204692630,East Asia & Pacific (excluding high income),,,2.0,,2.0,2.0,2.0,2.0,1.0,Thailand,1.0,,False,Male,30_39,1.0
2.0,,1.0,2.0,2021,,,1.0,1.0,1,1,1.0,1.0,1.0,1.0,2.0,1.0,,45.0,2.0,3.0,1.0,1.0,1.0,1.0,1.0,6.0,,1.0,1.0,1.0,Q4,,2.0,2.0,1.0,2.0,2.0,2.0,1.0,,THA,2.0,58246340.0,4.0,1.0,1.0,,2.0,2.0,,2.0,0.138056999,1,1.0,3.0,1.0,,1.0,1,1.0,1.0,202618034,East Asia & Pacific (excluding high income),2.0,3.0,2.0,,2.0,2.0,2.0,1.0,1.0,Thailand,3.0,,False,Female,40_49,3.0
2.0,,,1.0,2021,,,1.0,2.0,1,1,1.0,2.0,1.0,,,,,52.0,1.0,3.0,1.0,2.0,1.0,1.0,2.0,2.0,,2.0,1.0,1.0,Q4,1.0,,2.0,1.0,2.0,,2.0,,,THA,,58246340.0,4.0,1.0,2.0,,,,,2.0,0.207715802,1,1.0,3.0,1.0,,2.0,2,2.0,2.0,123757747,East Asia & Pacific (excluding high income),3.0,,2.0,,2.0,2.0,2.0,2.0,0.0,Thailand,4.0,,False,Female,50_59,3.0
,,2.0,2.0,2021,,,1.0,2.0,2,1,1.0,1.0,,1.0,,1.0,,29.0,1.0,2.0,4.0,1.0,1.0,2.0,1.0,2.0,,1.0,1.0,,Q5 Highest,,1.0,1.0,2.0,2.0,1.0,,1.0,,THA,,58246340.0,4.0,1.0,1.0,,2.0,1.0,,,0.386514799,1,1.0,3.0,2.0,,1.0,1,1.0,1.0,193993677,East Asia & Pacific (excluding high income),2.0,3.0,2.0,,2.0,2.0,2.0,1.0,1.0,Thailand,1.0,,False,Male,23_29,2.0
2.0,,2.0,1.0,2021,,,0.0,2.0,2,1,1.0,2.0,1.0,,,,,37.0,1.0,2.0,1.0,4.0,1.0,1.0,2.0,2.0,,2.0,0.0,2.0,Q5 Highest,,,2.0,,2.0,,1.0,3.0,,THA,,58246340.0,4.0,1.0,,,,,,1.0,1.924976344,1,2.0,3.0,1.0,,2.0,1,2.0,1.0,173201821,East Asia & Pacific (excluding high income),3.0,2.0,2.0,,2.0,2.0,,1.0,1.0,Thailand,4.0,,False,Male,30_39,2.0
3.0,,2.0,1.0,2021,,,1.0,2.0,2,1,1.0,2.0,1.0,,,,,35.0,1.0,3.0,1.0,1.0,1.0,1.0,1.0,8.0,,2.0,1.0,1.0,Q1 Lowest,,,2.0,,2.0,,3.0,1.0,,THA,,58246340.0,4.0,1.0,1.0,,,,,2.0,0.287278596,1,1.0,,1.0,,1.0,1,1.0,2.0,128555633,East Asia & Pacific (excluding high income),,,2.0,,2.0,2.0,2.0,1.0,0.0,Thailand,4.0,,False,Male,30_39,3.0
1.0,,2.0,1.0,2021,,,1.0,2.0,2,1,1.0,1.0,1.0,,,,,50.0,1.0,3.0,1.0,1.0,1.0,1.0,1.0,7.0,,2.0,1.0,1.0,Q5 Highest,,2.0,2.0,,2.0,,2.0,2.0,,THA,,58246340.0,4.0,1.0,2.0,,,1.0,,2.0,0.157862851,1,1.0,,1.0,,1.0,1,1.0,1.0,203060231,East Asia & Pacific (excluding high income),,1.0,2.0,,2.0,2.0,1.0,1.0,1.0,Thailand,1.0,,False,Male,50_59,3.0
,,,2.0,2021,,,1.0,2.0,1,1,1.0,2.0,,,,,,,1.0,3.0,4.0,4.0,1.0,2.0,2.0,2.0,,1.0,0.0,,Q5 Highest,,,1.0,1.0,2.0,,,1.0,,THA,,58246340.0,4.0,1.0,,,,,,,0.634738303,1,2.0,2.0,2.0,,2.0,2,2.0,2.0,154694059,East Asia & Pacific (excluding high income),2.0,,2.0,,2.0,2.0,,1.0,0.0,Thailand,4.0,,False,Female,,3.0
2.0,,1.0,1.0,2021,,,0.0,2.0,2,1,4.0,1.0,1.0,,,,,38.0,1.0,2.0,1.0,1.0,1.0,2.0,2.0,9.0,,1.0,1.0,,Q4,,1.0,2.0,,2.0,,2.0,,,THA,,58246340.0,4.0,1.0,2.0,,,1.0,,2.0,0.180142039,1,1.0,,1.0,,2.0,1,2.0,2.0,186679679,East Asia & Pacific (excluding high income),,,2.0,,2.0,2.0,1.0,1.0,1.0,Thailand,1.0,,False,Male,30_39,2.0
,,2.0,1.0,2021,,,0.0,2.0,2,1,1.0,1.0,,,,,,28.0,1.0,1.0,4.0,2.0,1.0,2.0,1.0,3.0,,1.0,1.0,,Q3,1.0,2.0,2.0,1.0,2.0,,,1.0,,THA,,58246340.0,4.0,1.0,2.0,,,1.0,,,5.714441691,1,1.0,3.0,2.0,,1.0,1,1.0,2.0,130051556,East Asia & Pacific (excluding high income),3.0,,2.0,,2.0,2.0,2.0,2.0,1.0,Thailand,1.0,,False,Male,23_29,1.0
2.0,,1.0,2.0,2021,,,0.0,2.0,1,1,1.0,1.0,1.0,2.0,,1.0,,27.0,2.0,3.0,1.0,2.0,1.0,2.0,1.0,2.0,,1.0,1.0,,Q3,1.0,1.0,2.0,2.0,2.0,2.0,2.0,2.0,,THA,,58246340.0,4.0,0.0,2.0,,2.0,2.0,,2.0,2.248682471,1,1.0,2.0,1.0,,1.0,1,1.0,1.0,118085325,East Asia & Pacific (excluding high income),1.0,1.0,2.0,,2.0,2.0,2.0,1.0,1.0,Thailand,1.0,,False,Female,23_29,3.0
2.0,,1.0,1.0,2021,,,0.0,2.0,2,1,1.0,1.0,1.0,1.0,,1.0,,46.0,1.0,3.0,1.0,1.0,1.0,2.0,1.0,5.0,,2.0,1.0,,Q3,,1.0,2.0,,2.0,1.0,1.0,1.0,,THA,,58246340.0,4.0,1.0,1.0,,2.0,2.0,,1.0,2.12898946,1,1.0,3.0,1.0,,1.0,1,1.0,1.0,167835113,East Asia & Pacific (excluding high income),3.0,3.0,2.0,,2.0,2.0,1.0,1.0,1.0,Thailand,1.0,,False,Male,40_49,5.0
2.0,,,2.0,2021,,,1.0,2.0,1,1,1.0,1.0,1.0,,,,,50.0,2.0,3.0,1.0,2.0,1.0,2.0,1.0,8.0,,2.0,1.0,,Q2,1.0,2.0,1.0,3.0,2.0,,2.0,1.0,,THA,,58246340.0,4.0,0.0,2.0,,,1.0,,2.0,0.138056999,1,1.0,,1.0,,1.0,2,1.0,1.0,151060357,East Asia & Pacific (excluding high income),,2.0,2.0,,2.0,2.0,2.0,1.0,1.0,Thailand,1.0,,False,Female,50_59,3.0
2.0,,,1.0,2021,,,1.0,2.0,2,1,1.0,1.0,1.0,1.0,,1.0,,35.0,1.0,2.0,1.0,2.0,1.0,2.0,1.0,2.0,,1.0,1.0,,Q2,1.0,1.0,1.0,,2.0,2.0,2.0,2.0,,THA,,58246340.0,4.0,1.0,2.0,,1.0,2.0,,1.0,0.212842225,1,1.0,2.0,1.0,,1.0,2,1.0,1.0,140337346,East Asia & Pacific (excluding high income),2.0,1.0,2.0,,2.0,2.0,2.0,1.0,1.0,Thailand,1.0,,False,Male,30_39,2.0
,,1.0,1.0,2021,,,1.0,2.0,1,1,1.0,2.0,,,,,,44.0,2.0,3.0,4.0,2.0,1.0,1.0,2.0,2.0,,1.0,1.0,1.0,Q5 Highest,1.0,,2.0,,1.0,,,2.0,,THA,,58246340.0,4.0,1.0,2.0,,,,,,0.138056999,1,1.0,3.0,2.0,,1.0,1,1.0,1.0,127410849,East Asia & Pacific (excluding high income),3.0,2.0,2.0,,2.0,2.0,2.0,1.0,0.0,Thailand,4.0,,False,Female,40_49,3.0
1.0,,,2.0,2021,,,1.0,2.0,1,1,1.0,1.0,1.0,1.0,,1.0,,42.0,2.0,2.0,1.0,1.0,1.0,2.0,1.0,2.0,,1.0,1.0,,Q4,,1.0,1.0,3.0,2.0,1.0,2.0,1.0,,THA,,58246340.0,4.0,1.0,1.0,,1.0,1.0,,2.0,0.259317939,1,1.0,3.0,1.0,,1.0,2,1.0,2.0,165884582,East Asia & Pacific (excluding high income),3.0,,2.0,,2.0,2.0,1.0,2.0,1.0,Thailand,1.0,,False,Female,40_49,2.0
2.0,,2.0,1.0,2021,,,0.0,2.0,1,1,1.0,1.0,1.0,1.0,,1.0,,44.0,1.0,1.0,1.0,4.0,1.0,1.0,1.0,2.0,,1.0,1.0,2.0,Q1 Lowest,,2.0,2.0,,2.0,1.0,2.0,1.0,,THA,,58246340.0,4.0,1.0,,,2.0,1.0,,2.0,1.027154737,1,2.0,3.0,1.0,,1.0,1,1.0,1.0,132587496,East Asia & Pacific (excluding high income),3.0,2.0,2.0,,2.0,2.0,,1.0,1.0,Thailand,1.0,,False,Female,40_49,1.0
,,,2.0,2021,,,1.0,2.0,1,1,2.0,1.0,,,,,,38.0,2.0,2.0,4.0,1.0,1.0,2.0,1.0,8.0,,1.0,1.0,,Q1 Lowest,,1.0,2.0,3.0,1.0,,,2.0,,THA,,58246340.0,4.0,0.0,1.0,,,1.0,,,0.169904481,1,1.0,,2.0,,1.0,2,1.0,2.0,139492092,East Asia & Pacific (excluding high income),,,2.0,,2.0,2.0,1.0,1.0,1.0,Thailand,1.0,,False,Female,30_39,2.0
2.0,,2.0,2.0,2021,,,1.0,2.0,1,1,1.0,1.0,2.0,1.0,,1.0,,48.0,1.0,1.0,3.0,2.0,1.0,2.0,1.0,2.0,,1.0,1.0,,Q3,1.0,1.0,1.0,,2.0,1.0,,2.0,,THA,,58246340.0,4.0,1.0,2.0,,2.0,1.0,,2.0,1.485642246,1,1.0,3.0,1.0,,1.0,1,1.0,2.0,154187839,East Asia & Pacific (excluding high income),3.0,,2.0,2.0,2.0,2.0,2.0,1.0,1.0,Thailand,1.0,,False,Female,40_49,1.0
1.0,,1.0,1.0,2021,,,1.0,2.0,2,1,1.0,2.0,1.0,1.0,,1.0,,28.0,1.0,1.0,1.0,4.0,1.0,2.0,2.0,2.0,,1.0,1.0,,Q3,,,1.0,1.0,2.0,1.0,2.0,1.0,,THA,,58246340.0,4.0,1.0,,,2.0,,,1.0,3.197599388,1,2.0,2.0,1.0,,1.0,1,1.0,1.0,203712006,East Asia & Pacific (excluding high income),2.0,1.0,2.0,,2.0,2.0,,1.0,1.0,Thailand,4.0,,False,Male,23_29,1.0
,,2.0,2.0,2021,,,1.0,2.0,1,1,1.0,1.0,,,,,,34.0,2.0,1.0,4.0,2.0,1.0,2.0,2.0,2.0,,1.0,0.0,,Q2,1.0,2.0,1.0,3.0,2.0,,,2.0,,THA,,58246340.0,4.0,0.0,2.0,,,1.0,,,5.714441691,1,1.0,2.0,2.0,,2.0,1,2.0,2.0,145689127,East Asia & Pacific (excluding high income),2.0,,2.0,,2.0,2.0,2.0,2.0,1.0,Thailand,1.0,,False,Female,30_39,1.0
,,2.0,2.0,2021,,,0.0,2.0,1,1,1.0,1.0,,,,,,69.0,2.0,1.0,4.0,4.0,1.0,2.0,2.0,2.0,,1.0,0.0,,Q4,,1.0,2.0,2.0,2.0,,,1.0,,THA,,58246340.0,4.0,1.0,,,,2.0,,,5.714441691,1,2.0,2.0,2.0,,2.0,1,2.0,2.0,210152504,East Asia & Pacific (excluding high income),2.0,,2.0,,2.0,2.0,,2.0,0.0,Thailand,1.0,,False,Female,60_69,1.0
,,1.0,2.0,2021,,,0.0,2.0,1,1,1.0,2.0,,1.0,,1.0,,20.0,1.0,3.0,4.0,1.0,1.0,2.0,1.0,2.0,,1.0,1.0,,Q4,,,2.0,4.0,2.0,1.0,,1.0,,THA,,58246340.0,4.0,1.0,1.0,,2.0,,,,0.293519748,1,1.0,2.0,2.0,,1.0,1,1.0,1.0,116597516,East Asia & Pacific (excluding high income),1.0,1.0,2.0,,2.0,2.0,1.0,2.0,1.0,Thailand,4.0,,False,Female,18_22,3.0
2.0,,1.0,2.0,2021,,,0.0,2.0,2,1,1.0,2.0,1.0,,,,,54.0,2.0,2.0,1.0,2.0,1.0,2.0,1.0,2.0,,1.0,1.0,,Q4,1.0,,2.0,1.0,2.0,,2.0,2.0,2.0,THA,,58246340.0,2.0,0.0,2.0,1.0,,,2.0,2.0,0.495966621,1,1.0,2.0,1.0,,1.0,1,1.0,1.0,113422325,East Asia & Pacific (excluding high income),2.0,2.0,2.0,,2.0,1.0,2.0,1.0,0.0,Thailand,4.0,,False,Male,50_59,2.0
2.0,2.0,,1.0,2021,1.0,2.0,0.0,2.0,1,0,,2.0,2.0,,,,2.0,30.0,2.0,1.0,2.0,2.0,0.0,,2.0,3.0,2.0,1.0,0.0,,Q5 Highest,1.0,,2.0,,2.0,,,,,THA,,58246340.0,4.0,1.0,2.0,,,,,2.0,5.714441691,0,1.0,3.0,1.0,2.0,,2,,2.0,171563195,East Asia & Pacific (excluding high income),3.0,,2.0,1.0,2.0,2.0,2.0,1.0,0.0,Thailand,4.0,1.0,False,Female,30_39,1.0
2.0,,,2.0,2021,,,1.0,2.0,1,1,1.0,1.0,1.0,,,,,27.0,1.0,3.0,1.0,1.0,1.0,1.0,1.0,2.0,,1.0,1.0,1.0,Q4,,1.0,2.0,,2.0,,2.0,2.0,,THA,,58246340.0,4.0,1.0,1.0,,,2.0,,2.0,0.225244538,1,1.0,3.0,1.0,,1.0,2,1.0,1.0,111499106,East Asia & Pacific (excluding high income),3.0,1.0,2.0,,2.0,2.0,1.0,1.0,0.0,Thailand,1.0,,False,Female,23_29,3.0
,,2.0,2.0,2021,,,1.0,2.0,2,1,1.0,1.0,,,,,,55.0,2.0,1.0,4.0,2.0,1.0,2.0,2.0,7.0,,1.0,0.0,,Q1 Lowest,1.0,1.0,2.0,2.0,1.0,,,2.0,,THA,,58246340.0,4.0,0.0,2.0,,,2.0,,,5.714441691,1,1.0,,2.0,,2.0,1,2.0,2.0,129622812,East Asia & Pacific (excluding high income),,,2.0,,2.0,2.0,2.0,1.0,0.0,Thailand,1.0,,False,Male,50_59,1.0
2.0,,1.0,1.0,2021,,,1.0,2.0,1,1,1.0,1.0,1.0,,,,,40.0,1.0,3.0,1.0,1.0,1.0,1.0,1.0,4.0,,1.0,1.0,1.0,Q3,,1.0,2.0,4.0,2.0,,2.0,1.0,,THA,,58246340.0,4.0,1.0,1.0,,,2.0,,1.0,0.249767845,1,1.0,3.0,1.0,,1.0,1,1.0,1.0,194084427,East Asia & Pacific (excluding high income),3.0,3.0,2.0,,2.0,2.0,1.0,1.0,1.0,Thailand,1.0,,False,Female,40_49,3.0
2.0,,1.0,1.0,2021,,,0.0,2.0,2,1,1.0,1.0,1.0,,,,,23.0,1.0,3.0,1.0,4.0,1.0,2.0,1.0,4.0,,2.0,1.0,,Q4,,1.0,2.0,,2.0,,2.0,2.0,,THA,,58246340.0,4.0,1.0,,,,1.0,,1.0,0.181972094,1,2.0,3.0,1.0,,1.0,1,1.0,1.0,174003486,East Asia & Pacific (excluding high income),3.0,3.0,2.0,,2.0,2.0,,1.0,1.0,Thailand,1.0,,False,Male,23_29,3.0
2.0,,,2.0,2021,,,0.0,2.0,1,1,1.0,1.0,2.0,1.0,,1.0,,40.0,1.0,2.0,1.0,1.0,1.0,2.0,1.0,1.0,,2.0,1.0,,Q3,,1.0,2.0,2.0,2.0,2.0,2.0,2.0,,THA,,58246340.0,4.0,1.0,1.0,,2.0,1.0,,1.0,1.034382974,1,1.0,3.0,1.0,,1.0,2,1.0,1.0,142934152,East Asia & Pacific (excluding high income),3.0,2.0,2.0,,2.0,2.0,2.0,1.0,1.0,Thailand,1.0,,False,Female,40_49,2.0
2.0,,1.0,1.0,2021,,,1.0,2.0,2,1,1.0,1.0,1.0,,,,,53.0,1.0,3.0,1.0,4.0,1.0,1.0,1.0,2.0,,2.0,1.0,1.0,Q5 Highest,,1.0,2.0,1.0,2.0,,2.0,2.0,,THA,,58246340.0,4.0,1.0,,,,1.0,,2.0,0.594759246,1,2.0,3.0,1.0,,1.0,1,1.0,2.0,196805216,East Asia & Pacific (excluding high income),3.0,,2.0,,2.0,2.0,,1.0,1.0,Thailand,1.0,,False,Male,50_59,3.0
2.0,,,2.0,2021,,,0.0,2.0,2,1,1.0,1.0,1.0,1.0,,1.0,,16.0,1.0,1.0,1.0,4.0,1.0,2.0,2.0,2.0,,1.0,1.0,,Q3,,1.0,2.0,,2.0,2.0,2.0,,,THA,,58246340.0,4.0,1.0,,,2.0,2.0,,2.0,2.383735438,1,2.0,3.0,1.0,,1.0,2,1.0,1.0,176122128,East Asia & Pacific (excluding high income),2.0,3.0,2.0,,1.0,2.0,,1.0,1.0,Thailand,1.0,,False,Male,17_or_less,1.0
,,,1.0,2021,,,0.0,2.0,2,1,1.0,1.0,,,,,,51.0,2.0,2.0,4.0,2.0,1.0,2.0,2.0,4.0,,2.0,0.0,,Q2,1.0,1.0,2.0,2.0,2.0,,,,,THA,,58246340.0,4.0,1.0,2.0,,,2.0,,,0.658204269,1,1.0,1.0,2.0,,2.0,2,1.0,2.0,179246197,East Asia & Pacific (excluding high income),1.0,,2.0,,2.0,2.0,2.0,1.0,0.0,Thailand,1.0,,False,Male,50_59,2.0
,,1.0,2.0,2021,,,0.0,2.0,2,1,1.0,1.0,,,,,,45.0,1.0,3.0,4.0,4.0,1.0,2.0,2.0,2.0,,2.0,1.0,,Q4,,2.0,2.0,,2.0,,,2.0,,THA,,58246340.0,4.0,1.0,,,,1.0,,,1.008585191,1,2.0,3.0,2.0,,1.0,1,1.0,2.0,141697261,East Asia & Pacific (excluding high income),2.0,,2.0,,2.0,2.0,,2.0,1.0,Thailand,1.0,,False,Male,40_49,3.0
,,,2.0,2021,,,1.0,2.0,1,1,1.0,1.0,,,,,,52.0,2.0,1.0,4.0,2.0,1.0,2.0,2.0,4.0,,1.0,1.0,,Q1 Lowest,1.0,2.0,1.0,3.0,2.0,,,2.0,2.0,THA,,58246340.0,1.0,0.0,2.0,,,1.0,1.0,,2.720964008,1,1.0,1.0,2.0,,2.0,2,2.0,2.0,111344344,East Asia & Pacific (excluding high income),1.0,,2.0,,2.0,1.0,2.0,2.0,1.0,Thailand,1.0,,False,Female,50_59,1.0
,,2.0,1.0,2021,,,0.0,2.0,2,1,2.0,1.0,,,,,,18.0,1.0,2.0,4.0,4.0,1.0,2.0,2.0,6.0,,2.0,0.0,,Q3,,1.0,2.0,,2.0,,,,,THA,,58246340.0,4.0,1.0,,,,2.0,,,1.297562599,1,2.0,1.0,2.0,,2.0,1,2.0,2.0,166087885,East Asia & Pacific (excluding high income),1.0,,2.0,,2.0,2.0,,2.0,0.0,Thailand,1.0,,False,Male,18_22,2.0
2.0,,2.0,2.0,2021,,,1.0,2.0,2,1,1.0,2.0,2.0,1.0,,1.0,,31.0,2.0,2.0,2.0,4.0,1.0,2.0,2.0,2.0,,1.0,1.0,,Q4,,,2.0,3.0,1.0,2.0,,1.0,2.0,THA,,58246340.0,2.0,0.0,,1.0,1.0,,2.0,2.0,0.327132288,1,2.0,3.0,1.0,,1.0,1,1.0,1.0,130203785,East Asia & Pacific (excluding high income),1.0,1.0,2.0,1.0,2.0,1.0,,1.0,1.0,Thailand,4.0,,False,Male,30_39,2.0
,,2.0,2.0,2021,,,0.0,1.0,1,1,1.0,1.0,,,,,,57.0,2.0,2.0,4.0,2.0,1.0,2.0,2.0,7.0,,2.0,1.0,,Q3,1.0,1.0,2.0,,2.0,,,2.0,,THA,2.0,58246340.0,4.0,1.0,2.0,,,1.0,,,0.188202683,1,1.0,,2.0,,2.0,1,2.0,2.0,135006763,East Asia & Pacific (excluding high income),,,2.0,,2.0,2.0,2.0,2.0,1.0,Thailand,1.0,,False,Female,50_59,2.0
,,2.0,1.0,2021,,,1.0,2.0,2,1,1.0,2.0,,1.0,,1.0,,57.0,1.0,2.0,4.0,4.0,1.0,1.0,2.0,4.0,,2.0,1.0,1.0,Q5 Highest,,,2.0,,2.0,1.0,,1.0,,THA,,58246340.0,4.0,1.0,,,2.0,,,,0.138056999,1,2.0,3.0,2.0,,1.0,1,1.0,1.0,197699255,East Asia & Pacific (excluding high income),3.0,1.0,2.0,,2.0,2.0,,1.0,1.0,Thailand,4.0,,False,Male,50_59,2.0
2.0,,2.0,2.0,2021,,,1.0,2.0,1,1,1.0,1.0,1.0,,,,,40.0,2.0,2.0,1.0,2.0,1.0,2.0,1.0,6.0,,2.0,0.0,,Q2,1.0,1.0,2.0,3.0,2.0,,2.0,2.0,,THA,,58246340.0,4.0,1.0,2.0,,,2.0,,2.0,1.571947731,1,1.0,2.0,1.0,,1.0,1,1.0,2.0,179206434,East Asia & Pacific (excluding high income),1.0,,2.0,,2.0,2.0,2.0,1.0,0.0,Thailand,1.0,,False,Female,40_49,2.0
,,1.0,2.0,2021,,,0.0,2.0,1,1,1.0,1.0,,,,,,38.0,1.0,3.0,4.0,1.0,1.0,2.0,1.0,2.0,,2.0,1.0,,Q4,,2.0,2.0,,2.0,,,1.0,,THA,,58246340.0,4.0,1.0,1.0,,,1.0,,,0.138056999,1,1.0,3.0,2.0,,1.0,1,1.0,1.0,188864766,East Asia & Pacific (excluding high income),2.0,2.0,2.0,,2.0,2.0,1.0,1.0,1.0,Thailand,1.0,,False,Female,30_39,3.0
,,2.0,2.0,2021,,,1.0,2.0,1,1,1.0,1.0,,,,,,60.0,2.0,3.0,4.0,2.0,1.0,1.0,1.0,4.0,,2.0,1.0,1.0,Q5 Highest,1.0,2.0,2.0,,2.0,,,1.0,,THA,,58246340.0,4.0,0.0,2.0,,,1.0,,,0.138056999,1,1.0,3.0,2.0,,1.0,1,1.0,1.0,148683360,East Asia & Pacific (excluding high income),3.0,3.0,2.0,,2.0,2.0,2.0,1.0,1.0,Thailand,1.0,,False,Female,60_69,3.0
,,2.0,2.0,2021,,,1.0,2.0,1,1,1.0,1.0,,,,,,40.0,2.0,2.0,4.0,2.0,1.0,2.0,2.0,7.0,,2.0,0.0,,Q1 Lowest,1.0,1.0,1.0,3.0,2.0,,,1.0,,THA,,58246340.0,4.0,0.0,2.0,,,2.0,,,0.289066686,1,1.0,,2.0,,1.0,1,1.0,2.0,116028896,East Asia & Pacific (excluding high income),,,2.0,,2.0,2.0,2.0,1.0,0.0,Thailand,1.0,,False,Female,40_49,2.0
,,,2.0,2021,,,1.0,2.0,2,1,1.0,1.0,,1.0,,1.0,,28.0,2.0,3.0,4.0,4.0,1.0,1.0,1.0,7.0,,1.0,1.0,1.0,Q2,,2.0,2.0,3.0,1.0,2.0,,1.0,,THA,,58246340.0,4.0,0.0,,,1.0,1.0,,,1.027769957,1,2.0,,2.0,,1.0,2,1.0,1.0,173429244,East Asia & Pacific (excluding high income),,2.0,2.0,,2.0,2.0,,1.0,1.0,Thailand,1.0,,False,Male,23_29,3.0
,,2.0,2.0,2021,,,1.0,2.0,2,1,1.0,1.0,,1.0,,1.0,,40.0,2.0,3.0,4.0,1.0,1.0,2.0,1.0,2.0,,1.0,1.0,,Q4,,1.0,1.0,3.0,1.0,1.0,,1.0,,THA,,58246340.0,4.0,0.0,1.0,,1.0,1.0,,,0.678697635,1,1.0,1.0,2.0,,1.0,1,1.0,1.0,123795215,East Asia & Pacific (excluding high income),1.0,3.0,2.0,,2.0,2.0,2.0,1.0,1.0,Thailand,1.0,,False,Male,40_49,3.0
,,,2.0,2021,,,0.0,2.0,1,1,1.0,2.0,,,,,,65.0,2.0,1.0,4.0,1.0,1.0,2.0,2.0,8.0,,2.0,0.0,,Q1 Lowest,,,2.0,,2.0,,,1.0,,THA,,58246340.0,4.0,0.0,2.0,,,,,,0.440887197,1,1.0,,2.0,,2.0,2,2.0,2.0,132965796,East Asia & Pacific (excluding high income),,,2.0,,2.0,2.0,1.0,2.0,0.0,Thailand,4.0,,False,Female,60_69,1.0
,,2.0,2.0,2021,,,0.0,2.0,2,1,1.0,2.0,,,,,,74.0,2.0,3.0,4.0,2.0,1.0,2.0,2.0,8.0,,2.0,0.0,,Q3,1.0,1.0,2.0,4.0,2.0,,,,,THA,,58246340.0,4.0,0.0,2.0,,,2.0,,,1.272220844,1,1.0,,2.0,,2.0,1,2.0,1.0,176945947,East Asia & Pacific (excluding high income),,2.0,2.0,,1.0,2.0,2.0,1.0,0.0,Thailand,4.0,,False,Male,70_plus,3.0
,,,1.0,2021,,,1.0,2.0,1,1,1.0,2.0,,,,,,39.0,1.0,3.0,4.0,1.0,1.0,1.0,1.0,1.0,,2.0,1.0,1.0,Q5 Highest,,,2.0,,2.0,,,2.0,,THA,,58246340.0,4.0,1.0,1.0,,,,,,0.138056999,1,1.0,3.0,2.0,,1.0,2,1.0,1.0,119668803,East Asia & Pacific (excluding high income),3.0,3.0,2.0,,2.0,2.0,2.0,1.0,0.0,Thailand,4.0,,False,Female,30_39,3.0
1.0,,2.0,1.0,2021,,,1.0,2.0,2,1,1.0,1.0,1.0,1.0,,2.0,,44.0,1.0,3.0,1.0,4.0,1.0,2.0,1.0,2.0,,1.0,1.0,,Q4,,1.0,1.0,,1.0,1.0,2.0,1.0,,THA,,58246340.0,4.0,1.0,,,2.0,2.0,,1.0,0.168209024,1,2.0,3.0,1.0,,1.0,1,1.0,1.0,131451415,East Asia & Pacific (excluding high income),3.0,1.0,2.0,,1.0,2.0,,1.0,1.0,Thailand,1.0,,False,Male,40_49,3.0
1.0,,1.0,2.0,2021,,,1.0,2.0,2,1,1.0,1.0,1.0,1.0,,2.0,,18.0,1.0,1.0,1.0,1.0,1.0,1.0,1.0,2.0,,1.0,1.0,1.0,Q2,,1.0,2.0,4.0,2.0,1.0,1.0,1.0,,THA,,58246340.0,4.0,1.0,1.0,,2.0,2.0,,2.0,3.325507166,1,1.0,3.0,1.0,,1.0,1,1.0,1.0,163909422,East Asia & Pacific (excluding high income),3.0,3.0,2.0,,2.0,2.0,1.0,1.0,1.0,Thailand,1.0,,False,Male,18_22,1.0
2.0,,2.0,1.0,2021,,,1.0,2.0,1,1,1.0,1.0,1.0,,,,,42.0,1.0,1.0,1.0,1.0,1.0,2.0,1.0,5.0,,1.0,1.0,,Q3,,2.0,1.0,,1.0,,2.0,2.0,,THA,,58246340.0,4.0,1.0,1.0,,,1.0,,2.0,0.656862267,1,1.0,4.0,1.0,,1.0,1,1.0,1.0,133178339,East Asia & Pacific (excluding high income),2.0,3.0,2.0,,2.0,2.0,2.0,1.0,1.0,Thailand,1.0,,False,Female,40_49,1.0
2.0,,,2.0,2021,,,0.0,2.0,1,1,1.0,1.0,2.0,,,,,63.0,2.0,1.0,2.0,2.0,1.0,2.0,2.0,8.0,,2.0,0.0,,Q1 Lowest,1.0,1.0,2.0,3.0,2.0,,,2.0,,THA,,58246340.0,4.0,0.0,2.0,,,2.0,,2.0,4.081220707,1,1.0,,1.0,,2.0,2,2.0,2.0,208189582,East Asia & Pacific (excluding high income),,,2.0,1.0,3.0,2.0,2.0,1.0,0.0,Thailand,1.0,,False,Female,60_69,1.0
2.0,,2.0,2.0,2021,,,1.0,2.0,2,1,1.0,1.0,2.0,1.0,,1.0,,30.0,2.0,1.0,2.0,4.0,1.0,2.0,2.0,4.0,,2.0,1.0,,Q1 Lowest,,2.0,2.0,4.0,1.0,1.0,,1.0,,THA,,58246340.0,4.0,0.0,,,2.0,1.0,,2.0,1.180938031,1,2.0,1.0,1.0,,1.0,1,1.0,1.0,196328786,East Asia & Pacific (excluding high income),1.0,2.0,2.0,1.0,2.0,2.0,,1.0,1.0,Thailand,1.0,,False,Male,30_39,1.0
2.0,,2.0,2.0,2021,,,0.0,2.0,1,1,1.0,1.0,1.0,,,,,40.0,1.0,2.0,1.0,4.0,1.0,2.0,1.0,2.0,,1.0,0.0,,Q4,,1.0,2.0,,2.0,,1.0,1.0,,THA,,58246340.0,4.0,1.0,,,,1.0,,2.0,0.805225006,1,2.0,1.0,1.0,,1.0,1,1.0,2.0,178946898,East Asia & Pacific (excluding high income),1.0,,2.0,,2.0,2.0,,1.0,1.0,Thailand,1.0,,False,Female,40_49,2.0
2.0,,2.0,1.0,2021,,,1.0,2.0,2,1,1.0,1.0,2.0,,,,,46.0,2.0,1.0,2.0,1.0,1.0,2.0,1.0,3.0,,2.0,0.0,,Q1 Lowest,,1.0,1.0,4.0,1.0,,,2.0,2.0,THA,,58246340.0,1.0,1.0,1.0,,,2.0,1.0,2.0,1.575159297,1,1.0,1.0,1.0,,1.0,1,1.0,3.0,153930578,East Asia & Pacific (excluding high income),1.0,,2.0,1.0,2.0,1.0,1.0,1.0,0.0,Thailand,1.0,,False,Male,40_49,1.0
2.0,,2.0,1.0,2021,,,0.0,2.0,2,1,1.0,1.0,1.0,,,,,64.0,1.0,2.0,1.0,1.0,1.0,2.0,1.0,2.0,,2.0,0.0,,Q4,,1.0,2.0,4.0,2.0,,2.0,1.0,,THA,,58246340.0,4.0,1.0,1.0,,,2.0,,2.0,0.184798898,1,1.0,3.0,1.0,,1.0,1,1.0,2.0,208698991,East Asia & Pacific (excluding high income),3.0,,2.0,,2.0,2.0,1.0,1.0,0.0,Thailand,1.0,,False,Male,60_69,2.0
2.0,,1.0,1.0,2021,,,1.0,2.0,1,1,1.0,2.0,2.0,,,,,65.0,2.0,3.0,3.0,1.0,1.0,1.0,1.0,5.0,,1.0,1.0,1.0,Q2,,,2.0,,2.0,,,1.0,,THA,,58246340.0,4.0,1.0,1.0,,,,,2.0,0.398389603,1,1.0,3.0,1.0,,1.0,1,1.0,2.0,190038412,East Asia & Pacific (excluding high income),3.0,,2.0,2.0,2.0,2.0,1.0,2.0,0.0,Thailand,4.0,,False,Female,60_69,3.0
1.0,,1.0,1.0,2021,,,0.0,2.0,1,1,1.0,1.0,1.0,1.0,,1.0,,29.0,2.0,3.0,1.0,4.0,1.0,2.0,1.0,2.0,,2.0,1.0,,Q4,,2.0,2.0,1.0,2.0,2.0,2.0,2.0,,THA,,58246340.0,4.0,1.0,,,2.0,1.0,,2.0,0.496218276,1,2.0,3.0,1.0,,1.0,1,1.0,1.0,179366674,East Asia & Pacific (excluding high income),3.0,1.0,2.0,,2.0,2.0,,1.0,1.0,Thailand,1.0,,False,Female,23_29,3.0
2.0,,,2.0,2021,,,0.0,2.0,1,1,1.0,1.0,1.0,,,,,48.0,2.0,3.0,1.0,2.0,1.0,2.0,2.0,2.0,,2.0,1.0,,Q5 Highest,1.0,2.0,2.0,,2.0,,2.0,2.0,,THA,,58246340.0,4.0,0.0,2.0,,,1.0,,2.0,0.157623707,1,1.0,3.0,1.0,,1.0,2,1.0,2.0,143039260,East Asia & Pacific (excluding high income),3.0,,2.0,,2.0,2.0,2.0,1.0,1.0,Thailand,1.0,,False,Female,40_49,3.0
,,2.0,2.0,2021,,,1.0,2.0,1,1,1.0,2.0,,,,,,31.0,2.0,3.0,4.0,1.0,1.0,1.0,1.0,5.0,,1.0,1.0,1.0,Q4,,,1.0,3.0,1.0,,,2.0,,THA,,58246340.0,4.0,0.0,1.0,,,,,,0.492041084,1,1.0,3.0,2.0,,1.0,1,1.0,1.0,122679267,East Asia & Pacific (excluding high income),3.0,1.0,2.0,,2.0,2.0,1.0,1.0,0.0,Thailand,4.0,,False,Female,30_39,3.0
,,,1.0,2021,,,0.0,2.0,2,1,2.0,1.0,,,,,,18.0,1.0,2.0,4.0,4.0,1.0,2.0,2.0,8.0,,1.0,0.0,,Q5 Highest,,1.0,2.0,,2.0,,,2.0,,THA,,58246340.0,4.0,1.0,,,,2.0,,,1.297562599,1,2.0,,2.0,,2.0,2,2.0,2.0,128461125,East Asia & Pacific (excluding high income),,,2.0,,2.0,2.0,,2.0,0.0,Thailand,1.0,,False,Male,18_22,2.0
,,,1.0,2021,,,1.0,2.0,1,1,1.0,1.0,,1.0,2.0,1.0,,40.0,1.0,1.0,4.0,1.0,1.0,2.0,1.0,4.0,,1.0,1.0,,Q2,,2.0,1.0,4.0,2.0,2.0,,1.0,,THA,,58246340.0,4.0,1.0,1.0,,1.0,2.0,,,3.244280517,1,1.0,1.0,2.0,,1.0,2,1.0,1.0,147509109,East Asia & Pacific (excluding high income),1.0,1.0,2.0,,2.0,2.0,1.0,1.0,1.0,Thailand,1.0,,False,Female,40_49,1.0
2.0,,2.0,1.0,2021,,,1.0,2.0,2,1,1.0,1.0,1.0,1.0,,1.0,,24.0,1.0,3.0,1.0,4.0,1.0,1.0,1.0,2.0,,1.0,1.0,1.0,Q5 Highest,,1.0,1.0,6.0,2.0,1.0,1.0,1.0,,THA,,58246340.0,4.0,1.0,,,2.0,1.0,,2.0,0.650630167,1,2.0,3.0,1.0,,1.0,1,1.0,1.0,143752887,East Asia & Pacific (excluding high income),2.0,1.0,2.0,,2.0,2.0,,2.0,1.0,Thailand,1.0,,False,Male,23_29,3.0
,,,1.0,2021,,,0.0,2.0,2,1,1.0,1.0,,1.0,,1.0,,36.0,1.0,2.0,4.0,4.0,1.0,2.0,1.0,5.0,,1.0,1.0,,Q4,,1.0,2.0,3.0,2.0,1.0,,1.0,,THA,,58246340.0,4.0,1.0,,,2.0,1.0,,,0.299383849,1,2.0,2.0,2.0,,1.0,2,1.0,1.0,173490975,East Asia & Pacific (excluding high income),1.0,2.0,2.0,,2.0,2.0,,1.0,1.0,Thailand,1.0,,False,Male,30_39,2.0
,,1.0,1.0,2021,,,0.0,2.0,1,1,1.0,1.0,,1.0,,1.0,,20.0,1.0,3.0,4.0,4.0,1.0,2.0,1.0,1.0,,1.0,1.0,,Q4,,1.0,2.0,1.0,2.0,2.0,,2.0,,THA,,58246340.0,4.0,1.0,,,2.0,1.0,,,0.894508062,1,2.0,3.0,2.0,,1.0,1,1.0,1.0,130447909,East Asia & Pacific (excluding high income),2.0,1.0,2.0,,2.0,2.0,,2.0,1.0,Thailand,1.0,,False,Female,18_22,3.0
2.0,,1.0,1.0,2021,,,1.0,2.0,1,1,1.0,2.0,1.0,,,,,44.0,1.0,3.0,1.0,4.0,1.0,1.0,2.0,1.0,,2.0,1.0,1.0,Q5 Highest,,,2.0,,2.0,,2.0,2.0,,THA,,58246340.0,4.0,1.0,,,,,,2.0,0.270952417,1,2.0,3.0,1.0,,1.0,1,2.0,2.0,148447089,East Asia & Pacific (excluding high income),3.0,,2.0,,2.0,2.0,,1.0,0.0,Thailand,4.0,,False,Female,40_49,3.0
2.0,,2.0,2.0,2021,,,1.0,2.0,2,1,1.0,1.0,1.0,,,,,45.0,1.0,2.0,1.0,1.0,1.0,2.0,1.0,2.0,,1.0,1.0,,Q2,,1.0,1.0,4.0,2.0,,1.0,1.0,,THA,,58246340.0,4.0,1.0,1.0,,,1.0,,1.0,0.546837817,1,1.0,1.0,1.0,,1.0,1,1.0,1.0,158972122,East Asia & Pacific (excluding high income),1.0,1.0,2.0,,2.0,2.0,1.0,1.0,1.0,Thailand,1.0,,False,Male,40_49,2.0
,,1.0,2.0,2021,,,0.0,2.0,1,1,1.0,2.0,,,,,,33.0,1.0,3.0,4.0,1.0,1.0,2.0,1.0,4.0,,1.0,1.0,,Q5 Highest,,,2.0,,2.0,,,1.0,,THA,,58246340.0,4.0,1.0,1.0,,,,,,0.723324305,1,1.0,3.0,2.0,,1.0,1,1.0,1.0,140472172,East Asia & Pacific (excluding high income),3.0,1.0,2.0,,2.0,2.0,1.0,1.0,0.0,Thailand,4.0,,False,Female,30_39,3.0
,,,1.0,2021,,,1.0,1.0,2,1,1.0,1.0,,1.0,,1.0,,42.0,1.0,3.0,4.0,1.0,1.0,1.0,1.0,3.0,,2.0,1.0,1.0,Q1 Lowest,,1.0,2.0,,2.0,1.0,,1.0,,THA,2.0,58246340.0,4.0,1.0,2.0,,2.0,2.0,,,0.180142039,1,1.0,3.0,2.0,,1.0,2,1.0,1.0,201180319,East Asia & Pacific (excluding high income),3.0,1.0,2.0,,2.0,2.0,1.0,1.0,1.0,Thailand,1.0,,False,Male,40_49,3.0
2.0,,2.0,1.0,2021,,,1.0,2.0,2,1,1.0,2.0,1.0,1.0,,1.0,,42.0,1.0,3.0,1.0,1.0,1.0,1.0,1.0,2.0,,1.0,1.0,1.0,Q5 Highest,,,2.0,,2.0,1.0,2.0,1.0,,THA,,58246340.0,4.0,1.0,2.0,,2.0,,,1.0,0.197080187,1,1.0,3.0,1.0,,1.0,1,1.0,1.0,151343042,East Asia & Pacific (excluding high income),3.0,1.0,2.0,,2.0,2.0,1.0,1.0,1.0,Thailand,4.0,,False,Male,40_49,3.0
,,,1.0,2021,,,0.0,2.0,2,1,2.0,1.0,,,,,,16.0,1.0,1.0,4.0,4.0,1.0,2.0,2.0,4.0,,2.0,0.0,,Q1 Lowest,,1.0,2.0,3.0,2.0,,,1.0,,THA,,58246340.0,4.0,1.0,,,,2.0,,,1.098779578,1,2.0,2.0,2.0,,2.0,2,1.0,2.0,177503545,East Asia & Pacific (excluding high income),2.0,,2.0,,2.0,2.0,,2.0,0.0,Thailand,1.0,,False,Male,17_or_less,1.0
,,2.0,2.0,2021,,,1.0,2.0,1,1,1.0,1.0,,,,,,76.0,1.0,2.0,4.0,4.0,1.0,2.0,1.0,2.0,,1.0,0.0,,Q2,,1.0,1.0,,2.0,,,2.0,,THA,,58246340.0,4.0,1.0,,,,2.0,,,0.234638486,1,2.0,2.0,2.0,,1.0,1,1.0,1.0,209352657,East Asia & Pacific (excluding high income),4.0,2.0,2.0,,1.0,2.0,,2.0,0.0,Thailand,1.0,,False,Female,70_plus,2.0
,,2.0,1.0,2021,,,1.0,2.0,2,1,1.0,1.0,,,,,,47.0,1.0,3.0,4.0,1.0,1.0,1.0,1.0,2.0,,2.0,1.0,1.0,Q4,,1.0,1.0,3.0,2.0,,,1.0,1.0,THA,,58246340.0,1.0,1.0,1.0,,,1.0,1.0,,0.308610768,1,1.0,3.0,2.0,,1.0,1,1.0,1.0,171738516,East Asia & Pacific (excluding high income),3.0,1.0,2.0,,2.0,1.0,1.0,1.0,1.0,Thailand,1.0,,False,Male,40_49,3.0
2.0,,2.0,2.0,2021,,,1.0,2.0,1,1,1.0,1.0,1.0,1.0,,1.0,,53.0,2.0,3.0,1.0,4.0,1.0,1.0,1.0,4.0,,1.0,1.0,1.0,Q3,,1.0,2.0,3.0,2.0,1.0,1.0,2.0,,THA,,58246340.0,4.0,0.0,,,2.0,2.0,,2.0,0.152100909,1,2.0,3.0,1.0,,1.0,1,1.0,1.0,127016028,East Asia & Pacific (excluding high income),3.0,3.0,2.0,,2.0,2.0,,1.0,1.0,Thailand,1.0,,False,Female,50_59,3.0
,,,1.0,2021,,,1.0,2.0,2,1,1.0,1.0,,1.0,,1.0,,21.0,2.0,2.0,4.0,1.0,1.0,1.0,1.0,8.0,,2.0,1.0,1.0,Q5 Highest,,1.0,2.0,,2.0,1.0,,1.0,,THA,,58246340.0,4.0,1.0,1.0,,2.0,2.0,,,1.297562599,1,1.0,,2.0,,1.0,2,1.0,1.0,184245209,East Asia & Pacific (excluding high income),,1.0,2.0,,2.0,2.0,1.0,2.0,1.0,Thailand,1.0,,False,Male,18_22,2.0
1.0,,2.0,2.0,2021,,,1.0,2.0,1,1,1.0,1.0,1.0,,,,,24.0,2.0,2.0,1.0,1.0,1.0,2.0,1.0,8.0,,1.0,1.0,,Q4,,2.0,1.0,1.0,2.0,,2.0,1.0,,THA,,58246340.0,4.0,0.0,1.0,,,1.0,,1.0,0.266906941,1,1.0,,1.0,,1.0,1,1.0,2.0,195503881,East Asia & Pacific (excluding high income),,,1.0,,2.0,2.0,1.0,1.0,1.0,Thailand,1.0,,False,Female,23_29,2.0
2.0,,2.0,2.0,2021,,,1.0,2.0,1,1,1.0,1.0,1.0,2.0,,1.0,,31.0,1.0,3.0,1.0,1.0,1.0,1.0,1.0,2.0,,2.0,1.0,1.0,Q5 Highest,,1.0,1.0,2.0,2.0,1.0,2.0,1.0,,THA,,58246340.0,4.0,1.0,1.0,,2.0,1.0,,2.0,0.138056999,1,1.0,3.0,1.0,,1.0,1,1.0,1.0,152743545,East Asia & Pacific (excluding high income),3.0,1.0,2.0,,2.0,2.0,1.0,1.0,1.0,Thailand,1.0,,False,Female,30_39,3.0
2.0,,2.0,1.0,2021,,,0.0,2.0,1,1,1.0,1.0,1.0,,,,,47.0,1.0,1.0,1.0,1.0,1.0,2.0,1.0,2.0,,1.0,1.0,,Q4,,1.0,2.0,3.0,2.0,,2.0,1.0,,THA,,58246340.0,4.0,1.0,1.0,,,1.0,,1.0,2.338900333,1,1.0,2.0,1.0,,1.0,1,1.0,1.0,183491970,East Asia & Pacific (excluding high income),1.0,2.0,2.0,,2.0,2.0,2.0,1.0,1.0,Thailand,1.0,,False,Female,40_49,1.0
1.0,,1.0,1.0,2021,,,0.0,2.0,2,1,1.0,1.0,2.0,,4.0,,,55.0,1.0,2.0,3.0,1.0,1.0,4.0,4.0,2.0,,2.0,1.0,,Q4,,4.0,2.0,,2.0,,,1.0,3.0,THA,,58246340.0,3.0,1.0,1.0,2.0,,4.0,2.0,2.0,0.302773876,1,1.0,4.0,1.0,,1.0,1,1.0,4.0,177888869,East Asia & Pacific (excluding high income),5.0,,2.0,2.0,2.0,1.0,2.0,1.0,0.0,Thailand,3.0,,False,Male,50_59,2.0
2.0,,1.0,1.0,2021,,,1.0,2.0,2,1,1.0,1.0,1.0,1.0,,1.0,,29.0,1.0,3.0,1.0,1.0,1.0,1.0,1.0,3.0,,2.0,1.0,1.0,Q5 Highest,,1.0,2.0,,2.0,1.0,2.0,1.0,,THA,,58246340.0,4.0,1.0,1.0,,1.0,1.0,,2.0,0.357891433,1,1.0,3.0,1.0,,1.0,1,1.0,1.0,124276063,East Asia & Pacific (excluding high income),3.0,1.0,2.0,,2.0,2.0,2.0,1.0,1.0,Thailand,1.0,,False,Male,23_29,3.0
1.0,,1.0,1.0,2021,,,0.0,2.0,1,1,1.0,1.0,1.0,,,,,46.0,1.0,3.0,1.0,2.0,1.0,1.0,1.0,3.0,,2.0,1.0,2.0,Q2,1.0,2.0,2.0,,2.0,,2.0,2.0,,THA,,58246340.0,4.0,1.0,2.0,,,1.0,,2.0,0.138056999,1,1.0,3.0,1.0,,1.0,1,1.0,1.0,173819235,East Asia & Pacific (excluding high income),3.0,1.0,2.0,,2.0,2.0,2.0,1.0,1.0,Thailand,1.0,,False,Female,40_49,3.0
2.0,,1.0,2.0,2021,,,1.0,2.0,2,1,1.0,1.0,1.0,1.0,,2.0,,27.0,2.0,2.0,1.0,1.0,1.0,2.0,1.0,3.0,,2.0,1.0,,Q4,,1.0,1.0,1.0,2.0,2.0,2.0,,,THA,,58246340.0,4.0,0.0,1.0,,2.0,1.0,,2.0,0.777394936,1,1.0,2.0,1.0,,1.0,1,2.0,1.0,170266021,East Asia & Pacific (excluding high income),1.0,2.0,2.0,,2.0,2.0,2.0,1.0,1.0,Thailand,1.0,,False,Male,23_29,2.0
2.0,,2.0,2.0,2021,,,1.0,2.0,2,1,1.0,1.0,1.0,,,,,45.0,2.0,3.0,1.0,1.0,1.0,1.0,1.0,2.0,,2.0,1.0,1.0,Q4,,2.0,2.0,,1.0,,2.0,1.0,,THA,,58246340.0,4.0,0.0,1.0,,,1.0,,2.0,0.495966621,1,1.0,2.0,1.0,,1.0,1,2.0,2.0,164317127,East Asia & Pacific (excluding high income),3.0,,2.0,,2.0,2.0,1.0,1.0,1.0,Thailand,1.0,,False,Male,40_49,3.0
2.0,,2.0,1.0,2021,,,1.0,2.0,1,1,1.0,2.0,1.0,,,,,35.0,1.0,2.0,1.0,2.0,1.0,2.0,1.0,1.0,,2.0,1.0,,Q5 Highest,1.0,,1.0,4.0,2.0,,2.0,1.0,,THA,,58246340.0,4.0,1.0,2.0,,,,,2.0,0.95007178,1,1.0,1.0,1.0,,1.0,1,1.0,1.0,152188392,East Asia & Pacific (excluding high income),1.0,3.0,2.0,,2.0,2.0,2.0,1.0,0.0,Thailand,4.0,,False,Female,30_39,2.0
,,1.0,1.0,2021,,,1.0,1.0,1,1,1.0,2.0,,,,,,67.0,1.0,2.0,4.0,4.0,1.0,2.0,1.0,5.0,,1.0,1.0,,Q3,,1.0,1.0,3.0,1.0,,,2.0,,THA,1.0,58246340.0,4.0,1.0,,,,2.0,,,0.138056999,1,2.0,2.0,2.0,,1.0,1,1.0,1.0,191941649,East Asia & Pacific (excluding high income),1.0,3.0,2.0,,1.0,2.0,,1.0,0.0,Thailand,4.0,,False,Female,60_69,2.0
2.0,,1.0,1.0,2021,,,1.0,2.0,2,1,1.0,1.0,1.0,,,,,40.0,1.0,3.0,1.0,1.0,1.0,2.0,1.0,1.0,,1.0,1.0,,Q4,,1.0,1.0,2.0,2.0,,1.0,1.0,,THA,,58246340.0,4.0,1.0,1.0,,,2.0,,2.0,0.138056999,1,1.0,3.0,1.0,,1.0,1,1.0,1.0,141779601,East Asia & Pacific (excluding high income),3.0,1.0,2.0,,2.0,2.0,1.0,1.0,0.0,Thailand,1.0,,False,Male,40_49,3.0
,,,2.0,2021,,,0.0,2.0,1,1,1.0,2.0,,,,,,17.0,1.0,1.0,4.0,4.0,1.0,2.0,2.0,2.0,,2.0,0.0,,Q4,,,2.0,,2.0,,,2.0,,THA,,58246340.0,4.0,1.0,,,,,,,2.389125295,1,2.0,3.0,2.0,,1.0,2,1.0,2.0,168544545,East Asia & Pacific (excluding high income),3.0,,2.0,,2.0,2.0,,2.0,0.0,Thailand,4.0,,False,Female,17_or_less,1.0
2.0,,2.0,2.0,2021,,,1.0,2.0,2,1,1.0,1.0,1.0,,,,,38.0,1.0,2.0,1.0,2.0,1.0,2.0,2.0,2.0,,2.0,0.0,,Q1 Lowest,1.0,1.0,1.0,3.0,2.0,,2.0,2.0,,THA,,58246340.0,4.0,1.0,2.0,,,2.0,,2.0,0.920743722,1,1.0,1.0,1.0,,2.0,1,2.0,2.0,150336166,East Asia & Pacific (excluding high income),1.0,,2.0,,2.0,2.0,2.0,1.0,0.0,Thailand,1.0,,False,Male,30_39,2.0
2.0,,,2.0,2021,,,1.0,2.0,1,1,1.0,1.0,1.0,,,,,38.0,1.0,3.0,1.0,4.0,1.0,1.0,1.0,2.0,,1.0,1.0,1.0,Q4,,1.0,1.0,3.0,2.0,,2.0,1.0,,THA,,58246340.0,4.0,1.0,,,,1.0,,2.0,0.138056999,1,2.0,2.0,1.0,,1.0,2,1.0,1.0,160220894,East Asia & Pacific (excluding high income),2.0,3.0,2.0,,2.0,2.0,,1.0,1.0,Thailand,1.0,,False,Female,30_39,3.0
,,,2.0,2021,,,1.0,2.0,2,1,1.0,1.0,,,,,,32.0,1.0,2.0,4.0,1.0,1.0,2.0,1.0,2.0,,1.0,1.0,,Q4,,1.0,1.0,,2.0,,,1.0,1.0,THA,,58246340.0,1.0,1.0,1.0,,,1.0,1.0,,0.303327746,1,1.0,3.0,2.0,,1.0,2,1.0,2.0,116706097,East Asia & Pacific (excluding high income),3.0,,2.0,,2.0,1.0,1.0,1.0,1.0,Thailand,1.0,,False,Male,30_39,2.0
2.0,,2.0,2.0,2021,,,1.0,2.0,1,1,1.0,1.0,2.0,1.0,,1.0,,33.0,2.0,2.0,1.0,2.0,1.0,2.0,1.0,2.0,,2.0,1.0,,Q2,1.0,1.0,2.0,2.0,1.0,1.0,1.0,2.0,,THA,,58246340.0,4.0,0.0,2.0,,1.0,2.0,,1.0,0.733215213,1,1.0,1.0,1.0,,1.0,1,1.0,1.0,129111242,East Asia & Pacific (excluding high income),1.0,3.0,2.0,,2.0,2.0,2.0,1.0,1.0,Thailand,1.0,,False,Female,30_39,2.0
,,,2.0,2021,,,0.0,2.0,1,1,1.0,1.0,,,,,,72.0,2.0,2.0,4.0,4.0,1.0,2.0,2.0,8.0,,2.0,1.0,,Q3,,1.0,2.0,,2.0,,,2.0,,THA,,58246340.0,4.0,0.0,,,,2.0,,,1.540201266,1,2.0,,2.0,,2.0,2,2.0,2.0,142125946,East Asia & Pacific (excluding high income),,,2.0,,1.0,2.0,,1.0,0.0,Thailand,1.0,,False,Female,70_plus,2.0
2.0,,2.0,2.0,2021,,,0.0,2.0,2,1,1.0,2.0,1.0,1.0,,2.0,,25.0,1.0,3.0,1.0,1.0,1.0,2.0,1.0,2.0,,2.0,0.0,,Q4,,,2.0,3.0,2.0,1.0,2.0,2.0,,THA,,58246340.0,4.0,1.0,1.0,,2.0,,,1.0,0.171184592,1,1.0,3.0,1.0,,1.0,1,1.0,2.0,185251080,East Asia & Pacific (excluding high income),2.0,,2.0,,2.0,2.0,2.0,1.0,1.0,Thailand,4.0,,False,Male,23_29,3.0
1.0,,1.0,1.0,2021,,,0.0,1.0,1,1,1.0,2.0,1.0,,,,,41.0,2.0,3.0,1.0,2.0,1.0,2.0,1.0,2.0,,2.0,1.0,,Q2,1.0,,2.0,4.0,2.0,,2.0,,,THA,2.0,58246340.0,4.0,1.0,2.0,,,,,2.0,0.289066686,1,1.0,3.0,1.0,,1.0,1,1.0,1.0,118057512,East Asia & Pacific (excluding high income),2.0,2.0,2.0,,2.0,2.0,2.0,1.0,0.0,Thailand,4.0,,False,Female,40_49,3.0
2.0,,2.0,1.0,2021,,,1.0,2.0,1,1,1.0,1.0,1.0,1.0,,1.0,,21.0,1.0,2.0,1.0,4.0,1.0,1.0,1.0,4.0,,1.0,1.0,1.0,Q5 Highest,,1.0,2.0,1.0,2.0,1.0,2.0,1.0,,THA,,58246340.0,4.0,1.0,,,2.0,1.0,,1.0,1.834023407,1,2.0,3.0,1.0,,1.0,1,1.0,1.0,164912317,East Asia & Pacific (excluding high income),2.0,3.0,2.0,,2.0,2.0,,1.0,1.0,Thailand,1.0,,False,Female,18_22,2.0
2.0,,2.0,2.0,2021,,,1.0,2.0,1,1,1.0,1.0,1.0,2.0,,1.0,,29.0,1.0,1.0,1.0,1.0,1.0,2.0,1.0,8.0,,2.0,1.0,,Q2,,1.0,1.0,1.0,2.0,1.0,2.0,,,THA,,58246340.0,4.0,1.0,2.0,,2.0,2.0,,1.0,2.854607731,1,1.0,,1.0,,2.0,1,3.0,1.0,206997368,East Asia & Pacific (excluding high income),,3.0,2.0,,2.0,2.0,1.0,1.0,1.0,Thailand,1.0,,False,Female,23_29,1.0
1.0,,1.0,1.0,2021,,,1.0,2.0,2,1,1.0,1.0,1.0,,,,,41.0,1.0,1.0,1.0,4.0,1.0,2.0,2.0,3.0,,1.0,0.0,,Q4,,1.0,1.0,,1.0,,1.0,1.0,,THA,,58246340.0,4.0,1.0,,,,2.0,,2.0,1.007318148,1,2.0,2.0,1.0,,1.0,1,1.0,2.0,138275764,East Asia & Pacific (excluding high income),2.0,,1.0,,2.0,2.0,,1.0,0.0,Thailand,1.0,,False,Male,40_49,1.0
2.0,,2.0,1.0,2021,,,0.0,2.0,1,1,1.0,1.0,1.0,1.0,,1.0,,45.0,1.0,3.0,1.0,1.0,1.0,2.0,1.0,4.0,,2.0,1.0,,Q4,,2.0,2.0,3.0,2.0,2.0,2.0,2.0,,THA,,58246340.0,4.0,1.0,1.0,,2.0,1.0,,1.0,0.152100909,1,1.0,3.0,1.0,,1.0,1,1.0,1.0,135984576,East Asia & Pacific (excluding high income),2.0,3.0,2.0,,2.0,2.0,1.0,1.0,1.0,Thailand,1.0,,False,Female,40_49,3.0
,,2.0,1.0,2021,,,1.0,2.0,2,1,1.0,1.0,,,,,,47.0,1.0,3.0,4.0,1.0,1.0,1.0,1.0,4.0,,2.0,1.0,1.0,Q5 Highest,,2.0,2.0,,2.0,,,3.0,,THA,,58246340.0,4.0,1.0,1.0,,,1.0,,,0.253886452,1,1.0,3.0,2.0,,1.0,1,1.0,1.0,196287756,East Asia & Pacific (excluding high income),3.0,3.0,2.0,,2.0,2.0,1.0,1.0,1.0,Thailand,1.0,,False,Male,40_49,3.0
2.0,,1.0,1.0,2021,,,1.0,2.0,1,1,1.0,1.0,1.0,1.0,,2.0,,51.0,1.0,2.0,1.0,1.0,1.0,1.0,1.0,2.0,,1.0,1.0,1.0,Q5 Highest,,3.0,2.0,,2.0,1.0,2.0,2.0,,THA,,58246340.0,4.0,1.0,1.0,,2.0,1.0,,2.0,0.14889143,1,1.0,3.0,1.0,,1.0,1,1.0,1.0,190692716,East Asia & Pacific (excluding high income),3.0,1.0,2.0,,2.0,2.0,2.0,1.0,1.0,Thailand,1.0,,False,Female,50_59,2.0
,,,2.0,2021,,,0.0,2.0,2,1,1.0,1.0,,,,,,66.0,2.0,1.0,4.0,2.0,1.0,2.0,2.0,7.0,,2.0,0.0,,Q1 Lowest,1.0,1.0,2.0,3.0,2.0,,,2.0,,THA,,58246340.0,4.0,0.0,2.0,,,2.0,,,5.714441691,1,1.0,,2.0,,2.0,2,2.0,2.0,189986522,East Asia & Pacific (excluding high income),,,2.0,,2.0,2.0,2.0,1.0,0.0,Thailand,1.0,,False,Male,60_69,1.0
,,2.0,2.0,2021,,,0.0,2.0,2,1,2.0,2.0,,,,,,65.0,2.0,3.0,4.0,4.0,1.0,2.0,2.0,2.0,,2.0,0.0,,Q3,,,2.0,2.0,2.0,,,,,THA,,58246340.0,4.0,0.0,,,,,,,0.205961814,1,2.0,3.0,2.0,,1.0,1,2.0,2.0,181591450,East Asia & Pacific (excluding high income),3.0,,2.0,,2.0,2.0,,1.0,0.0,Thailand,4.0,,False,Male,60_69,3.0
2.0,,,1.0,2021,,,1.0,2.0,1,1,1.0,1.0,1.0,1.0,,1.0,,39.0,2.0,1.0,1.0,1.0,1.0,1.0,1.0,2.0,,1.0,1.0,1.0,Q4,,1.0,1.0,3.0,1.0,2.0,2.0,1.0,,THA,,58246340.0,4.0,1.0,1.0,,1.0,1.0,,1.0,1.027154737,1,1.0,3.0,1.0,,1.0,2,1.0,1.0,202753227,East Asia & Pacific (excluding high income),1.0,3.0,2.0,,2.0,2.0,2.0,1.0,1.0,Thailand,1.0,,False,Female,30_39,1.0
,,1.0,1.0,2021,,,1.0,1.0,1,1,1.0,2.0,,1.0,,1.0,,17.0,1.0,1.0,4.0,1.0,1.0,1.0,1.0,1.0,,2.0,1.0,1.0,Q3,,,2.0,1.0,2.0,1.0,,2.0,,THA,2.0,58246340.0,4.0,1.0,1.0,,2.0,,,,0.998332341,1,1.0,2.0,2.0,,1.0,1,1.0,1.0,170544448,East Asia & Pacific (excluding high income),2.0,1.0,2.0,,2.0,2.0,1.0,2.0,1.0,Thailand,4.0,,False,Female,17_or_less,1.0
2.0,,1.0,2.0,2021,,,1.0,2.0,2,1,1.0,1.0,1.0,,,,,50.0,2.0,3.0,1.0,1.0,1.0,1.0,1.0,4.0,,2.0,1.0,1.0,Q5 Highest,,2.0,2.0,3.0,2.0,,2.0,1.0,,THA,,58246340.0,4.0,1.0,2.0,,,1.0,,2.0,0.232066062,1,1.0,2.0,1.0,,1.0,1,1.0,1.0,148089001,East Asia & Pacific (excluding high income),1.0,1.0,2.0,,2.0,2.0,1.0,1.0,1.0,Thailand,1.0,,False,Male,50_59,3.0
2.0,,,2.0,2021,,,0.0,1.0,1,1,1.0,1.0,2.0,1.0,,1.0,,37.0,2.0,1.0,2.0,4.0,1.0,2.0,2.0,2.0,,2.0,0.0,,Q4,,2.0,2.0,,2.0,2.0,,1.0,,THA,2.0,58246340.0,4.0,1.0,,,2.0,1.0,,2.0,0.708411475,1,2.0,3.0,1.0,,1.0,2,1.0,2.0,149232225,East Asia & Pacific (excluding high income),2.0,,2.0,1.0,2.0,2.0,,1.0,1.0,Thailand,1.0,,False,Female,30_39,1.0
,,1.0,1.0,2021,,,0.0,1.0,1,1,1.0,1.0,,1.0,,2.0,,43.0,2.0,3.0,4.0,2.0,1.0,2.0,1.0,1.0,,2.0,1.0,,Q4,1.0,2.0,2.0,,2.0,2.0,,1.0,2.0,THA,2.0,58246340.0,1.0,1.0,2.0,,2.0,1.0,1.0,,0.185880027,1,1.0,3.0,2.0,,1.0,1,1.0,1.0,141732075,East Asia & Pacific (excluding high income),3.0,3.0,2.0,,2.0,1.0,2.0,1.0,1.0,Thailand,1.0,,False,Female,40_49,3.0
,,,2.0,2021,,,1.0,2.0,2,1,1.0,1.0,,1.0,,1.0,,40.0,2.0,3.0,4.0,1.0,1.0,2.0,1.0,2.0,,1.0,1.0,,Q5 Highest,,1.0,1.0,,2.0,2.0,,1.0,2.0,THA,,58246340.0,2.0,0.0,1.0,1.0,2.0,1.0,2.0,,0.824988482,1,1.0,3.0,2.0,,1.0,2,1.0,1.0,202416252,East Asia & Pacific (excluding high income),3.0,3.0,2.0,,2.0,1.0,1.0,1.0,1.0,Thailand,1.0,,False,Male,40_49,3.0
1.0,,2.0,1.0,2021,,,0.0,2.0,1,1,1.0,1.0,1.0,,,,,64.0,1.0,3.0,1.0,1.0,1.0,2.0,1.0,2.0,,1.0,1.0,,Q4,,2.0,2.0,,2.0,,2.0,2.0,,THA,,58246340.0,4.0,1.0,1.0,,,1.0,,2.0,0.138056999,1,1.0,3.0,1.0,,1.0,1,1.0,2.0,111178393,East Asia & Pacific (excluding high income),3.0,,2.0,,1.0,2.0,2.0,1.0,1.0,Thailand,1.0,,False,Female,60_69,3.0
2.0,,,2.0,2021,,,1.0,2.0,1,1,1.0,1.0,1.0,2.0,,1.0,,54.0,2.0,2.0,1.0,2.0,1.0,1.0,1.0,2.0,,1.0,0.0,1.0,Q4,1.0,1.0,1.0,4.0,2.0,2.0,2.0,2.0,,THA,,58246340.0,4.0,0.0,2.0,,2.0,2.0,,2.0,0.218877638,1,1.0,1.0,1.0,,1.0,2,1.0,2.0,173305477,East Asia & Pacific (excluding high income),1.0,,2.0,,2.0,2.0,2.0,1.0,1.0,Thailand,1.0,,False,Female,50_59,2.0
,,1.0,2.0,2021,,,1.0,2.0,1,1,1.0,1.0,,,2.0,,,60.0,2.0,1.0,4.0,2.0,1.0,2.0,2.0,9.0,,2.0,0.0,,Q3,1.0,2.0,1.0,3.0,2.0,,,2.0,,THA,,58246340.0,4.0,0.0,2.0,,,2.0,,,5.714441691,1,1.0,,2.0,,2.0,1,2.0,2.0,199435118,East Asia & Pacific (excluding high income),,,2.0,,2.0,2.0,2.0,1.0,0.0,Thailand,1.0,,False,Female,60_69,1.0
,,2.0,1.0,2021,,,1.0,2.0,1,1,1.0,2.0,,1.0,,2.0,,35.0,1.0,3.0,4.0,1.0,1.0,1.0,1.0,1.0,,1.0,1.0,1.0,Q4,,,2.0,,2.0,1.0,,2.0,,THA,,58246340.0,4.0,1.0,2.0,,2.0,,,,0.157540987,1,1.0,3.0,2.0,,1.0,1,1.0,1.0,188302102,East Asia & Pacific (excluding high income),3.0,1.0,2.0,,2.0,2.0,1.0,1.0,1.0,Thailand,4.0,,False,Female,30_39,3.0
2.0,,1.0,1.0,2021,,,1.0,2.0,1,1,1.0,2.0,1.0,1.0,,1.0,,35.0,1.0,2.0,1.0,1.0,1.0,2.0,1.0,4.0,,2.0,1.0,,Q2,,,2.0,3.0,1.0,1.0,2.0,2.0,2.0,THA,,58246340.0,1.0,1.0,1.0,,2.0,,1.0,2.0,2.365098371,1,1.0,2.0,1.0,,1.0,1,1.0,1.0,142176268,East Asia & Pacific (excluding high income),2.0,1.0,2.0,,2.0,1.0,1.0,2.0,1.0,Thailand,4.0,,False,Female,30_39,2.0
2.0,,1.0,1.0,2021,,,1.0,1.0,2,1,1.0,2.0,2.0,,,,,40.0,1.0,3.0,1.0,1.0,1.0,1.0,1.0,6.0,,1.0,1.0,1.0,Q5 Highest,,,2.0,3.0,2.0,,2.0,1.0,,THA,2.0,58246340.0,4.0,1.0,1.0,,,,,1.0,0.138056999,1,1.0,3.0,1.0,,1.0,1,1.0,1.0,145113961,East Asia & Pacific (excluding high income),2.0,1.0,2.0,,2.0,2.0,1.0,1.0,1.0,Thailand,4.0,,False,Male,40_49,3.0
2.0,,2.0,1.0,2021,,,1.0,2.0,2,1,1.0,1.0,1.0,1.0,,1.0,,25.0,1.0,2.0,1.0,4.0,1.0,1.0,2.0,2.0,,2.0,1.0,1.0,Q2,,1.0,1.0,3.0,2.0,1.0,2.0,1.0,,THA,,58246340.0,4.0,1.0,,,2.0,2.0,,2.0,2.320584425,1,2.0,2.0,1.0,,1.0,1,1.0,2.0,181865865,East Asia & Pacific (excluding high income),2.0,,2.0,,2.0,2.0,,1.0,1.0,Thailand,1.0,,False,Male,23_29,5.0
2.0,,2.0,1.0,2021,,,0.0,2.0,1,1,1.0,1.0,1.0,,,,,41.0,1.0,1.0,1.0,1.0,1.0,2.0,1.0,4.0,,1.0,1.0,,Q4,,1.0,2.0,2.0,2.0,,2.0,1.0,,THA,,58246340.0,4.0,1.0,1.0,,,1.0,,1.0,2.6689894,1,1.0,2.0,1.0,,1.0,1,1.0,2.0,166218034,East Asia & Pacific (excluding high income),2.0,,2.0,,2.0,2.0,1.0,1.0,1.0,Thailand,1.0,,False,Female,40_49,1.0
2.0,,1.0,1.0,2021,,,1.0,2.0,1,1,1.0,2.0,1.0,1.0,,1.0,,35.0,1.0,3.0,1.0,1.0,1.0,1.0,1.0,2.0,,1.0,1.0,1.0,Q4,,,2.0,,2.0,1.0,2.0,1.0,,THA,,58246340.0,4.0,1.0,1.0,,2.0,,,1.0,0.138056999,1,1.0,3.0,1.0,,1.0,1,1.0,1.0,187596522,East Asia & Pacific (excluding high income),3.0,3.0,2.0,,2.0,2.0,2.0,1.0,1.0,Thailand,4.0,,False,Female,30_39,3.0
,,,2.0,2021,,,0.0,2.0,2,1,2.0,2.0,,,,,,16.0,1.0,1.0,4.0,4.0,0.0,2.0,2.0,8.0,,2.0,0.0,,Q3,,,2.0,,2.0,,,,,THA,,58246340.0,4.0,1.0,,,,,,,4.84750417,1,2.0,,2.0,,2.0,2,1.0,2.0,210324298,East Asia & Pacific (excluding high income),,,2.0,,2.0,2.0,,2.0,0.0,Thailand,4.0,,False,Male,17_or_less,1.0
2.0,,2.0,2.0,2021,,,1.0,2.0,1,1,1.0,2.0,1.0,,,,,24.0,1.0,3.0,1.0,1.0,1.0,2.0,1.0,2.0,,1.0,1.0,,Q2,,,1.0,2.0,2.0,,2.0,1.0,,THA,,58246340.0,4.0,1.0,1.0,,,,,1.0,0.942575433,1,1.0,3.0,1.0,,1.0,1,1.0,1.0,170874571,East Asia & Pacific (excluding high income),2.0,1.0,2.0,,2.0,2.0,1.0,1.0,1.0,Thailand,4.0,,False,Female,23_29,3.0
2.0,,1.0,1.0,2021,,,0.0,2.0,2,1,1.0,1.0,2.0,,,,,62.0,1.0,2.0,2.0,2.0,1.0,2.0,1.0,2.0,,1.0,1.0,,Q3,1.0,1.0,2.0,2.0,2.0,,,1.0,,THA,,58246340.0,4.0,1.0,2.0,,,1.0,,2.0,1.262406302,1,1.0,2.0,1.0,,1.0,1,1.0,1.0,183399453,East Asia & Pacific (excluding high income),1.0,1.0,2.0,1.0,2.0,2.0,2.0,1.0,1.0,Thailand,1.0,,False,Male,60_69,2.0
2.0,,2.0,2.0,2021,,,1.0,2.0,2,1,1.0,1.0,1.0,,,,,37.0,1.0,2.0,1.0,1.0,1.0,2.0,1.0,2.0,,1.0,1.0,,Q2,,1.0,1.0,3.0,2.0,,2.0,2.0,,THA,,58246340.0,4.0,1.0,1.0,,,2.0,,2.0,0.920743722,1,1.0,2.0,1.0,,1.0,1,1.0,1.0,116367541,East Asia & Pacific (excluding high income),1.0,3.0,2.0,,2.0,2.0,2.0,1.0,0.0,Thailand,1.0,,False,Male,30_39,2.0
2.0,,2.0,2.0,2021,,,1.0,2.0,2,1,1.0,1.0,1.0,,,,,34.0,2.0,2.0,1.0,2.0,1.0,1.0,1.0,2.0,,1.0,1.0,1.0,Q2,1.0,1.0,2.0,3.0,1.0,,2.0,2.0,,THA,,58246340.0,4.0,0.0,2.0,,,1.0,,2.0,5.714441691,1,1.0,1.0,1.0,,1.0,1,1.0,1.0,127930021,East Asia & Pacific (excluding high income),1.0,1.0,2.0,,2.0,2.0,2.0,2.0,1.0,Thailand,1.0,,False,Male,30_39,2.0
,,1.0,1.0,2021,,,0.0,2.0,2,1,1.0,1.0,,1.0,,1.0,,34.0,1.0,3.0,4.0,4.0,1.0,2.0,2.0,1.0,,2.0,1.0,,Q5 Highest,,1.0,2.0,,2.0,1.0,,1.0,,THA,,58246340.0,4.0,1.0,,,2.0,1.0,,,0.334183898,1,2.0,3.0,2.0,,1.0,1,1.0,1.0,168604994,East Asia & Pacific (excluding high income),3.0,1.0,2.0,,2.0,2.0,,1.0,1.0,Thailand,1.0,,False,Male,30_39,3.0
2.0,,1.0,1.0,2021,,,1.0,1.0,2,1,1.0,1.0,1.0,,,,,25.0,1.0,2.0,1.0,1.0,1.0,2.0,1.0,2.0,,1.0,1.0,,Q5 Highest,,1.0,1.0,3.0,2.0,,2.0,1.0,,THA,1.0,58246340.0,4.0,1.0,1.0,,,2.0,,2.0,0.139643824,1,1.0,3.0,1.0,,1.0,1,1.0,1.0,158097995,East Asia & Pacific (excluding high income),2.0,1.0,2.0,,2.0,2.0,2.0,1.0,0.0,Thailand,1.0,,False,Male,23_29,2.0
2.0,,2.0,2.0,2021,,,0.0,2.0,1,1,1.0,1.0,2.0,1.0,,1.0,,25.0,1.0,2.0,2.0,1.0,1.0,2.0,1.0,2.0,,2.0,1.0,,Q2,,1.0,2.0,2.0,2.0,1.0,,2.0,,THA,,58246340.0,4.0,1.0,1.0,,2.0,2.0,,2.0,4.294944395,1,1.0,2.0,1.0,,1.0,1,1.0,1.0,210275024,East Asia & Pacific (excluding high income),2.0,3.0,2.0,1.0,2.0,2.0,1.0,2.0,1.0,Thailand,1.0,,False,Female,23_29,2.0
1.0,,2.0,1.0,2021,,,1.0,1.0,2,1,1.0,1.0,1.0,1.0,,1.0,,53.0,2.0,3.0,1.0,1.0,1.0,1.0,1.0,4.0,,1.0,1.0,1.0,Q5 Highest,,1.0,2.0,1.0,2.0,1.0,2.0,1.0,,THA,2.0,58246340.0,4.0,1.0,1.0,,2.0,2.0,,2.0,0.157862851,1,1.0,3.0,1.0,,1.0,1,1.0,1.0,201432535,East Asia & Pacific (excluding high income),3.0,1.0,2.0,,2.0,2.0,1.0,1.0,1.0,Thailand,1.0,,False,Male,50_59,3.0
2.0,,2.0,2.0,2021,,,1.0,2.0,1,1,1.0,1.0,1.0,,,,,36.0,2.0,2.0,1.0,1.0,1.0,2.0,1.0,4.0,,1.0,1.0,,Q4,,1.0,1.0,3.0,2.0,,2.0,1.0,,THA,,58246340.0,4.0,1.0,1.0,,,1.0,,2.0,0.208280098,1,1.0,3.0,1.0,,1.0,1,1.0,1.0,137122196,East Asia & Pacific (excluding high income),3.0,2.0,2.0,,2.0,2.0,2.0,1.0,1.0,Thailand,1.0,,False,Female,30_39,2.0
1.0,,1.0,1.0,2021,,,1.0,2.0,2,1,1.0,1.0,1.0,1.0,,1.0,,45.0,1.0,3.0,1.0,1.0,1.0,1.0,1.0,3.0,,1.0,1.0,1.0,Q5 Highest,,1.0,2.0,,2.0,1.0,2.0,1.0,,THA,,58246340.0,4.0,1.0,1.0,,1.0,1.0,,1.0,0.138056999,1,1.0,3.0,1.0,,1.0,1,1.0,1.0,194946860,East Asia & Pacific (excluding high income),3.0,1.0,2.0,,2.0,2.0,1.0,1.0,1.0,Thailand,1.0,,False,Male,40_49,3.0
,,2.0,2.0,2021,,,1.0,2.0,1,1,1.0,2.0,,,,,,35.0,2.0,2.0,4.0,1.0,1.0,2.0,1.0,2.0,,2.0,0.0,,Q3,,,1.0,1.0,2.0,,,1.0,,THA,,58246340.0,4.0,0.0,1.0,,,,,,1.085519127,1,1.0,1.0,2.0,,1.0,1,1.0,1.0,170486432,East Asia & Pacific (excluding high income),1.0,2.0,2.0,,2.0,2.0,1.0,2.0,0.0,Thailand,4.0,,False,Female,30_39,2.0
2.0,,2.0,2.0,2021,,,1.0,1.0,2,1,1.0,1.0,1.0,1.0,,1.0,,35.0,1.0,2.0,1.0,1.0,1.0,1.0,1.0,2.0,,2.0,1.0,1.0,Q2,,1.0,2.0,3.0,1.0,1.0,2.0,2.0,,THA,1.0,58246340.0,4.0,1.0,1.0,,1.0,2.0,,2.0,0.180142039,1,1.0,1.0,1.0,,1.0,1,1.0,1.0,145983956,East Asia & Pacific (excluding high income),1.0,3.0,2.0,,2.0,2.0,1.0,1.0,1.0,Thailand,1.0,,False,Male,30_39,2.0
2.0,,1.0,1.0,2021,,,1.0,2.0,1,1,1.0,1.0,1.0,,,,,42.0,1.0,2.0,1.0,1.0,1.0,2.0,1.0,1.0,,1.0,1.0,,Q1 Lowest,,1.0,1.0,,2.0,,2.0,1.0,,THA,,58246340.0,4.0,1.0,1.0,,,1.0,,1.0,1.683464194,1,1.0,2.0,1.0,,1.0,1,1.0,1.0,139649048,East Asia & Pacific (excluding high income),1.0,1.0,1.0,,2.0,2.0,1.0,1.0,1.0,Thailand,1.0,,False,Female,40_49,2.0
1.0,,2.0,1.0,2021,,,1.0,2.0,1,1,1.0,1.0,1.0,,,,,56.0,1.0,3.0,1.0,1.0,1.0,1.0,1.0,2.0,,1.0,1.0,1.0,Q4,,2.0,2.0,2.0,2.0,,2.0,2.0,,THA,,58246340.0,4.0,1.0,1.0,,,1.0,,2.0,0.168189706,1,1.0,3.0,1.0,,1.0,1,1.0,2.0,135614180,East Asia & Pacific (excluding high income),2.0,,2.0,,2.0,2.0,2.0,1.0,1.0,Thailand,1.0,,False,Female,50_59,3.0
,,,2.0,2021,,,0.0,2.0,2,1,2.0,1.0,,,,,,60.0,2.0,1.0,4.0,2.0,1.0,2.0,2.0,8.0,,2.0,0.0,,Q4,1.0,3.0,2.0,,2.0,,,,2.0,THA,,58246340.0,2.0,0.0,2.0,1.0,,1.0,2.0,,5.714441691,1,1.0,,2.0,,1.0,2,2.0,2.0,200711940,East Asia & Pacific (excluding high income),,,2.0,,2.0,1.0,2.0,1.0,1.0,Thailand,1.0,,False,Male,60_69,1.0
2.0,,1.0,1.0,2021,,,1.0,2.0,1,1,1.0,1.0,1.0,,,,,45.0,1.0,3.0,1.0,1.0,1.0,1.0,1.0,2.0,,2.0,1.0,1.0,Q4,,1.0,2.0,6.0,2.0,,2.0,1.0,,THA,,58246340.0,4.0,1.0,2.0,,,2.0,,2.0,0.381592008,1,1.0,3.0,1.0,,1.0,1,1.0,1.0,116792468,East Asia & Pacific (excluding high income),3.0,3.0,2.0,,2.0,2.0,1.0,1.0,0.0,Thailand,1.0,,False,Female,40_49,3.0
,,1.0,1.0,2021,,,0.0,2.0,1,1,1.0,1.0,,1.0,,1.0,,53.0,1.0,3.0,4.0,1.0,1.0,2.0,1.0,2.0,,1.0,1.0,,Q3,,2.0,2.0,4.0,2.0,1.0,,1.0,,THA,,58246340.0,4.0,1.0,1.0,,2.0,1.0,,,0.556236615,1,1.0,3.0,2.0,,1.0,1,1.0,1.0,204654662,East Asia & Pacific (excluding high income),3.0,4.0,2.0,,2.0,2.0,2.0,1.0,1.0,Thailand,1.0,,False,Female,50_59,3.0
2.0,,2.0,1.0,2021,,,1.0,1.0,2,1,1.0,1.0,1.0,1.0,,1.0,,61.0,1.0,2.0,1.0,1.0,1.0,1.0,1.0,2.0,,2.0,1.0,1.0,Q3,,2.0,2.0,,2.0,1.0,2.0,1.0,,THA,2.0,58246340.0,4.0,1.0,1.0,,2.0,1.0,,2.0,1.840176402,1,1.0,3.0,1.0,,1.0,1,1.0,1.0,186699919,East Asia & Pacific (excluding high income),3.0,3.0,2.0,,2.0,2.0,2.0,1.0,1.0,Thailand,1.0,,False,Male,60_69,2.0
,,2.0,2.0,2021,,,1.0,2.0,2,1,1.0,1.0,,,,,,27.0,1.0,2.0,4.0,1.0,1.0,1.0,1.0,5.0,,1.0,0.0,2.0,Q3,,1.0,1.0,2.0,1.0,,,1.0,1.0,THA,,58246340.0,1.0,1.0,1.0,,,2.0,1.0,,5.714441691,1,1.0,3.0,2.0,,1.0,1,1.0,1.0,153573331,East Asia & Pacific (excluding high income),1.0,2.0,2.0,,2.0,1.0,1.0,1.0,1.0,Thailand,1.0,,False,Male,23_29,2.0
,,2.0,1.0,2021,,,1.0,2.0,2,1,1.0,1.0,,1.0,,1.0,,50.0,1.0,3.0,4.0,4.0,1.0,1.0,1.0,2.0,,1.0,1.0,1.0,Q5 Highest,,2.0,2.0,,2.0,1.0,,1.0,,THA,,58246340.0,4.0,1.0,,,1.0,1.0,,,0.404584751,1,2.0,3.0,2.0,,1.0,1,1.0,1.0,196336922,East Asia & Pacific (excluding high income),3.0,3.0,2.0,,2.0,2.0,,1.0,1.0,Thailand,1.0,,False,Male,50_59,3.0
,,,2.0,2021,,,1.0,2.0,1,1,1.0,1.0,,1.0,2.0,1.0,,19.0,1.0,2.0,4.0,1.0,1.0,2.0,1.0,2.0,,1.0,1.0,,Q4,,2.0,1.0,2.0,2.0,1.0,,1.0,,THA,,58246340.0,4.0,1.0,1.0,,2.0,2.0,,,0.877239631,1,1.0,2.0,2.0,,1.0,2,1.0,1.0,203255378,East Asia & Pacific (excluding high income),1.0,1.0,2.0,,2.0,2.0,1.0,1.0,1.0,Thailand,3.0,,False,Female,18_22,2.0
2.0,,,1.0,2021,,,1.0,2.0,2,1,1.0,1.0,1.0,,,,,50.0,1.0,3.0,1.0,1.0,1.0,1.0,1.0,2.0,,2.0,1.0,1.0,Q4,,1.0,2.0,,2.0,,2.0,2.0,,THA,,58246340.0,4.0,1.0,2.0,,,2.0,,2.0,0.157862851,1,1.0,3.0,1.0,,1.0,2,1.0,1.0,160590440,East Asia & Pacific (excluding high income),3.0,3.0,2.0,,2.0,2.0,1.0,1.0,0.0,Thailand,1.0,,False,Male,50_59,3.0
,,1.0,1.0,2021,,,1.0,2.0,2,1,1.0,2.0,,1.0,,1.0,,42.0,1.0,3.0,4.0,1.0,1.0,1.0,1.0,1.0,,1.0,1.0,1.0,Q2,,,2.0,,2.0,1.0,,1.0,,THA,,58246340.0,4.0,1.0,1.0,,2.0,,,,0.938868529,1,1.0,3.0,2.0,,1.0,1,1.0,1.0,140085342,East Asia & Pacific (excluding high income),3.0,1.0,2.0,,2.0,2.0,1.0,2.0,1.0,Thailand,4.0,,False,Male,40_49,3.0
,,,2.0,2021,,,0.0,2.0,1,1,1.0,1.0,,,,,,22.0,1.0,1.0,4.0,4.0,1.0,2.0,2.0,2.0,,2.0,1.0,,Q4,,1.0,2.0,3.0,2.0,,,2.0,1.0,THA,,58246340.0,1.0,1.0,,,,1.0,2.0,,0.475049587,1,2.0,2.0,2.0,,1.0,2,1.0,2.0,121621190,East Asia & Pacific (excluding high income),1.0,,2.0,,2.0,1.0,,1.0,1.0,Thailand,1.0,,False,Female,18_22,1.0
2.0,,,2.0,2021,,,1.0,2.0,2,1,1.0,2.0,1.0,,,,,34.0,2.0,1.0,1.0,1.0,1.0,2.0,1.0,4.0,,2.0,1.0,,Q4,,,2.0,1.0,1.0,,3.0,,,THA,,58246340.0,4.0,0.0,2.0,,,,,1.0,1.550371692,1,1.0,3.0,1.0,,1.0,2,1.0,2.0,157842145,East Asia & Pacific (excluding high income),1.0,,2.0,,2.0,2.0,1.0,1.0,1.0,Thailand,4.0,,False,Male,30_39,1.0
,,,2.0,2021,,,0.0,2.0,2,1,2.0,1.0,,1.0,,1.0,,43.0,2.0,3.0,4.0,1.0,1.0,2.0,2.0,1.0,,2.0,1.0,,Q5 Highest,,2.0,2.0,,2.0,1.0,,,,THA,,58246340.0,4.0,1.0,1.0,,2.0,1.0,,,0.824988482,1,1.0,3.0,2.0,,2.0,2,2.0,2.0,166773966,East Asia & Pacific (excluding high income),3.0,,2.0,,2.0,2.0,2.0,1.0,1.0,Thailand,1.0,,False,Male,40_49,3.0
2.0,,,1.0,2021,,,0.0,2.0,2,1,1.0,1.0,1.0,3.0,,1.0,,39.0,1.0,1.0,1.0,4.0,1.0,2.0,2.0,4.0,,1.0,1.0,,Q5 Highest,,1.0,2.0,,2.0,1.0,3.0,1.0,,THA,,58246340.0,4.0,1.0,,,2.0,1.0,,1.0,0.545490711,1,2.0,3.0,1.0,,1.0,2,1.0,1.0,118747085,East Asia & Pacific (excluding high income),3.0,3.0,2.0,,2.0,2.0,,1.0,1.0,Thailand,1.0,,False,Male,30_39,1.0
,,1.0,2.0,2021,,,1.0,2.0,1,1,1.0,1.0,,,,,,30.0,2.0,2.0,4.0,1.0,1.0,1.0,1.0,2.0,,1.0,1.0,1.0,Q2,,1.0,1.0,3.0,2.0,,,2.0,,THA,,58246340.0,4.0,0.0,1.0,,,1.0,,,2.958258789,1,1.0,2.0,2.0,,1.0,1,1.0,1.0,179769319,East Asia & Pacific (excluding high income),2.0,3.0,2.0,,1.0,2.0,1.0,1.0,1.0,Thailand,1.0,,False,Female,30_39,2.0
,,2.0,1.0,2021,,,1.0,2.0,1,1,1.0,1.0,,,,,,30.0,1.0,3.0,4.0,2.0,1.0,2.0,1.0,3.0,,2.0,1.0,,Q2,1.0,1.0,1.0,,2.0,,,1.0,1.0,THA,,58246340.0,1.0,1.0,2.0,,,1.0,1.0,,0.286089486,1,1.0,2.0,2.0,,1.0,1,1.0,2.0,160883785,East Asia & Pacific (excluding high income),1.0,,2.0,,2.0,1.0,2.0,1.0,1.0,Thailand,1.0,,False,Female,30_39,3.0
2.0,,2.0,1.0,2021,,,0.0,2.0,2,1,1.0,2.0,1.0,,,,,46.0,2.0,3.0,1.0,1.0,1.0,2.0,1.0,2.0,,2.0,1.0,,Q4,,,2.0,,2.0,,2.0,1.0,,THA,,58246340.0,4.0,1.0,1.0,,,,,2.0,0.495966621,1,1.0,3.0,1.0,,1.0,1,1.0,1.0,174380734,East Asia & Pacific (excluding high income),3.0,3.0,2.0,,2.0,2.0,2.0,1.0,0.0,Thailand,4.0,,False,Male,40_49,3.0
,,,1.0,2021,,,0.0,2.0,1,1,1.0,1.0,,,,,,53.0,2.0,1.0,4.0,4.0,1.0,2.0,2.0,2.0,,2.0,0.0,,Q3,,1.0,2.0,1.0,2.0,,,,,THA,,58246340.0,4.0,1.0,,,,2.0,,,2.843041933,1,2.0,3.0,2.0,,2.0,2,2.0,2.0,118441166,East Asia & Pacific (excluding high income),2.0,,2.0,,2.0,2.0,,1.0,0.0,Thailand,1.0,,False,Female,50_59,1.0
,,1.0,1.0,2021,,,1.0,1.0,2,1,1.0,1.0,,1.0,,1.0,,57.0,1.0,3.0,4.0,2.0,1.0,1.0,1.0,2.0,,2.0,1.0,1.0,Q5 Highest,1.0,2.0,2.0,,2.0,1.0,,3.0,1.0,THA,2.0,58246340.0,1.0,1.0,2.0,,2.0,1.0,2.0,,0.205961814,1,1.0,3.0,2.0,,1.0,1,1.0,1.0,184165816,East Asia & Pacific (excluding high income),3.0,3.0,2.0,,2.0,1.0,2.0,1.0,1.0,Thailand,1.0,,False,Male,50_59,3.0
2.0,,,4.0,2021,,,1.0,4.0,1,1,1.0,1.0,4.0,1.0,,,,46.0,4.0,3.0,3.0,2.0,1.0,1.0,1.0,9.0,,4.0,1.0,1.0,Q3,1.0,2.0,4.0,6.0,2.0,,,1.0,,THA,,58246340.0,4.0,0.0,2.0,,,1.0,,4.0,0.138056999,1,1.0,,1.0,,1.0,2,1.0,4.0,170618887,East Asia & Pacific (excluding high income),,,4.0,4.0,2.0,2.0,2.0,1.0,1.0,Thailand,1.0,,False,Female,40_49,3.0
,,2.0,2.0,2021,,,1.0,1.0,2,1,1.0,2.0,,,,,,42.0,2.0,1.0,4.0,1.0,1.0,2.0,1.0,2.0,,1.0,1.0,,Q1 Lowest,,,1.0,3.0,1.0,,,,,THA,2.0,58246340.0,4.0,1.0,1.0,,,,,,1.27787695,1,1.0,2.0,2.0,,1.0,1,1.0,1.0,170768173,East Asia & Pacific (excluding high income),2.0,3.0,2.0,,2.0,2.0,2.0,1.0,0.0,Thailand,4.0,,False,Male,40_49,1.0
,,,2.0,2021,,,1.0,2.0,2,1,1.0,1.0,,1.0,,1.0,,35.0,1.0,1.0,4.0,2.0,1.0,2.0,2.0,2.0,,1.0,1.0,,Q5 Highest,1.0,1.0,1.0,,2.0,1.0,,1.0,,THA,,58246340.0,4.0,1.0,2.0,,1.0,1.0,,,1.197799212,1,1.0,3.0,2.0,,1.0,2,1.0,1.0,188527581,East Asia & Pacific (excluding high income),3.0,1.0,2.0,,2.0,2.0,2.0,1.0,1.0,Thailand,1.0,,False,Male,30_39,1.0
,,2.0,2.0,2021,,,0.0,2.0,1,1,1.0,1.0,,1.0,,1.0,,26.0,2.0,3.0,4.0,4.0,1.0,2.0,1.0,2.0,,1.0,1.0,,Q1 Lowest,,2.0,2.0,1.0,2.0,1.0,,1.0,,THA,,58246340.0,4.0,1.0,,,2.0,1.0,,,0.4223812,1,2.0,3.0,2.0,,1.0,1,1.0,1.0,162148674,East Asia & Pacific (excluding high income),2.0,1.0,2.0,,2.0,2.0,,2.0,1.0,Thailand,1.0,,False,Female,23_29,3.0
,,1.0,1.0,2021,,,0.0,2.0,1,1,1.0,2.0,,,,,,58.0,1.0,3.0,4.0,1.0,1.0,2.0,1.0,1.0,,2.0,1.0,,Q5 Highest,,,2.0,2.0,2.0,,,2.0,,THA,,58246340.0,4.0,1.0,2.0,,,,,,0.138056999,1,1.0,2.0,2.0,,1.0,1,1.0,1.0,124404108,East Asia & Pacific (excluding high income),3.0,3.0,2.0,,2.0,2.0,1.0,1.0,0.0,Thailand,4.0,,False,Female,50_59,3.0
2.0,,2.0,2.0,2021,,,1.0,2.0,1,1,1.0,1.0,1.0,2.0,,1.0,,42.0,2.0,3.0,1.0,1.0,1.0,2.0,1.0,2.0,,1.0,1.0,,Q5 Highest,,1.0,1.0,4.0,2.0,1.0,2.0,1.0,,THA,,58246340.0,4.0,1.0,1.0,,2.0,1.0,,2.0,0.435446098,1,1.0,2.0,1.0,,2.0,1,1.0,1.0,208740484,East Asia & Pacific (excluding high income),1.0,3.0,2.0,,2.0,2.0,1.0,1.0,1.0,Thailand,1.0,,False,Female,40_49,3.0
2.0,,2.0,1.0,2021,,,0.0,2.0,1,1,1.0,2.0,2.0,1.0,,1.0,,26.0,1.0,2.0,2.0,4.0,1.0,2.0,2.0,2.0,,1.0,1.0,,Q4,,,2.0,2.0,2.0,1.0,,1.0,1.0,THA,,58246340.0,1.0,1.0,,,2.0,,1.0,2.0,2.18870451,1,2.0,3.0,1.0,,1.0,1,1.0,1.0,137685337,East Asia & Pacific (excluding high income),2.0,3.0,2.0,1.0,2.0,1.0,,1.0,1.0,Thailand,4.0,,False,Female,23_29,2.0
2.0,,,1.0,2021,,,1.0,2.0,2,1,1.0,1.0,2.0,,,,,50.0,1.0,2.0,2.0,4.0,1.0,2.0,2.0,8.0,,1.0,0.0,,Q2,,1.0,2.0,1.0,1.0,,,1.0,,THA,,58246340.0,4.0,1.0,,,,1.0,,2.0,0.720092996,1,2.0,,1.0,,1.0,2,1.0,2.0,158978976,East Asia & Pacific (excluding high income),,,2.0,1.0,2.0,2.0,,1.0,1.0,Thailand,1.0,,False,Male,50_59,2.0
2.0,,1.0,2.0,2021,,,1.0,2.0,1,1,1.0,1.0,1.0,1.0,,1.0,,26.0,1.0,3.0,1.0,4.0,1.0,2.0,1.0,2.0,,1.0,1.0,,Q5 Highest,,1.0,1.0,2.0,2.0,1.0,2.0,1.0,,THA,,58246340.0,4.0,1.0,,,2.0,1.0,,1.0,0.193616866,1,2.0,1.0,1.0,,1.0,1,1.0,1.0,167927671,East Asia & Pacific (excluding high income),1.0,1.0,2.0,,2.0,2.0,,1.0,1.0,Thailand,1.0,,False,Female,23_29,3.0
2.0,,2.0,1.0,2021,,,0.0,2.0,2,1,1.0,1.0,1.0,,,,,57.0,1.0,3.0,1.0,2.0,1.0,2.0,1.0,1.0,,2.0,1.0,,Q5 Highest,1.0,1.0,2.0,,2.0,,2.0,1.0,,THA,,58246340.0,4.0,1.0,2.0,,,2.0,,2.0,0.302773876,1,1.0,3.0,1.0,,1.0,1,1.0,2.0,195309394,East Asia & Pacific (excluding high income),3.0,,2.0,,2.0,2.0,2.0,1.0,0.0,Thailand,1.0,,False,Male,50_59,3.0
2.0,,2.0,2.0,2021,,,1.0,2.0,2,1,1.0,1.0,1.0,,2.0,,,24.0,2.0,1.0,1.0,2.0,1.0,1.0,2.0,7.0,,2.0,0.0,1.0,Q1 Lowest,1.0,2.0,1.0,4.0,2.0,,1.0,1.0,,THA,,58246340.0,4.0,0.0,2.0,,,2.0,,2.0,0.503673596,1,1.0,,1.0,,1.0,1,2.0,2.0,153436132,East Asia & Pacific (excluding high income),,,1.0,,2.0,2.0,2.0,1.0,0.0,Thailand,3.0,,False,Male,23_29,1.0
1.0,,1.0,1.0,2021,,,1.0,1.0,2,1,1.0,2.0,1.0,,,,,51.0,1.0,3.0,1.0,1.0,1.0,1.0,1.0,1.0,,2.0,1.0,1.0,Q5 Highest,,,2.0,2.0,2.0,,2.0,2.0,,THA,1.0,58246340.0,4.0,1.0,2.0,,,,,2.0,0.157862851,1,1.0,3.0,1.0,,2.0,1,1.0,1.0,171979647,East Asia & Pacific (excluding high income),3.0,1.0,2.0,,2.0,2.0,1.0,1.0,0.0,Thailand,4.0,,False,Male,50_59,3.0
2.0,,,1.0,2021,,,0.0,2.0,1,1,1.0,2.0,1.0,,,,,52.0,1.0,3.0,1.0,1.0,1.0,2.0,1.0,2.0,,2.0,1.0,,Q5 Highest,,,2.0,,2.0,,2.0,3.0,,THA,,58246340.0,4.0,1.0,1.0,,,,,2.0,0.202950498,1,1.0,3.0,1.0,,1.0,2,2.0,2.0,142877938,East Asia & Pacific (excluding high income),3.0,,2.0,,2.0,2.0,1.0,1.0,0.0,Thailand,4.0,,False,Female,50_59,3.0
,,2.0,2.0,2021,,,0.0,2.0,2,1,1.0,2.0,,,,,,65.0,2.0,2.0,4.0,2.0,1.0,1.0,2.0,7.0,,2.0,0.0,2.0,Q2,1.0,1.0,2.0,,2.0,,,2.0,,THA,,58246340.0,4.0,0.0,2.0,,,2.0,,,1.45802474,1,1.0,,2.0,,2.0,1,2.0,2.0,192157244,East Asia & Pacific (excluding high income),,,2.0,,1.0,2.0,2.0,2.0,0.0,Thailand,4.0,,False,Male,60_69,2.0
2.0,,1.0,2.0,2021,,,1.0,2.0,2,1,1.0,2.0,2.0,2.0,,1.0,,71.0,2.0,3.0,3.0,2.0,1.0,2.0,1.0,4.0,,1.0,1.0,,Q5 Highest,1.0,1.0,1.0,3.0,2.0,1.0,,1.0,,THA,,58246340.0,4.0,1.0,2.0,,2.0,2.0,,2.0,0.152819014,1,1.0,2.0,1.0,,1.0,1,1.0,1.0,154373711,East Asia & Pacific (excluding high income),1.0,1.0,2.0,2.0,1.0,2.0,2.0,2.0,1.0,Thailand,4.0,,False,Male,70_plus,3.0
2.0,,,1.0,2021,,,1.0,2.0,2,1,1.0,1.0,1.0,1.0,,1.0,,26.0,1.0,2.0,1.0,1.0,1.0,2.0,1.0,2.0,,1.0,1.0,,Q4,,1.0,2.0,,1.0,1.0,2.0,2.0,,THA,,58246340.0,4.0,1.0,1.0,,2.0,2.0,,2.0,0.543671672,1,1.0,2.0,1.0,,1.0,2,1.0,1.0,118882444,East Asia & Pacific (excluding high income),2.0,1.0,2.0,,2.0,2.0,1.0,1.0,1.0,Thailand,1.0,,False,Male,23_29,2.0
,2.0,,2.0,2021,,2.0,1.0,1.0,1,1,,1.0,,1.0,,1.0,1.0,30.0,2.0,2.0,4.0,2.0,1.0,,1.0,2.0,2.0,2.0,1.0,,Q4,1.0,2.0,2.0,,2.0,2.0,,,,THA,1.0,58246340.0,4.0,1.0,2.0,,2.0,1.0,,,3.190416893,0,1.0,3.0,2.0,2.0,,2,,2.0,204322314,East Asia & Pacific (excluding high income),3.0,,2.0,,2.0,2.0,2.0,1.0,1.0,Thailand,1.0,2.0,False,Female,30_39,2.0
2.0,2.0,,2.0,2021,1.0,1.0,1.0,2.0,1,0,,2.0,2.0,,,,1.0,37.0,2.0,1.0,2.0,2.0,0.0,,2.0,2.0,1.0,2.0,0.0,,Q1 Lowest,1.0,,1.0,3.0,2.0,,,,,THA,,58246340.0,4.0,0.0,2.0,,,,,2.0,0.868417419,0,1.0,2.0,1.0,1.0,,2,,2.0,140591469,East Asia & Pacific (excluding high income),1.0,,2.0,1.0,2.0,2.0,2.0,1.0,0.0,Thailand,4.0,2.0,False,Female,30_39,1.0
2.0,,2.0,2.0,2021,,,1.0,2.0,1,1,1.0,1.0,1.0,2.0,,1.0,,32.0,2.0,3.0,1.0,2.0,1.0,2.0,2.0,3.0,,1.0,1.0,,Q4,1.0,2.0,1.0,3.0,1.0,1.0,2.0,1.0,,THA,,58246340.0,4.0,0.0,2.0,,1.0,1.0,,2.0,0.204822098,1,1.0,3.0,1.0,,1.0,1,1.0,1.0,114536964,East Asia & Pacific (excluding high income),2.0,2.0,2.0,,2.0,2.0,2.0,1.0,1.0,Thailand,1.0,,False,Female,30_39,3.0
,,2.0,1.0,2021,,,1.0,2.0,1,1,1.0,1.0,,2.0,,1.0,,39.0,2.0,3.0,4.0,1.0,1.0,2.0,1.0,2.0,,1.0,0.0,,Q4,,1.0,1.0,,2.0,2.0,,1.0,,THA,,58246340.0,4.0,1.0,2.0,,2.0,1.0,,,0.403271822,1,1.0,2.0,2.0,,1.0,1,1.0,2.0,119441267,East Asia & Pacific (excluding high income),2.0,,2.0,,2.0,2.0,1.0,1.0,1.0,Thailand,1.0,,False,Female,30_39,3.0
,,,1.0,2021,,,1.0,2.0,2,1,1.0,2.0,,,,,,60.0,1.0,3.0,4.0,1.0,1.0,1.0,2.0,2.0,,2.0,1.0,1.0,Q5 Highest,,,2.0,,2.0,,,1.0,,THA,,58246340.0,4.0,1.0,2.0,,,,,,0.205961814,1,1.0,3.0,2.0,,1.0,2,1.0,2.0,181832116,East Asia & Pacific (excluding high income),3.0,,2.0,,2.0,2.0,1.0,1.0,0.0,Thailand,4.0,,False,Male,60_69,3.0
,,1.0,2.0,2021,,,1.0,2.0,2,1,1.0,1.0,,,,,,36.0,1.0,3.0,4.0,1.0,1.0,1.0,1.0,8.0,,2.0,1.0,1.0,Q1 Lowest,,2.0,1.0,3.0,2.0,,,1.0,,THA,,58246340.0,4.0,1.0,2.0,,,1.0,,,0.256730235,1,1.0,,2.0,,1.0,1,1.0,1.0,184313902,East Asia & Pacific (excluding high income),,1.0,2.0,,2.0,2.0,1.0,1.0,1.0,Thailand,1.0,,False,Male,30_39,3.0
,,,2.0,2021,,,1.0,2.0,1,1,1.0,1.0,,1.0,,1.0,,22.0,1.0,2.0,4.0,1.0,1.0,2.0,1.0,4.0,,1.0,1.0,,Q2,,1.0,2.0,,1.0,1.0,,1.0,,THA,,58246340.0,4.0,1.0,1.0,,1.0,2.0,,,0.266906941,1,1.0,3.0,2.0,,1.0,2,1.0,1.0,161916574,East Asia & Pacific (excluding high income),3.0,1.0,2.0,,2.0,2.0,1.0,1.0,1.0,Thailand,1.0,,False,Female,18_22,2.0
,,2.0,2.0,2021,,,1.0,2.0,2,1,1.0,1.0,,,,,,33.0,2.0,2.0,4.0,1.0,1.0,1.0,1.0,2.0,,1.0,1.0,1.0,Q1 Lowest,,1.0,1.0,3.0,1.0,,,1.0,,THA,,58246340.0,4.0,0.0,1.0,,,1.0,,,4.876784539,1,1.0,3.0,2.0,,1.0,1,2.0,2.0,126411260,East Asia & Pacific (excluding high income),1.0,,2.0,,2.0,2.0,1.0,1.0,1.0,Thailand,1.0,,False,Male,30_39,2.0
,,1.0,2.0,2021,,,0.0,2.0,1,1,1.0,1.0,,,2.0,,,26.0,2.0,3.0,4.0,4.0,1.0,2.0,1.0,8.0,,2.0,1.0,,Q2,,2.0,2.0,,2.0,,,1.0,,THA,,58246340.0,4.0,0.0,,,,2.0,,,1.413012428,1,2.0,,2.0,,1.0,1,1.0,1.0,198340467,East Asia & Pacific (excluding high income),,2.0,2.0,,2.0,2.0,,1.0,0.0,Thailand,1.0,,False,Female,23_29,3.0
,,2.0,2.0,2021,,,1.0,2.0,2,1,2.0,1.0,,1.0,,1.0,,43.0,2.0,3.0,4.0,4.0,1.0,1.0,1.0,4.0,,2.0,1.0,1.0,Q4,,1.0,2.0,,2.0,1.0,,,,THA,,58246340.0,4.0,1.0,,,1.0,1.0,,,0.138056999,1,2.0,3.0,2.0,,1.0,1,1.0,1.0,164862276,East Asia & Pacific (excluding high income),3.0,1.0,2.0,,2.0,2.0,,1.0,1.0,Thailand,1.0,,False,Male,40_49,3.0
,,,1.0,2021,,,0.0,2.0,1,1,2.0,1.0,,,,,,69.0,1.0,3.0,4.0,1.0,1.0,2.0,2.0,2.0,,1.0,0.0,,Q3,,1.0,2.0,,2.0,,,,,THA,,58246340.0,4.0,1.0,1.0,,,1.0,,,0.24315823,1,1.0,3.0,2.0,,2.0,2,2.0,2.0,163793013,East Asia & Pacific (excluding high income),3.0,,2.0,,2.0,2.0,1.0,2.0,1.0,Thailand,1.0,,False,Female,60_69,3.0
,4.0,,1.0,2021,4.0,4.0,0.0,4.0,2,0,,4.0,,,,,4.0,34.0,1.0,3.0,5.0,3.0,0.0,,1.0,9.0,4.0,4.0,0.0,,Q5 Highest,3.0,,4.0,,4.0,,,,,THA,,58246340.0,5.0,1.0,3.0,,,,,,0.327132288,0,1.0,,4.0,4.0,,4,,4.0,187869114,East Asia & Pacific (excluding high income),,,4.0,,4.0,4.0,3.0,1.0,0.0,Thailand,5.0,4.0,False,Male,30_39,3.0
2.0,,2.0,1.0,2021,,,1.0,2.0,1,1,1.0,2.0,1.0,,,,,35.0,1.0,3.0,1.0,1.0,1.0,1.0,1.0,2.0,,2.0,1.0,1.0,Q5 Highest,,,2.0,,2.0,,2.0,2.0,,THA,,58246340.0,4.0,1.0,2.0,,,,,2.0,0.249767845,1,1.0,3.0,1.0,,1.0,1,1.0,1.0,147075718,East Asia & Pacific (excluding high income),3.0,3.0,2.0,,2.0,2.0,1.0,1.0,0.0,Thailand,4.0,,False,Female,30_39,3.0
,,2.0,1.0,2021,,,0.0,2.0,2,1,1.0,2.0,,1.0,,1.0,,32.0,1.0,3.0,4.0,2.0,1.0,2.0,2.0,7.0,,2.0,1.0,,Q5 Highest,1.0,,2.0,,2.0,2.0,,2.0,,THA,,58246340.0,4.0,1.0,2.0,,2.0,,,,0.483142321,1,1.0,,2.0,,1.0,1,2.0,2.0,152692543,East Asia & Pacific (excluding high income),,,2.0,,2.0,2.0,2.0,2.0,1.0,Thailand,4.0,,False,Male,30_39,3.0
2.0,,,2.0,2021,,,0.0,2.0,2,1,1.0,1.0,2.0,,,,,66.0,2.0,2.0,2.0,4.0,1.0,3.0,2.0,7.0,,2.0,0.0,,Q1 Lowest,,1.0,2.0,,2.0,,,2.0,,THA,,58246340.0,4.0,0.0,,,,2.0,,2.0,5.714441691,1,2.0,,1.0,,2.0,2,2.0,2.0,155274052,East Asia & Pacific (excluding high income),,,2.0,1.0,2.0,2.0,,1.0,0.0,Thailand,1.0,,False,Male,60_69,2.0
,2.0,,2.0,2021,1.0,2.0,0.0,2.0,2,0,,2.0,,,,,2.0,17.0,2.0,1.0,4.0,2.0,0.0,,2.0,2.0,2.0,1.0,0.0,,Q3,1.0,,2.0,3.0,2.0,,,,,THA,,58246340.0,4.0,0.0,2.0,,,,,,3.325507166,0,1.0,3.0,2.0,2.0,,2,,2.0,138213906,East Asia & Pacific (excluding high income),3.0,,2.0,,2.0,2.0,2.0,2.0,0.0,Thailand,4.0,3.0,False,Male,17_or_less,1.0
,,1.0,2.0,2021,,,0.0,2.0,1,1,1.0,1.0,,1.0,,1.0,,27.0,2.0,3.0,4.0,2.0,1.0,2.0,1.0,3.0,,1.0,1.0,,Q4,1.0,2.0,2.0,2.0,2.0,2.0,,1.0,,THA,,58246340.0,4.0,0.0,2.0,,2.0,1.0,,,0.161456091,1,1.0,2.0,2.0,,1.0,1,1.0,1.0,121766087,East Asia & Pacific (excluding high income),2.0,1.0,2.0,,2.0,2.0,2.0,1.0,1.0,Thailand,1.0,,False,Female,23_29,3.0
,,2.0,2.0,2021,,,0.0,1.0,1,1,1.0,1.0,,,,,,61.0,1.0,1.0,4.0,2.0,1.0,2.0,1.0,2.0,,1.0,1.0,,Q5 Highest,1.0,1.0,2.0,1.0,2.0,,,2.0,,THA,2.0,58246340.0,4.0,1.0,2.0,,,1.0,,,0.648125606,1,1.0,3.0,2.0,,1.0,1,1.0,1.0,184687773,East Asia & Pacific (excluding high income),3.0,2.0,2.0,,1.0,2.0,2.0,2.0,1.0,Thailand,1.0,,False,Female,60_69,1.0
,,1.0,1.0,2021,,,1.0,2.0,2,1,1.0,2.0,,1.0,,1.0,,27.0,1.0,2.0,4.0,4.0,1.0,1.0,2.0,1.0,,2.0,1.0,1.0,Q2,,,2.0,4.0,2.0,1.0,,1.0,,THA,,58246340.0,4.0,1.0,,,1.0,,,,1.829258135,1,2.0,2.0,2.0,,2.0,1,1.0,1.0,165286144,East Asia & Pacific (excluding high income),2.0,2.0,2.0,,2.0,2.0,,1.0,1.0,Thailand,4.0,,False,Male,23_29,2.0
2.0,,1.0,1.0,2021,,,1.0,2.0,2,1,1.0,1.0,1.0,1.0,,1.0,,28.0,1.0,3.0,1.0,1.0,1.0,1.0,1.0,1.0,,1.0,1.0,1.0,Q5 Highest,,1.0,2.0,,2.0,1.0,2.0,1.0,,THA,,58246340.0,4.0,1.0,1.0,,2.0,2.0,,2.0,0.5261178,1,1.0,3.0,1.0,,1.0,1,1.0,1.0,177899444,East Asia & Pacific (excluding high income),3.0,1.0,2.0,,2.0,2.0,1.0,1.0,1.0,Thailand,1.0,,False,Male,23_29,3.0
,,,1.0,2021,,,0.0,2.0,1,1,1.0,1.0,,1.0,2.0,2.0,,18.0,1.0,2.0,4.0,4.0,1.0,2.0,1.0,2.0,,2.0,1.0,,Q1 Lowest,,2.0,2.0,4.0,2.0,2.0,,2.0,,THA,,58246340.0,4.0,1.0,,,2.0,2.0,,,1.698510942,1,2.0,1.0,2.0,,2.0,2,1.0,1.0,171063453,East Asia & Pacific (excluding high income),1.0,1.0,2.0,,2.0,2.0,,2.0,1.0,Thailand,3.0,,False,Female,18_22,2.0
2.0,,2.0,2.0,2021,,,0.0,2.0,2,1,1.0,1.0,1.0,,,,,25.0,2.0,2.0,1.0,4.0,1.0,2.0,2.0,3.0,,1.0,1.0,,Q2,,2.0,2.0,,2.0,,2.0,2.0,,THA,,58246340.0,4.0,0.0,,,,1.0,,2.0,0.556565933,1,2.0,3.0,1.0,,1.0,1,2.0,1.0,207448925,East Asia & Pacific (excluding high income),3.0,1.0,2.0,,2.0,2.0,,1.0,1.0,Thailand,1.0,,False,Male,23_29,2.0
2.0,,2.0,1.0,2021,,,0.0,2.0,2,1,1.0,1.0,1.0,,,,,49.0,1.0,3.0,1.0,1.0,1.0,2.0,1.0,2.0,,2.0,1.0,,Q5 Highest,,2.0,2.0,2.0,2.0,,2.0,2.0,,THA,,58246340.0,4.0,1.0,1.0,,,1.0,,1.0,0.251749222,1,1.0,3.0,1.0,,1.0,1,1.0,1.0,155303097,East Asia & Pacific (excluding high income),3.0,1.0,2.0,,2.0,2.0,1.0,1.0,1.0,Thailand,1.0,,False,Male,40_49,3.0
2.0,,1.0,1.0,2021,,,1.0,1.0,1,1,1.0,1.0,2.0,1.0,,1.0,,35.0,1.0,2.0,1.0,1.0,1.0,2.0,1.0,6.0,,1.0,1.0,,Q3,,1.0,1.0,2.0,2.0,1.0,1.0,1.0,,THA,2.0,58246340.0,4.0,1.0,1.0,,2.0,1.0,,1.0,0.533798491,1,1.0,3.0,1.0,,1.0,1,1.0,1.0,136020420,East Asia & Pacific (excluding high income),3.0,2.0,2.0,,2.0,2.0,2.0,1.0,1.0,Thailand,1.0,,False,Female,30_39,2.0
2.0,,2.0,1.0,2021,,,1.0,2.0,2,1,1.0,1.0,1.0,,,,,58.0,1.0,1.0,1.0,2.0,1.0,2.0,2.0,4.0,,2.0,1.0,,Q2,1.0,1.0,2.0,,2.0,,2.0,1.0,,THA,,58246340.0,4.0,1.0,2.0,,,2.0,,2.0,0.796262364,1,1.0,2.0,1.0,,1.0,1,1.0,1.0,184176831,East Asia & Pacific (excluding high income),2.0,3.0,2.0,,2.0,2.0,2.0,1.0,0.0,Thailand,1.0,,False,Male,50_59,1.0
2.0,,2.0,2.0,2021,,,0.0,2.0,2,1,1.0,1.0,1.0,3.0,,1.0,,36.0,1.0,3.0,1.0,4.0,1.0,1.0,1.0,2.0,,2.0,1.0,2.0,Q3,,2.0,2.0,3.0,2.0,2.0,2.0,2.0,,THA,,58246340.0,4.0,1.0,,,2.0,1.0,,2.0,0.180142039,1,2.0,2.0,1.0,,1.0,1,1.0,2.0,199316501,East Asia & Pacific (excluding high income),2.0,,2.0,,2.0,2.0,,1.0,1.0,Thailand,1.0,,False,Male,30_39,3.0
2.0,,2.0,1.0,2021,,,0.0,2.0,1,1,1.0,1.0,1.0,1.0,,1.0,,27.0,1.0,3.0,1.0,1.0,1.0,2.0,1.0,1.0,,1.0,1.0,,Q2,,1.0,2.0,,2.0,1.0,2.0,2.0,,THA,,58246340.0,4.0,1.0,1.0,,2.0,1.0,,2.0,0.337552293,1,1.0,3.0,1.0,,1.0,1,1.0,1.0,191259929,East Asia & Pacific (excluding high income),3.0,3.0,2.0,,2.0,2.0,2.0,1.0,1.0,Thailand,1.0,,False,Female,23_29,3.0
2.0,,1.0,1.0,2021,,,1.0,2.0,1,1,2.0,1.0,1.0,,1.0,,,35.0,1.0,2.0,1.0,2.0,1.0,1.0,1.0,3.0,,2.0,1.0,1.0,Q4,1.0,2.0,2.0,,2.0,,2.0,,,THA,,58246340.0,4.0,1.0,2.0,,,2.0,,2.0,0.533798491,1,1.0,3.0,1.0,,1.0,1,1.0,2.0,122055660,East Asia & Pacific (excluding high income),3.0,,2.0,,2.0,2.0,2.0,1.0,0.0,Thailand,2.0,,False,Female,30_39,2.0
2.0,,2.0,1.0,2021,,,1.0,2.0,2,1,1.0,1.0,1.0,,,,,47.0,1.0,3.0,1.0,1.0,1.0,1.0,1.0,2.0,,2.0,1.0,1.0,Q4,,2.0,2.0,,2.0,,2.0,1.0,2.0,THA,,58246340.0,2.0,1.0,1.0,1.0,,1.0,2.0,2.0,0.193518674,1,1.0,3.0,1.0,,1.0,1,1.0,1.0,167034189,East Asia & Pacific (excluding high income),3.0,2.0,2.0,,2.0,1.0,2.0,1.0,1.0,Thailand,1.0,,False,Male,40_49,3.0
,2.0,,1.0,2021,,1.0,0.0,2.0,2,1,,1.0,,1.0,,,2.0,17.0,2.0,1.0,4.0,4.0,1.0,,2.0,9.0,2.0,1.0,0.0,,Q2,,2.0,2.0,3.0,2.0,,,,,THA,,58246340.0,4.0,1.0,,,,1.0,,,1.881650921,0,2.0,,2.0,1.0,,2,,2.0,195134438,East Asia & Pacific (excluding high income),,,2.0,,2.0,2.0,,1.0,1.0,Thailand,1.0,2.0,False,Male,17_or_less,1.0
2.0,,,2.0,2021,,,0.0,1.0,2,1,2.0,1.0,2.0,,,,,49.0,1.0,1.0,2.0,4.0,1.0,2.0,2.0,2.0,,1.0,0.0,,Q2,,1.0,2.0,4.0,2.0,,,1.0,2.0,THA,2.0,58246340.0,2.0,1.0,,1.0,,2.0,2.0,2.0,0.614603334,1,2.0,3.0,1.0,,2.0,2,2.0,2.0,164875616,East Asia & Pacific (excluding high income),3.0,,2.0,1.0,2.0,1.0,,1.0,0.0,Thailand,1.0,,False,Male,40_49,1.0
,,,2.0,2021,,,0.0,2.0,2,1,2.0,2.0,,,,,,38.0,2.0,3.0,4.0,4.0,0.0,2.0,2.0,7.0,,2.0,0.0,,Q5 Highest,,,2.0,,2.0,,,,,THA,,58246340.0,4.0,0.0,,,,,,,0.197080187,1,2.0,,2.0,,2.0,2,2.0,2.0,186791106,East Asia & Pacific (excluding high income),,,2.0,,2.0,2.0,,1.0,0.0,Thailand,4.0,,False,Male,30_39,3.0
,2.0,,2.0,2021,1.0,2.0,0.0,2.0,1,0,,2.0,,,,,2.0,38.0,2.0,2.0,4.0,4.0,0.0,,2.0,2.0,2.0,2.0,0.0,,Q4,,,2.0,,2.0,,,,,THA,,58246340.0,4.0,0.0,,,,,,,0.868417419,0,2.0,3.0,2.0,2.0,,2,,2.0,152221478,East Asia & Pacific (excluding high income),3.0,,2.0,,2.0,2.0,,1.0,0.0,Thailand,4.0,1.0,False,Female,30_39,2.0
2.0,,1.0,1.0,2021,,,0.0,2.0,2,1,1.0,1.0,2.0,1.0,,2.0,,53.0,1.0,1.0,3.0,1.0,1.0,2.0,1.0,1.0,,2.0,1.0,,Q5 Highest,,1.0,2.0,2.0,2.0,1.0,,1.0,2.0,THA,,58246340.0,2.0,1.0,1.0,1.0,2.0,1.0,2.0,2.0,1.119834655,1,1.0,3.0,1.0,,1.0,1,1.0,1.0,201856057,East Asia & Pacific (excluding high income),3.0,3.0,2.0,2.0,2.0,1.0,2.0,1.0,1.0,Thailand,1.0,,False,Male,50_59,1.0
,,1.0,1.0,2021,,,0.0,1.0,1,1,1.0,1.0,,,2.0,,,38.0,1.0,3.0,4.0,1.0,1.0,2.0,1.0,1.0,,1.0,1.0,,Q5 Highest,,2.0,2.0,2.0,2.0,,,1.0,,THA,2.0,58246340.0,4.0,1.0,1.0,,,2.0,,,0.227863973,1,1.0,3.0,2.0,,1.0,1,1.0,2.0,165989463,East Asia & Pacific (excluding high income),3.0,,2.0,,2.0,2.0,1.0,1.0,0.0,Thailand,3.0,,False,Female,30_39,3.0
2.0,,,1.0,2021,,,0.0,2.0,2,1,1.0,2.0,2.0,,,,,35.0,2.0,3.0,2.0,4.0,0.0,2.0,2.0,4.0,,2.0,0.0,,Q3,,,2.0,,2.0,,,1.0,,THA,,58246340.0,4.0,1.0,,,,,,2.0,0.461683808,1,2.0,2.0,1.0,,2.0,2,1.0,2.0,175928658,East Asia & Pacific (excluding high income),2.0,,2.0,1.0,2.0,2.0,,1.0,0.0,Thailand,4.0,,False,Male,30_39,3.0
2.0,,2.0,1.0,2021,,,1.0,2.0,2,1,1.0,1.0,1.0,1.0,,1.0,,34.0,2.0,3.0,1.0,1.0,1.0,1.0,2.0,2.0,,2.0,1.0,1.0,Q3,,1.0,2.0,2.0,2.0,2.0,2.0,2.0,,THA,,58246340.0,4.0,1.0,1.0,,2.0,2.0,,2.0,0.838403302,1,1.0,3.0,1.0,,1.0,1,1.0,1.0,191173630,East Asia & Pacific (excluding high income),3.0,1.0,2.0,,2.0,2.0,2.0,1.0,1.0,Thailand,1.0,,False,Male,30_39,3.0
,,1.0,2.0,2021,,,0.0,2.0,1,1,1.0,2.0,,1.0,,1.0,,16.0,1.0,1.0,4.0,4.0,1.0,2.0,1.0,2.0,,2.0,1.0,,Q5 Highest,,,2.0,,2.0,1.0,,1.0,,THA,,58246340.0,4.0,1.0,,,2.0,,,,3.136517015,1,2.0,2.0,2.0,,1.0,1,1.0,1.0,191951795,East Asia & Pacific (excluding high income),2.0,1.0,2.0,,2.0,2.0,,2.0,1.0,Thailand,4.0,,False,Female,17_or_less,1.0
2.0,,1.0,2.0,2021,,,0.0,2.0,2,1,1.0,1.0,2.0,,,,,57.0,1.0,3.0,2.0,2.0,1.0,2.0,2.0,2.0,,1.0,1.0,,Q1 Lowest,1.0,1.0,2.0,1.0,2.0,,,1.0,2.0,THA,,58246340.0,2.0,1.0,2.0,1.0,,1.0,2.0,2.0,0.341254728,1,1.0,2.0,1.0,,2.0,1,1.0,2.0,170574766,East Asia & Pacific (excluding high income),1.0,,2.0,1.0,2.0,1.0,2.0,1.0,1.0,Thailand,1.0,,False,Male,50_59,3.0
2.0,,,2.0,2021,,,0.0,2.0,2,1,1.0,1.0,1.0,1.0,,1.0,,57.0,2.0,2.0,1.0,1.0,1.0,2.0,1.0,3.0,,1.0,1.0,,Q3,,1.0,2.0,,2.0,1.0,2.0,1.0,1.0,THA,,58246340.0,1.0,0.0,1.0,,2.0,2.0,1.0,1.0,1.168858615,1,1.0,3.0,1.0,,1.0,2,1.0,1.0,122301496,East Asia & Pacific (excluding high income),2.0,2.0,2.0,,2.0,1.0,1.0,1.0,1.0,Thailand,1.0,,False,Male,50_59,2.0
,2.0,,2.0,2021,1.0,2.0,0.0,2.0,1,0,,2.0,,,,,1.0,37.0,2.0,3.0,4.0,4.0,0.0,,2.0,2.0,1.0,2.0,0.0,,Q3,,,2.0,2.0,2.0,,,,,THA,,58246340.0,4.0,0.0,,,,,,,0.173566915,0,2.0,3.0,2.0,1.0,,2,,2.0,113287726,East Asia & Pacific (excluding high income),3.0,,2.0,,2.0,2.0,,1.0,0.0,Thailand,4.0,2.0,False,Female,30_39,5.0
2.0,,1.0,1.0,2021,,,0.0,2.0,1,1,1.0,1.0,1.0,1.0,,1.0,,43.0,1.0,3.0,1.0,1.0,1.0,2.0,1.0,2.0,,1.0,1.0,,Q5 Highest,,2.0,2.0,,2.0,1.0,2.0,2.0,,THA,,58246340.0,4.0,1.0,1.0,,2.0,1.0,,2.0,0.593546602,1,1.0,3.0,1.0,,1.0,1,1.0,1.0,175051067,East Asia & Pacific (excluding high income),3.0,3.0,2.0,,2.0,2.0,1.0,1.0,1.0,Thailand,1.0,,False,Female,40_49,3.0
2.0,,1.0,1.0,2021,,,0.0,2.0,2,1,1.0,1.0,1.0,,,,,,1.0,3.0,1.0,4.0,1.0,2.0,1.0,1.0,,1.0,1.0,,Q4,,2.0,2.0,,2.0,,2.0,1.0,,THA,,58246340.0,4.0,1.0,,,,1.0,,2.0,0.181972094,1,2.0,3.0,1.0,,1.0,1,1.0,1.0,139256364,East Asia & Pacific (excluding high income),3.0,3.0,2.0,,2.0,2.0,,1.0,1.0,Thailand,1.0,,False,Male,,3.0
,,2.0,1.0,2021,,,0.0,2.0,2,1,1.0,2.0,,,,,,35.0,2.0,3.0,4.0,1.0,1.0,1.0,1.0,2.0,,2.0,1.0,2.0,Q5 Highest,,,2.0,,2.0,,,2.0,,THA,,58246340.0,4.0,1.0,1.0,,,,,,0.184025151,1,1.0,3.0,2.0,,2.0,1,1.0,2.0,143252764,East Asia & Pacific (excluding high income),3.0,,2.0,,2.0,2.0,2.0,1.0,0.0,Thailand,4.0,,False,Male,30_39,3.0
1.0,,,2.0,2021,,,1.0,2.0,1,1,1.0,1.0,1.0,,,,,27.0,2.0,3.0,1.0,1.0,1.0,1.0,1.0,2.0,,2.0,1.0,1.0,Q1 Lowest,,1.0,2.0,1.0,2.0,,2.0,2.0,,THA,,58246340.0,4.0,0.0,1.0,,,1.0,,1.0,0.496218276,1,1.0,3.0,1.0,,1.0,2,1.0,1.0,175227623,East Asia & Pacific (excluding high income),3.0,3.0,2.0,,2.0,2.0,2.0,1.0,1.0,Thailand,1.0,,False,Female,23_29,3.0
,,2.0,2.0,2021,,,0.0,2.0,2,1,1.0,1.0,,,,,,40.0,2.0,3.0,4.0,2.0,1.0,2.0,2.0,3.0,,1.0,1.0,,Q4,1.0,2.0,2.0,1.0,4.0,,,2.0,,THA,,58246340.0,4.0,1.0,2.0,,,1.0,,,0.180142039,1,1.0,3.0,2.0,,1.0,1,1.0,1.0,178300358,East Asia & Pacific (excluding high income),1.0,2.0,2.0,,2.0,2.0,2.0,1.0,1.0,Thailand,1.0,,False,Male,40_49,3.0
2.0,,2.0,1.0,2021,,,1.0,2.0,2,1,1.0,1.0,1.0,1.0,,1.0,,46.0,1.0,3.0,1.0,4.0,1.0,1.0,1.0,1.0,,1.0,1.0,1.0,Q3,,1.0,1.0,2.0,2.0,2.0,2.0,2.0,2.0,THA,,58246340.0,1.0,1.0,,,2.0,2.0,1.0,1.0,0.251749222,1,2.0,3.0,1.0,,1.0,1,1.0,1.0,133908706,East Asia & Pacific (excluding high income),3.0,3.0,2.0,,2.0,1.0,,1.0,1.0,Thailand,1.0,,False,Male,40_49,3.0
2.0,,1.0,1.0,2021,,,1.0,2.0,2,1,1.0,1.0,1.0,1.0,,1.0,,70.0,1.0,3.0,1.0,1.0,1.0,1.0,1.0,1.0,,1.0,1.0,1.0,Q4,,1.0,2.0,,2.0,1.0,2.0,2.0,,THA,,58246340.0,4.0,1.0,1.0,,2.0,2.0,,1.0,0.205961814,1,1.0,3.0,1.0,,1.0,1,1.0,1.0,164132791,East Asia & Pacific (excluding high income),3.0,3.0,2.0,,1.0,2.0,1.0,1.0,1.0,Thailand,1.0,,False,Male,70_plus,3.0
2.0,,1.0,1.0,2021,,,0.0,2.0,1,1,1.0,1.0,1.0,1.0,,2.0,,38.0,1.0,3.0,1.0,1.0,1.0,2.0,1.0,2.0,,2.0,1.0,,Q4,,2.0,2.0,,2.0,1.0,2.0,1.0,,THA,,58246340.0,4.0,1.0,1.0,,2.0,1.0,,2.0,0.289066686,1,1.0,2.0,1.0,,1.0,1,1.0,1.0,189094853,East Asia & Pacific (excluding high income),2.0,3.0,2.0,,2.0,2.0,2.0,1.0,1.0,Thailand,1.0,,False,Female,30_39,3.0
2.0,,2.0,2.0,2021,,,0.0,2.0,1,1,1.0,1.0,1.0,,,,,52.0,2.0,1.0,1.0,2.0,1.0,2.0,2.0,4.0,,2.0,0.0,,Q2,1.0,1.0,2.0,3.0,2.0,,3.0,2.0,,THA,,58246340.0,4.0,0.0,2.0,,,1.0,,1.0,1.475260623,1,1.0,1.0,1.0,,1.0,1,1.0,1.0,137785496,East Asia & Pacific (excluding high income),1.0,2.0,2.0,,2.0,2.0,2.0,1.0,1.0,Thailand,1.0,,False,Female,50_59,1.0
,,2.0,1.0,2021,,,0.0,2.0,1,1,1.0,2.0,,1.0,,1.0,,27.0,2.0,2.0,4.0,4.0,1.0,2.0,2.0,1.0,,2.0,0.0,,Q5 Highest,,,2.0,,2.0,2.0,,2.0,,THA,,58246340.0,4.0,1.0,,,2.0,,,,0.337552293,1,2.0,3.0,2.0,,1.0,1,1.0,2.0,144485067,East Asia & Pacific (excluding high income),3.0,,2.0,,2.0,2.0,,1.0,1.0,Thailand,4.0,,False,Female,23_29,2.0
2.0,,2.0,1.0,2021,,,0.0,2.0,2,1,1.0,2.0,1.0,,,,,,1.0,2.0,1.0,4.0,1.0,2.0,2.0,2.0,,2.0,0.0,,Q5 Highest,,,2.0,,2.0,,2.0,2.0,,THA,,58246340.0,4.0,1.0,,,,,,2.0,0.582240602,1,2.0,3.0,1.0,,1.0,1,1.0,2.0,198201756,East Asia & Pacific (excluding high income),2.0,,2.0,,2.0,2.0,,1.0,0.0,Thailand,4.0,,False,Male,,2.0
1.0,,1.0,1.0,2021,,,0.0,2.0,2,1,1.0,1.0,1.0,1.0,,1.0,,66.0,1.0,3.0,1.0,1.0,1.0,1.0,1.0,2.0,,2.0,1.0,2.0,Q5 Highest,,1.0,2.0,,2.0,1.0,2.0,1.0,,THA,,58246340.0,4.0,1.0,1.0,,2.0,2.0,,2.0,0.287333685,1,1.0,3.0,1.0,,1.0,1,1.0,1.0,128255070,East Asia & Pacific (excluding high income),3.0,3.0,2.0,,1.0,2.0,1.0,2.0,1.0,Thailand,1.0,,False,Male,60_69,3.0
,,1.0,1.0,2021,,,0.0,2.0,2,1,1.0,1.0,,1.0,,1.0,,48.0,2.0,3.0,4.0,1.0,1.0,2.0,1.0,3.0,,2.0,1.0,,Q4,,1.0,2.0,,2.0,1.0,,1.0,,THA,,58246340.0,4.0,1.0,1.0,,2.0,1.0,,,0.157862851,1,1.0,3.0,2.0,,1.0,1,1.0,1.0,153384575,East Asia & Pacific (excluding high income),3.0,1.0,2.0,,2.0,2.0,1.0,1.0,1.0,Thailand,1.0,,False,Male,40_49,3.0
1.0,,2.0,1.0,2021,,,0.0,2.0,1,1,1.0,1.0,1.0,1.0,,2.0,,61.0,1.0,3.0,1.0,1.0,1.0,2.0,1.0,1.0,,1.0,1.0,,Q4,,1.0,2.0,,2.0,1.0,2.0,2.0,2.0,THA,,58246340.0,2.0,1.0,1.0,1.0,2.0,1.0,2.0,1.0,0.181388891,1,1.0,3.0,1.0,,1.0,1,1.0,2.0,139714341,East Asia & Pacific (excluding high income),3.0,,2.0,,2.0,1.0,1.0,1.0,1.0,Thailand,1.0,,False,Female,60_69,3.0
2.0,,1.0,2.0,2021,,,1.0,1.0,1,1,1.0,1.0,1.0,1.0,,1.0,,45.0,1.0,1.0,1.0,1.0,1.0,1.0,1.0,2.0,,1.0,1.0,1.0,Q3,,1.0,1.0,4.0,2.0,1.0,1.0,1.0,,THA,2.0,58246340.0,4.0,1.0,2.0,,2.0,2.0,,1.0,0.579675135,1,1.0,2.0,1.0,,1.0,1,1.0,1.0,210706285,East Asia & Pacific (excluding high income),2.0,2.0,2.0,,2.0,2.0,1.0,1.0,1.0,Thailand,1.0,,False,Female,40_49,1.0
,,1.0,2.0,2021,,,0.0,2.0,2,1,1.0,1.0,,,,,,22.0,1.0,3.0,4.0,1.0,1.0,2.0,1.0,2.0,,1.0,1.0,,Q4,,1.0,2.0,,2.0,,,2.0,,THA,,58246340.0,4.0,1.0,1.0,,,1.0,,,0.948406451,1,1.0,2.0,2.0,,1.0,1,1.0,1.0,124832771,East Asia & Pacific (excluding high income),1.0,1.0,2.0,,2.0,2.0,2.0,2.0,1.0,Thailand,1.0,,False,Male,18_22,3.0
,,,1.0,2021,,,1.0,2.0,1,1,2.0,1.0,,1.0,,1.0,,17.0,1.0,1.0,4.0,1.0,1.0,2.0,1.0,2.0,,1.0,1.0,,Q5 Highest,,1.0,1.0,4.0,2.0,1.0,,2.0,,THA,,58246340.0,4.0,1.0,1.0,,1.0,1.0,,,1.044891223,1,1.0,2.0,2.0,,1.0,2,1.0,1.0,125812026,East Asia & Pacific (excluding high income),1.0,3.0,1.0,,2.0,2.0,2.0,1.0,1.0,Thailand,1.0,,False,Female,17_or_less,1.0
2.0,,1.0,2.0,2021,,,0.0,2.0,1,1,1.0,1.0,1.0,1.0,,1.0,,24.0,2.0,3.0,1.0,4.0,1.0,2.0,1.0,2.0,,2.0,1.0,,Q4,,1.0,2.0,3.0,2.0,1.0,1.0,1.0,,THA,,58246340.0,4.0,1.0,,,2.0,2.0,,2.0,0.171630533,1,2.0,2.0,1.0,,1.0,1,1.0,1.0,174870407,East Asia & Pacific (excluding high income),2.0,3.0,2.0,,2.0,2.0,,1.0,1.0,Thailand,1.0,,False,Female,23_29,3.0
2.0,,1.0,2.0,2021,,,1.0,2.0,2,1,1.0,1.0,1.0,,,,,34.0,2.0,3.0,1.0,1.0,1.0,1.0,1.0,7.0,,2.0,1.0,1.0,Q4,,2.0,2.0,2.0,2.0,,2.0,1.0,,THA,,58246340.0,4.0,1.0,2.0,,,1.0,,2.0,0.138056999,1,1.0,,1.0,,1.0,1,1.0,1.0,137841425,East Asia & Pacific (excluding high income),,3.0,2.0,,2.0,2.0,1.0,1.0,1.0,Thailand,1.0,,False,Male,30_39,3.0
1.0,,1.0,1.0,2021,,,1.0,2.0,1,1,1.0,1.0,1.0,1.0,,1.0,,33.0,1.0,3.0,1.0,4.0,1.0,1.0,1.0,4.0,,1.0,1.0,1.0,Q5 Highest,,2.0,2.0,2.0,1.0,1.0,2.0,1.0,,THA,,58246340.0,4.0,1.0,,,1.0,1.0,,1.0,0.723324305,1,2.0,2.0,1.0,,1.0,1,1.0,1.0,121501651,East Asia & Pacific (excluding high income),2.0,1.0,2.0,,2.0,2.0,,1.0,1.0,Thailand,1.0,,False,Female,30_39,3.0
,,,1.0,2021,,,0.0,2.0,2,1,1.0,1.0,,,,,,40.0,2.0,3.0,4.0,4.0,1.0,2.0,2.0,2.0,,2.0,1.0,,Q3,,2.0,2.0,3.0,2.0,,,2.0,,THA,,58246340.0,4.0,1.0,,,,1.0,,,0.672984322,1,2.0,2.0,2.0,,1.0,2,1.0,1.0,168322942,East Asia & Pacific (excluding high income),1.0,3.0,2.0,,2.0,2.0,,1.0,1.0,Thailand,1.0,,False,Male,40_49,3.0
,,1.0,1.0,2021,,,0.0,2.0,1,1,1.0,1.0,,,,,,32.0,1.0,3.0,4.0,1.0,1.0,2.0,1.0,2.0,,1.0,1.0,,Q5 Highest,,2.0,2.0,1.0,2.0,,,2.0,,THA,,58246340.0,4.0,1.0,1.0,,,1.0,,,1.413012428,1,1.0,3.0,2.0,,1.0,1,1.0,1.0,144317807,East Asia & Pacific (excluding high income),3.0,3.0,2.0,,2.0,2.0,2.0,1.0,1.0,Thailand,1.0,,False,Female,30_39,3.0
,,1.0,2.0,2021,,,1.0,1.0,1,1,1.0,1.0,,,,,,36.0,2.0,3.0,4.0,1.0,1.0,2.0,1.0,8.0,,2.0,1.0,,Q5 Highest,,2.0,1.0,,2.0,,,1.0,,THA,2.0,58246340.0,4.0,1.0,1.0,,,1.0,,,0.435446098,1,1.0,,2.0,,1.0,1,1.0,1.0,184349139,East Asia & Pacific (excluding high income),,3.0,2.0,,2.0,2.0,1.0,1.0,1.0,Thailand,1.0,,False,Female,30_39,3.0
2.0,,2.0,1.0,2021,,,1.0,2.0,2,1,1.0,2.0,2.0,,,,,56.0,1.0,3.0,2.0,4.0,1.0,1.0,1.0,1.0,,2.0,1.0,1.0,Q5 Highest,,,2.0,,2.0,,,1.0,2.0,THA,,58246340.0,2.0,1.0,,1.0,,,2.0,2.0,0.300225109,1,2.0,3.0,1.0,,1.0,1,1.0,1.0,158676975,East Asia & Pacific (excluding high income),2.0,3.0,2.0,1.0,2.0,1.0,,1.0,0.0,Thailand,4.0,,False,Male,50_59,3.0
,,,2.0,2021,,,0.0,2.0,1,1,1.0,1.0,,,,,,20.0,2.0,2.0,4.0,4.0,1.0,2.0,2.0,7.0,,1.0,1.0,,Q2,,2.0,2.0,,2.0,,,2.0,,THA,,58246340.0,4.0,0.0,,,,1.0,,,0.932200555,1,2.0,,2.0,,1.0,2,1.0,1.0,118683390,East Asia & Pacific (excluding high income),,1.0,2.0,,2.0,2.0,,1.0,1.0,Thailand,1.0,,False,Female,18_22,2.0
,,,2.0,2021,,,1.0,2.0,2,1,1.0,2.0,,,,,,38.0,1.0,1.0,4.0,4.0,1.0,2.0,2.0,2.0,,1.0,1.0,,Q3,,,1.0,1.0,2.0,,,2.0,,THA,,58246340.0,4.0,1.0,,,,,,,1.184889262,1,2.0,1.0,2.0,,2.0,2,2.0,1.0,125722437,East Asia & Pacific (excluding high income),1.0,3.0,2.0,,2.0,2.0,,1.0,0.0,Thailand,4.0,,False,Male,30_39,1.0
2.0,,1.0,1.0,2021,,,1.0,4.0,1,1,1.0,2.0,1.0,1.0,,1.0,,50.0,4.0,3.0,1.0,1.0,1.0,1.0,1.0,9.0,,2.0,1.0,1.0,Q5 Highest,,,4.0,,4.0,2.0,1.0,1.0,,THA,,58246340.0,4.0,1.0,1.0,,2.0,,,2.0,0.356314493,1,1.0,,1.0,,1.0,1,1.0,1.0,124113382,East Asia & Pacific (excluding high income),,3.0,4.0,,2.0,2.0,1.0,1.0,1.0,Thailand,4.0,,False,Female,50_59,3.0
,,,1.0,2021,,,0.0,2.0,2,1,2.0,1.0,,,,,,18.0,1.0,2.0,4.0,4.0,1.0,2.0,2.0,2.0,,1.0,0.0,,Q3,,1.0,2.0,4.0,2.0,,,,,THA,,58246340.0,4.0,1.0,,,,2.0,,,3.954351335,1,2.0,2.0,2.0,,2.0,2,2.0,2.0,187313780,East Asia & Pacific (excluding high income),2.0,,2.0,,2.0,2.0,,2.0,0.0,Thailand,1.0,,False,Male,18_22,2.0
2.0,,1.0,2.0,2021,,,1.0,1.0,1,1,1.0,1.0,1.0,1.0,2.0,1.0,,42.0,1.0,3.0,1.0,1.0,1.0,1.0,1.0,4.0,,1.0,1.0,1.0,Q1 Lowest,,2.0,1.0,1.0,1.0,1.0,1.0,1.0,1.0,THA,1.0,58246340.0,1.0,1.0,1.0,,1.0,2.0,1.0,1.0,0.494955403,1,1.0,2.0,1.0,,1.0,1,1.0,1.0,187994635,East Asia & Pacific (excluding high income),2.0,2.0,2.0,,2.0,1.0,1.0,1.0,1.0,Thailand,1.0,,False,Female,40_49,3.0
,,1.0,1.0,2021,,,0.0,2.0,1,1,1.0,1.0,,,,,,52.0,1.0,2.0,4.0,1.0,1.0,2.0,1.0,4.0,,2.0,1.0,,Q4,,1.0,2.0,2.0,2.0,,,2.0,,THA,,58246340.0,4.0,1.0,1.0,,,1.0,,,2.168704812,1,1.0,2.0,2.0,,1.0,1,1.0,1.0,153304149,East Asia & Pacific (excluding high income),2.0,3.0,2.0,,2.0,2.0,1.0,1.0,1.0,Thailand,1.0,,False,Female,50_59,2.0
,,1.0,2.0,2021,,,1.0,2.0,2,1,1.0,1.0,,1.0,,1.0,,25.0,1.0,1.0,4.0,4.0,1.0,2.0,1.0,4.0,,1.0,1.0,,Q4,,1.0,1.0,3.0,1.0,1.0,,1.0,,THA,,58246340.0,4.0,1.0,,,1.0,1.0,,,0.386514799,1,2.0,2.0,2.0,,1.0,1,1.0,1.0,173659035,East Asia & Pacific (excluding high income),1.0,2.0,2.0,,2.0,2.0,,1.0,1.0,Thailand,1.0,,False,Male,23_29,1.0
1.0,,2.0,2.0,2021,,,1.0,1.0,1,1,1.0,1.0,1.0,,,,,63.0,1.0,3.0,1.0,1.0,1.0,2.0,2.0,1.0,,1.0,1.0,,Q5 Highest,,1.0,2.0,,1.0,,2.0,2.0,,THA,2.0,58246340.0,4.0,1.0,1.0,,,1.0,,2.0,0.181388891,1,1.0,3.0,1.0,,1.0,1,1.0,1.0,160636722,East Asia & Pacific (excluding high income),2.0,3.0,2.0,,1.0,2.0,1.0,1.0,1.0,Thailand,1.0,,False,Female,60_69,3.0
2.0,,,2.0,2021,,,0.0,2.0,2,1,1.0,1.0,1.0,,,,,40.0,2.0,2.0,1.0,4.0,1.0,2.0,2.0,2.0,,2.0,1.0,,Q1 Lowest,,2.0,2.0,1.0,3.0,,2.0,,,THA,,58246340.0,4.0,0.0,,,,1.0,,2.0,0.920743722,1,2.0,1.0,1.0,,1.0,2,1.0,1.0,158269169,East Asia & Pacific (excluding high income),1.0,2.0,2.0,,2.0,2.0,,1.0,1.0,Thailand,1.0,,False,Male,40_49,2.0
,,2.0,2.0,2021,,,1.0,2.0,1,1,1.0,1.0,,1.0,,2.0,,45.0,2.0,1.0,4.0,4.0,1.0,2.0,1.0,2.0,,1.0,1.0,,Q2,,2.0,1.0,2.0,2.0,1.0,,1.0,,THA,,58246340.0,4.0,0.0,,,2.0,1.0,,,1.05619392,1,2.0,2.0,2.0,,1.0,1,1.0,1.0,169671897,East Asia & Pacific (excluding high income),2.0,2.0,2.0,,2.0,2.0,,1.0,1.0,Thailand,1.0,,False,Female,40_49,1.0
2.0,,,2.0,2021,,,0.0,2.0,1,1,1.0,1.0,1.0,1.0,,1.0,,30.0,1.0,2.0,1.0,4.0,1.0,2.0,1.0,2.0,,2.0,1.0,,Q2,,1.0,2.0,,2.0,1.0,2.0,1.0,2.0,THA,,58246340.0,2.0,1.0,,1.0,2.0,1.0,2.0,2.0,0.853999396,1,2.0,3.0,1.0,,1.0,2,1.0,1.0,172394508,East Asia & Pacific (excluding high income),3.0,3.0,2.0,,2.0,1.0,,1.0,1.0,Thailand,1.0,,False,Female,30_39,2.0
2.0,,1.0,1.0,2021,,,1.0,2.0,1,1,1.0,2.0,1.0,1.0,,1.0,,32.0,1.0,3.0,1.0,1.0,1.0,1.0,1.0,3.0,,1.0,1.0,1.0,Q5 Highest,,,2.0,3.0,2.0,2.0,2.0,2.0,,THA,,58246340.0,4.0,1.0,1.0,,2.0,,,1.0,0.453570565,1,1.0,1.0,1.0,,1.0,1,1.0,1.0,156571524,East Asia & Pacific (excluding high income),1.0,1.0,2.0,,2.0,2.0,1.0,1.0,1.0,Thailand,4.0,,False,Female,30_39,3.0
,,2.0,1.0,2021,,,0.0,2.0,1,1,1.0,1.0,,,,,,30.0,1.0,3.0,4.0,1.0,1.0,2.0,1.0,2.0,,1.0,1.0,,Q5 Highest,,2.0,2.0,,2.0,,,1.0,,THA,,58246340.0,4.0,1.0,1.0,,,1.0,,,0.790756444,1,1.0,3.0,2.0,,1.0,1,1.0,2.0,138424740,East Asia & Pacific (excluding high income),3.0,,2.0,,2.0,2.0,2.0,1.0,1.0,Thailand,1.0,,False,Female,30_39,3.0
,,,1.0,2021,,,1.0,2.0,2,1,1.0,1.0,,1.0,,1.0,,33.0,1.0,3.0,4.0,1.0,1.0,1.0,1.0,2.0,,2.0,1.0,1.0,Q5 Highest,,1.0,2.0,,2.0,1.0,,1.0,,THA,,58246340.0,4.0,1.0,1.0,,2.0,1.0,,,0.139643824,1,1.0,3.0,2.0,,1.0,2,1.0,1.0,128824911,East Asia & Pacific (excluding high income),3.0,3.0,2.0,,2.0,2.0,2.0,1.0,1.0,Thailand,1.0,,False,Male,30_39,3.0
2.0,,1.0,1.0,2021,,,0.0,2.0,1,1,1.0,1.0,1.0,1.0,,2.0,,23.0,1.0,2.0,1.0,2.0,1.0,2.0,1.0,3.0,,2.0,1.0,,Q4,1.0,2.0,2.0,,2.0,2.0,2.0,1.0,,THA,,58246340.0,4.0,1.0,2.0,,2.0,1.0,,2.0,2.248266621,1,1.0,2.0,1.0,,1.0,1,2.0,2.0,133782461,East Asia & Pacific (excluding high income),3.0,,2.0,,2.0,2.0,2.0,1.0,1.0,Thailand,1.0,,False,Female,23_29,2.0
2.0,,,2.0,2021,,,1.0,2.0,2,1,1.0,1.0,1.0,,,,,34.0,1.0,1.0,1.0,4.0,1.0,2.0,2.0,2.0,,1.0,0.0,,Q3,,1.0,1.0,3.0,2.0,,2.0,1.0,,THA,,58246340.0,4.0,1.0,,,,2.0,,1.0,2.151721703,1,2.0,1.0,1.0,,2.0,2,2.0,2.0,185364580,East Asia & Pacific (excluding high income),1.0,,2.0,,2.0,2.0,,1.0,1.0,Thailand,1.0,,False,Male,30_39,1.0
1.0,,2.0,2.0,2021,,,1.0,2.0,2,1,1.0,1.0,1.0,,,,,41.0,2.0,3.0,1.0,1.0,1.0,1.0,1.0,2.0,,2.0,1.0,2.0,Q3,,2.0,1.0,3.0,1.0,,2.0,1.0,,THA,,58246340.0,4.0,0.0,1.0,,,1.0,,2.0,0.138056999,1,1.0,3.0,1.0,,1.0,1,1.0,1.0,121662005,East Asia & Pacific (excluding high income),1.0,1.0,2.0,,2.0,2.0,2.0,1.0,1.0,Thailand,1.0,,False,Male,40_49,3.0
,,,2.0,2021,,,0.0,2.0,1,1,1.0,1.0,,,,,,48.0,2.0,2.0,4.0,4.0,1.0,2.0,2.0,2.0,,2.0,1.0,,Q3,,2.0,2.0,3.0,2.0,,,2.0,,THA,,58246340.0,4.0,0.0,,,,1.0,,,0.846195817,1,2.0,1.0,2.0,,1.0,2,2.0,1.0,161315213,East Asia & Pacific (excluding high income),1.0,3.0,2.0,,2.0,2.0,,1.0,1.0,Thailand,1.0,,False,Female,40_49,2.0
,,1.0,1.0,2021,,,1.0,2.0,2,1,1.0,1.0,,,,,,19.0,1.0,2.0,4.0,1.0,1.0,1.0,1.0,4.0,,1.0,1.0,1.0,Q1 Lowest,,1.0,1.0,4.0,2.0,,,2.0,,THA,,58246340.0,4.0,1.0,1.0,,,1.0,,,2.712782339,1,1.0,2.0,2.0,,1.0,1,1.0,1.0,124343418,East Asia & Pacific (excluding high income),2.0,1.0,2.0,,2.0,2.0,1.0,2.0,1.0,Thailand,1.0,,False,Male,18_22,2.0
2.0,,1.0,2.0,2021,,,1.0,2.0,1,1,1.0,1.0,1.0,,,,,59.0,2.0,2.0,1.0,4.0,1.0,1.0,2.0,5.0,,1.0,0.0,1.0,Q2,,1.0,2.0,,2.0,,3.0,2.0,,THA,,58246340.0,4.0,0.0,,,,2.0,,2.0,0.138056999,1,2.0,4.0,1.0,,2.0,1,2.0,2.0,133791779,East Asia & Pacific (excluding high income),3.0,,2.0,,2.0,2.0,,1.0,0.0,Thailand,1.0,,False,Female,50_59,2.0
2.0,,2.0,1.0,2021,,,1.0,2.0,2,1,1.0,1.0,1.0,1.0,,1.0,,33.0,2.0,3.0,1.0,1.0,1.0,1.0,1.0,5.0,,2.0,1.0,1.0,Q5 Highest,,2.0,2.0,1.0,2.0,1.0,2.0,1.0,,THA,,58246340.0,4.0,1.0,1.0,,2.0,1.0,,1.0,0.357891433,1,1.0,3.0,1.0,,1.0,1,1.0,1.0,118097022,East Asia & Pacific (excluding high income),2.0,3.0,2.0,,2.0,2.0,2.0,1.0,1.0,Thailand,1.0,,False,Male,30_39,3.0
,,2.0,2.0,2021,,,0.0,2.0,2,1,1.0,2.0,,,,,,16.0,2.0,1.0,4.0,4.0,1.0,2.0,2.0,8.0,,2.0,1.0,,Q3,,,2.0,,2.0,,,4.0,,THA,,58246340.0,4.0,0.0,,,,,,,1.297562599,1,2.0,,2.0,,1.0,1,1.0,2.0,162450171,East Asia & Pacific (excluding high income),,,2.0,,2.0,2.0,,2.0,0.0,Thailand,4.0,,False,Male,17_or_less,1.0
,,2.0,2.0,2021,,,1.0,2.0,1,1,1.0,1.0,,,,,,54.0,1.0,1.0,4.0,2.0,1.0,2.0,2.0,2.0,,2.0,0.0,,Q2,1.0,2.0,2.0,3.0,1.0,,,2.0,,THA,,58246340.0,4.0,1.0,2.0,,,1.0,,,2.843041933,1,1.0,1.0,2.0,,2.0,1,2.0,1.0,161393933,East Asia & Pacific (excluding high income),1.0,2.0,2.0,,2.0,2.0,2.0,1.0,1.0,Thailand,1.0,,False,Female,50_59,1.0
2.0,,1.0,2.0,2021,,,1.0,2.0,2,1,1.0,1.0,1.0,1.0,,1.0,,44.0,1.0,3.0,1.0,4.0,1.0,2.0,1.0,2.0,,1.0,1.0,,Q5 Highest,,1.0,1.0,1.0,2.0,1.0,1.0,1.0,,THA,,58246340.0,4.0,1.0,,,2.0,2.0,,1.0,0.138056999,1,2.0,2.0,1.0,,1.0,1,1.0,1.0,112099024,East Asia & Pacific (excluding high income),2.0,3.0,2.0,,2.0,2.0,,1.0,1.0,Thailand,1.0,,False,Male,40_49,3.0
2.0,,2.0,2.0,2021,,,0.0,2.0,1,1,1.0,2.0,1.0,1.0,,1.0,,16.0,2.0,1.0,1.0,4.0,1.0,2.0,2.0,3.0,,2.0,1.0,,Q3,,,2.0,3.0,2.0,1.0,2.0,2.0,,THA,,58246340.0,4.0,0.0,,,2.0,,,2.0,1.905498661,1,2.0,2.0,1.0,,1.0,1,1.0,1.0,160454427,East Asia & Pacific (excluding high income),1.0,3.0,2.0,,2.0,2.0,,1.0,1.0,Thailand,4.0,,False,Female,17_or_less,1.0
1.0,,2.0,1.0,2021,,,1.0,2.0,2,1,1.0,2.0,1.0,1.0,,2.0,,34.0,1.0,3.0,1.0,1.0,1.0,2.0,1.0,8.0,,2.0,1.0,,Q5 Highest,,,1.0,,2.0,1.0,2.0,1.0,,THA,,58246340.0,4.0,1.0,1.0,,2.0,,,1.0,0.139643824,1,1.0,,1.0,,1.0,1,1.0,1.0,142650656,East Asia & Pacific (excluding high income),,3.0,2.0,,2.0,2.0,2.0,1.0,1.0,Thailand,4.0,,False,Male,30_39,3.0
1.0,,,1.0,2021,,,1.0,2.0,2,1,1.0,1.0,1.0,,,,,55.0,1.0,3.0,1.0,2.0,1.0,1.0,1.0,2.0,,2.0,1.0,1.0,Q5 Highest,1.0,1.0,1.0,4.0,2.0,,2.0,1.0,,THA,,58246340.0,4.0,1.0,2.0,,,1.0,,1.0,0.192318439,1,1.0,3.0,1.0,,1.0,2,1.0,1.0,123225058,East Asia & Pacific (excluding high income),2.0,1.0,2.0,,1.0,2.0,2.0,1.0,1.0,Thailand,1.0,,False,Male,50_59,3.0
,,2.0,1.0,2021,,,0.0,2.0,2,1,1.0,1.0,,,,,,43.0,1.0,2.0,4.0,4.0,1.0,2.0,2.0,2.0,,2.0,0.0,,Q3,,1.0,2.0,3.0,2.0,,,1.0,,THA,,58246340.0,4.0,1.0,,,,2.0,,,0.138056999,1,2.0,2.0,2.0,,2.0,1,2.0,2.0,124918809,East Asia & Pacific (excluding high income),1.0,,2.0,,2.0,2.0,,1.0,0.0,Thailand,1.0,,False,Male,40_49,2.0
,,,2.0,2021,,,1.0,1.0,1,1,1.0,1.0,,,,,,37.0,2.0,2.0,4.0,4.0,1.0,2.0,1.0,2.0,,2.0,0.0,,Q4,,1.0,2.0,1.0,1.0,,,2.0,,THA,1.0,58246340.0,4.0,1.0,,,,1.0,,,0.855674061,1,2.0,3.0,2.0,,1.0,2,1.0,2.0,137547143,East Asia & Pacific (excluding high income),3.0,,2.0,,2.0,2.0,,2.0,1.0,Thailand,1.0,,False,Female,30_39,2.0
,,1.0,1.0,2021,,,0.0,2.0,2,1,1.0,1.0,,,,,,20.0,1.0,3.0,4.0,4.0,1.0,2.0,2.0,2.0,,2.0,1.0,,Q4,,2.0,2.0,1.0,2.0,,,2.0,,THA,,58246340.0,4.0,1.0,,,,1.0,,,0.168526525,1,2.0,3.0,2.0,,1.0,1,1.0,1.0,123626670,East Asia & Pacific (excluding high income),2.0,1.0,2.0,,2.0,2.0,,2.0,1.0,Thailand,1.0,,False,Male,18_22,3.0
2.0,,1.0,1.0,2021,,,1.0,2.0,1,1,1.0,1.0,1.0,,,,,27.0,1.0,3.0,1.0,1.0,1.0,1.0,1.0,2.0,,2.0,1.0,1.0,Q5 Highest,,1.0,2.0,,2.0,,2.0,1.0,,THA,,58246340.0,4.0,1.0,1.0,,,1.0,,2.0,0.193616866,1,1.0,3.0,1.0,,1.0,1,1.0,1.0,182169724,East Asia & Pacific (excluding high income),2.0,1.0,2.0,,2.0,2.0,1.0,1.0,1.0,Thailand,1.0,,False,Female,23_29,3.0
2.0,,2.0,1.0,2021,,,1.0,2.0,1,1,1.0,1.0,2.0,2.0,,1.0,,47.0,1.0,1.0,2.0,2.0,1.0,2.0,1.0,1.0,,2.0,1.0,,Q3,1.0,1.0,2.0,3.0,1.0,2.0,,1.0,,THA,,58246340.0,4.0,1.0,2.0,,2.0,2.0,,2.0,0.900120682,1,1.0,3.0,1.0,,1.0,1,1.0,1.0,127067483,East Asia & Pacific (excluding high income),2.0,2.0,2.0,1.0,2.0,2.0,2.0,1.0,1.0,Thailand,1.0,,False,Female,40_49,1.0
,,,1.0,2021,,,1.0,2.0,2,1,1.0,1.0,,1.0,,1.0,,20.0,2.0,3.0,4.0,1.0,1.0,2.0,1.0,1.0,,1.0,1.0,,Q5 Highest,,2.0,1.0,3.0,2.0,1.0,,1.0,,THA,,58246340.0,4.0,1.0,1.0,,2.0,1.0,,,0.797585288,1,1.0,2.0,2.0,,1.0,2,1.0,1.0,176132099,East Asia & Pacific (excluding high income),2.0,1.0,2.0,,2.0,2.0,1.0,2.0,1.0,Thailand,1.0,,False,Male,18_22,3.0
2.0,,2.0,1.0,2021,,,1.0,1.0,2,1,1.0,2.0,1.0,1.0,,1.0,,49.0,1.0,3.0,1.0,1.0,1.0,1.0,1.0,4.0,,2.0,1.0,1.0,Q2,,,2.0,2.0,2.0,2.0,1.0,2.0,,THA,2.0,58246340.0,4.0,1.0,1.0,,2.0,,,2.0,0.546837817,1,1.0,3.0,1.0,,1.0,1,1.0,1.0,120630581,East Asia & Pacific (excluding high income),3.0,1.0,2.0,,2.0,2.0,2.0,1.0,1.0,Thailand,4.0,,False,Male,40_49,3.0
,,2.0,2.0,2021,,,0.0,2.0,2,1,2.0,1.0,,,,,,35.0,2.0,2.0,4.0,2.0,1.0,2.0,2.0,2.0,,2.0,1.0,,Q4,1.0,1.0,2.0,4.0,2.0,,,,,THA,,58246340.0,4.0,0.0,2.0,,,1.0,,,0.168209024,1,1.0,2.0,2.0,,1.0,1,1.0,1.0,168210039,East Asia & Pacific (excluding high income),1.0,1.0,2.0,,2.0,2.0,2.0,1.0,1.0,Thailand,1.0,,False,Male,30_39,2.0
,,,2.0,2021,,,1.0,2.0,2,1,1.0,1.0,,,,,,39.0,1.0,2.0,4.0,4.0,1.0,2.0,2.0,2.0,,2.0,1.0,,Q2,,1.0,1.0,3.0,2.0,,,2.0,,THA,,58246340.0,4.0,1.0,,,,1.0,,,1.924976344,1,2.0,1.0,2.0,,1.0,2,2.0,2.0,115314112,East Asia & Pacific (excluding high income),1.0,,2.0,,2.0,2.0,,1.0,1.0,Thailand,1.0,,False,Male,30_39,2.0
2.0,,,2.0,2021,,,1.0,2.0,1,1,1.0,1.0,1.0,,,,,40.0,1.0,3.0,1.0,1.0,1.0,1.0,1.0,4.0,,2.0,1.0,1.0,Q5 Highest,,1.0,2.0,2.0,1.0,,1.0,2.0,,THA,,58246340.0,4.0,1.0,1.0,,,2.0,,2.0,0.185880027,1,1.0,1.0,1.0,,1.0,2,1.0,1.0,191852426,East Asia & Pacific (excluding high income),1.0,1.0,2.0,,2.0,2.0,2.0,1.0,0.0,Thailand,1.0,,False,Female,40_49,3.0
2.0,,1.0,1.0,2021,,,0.0,2.0,2,1,1.0,2.0,1.0,,,,,40.0,1.0,2.0,1.0,4.0,1.0,2.0,1.0,9.0,,1.0,1.0,,Q2,,,2.0,4.0,2.0,,1.0,1.0,,THA,,58246340.0,4.0,1.0,,,,,,2.0,0.751096655,1,2.0,,1.0,,1.0,1,1.0,1.0,177602659,East Asia & Pacific (excluding high income),,3.0,2.0,,2.0,2.0,,1.0,0.0,Thailand,4.0,,False,Male,40_49,2.0
,,,2.0,2021,,,0.0,2.0,2,1,2.0,2.0,,,,,,53.0,2.0,1.0,4.0,4.0,0.0,2.0,2.0,2.0,,2.0,0.0,,Q2,,,2.0,2.0,2.0,,,,,THA,,58246340.0,4.0,0.0,,,,,,,1.575159297,1,2.0,3.0,2.0,,2.0,2,2.0,2.0,206382374,East Asia & Pacific (excluding high income),1.0,,2.0,,2.0,2.0,,1.0,0.0,Thailand,4.0,,False,Male,50_59,1.0
2.0,,2.0,2.0,2021,,,1.0,2.0,2,1,2.0,1.0,2.0,,,,,29.0,2.0,2.0,2.0,4.0,1.0,1.0,2.0,2.0,,1.0,0.0,1.0,Q2,,2.0,1.0,3.0,2.0,,,,,THA,,58246340.0,4.0,0.0,,,,1.0,,2.0,0.305462307,1,2.0,2.0,1.0,,2.0,1,2.0,2.0,181687788,East Asia & Pacific (excluding high income),2.0,,2.0,1.0,2.0,2.0,,1.0,1.0,Thailand,1.0,,False,Male,23_29,2.0
2.0,,1.0,2.0,2021,,,1.0,1.0,2,1,1.0,1.0,2.0,1.0,,1.0,,21.0,2.0,1.0,2.0,1.0,1.0,2.0,1.0,2.0,,1.0,1.0,,Q4,,1.0,1.0,1.0,2.0,1.0,,2.0,,THA,1.0,58246340.0,4.0,1.0,2.0,,2.0,1.0,,2.0,2.383735438,1,1.0,2.0,1.0,,1.0,1,2.0,1.0,202690828,East Asia & Pacific (excluding high income),2.0,2.0,2.0,1.0,2.0,2.0,1.0,1.0,1.0,Thailand,1.0,,False,Male,18_22,1.0
,,1.0,1.0,2021,,,1.0,2.0,2,1,1.0,2.0,,,,,,43.0,1.0,3.0,4.0,1.0,1.0,1.0,1.0,9.0,,2.0,1.0,1.0,Q5 Highest,,,2.0,,1.0,,,1.0,,THA,,58246340.0,4.0,1.0,2.0,,,,,,0.678697635,1,1.0,,2.0,,1.0,1,1.0,1.0,121712598,East Asia & Pacific (excluding high income),,3.0,2.0,,2.0,2.0,1.0,1.0,0.0,Thailand,4.0,,False,Male,40_49,3.0
2.0,2.0,,2.0,2021,,2.0,1.0,2.0,1,1,,1.0,1.0,,,,2.0,35.0,2.0,3.0,1.0,1.0,1.0,,2.0,2.0,2.0,1.0,0.0,,Q1 Lowest,,2.0,1.0,3.0,2.0,,2.0,,,THA,,58246340.0,4.0,0.0,1.0,,,1.0,,1.0,0.158649626,1,1.0,1.0,1.0,1.0,,2,,2.0,144167385,East Asia & Pacific (excluding high income),1.0,,2.0,,2.0,2.0,1.0,1.0,1.0,Thailand,1.0,2.0,False,Female,30_39,3.0
2.0,,2.0,1.0,2021,,,0.0,2.0,1,1,1.0,1.0,1.0,,2.0,,,22.0,4.0,2.0,1.0,4.0,1.0,2.0,1.0,2.0,,1.0,0.0,,Q4,,2.0,2.0,,2.0,,2.0,,,THA,,58246340.0,4.0,1.0,,,,2.0,,2.0,0.210396006,1,2.0,3.0,1.0,,1.0,1,1.0,1.0,210104154,East Asia & Pacific (excluding high income),5.0,2.0,2.0,,2.0,2.0,,1.0,0.0,Thailand,1.0,,False,Female,18_22,2.0
2.0,,1.0,2.0,2021,,,1.0,2.0,1,1,1.0,1.0,1.0,1.0,,1.0,,31.0,2.0,2.0,1.0,1.0,1.0,2.0,1.0,2.0,,1.0,1.0,,Q5 Highest,,1.0,2.0,,2.0,1.0,2.0,1.0,,THA,,58246340.0,4.0,0.0,1.0,,2.0,2.0,,1.0,0.858724406,1,1.0,3.0,1.0,,1.0,1,1.0,1.0,127330133,East Asia & Pacific (excluding high income),3.0,2.0,2.0,,2.0,2.0,1.0,1.0,1.0,Thailand,1.0,,False,Female,30_39,2.0
1.0,,1.0,2.0,2021,,,1.0,2.0,1,1,1.0,1.0,1.0,,,,,20.0,2.0,3.0,1.0,4.0,1.0,2.0,1.0,2.0,,1.0,1.0,,Q3,,1.0,1.0,,2.0,,2.0,1.0,1.0,THA,,58246340.0,1.0,1.0,,,,1.0,2.0,1.0,0.178163916,1,2.0,2.0,1.0,,1.0,1,1.0,1.0,171256320,East Asia & Pacific (excluding high income),1.0,3.0,2.0,,2.0,1.0,,1.0,1.0,Thailand,1.0,,False,Female,18_22,3.0
2.0,,,2.0,2021,,,0.0,2.0,2,1,2.0,1.0,2.0,,2.0,,,47.0,2.0,2.0,2.0,4.0,0.0,2.0,2.0,8.0,,2.0,0.0,,Q4,,2.0,2.0,1.0,2.0,,,1.0,,THA,,58246340.0,4.0,0.0,,,,2.0,,2.0,0.186518819,1,2.0,,1.0,,2.0,2,2.0,2.0,194086567,East Asia & Pacific (excluding high income),,,2.0,1.0,2.0,2.0,,1.0,0.0,Thailand,3.0,,False,Male,40_49,2.0
2.0,,2.0,2.0,2021,,,1.0,2.0,1,1,1.0,1.0,1.0,1.0,,1.0,,31.0,2.0,3.0,1.0,1.0,1.0,1.0,1.0,2.0,,1.0,1.0,1.0,Q5 Highest,,1.0,1.0,,2.0,2.0,2.0,2.0,,THA,,58246340.0,4.0,1.0,2.0,,2.0,2.0,,2.0,0.413793821,1,1.0,3.0,1.0,,1.0,1,1.0,1.0,123151259,East Asia & Pacific (excluding high income),3.0,2.0,2.0,,2.0,2.0,1.0,1.0,1.0,Thailand,1.0,,False,Female,30_39,3.0
,,1.0,2.0,2021,,,1.0,2.0,2,1,1.0,1.0,,,,,,37.0,2.0,2.0,4.0,2.0,1.0,2.0,1.0,2.0,,1.0,1.0,,Q3,1.0,1.0,2.0,2.0,1.0,,,1.0,,THA,,58246340.0,4.0,0.0,2.0,,,2.0,,,0.701342319,1,1.0,2.0,2.0,,1.0,1,1.0,1.0,160307526,East Asia & Pacific (excluding high income),2.0,2.0,2.0,,2.0,2.0,2.0,1.0,0.0,Thailand,1.0,,False,Male,30_39,2.0
2.0,,2.0,1.0,2021,,,1.0,2.0,2,1,1.0,1.0,1.0,1.0,,1.0,,32.0,1.0,3.0,1.0,1.0,1.0,1.0,1.0,2.0,,1.0,1.0,1.0,Q5 Highest,,2.0,1.0,1.0,1.0,1.0,2.0,1.0,1.0,THA,,58246340.0,1.0,1.0,1.0,,2.0,1.0,1.0,1.0,0.5261178,1,1.0,3.0,1.0,,1.0,1,1.0,1.0,114185469,East Asia & Pacific (excluding high income),3.0,3.0,1.0,,2.0,1.0,2.0,1.0,1.0,Thailand,1.0,,False,Male,30_39,3.0
,,1.0,2.0,2021,,,1.0,2.0,2,1,1.0,1.0,,3.0,,1.0,,33.0,1.0,3.0,4.0,1.0,1.0,2.0,1.0,1.0,,1.0,1.0,,Q2,,1.0,1.0,3.0,2.0,2.0,,2.0,1.0,THA,,58246340.0,1.0,1.0,1.0,,2.0,1.0,1.0,,0.218365132,1,1.0,2.0,2.0,,1.0,1,1.0,1.0,139691331,East Asia & Pacific (excluding high income),2.0,2.0,2.0,,2.0,1.0,1.0,1.0,1.0,Thailand,1.0,,False,Male,30_39,3.0
2.0,,,1.0,2021,,,1.0,2.0,1,1,1.0,1.0,2.0,,,,,40.0,1.0,2.0,1.0,2.0,1.0,2.0,2.0,2.0,,1.0,1.0,,Q3,1.0,1.0,2.0,4.0,1.0,,2.0,3.0,,THA,,58246340.0,4.0,1.0,2.0,,,2.0,,2.0,0.138056999,1,1.0,3.0,1.0,,1.0,2,1.0,2.0,154854162,East Asia & Pacific (excluding high income),2.0,,2.0,2.0,2.0,2.0,2.0,1.0,0.0,Thailand,1.0,,False,Female,40_49,2.0
2.0,,1.0,1.0,2021,,,1.0,2.0,2,1,1.0,1.0,1.0,1.0,,1.0,,21.0,1.0,1.0,1.0,1.0,1.0,2.0,1.0,2.0,,1.0,1.0,,Q3,,1.0,1.0,3.0,2.0,1.0,2.0,2.0,2.0,THA,,58246340.0,1.0,1.0,1.0,,2.0,1.0,1.0,2.0,0.930097515,1,1.0,3.0,1.0,,1.0,1,1.0,2.0,204081467,East Asia & Pacific (excluding high income),2.0,,2.0,,2.0,1.0,1.0,1.0,1.0,Thailand,1.0,,False,Male,18_22,1.0
2.0,,1.0,1.0,2021,,,1.0,2.0,2,1,1.0,2.0,1.0,1.0,,1.0,,37.0,2.0,3.0,1.0,1.0,1.0,1.0,1.0,1.0,,1.0,1.0,1.0,Q4,,,2.0,1.0,2.0,1.0,2.0,1.0,,THA,,58246340.0,4.0,1.0,1.0,,2.0,,,2.0,0.245547487,1,1.0,3.0,1.0,,1.0,1,1.0,1.0,123877013,East Asia & Pacific (excluding high income),3.0,1.0,2.0,,2.0,2.0,1.0,1.0,1.0,Thailand,4.0,,False,Male,30_39,3.0
2.0,,1.0,1.0,2021,,,1.0,2.0,2,1,1.0,1.0,1.0,1.0,,1.0,,30.0,1.0,3.0,1.0,1.0,1.0,1.0,1.0,8.0,,1.0,1.0,1.0,Q4,,2.0,2.0,,2.0,1.0,2.0,1.0,,THA,,58246340.0,4.0,1.0,1.0,,2.0,1.0,,2.0,0.205283208,1,1.0,,1.0,,1.0,1,1.0,1.0,166195302,East Asia & Pacific (excluding high income),,1.0,2.0,,2.0,2.0,1.0,1.0,1.0,Thailand,1.0,,False,Male,30_39,3.0
2.0,,,2.0,2021,,,1.0,2.0,2,1,1.0,2.0,1.0,1.0,,1.0,,27.0,2.0,3.0,1.0,4.0,1.0,2.0,2.0,2.0,,2.0,0.0,,Q4,,,2.0,3.0,2.0,2.0,2.0,2.0,,THA,,58246340.0,4.0,0.0,,,2.0,,,1.0,0.171184592,1,2.0,1.0,1.0,,2.0,2,1.0,2.0,153527992,East Asia & Pacific (excluding high income),1.0,,2.0,,2.0,2.0,,1.0,1.0,Thailand,4.0,,False,Male,23_29,3.0
2.0,,1.0,2.0,2021,,,1.0,2.0,2,1,1.0,1.0,1.0,,,,,35.0,2.0,3.0,1.0,1.0,1.0,1.0,1.0,2.0,,2.0,1.0,1.0,Q5 Highest,,2.0,2.0,,2.0,,2.0,2.0,,THA,,58246340.0,4.0,0.0,1.0,,,1.0,,1.0,0.352165014,1,1.0,3.0,1.0,,1.0,1,1.0,1.0,161683912,East Asia & Pacific (excluding high income),2.0,1.0,2.0,,2.0,2.0,1.0,1.0,1.0,Thailand,1.0,,False,Male,30_39,3.0
,,,2.0,2021,,,0.0,2.0,1,1,1.0,1.0,,,,,,33.0,1.0,2.0,4.0,2.0,1.0,2.0,2.0,2.0,,2.0,1.0,,Q4,1.0,2.0,2.0,,2.0,,,2.0,,THA,,58246340.0,4.0,1.0,2.0,,,1.0,,,1.407413836,1,1.0,3.0,2.0,,1.0,2,1.0,2.0,186838293,East Asia & Pacific (excluding high income),1.0,,2.0,,2.0,2.0,2.0,1.0,1.0,Thailand,1.0,,False,Female,30_39,2.0
1.0,,1.0,1.0,2021,,,0.0,2.0,2,1,1.0,1.0,1.0,1.0,,1.0,,29.0,1.0,3.0,1.0,1.0,1.0,2.0,1.0,2.0,,1.0,1.0,,Q5 Highest,,1.0,2.0,2.0,2.0,1.0,1.0,1.0,,THA,,58246340.0,4.0,1.0,1.0,,2.0,1.0,,2.0,0.766908054,1,1.0,3.0,1.0,,1.0,1,1.0,1.0,195793503,East Asia & Pacific (excluding high income),2.0,1.0,2.0,,2.0,2.0,2.0,1.0,1.0,Thailand,1.0,,False,Male,23_29,3.0
2.0,,2.0,1.0,2021,,,1.0,2.0,2,1,1.0,1.0,1.0,1.0,,1.0,,40.0,1.0,3.0,1.0,1.0,1.0,1.0,1.0,2.0,,1.0,1.0,1.0,Q4,,1.0,2.0,5.0,2.0,1.0,2.0,1.0,,THA,,58246340.0,4.0,1.0,1.0,,2.0,1.0,,2.0,0.168209024,1,1.0,3.0,1.0,,1.0,1,1.0,1.0,152492544,East Asia & Pacific (excluding high income),3.0,3.0,2.0,,2.0,2.0,1.0,1.0,1.0,Thailand,1.0,,False,Male,40_49,3.0
2.0,,1.0,1.0,2021,,,1.0,2.0,2,1,1.0,1.0,1.0,1.0,,1.0,,44.0,1.0,3.0,1.0,1.0,1.0,1.0,1.0,1.0,,1.0,1.0,1.0,Q5 Highest,,1.0,2.0,1.0,2.0,1.0,2.0,1.0,,THA,,58246340.0,4.0,1.0,1.0,,2.0,1.0,,3.0,0.197080187,1,1.0,3.0,1.0,,1.0,1,1.0,1.0,131456810,East Asia & Pacific (excluding high income),3.0,1.0,2.0,,2.0,2.0,2.0,1.0,1.0,Thailand,1.0,,False,Male,40_49,3.0
2.0,,1.0,1.0,2021,,,1.0,1.0,2,1,1.0,1.0,1.0,1.0,,1.0,,35.0,1.0,3.0,1.0,1.0,1.0,1.0,1.0,2.0,,1.0,1.0,1.0,Q4,,2.0,2.0,,2.0,1.0,2.0,1.0,,THA,2.0,58246340.0,4.0,1.0,1.0,,1.0,1.0,,2.0,0.628404323,1,1.0,3.0,1.0,,1.0,1,1.0,1.0,116218037,East Asia & Pacific (excluding high income),3.0,1.0,2.0,,2.0,2.0,1.0,1.0,1.0,Thailand,1.0,,False,Male,30_39,3.0
2.0,,1.0,1.0,2021,,,1.0,1.0,2,1,1.0,1.0,1.0,1.0,,1.0,,33.0,2.0,3.0,1.0,4.0,1.0,1.0,1.0,2.0,,2.0,1.0,1.0,Q4,,2.0,2.0,,2.0,2.0,2.0,2.0,,THA,2.0,58246340.0,4.0,1.0,,,2.0,1.0,,1.0,0.205283208,1,2.0,3.0,1.0,,1.0,1,1.0,1.0,201752310,East Asia & Pacific (excluding high income),3.0,3.0,2.0,,2.0,2.0,,1.0,1.0,Thailand,1.0,,False,Male,30_39,3.0
2.0,,1.0,1.0,2021,,,1.0,2.0,2,1,1.0,1.0,1.0,1.0,,1.0,,34.0,1.0,2.0,1.0,4.0,1.0,1.0,1.0,2.0,,1.0,1.0,1.0,Q4,,1.0,2.0,,2.0,1.0,2.0,1.0,,THA,,58246340.0,4.0,1.0,,,2.0,1.0,,2.0,0.205283208,1,2.0,3.0,1.0,,1.0,1,1.0,1.0,192418742,East Asia & Pacific (excluding high income),3.0,1.0,2.0,,2.0,2.0,,1.0,1.0,Thailand,1.0,,False,Male,30_39,2.0
,,,1.0,2021,,,1.0,2.0,1,1,1.0,2.0,,,,,,60.0,1.0,3.0,4.0,2.0,1.0,1.0,1.0,4.0,,2.0,1.0,1.0,Q5 Highest,1.0,,2.0,2.0,2.0,,,1.0,,THA,,58246340.0,4.0,1.0,2.0,,,,,,0.170061623,1,1.0,5.0,2.0,,1.0,2,1.0,2.0,128553452,East Asia & Pacific (excluding high income),2.0,,2.0,,2.0,2.0,2.0,2.0,0.0,Thailand,4.0,,False,Female,60_69,3.0
1.0,,1.0,1.0,2021,,,1.0,1.0,2,1,1.0,2.0,1.0,,,,,55.0,1.0,1.0,1.0,1.0,1.0,2.0,2.0,1.0,,1.0,1.0,,Q3,,,2.0,5.0,2.0,,2.0,1.0,1.0,THA,2.0,58246340.0,1.0,1.0,1.0,,,,1.0,1.0,0.312875898,1,1.0,3.0,1.0,,1.0,1,1.0,1.0,183741526,East Asia & Pacific (excluding high income),2.0,2.0,2.0,,2.0,1.0,1.0,1.0,1.0,Thailand,4.0,,False,Male,50_59,1.0
2.0,,2.0,1.0,2021,,,1.0,1.0,2,1,1.0,1.0,1.0,1.0,,1.0,,23.0,1.0,3.0,1.0,1.0,1.0,2.0,1.0,8.0,,1.0,1.0,,Q4,,2.0,1.0,,2.0,1.0,3.0,1.0,,THA,2.0,58246340.0,4.0,1.0,1.0,,1.0,1.0,,3.0,0.267507821,1,1.0,,1.0,,1.0,1,1.0,1.0,176332411,East Asia & Pacific (excluding high income),,3.0,2.0,,2.0,2.0,1.0,1.0,1.0,Thailand,1.0,,False,Male,23_29,3.0
,,2.0,2.0,2021,,,1.0,2.0,2,1,2.0,1.0,,,,,,20.0,2.0,2.0,4.0,4.0,1.0,2.0,2.0,2.0,,1.0,0.0,,Q4,,2.0,1.0,3.0,2.0,,,,,THA,,58246340.0,4.0,0.0,,,,1.0,,,2.533081521,1,2.0,3.0,2.0,,2.0,1,2.0,2.0,200902126,East Asia & Pacific (excluding high income),2.0,,2.0,,2.0,2.0,,1.0,1.0,Thailand,1.0,,False,Male,18_22,2.0
,,1.0,1.0,2021,,,1.0,2.0,2,1,1.0,2.0,,1.0,,1.0,,41.0,1.0,3.0,4.0,1.0,1.0,1.0,1.0,1.0,,1.0,1.0,1.0,Q5 Highest,,,2.0,,2.0,2.0,,1.0,,THA,,58246340.0,4.0,1.0,1.0,,1.0,,,,0.678697635,1,1.0,3.0,2.0,,1.0,1,1.0,1.0,111855709,East Asia & Pacific (excluding high income),2.0,2.0,2.0,,2.0,2.0,1.0,1.0,1.0,Thailand,4.0,,False,Male,40_49,3.0
2.0,,2.0,1.0,2021,,,0.0,2.0,1,1,1.0,1.0,1.0,,,,,43.0,1.0,1.0,1.0,2.0,1.0,2.0,2.0,2.0,,2.0,1.0,,Q3,1.0,1.0,2.0,2.0,2.0,,1.0,1.0,2.0,THA,,58246340.0,1.0,1.0,2.0,,,2.0,1.0,2.0,2.471210139,1,1.0,1.0,1.0,,1.0,1,2.0,2.0,154233429,East Asia & Pacific (excluding high income),1.0,,2.0,,2.0,1.0,2.0,1.0,0.0,Thailand,1.0,,False,Female,40_49,1.0
2.0,,,2.0,2021,,,1.0,1.0,1,1,1.0,1.0,2.0,,,,,22.0,2.0,2.0,3.0,1.0,1.0,2.0,2.0,7.0,,1.0,1.0,,Q3,,2.0,2.0,4.0,1.0,,,2.0,,THA,2.0,58246340.0,4.0,1.0,2.0,,,1.0,,2.0,1.439558055,1,1.0,,1.0,,1.0,2,1.0,1.0,181709009,East Asia & Pacific (excluding high income),,3.0,2.0,2.0,2.0,2.0,1.0,1.0,1.0,Thailand,1.0,,False,Female,18_22,2.0
,2.0,,2.0,2021,1.0,2.0,0.0,2.0,1,0,,2.0,,,,,2.0,56.0,2.0,1.0,4.0,2.0,0.0,,2.0,8.0,2.0,2.0,0.0,,Q5 Highest,1.0,,2.0,,2.0,,,,,THA,,58246340.0,4.0,0.0,2.0,,,,,,5.714441691,0,1.0,,2.0,2.0,,2,,2.0,169977797,East Asia & Pacific (excluding high income),,,2.0,,2.0,2.0,2.0,2.0,0.0,Thailand,4.0,2.0,False,Female,50_59,1.0
,,2.0,1.0,2021,,,0.0,2.0,2,1,1.0,1.0,,,2.0,,,32.0,2.0,2.0,4.0,1.0,1.0,2.0,1.0,2.0,,1.0,1.0,,Q4,,2.0,2.0,,2.0,,,2.0,,THA,,58246340.0,4.0,1.0,1.0,,,2.0,,,0.438726878,1,1.0,3.0,2.0,,1.0,1,1.0,2.0,129184119,East Asia & Pacific (excluding high income),2.0,,2.0,,2.0,2.0,2.0,1.0,0.0,Thailand,1.0,,False,Male,30_39,2.0
2.0,,1.0,1.0,2021,,,1.0,2.0,2,1,1.0,1.0,1.0,1.0,,1.0,,35.0,1.0,3.0,1.0,4.0,1.0,1.0,1.0,1.0,,1.0,1.0,1.0,Q4,,1.0,2.0,,2.0,1.0,2.0,2.0,,THA,,58246340.0,4.0,1.0,,,2.0,2.0,,1.0,0.138056999,1,2.0,3.0,1.0,,1.0,1,1.0,1.0,154844002,East Asia & Pacific (excluding high income),3.0,3.0,2.0,,2.0,2.0,,1.0,1.0,Thailand,1.0,,False,Male,30_39,3.0
2.0,,2.0,2.0,2021,,,1.0,2.0,2,1,1.0,2.0,1.0,,,,,25.0,1.0,3.0,1.0,4.0,1.0,2.0,1.0,7.0,,1.0,0.0,,Q3,,,1.0,2.0,2.0,,2.0,1.0,,THA,,58246340.0,4.0,1.0,,,,,,1.0,0.5261178,1,2.0,,1.0,,1.0,1,1.0,2.0,131708581,East Asia & Pacific (excluding high income),,,2.0,,2.0,2.0,,1.0,1.0,Thailand,4.0,,False,Male,23_29,3.0
,,,1.0,2021,,,1.0,2.0,2,1,1.0,1.0,,1.0,,1.0,,50.0,1.0,3.0,4.0,1.0,1.0,1.0,1.0,5.0,,2.0,1.0,1.0,Q5 Highest,,1.0,2.0,,1.0,2.0,,2.0,2.0,THA,,58246340.0,2.0,1.0,1.0,1.0,2.0,2.0,2.0,,0.157862851,1,1.0,3.0,2.0,,1.0,2,1.0,1.0,203315785,East Asia & Pacific (excluding high income),3.0,1.0,2.0,,2.0,1.0,2.0,1.0,1.0,Thailand,1.0,,False,Male,50_59,3.0
,,,1.0,2021,,,1.0,2.0,1,1,2.0,1.0,,,2.0,,,17.0,1.0,1.0,4.0,4.0,1.0,2.0,2.0,2.0,,1.0,1.0,,Q4,,2.0,1.0,2.0,2.0,,,1.0,,THA,,58246340.0,4.0,1.0,,,,2.0,,,2.673407595,1,2.0,1.0,2.0,,1.0,2,1.0,1.0,197990584,East Asia & Pacific (excluding high income),1.0,2.0,2.0,,2.0,2.0,,1.0,0.0,Thailand,3.0,,False,Female,17_or_less,1.0
2.0,,2.0,1.0,2021,,,1.0,2.0,1,1,1.0,1.0,1.0,,,,,34.0,1.0,3.0,1.0,1.0,1.0,1.0,1.0,2.0,,1.0,1.0,1.0,Q4,,1.0,2.0,4.0,2.0,,2.0,1.0,,THA,,58246340.0,4.0,1.0,1.0,,,1.0,,2.0,0.969361303,1,1.0,1.0,1.0,,1.0,1,1.0,1.0,162552917,East Asia & Pacific (excluding high income),1.0,1.0,2.0,,2.0,2.0,1.0,1.0,1.0,Thailand,1.0,,False,Female,30_39,3.0
2.0,,,1.0,2021,,,1.0,2.0,2,1,1.0,1.0,1.0,,,,,60.0,1.0,3.0,1.0,1.0,1.0,1.0,1.0,2.0,,1.0,1.0,1.0,Q5 Highest,,1.0,1.0,,1.0,,2.0,1.0,,THA,,58246340.0,4.0,1.0,1.0,,,1.0,,1.0,0.138056999,1,1.0,2.0,1.0,,1.0,2,1.0,1.0,196065366,East Asia & Pacific (excluding high income),3.0,3.0,1.0,,2.0,2.0,1.0,1.0,1.0,Thailand,1.0,,False,Male,60_69,3.0
,,1.0,1.0,2021,,,0.0,2.0,1,1,1.0,2.0,,,,,,20.0,1.0,2.0,4.0,1.0,1.0,2.0,1.0,1.0,,2.0,1.0,,Q3,,,2.0,,2.0,,,2.0,,THA,,58246340.0,4.0,1.0,1.0,,,,,,2.475874644,1,1.0,3.0,2.0,,1.0,1,1.0,1.0,123505042,East Asia & Pacific (excluding high income),3.0,3.0,2.0,,2.0,2.0,1.0,2.0,0.0,Thailand,4.0,,False,Female,18_22,2.0
,,2.0,1.0,2021,,,1.0,2.0,1,1,1.0,2.0,,,,,,57.0,1.0,3.0,4.0,1.0,1.0,1.0,1.0,1.0,,2.0,1.0,1.0,Q5 Highest,,,2.0,,2.0,,,1.0,,THA,,58246340.0,4.0,1.0,2.0,,,,,,0.170061623,1,1.0,3.0,2.0,,1.0,1,1.0,1.0,126818260,East Asia & Pacific (excluding high income),3.0,1.0,2.0,,2.0,2.0,1.0,2.0,0.0,Thailand,4.0,,False,Female,50_59,3.0
2.0,,1.0,1.0,2021,,,1.0,2.0,2,1,1.0,1.0,1.0,1.0,,1.0,,33.0,1.0,3.0,1.0,1.0,1.0,1.0,1.0,1.0,,1.0,1.0,1.0,Q4,,1.0,2.0,,2.0,1.0,2.0,2.0,,THA,,58246340.0,4.0,1.0,1.0,,2.0,2.0,,2.0,1.704955775,1,1.0,3.0,1.0,,1.0,1,1.0,1.0,193097856,East Asia & Pacific (excluding high income),3.0,3.0,2.0,,2.0,2.0,1.0,2.0,1.0,Thailand,1.0,,False,Male,30_39,3.0
2.0,,1.0,1.0,2021,,,1.0,2.0,2,1,1.0,1.0,1.0,,,,,44.0,1.0,3.0,1.0,1.0,1.0,1.0,1.0,1.0,,1.0,1.0,1.0,Q5 Highest,,1.0,2.0,,1.0,,2.0,1.0,,THA,,58246340.0,4.0,1.0,1.0,,,2.0,,2.0,0.184025151,1,1.0,3.0,1.0,,1.0,1,1.0,1.0,208875572,East Asia & Pacific (excluding high income),3.0,3.0,2.0,,2.0,2.0,1.0,1.0,0.0,Thailand,1.0,,False,Male,40_49,3.0
2.0,,2.0,2.0,2021,,,1.0,2.0,2,1,1.0,1.0,1.0,,,,,52.0,1.0,1.0,1.0,2.0,1.0,1.0,2.0,2.0,,2.0,1.0,1.0,Q4,1.0,1.0,2.0,,2.0,,2.0,1.0,,THA,,58246340.0,4.0,1.0,2.0,,,2.0,,2.0,1.564152131,1,1.0,3.0,1.0,,2.0,1,2.0,2.0,159646213,East Asia & Pacific (excluding high income),3.0,,2.0,,2.0,2.0,2.0,1.0,0.0,Thailand,1.0,,False,Male,50_59,1.0
,,2.0,2.0,2021,,,0.0,2.0,1,1,1.0,2.0,,,,,,48.0,2.0,1.0,4.0,2.0,1.0,2.0,2.0,1.0,,2.0,0.0,,Q5 Highest,1.0,,2.0,3.0,2.0,,,1.0,,THA,,58246340.0,4.0,0.0,2.0,,,,,,0.620798208,1,1.0,3.0,2.0,,1.0,1,1.0,2.0,130486618,East Asia & Pacific (excluding high income),3.0,,2.0,,2.0,2.0,2.0,1.0,0.0,Thailand,4.0,,False,Female,40_49,1.0
2.0,,,1.0,2021,,,1.0,2.0,1,1,1.0,2.0,1.0,1.0,,1.0,,36.0,1.0,3.0,1.0,1.0,1.0,1.0,1.0,2.0,,2.0,1.0,1.0,Q5 Highest,,,2.0,,2.0,1.0,2.0,1.0,,THA,,58246340.0,4.0,1.0,1.0,,1.0,,,2.0,0.138056999,1,1.0,3.0,1.0,,1.0,2,1.0,1.0,207437108,East Asia & Pacific (excluding high income),2.0,1.0,2.0,,2.0,2.0,1.0,1.0,1.0,Thailand,4.0,,False,Female,30_39,3.0
,,2.0,2.0,2021,,,1.0,2.0,1,1,1.0,1.0,,,,,,42.0,1.0,2.0,4.0,4.0,1.0,2.0,2.0,1.0,,2.0,1.0,,Q4,,2.0,1.0,,2.0,,,2.0,,THA,,58246340.0,4.0,1.0,,,,1.0,,,2.225656282,1,2.0,2.0,2.0,,1.0,1,1.0,2.0,165497708,East Asia & Pacific (excluding high income),1.0,,2.0,,2.0,2.0,,1.0,1.0,Thailand,1.0,,False,Female,40_49,2.0
2.0,,1.0,1.0,2021,,,1.0,2.0,1,1,1.0,1.0,1.0,,,,,45.0,1.0,2.0,1.0,1.0,1.0,2.0,1.0,4.0,,1.0,1.0,,Q5 Highest,,2.0,2.0,1.0,1.0,,2.0,2.0,,THA,,58246340.0,4.0,1.0,1.0,,,1.0,,2.0,1.950396739,1,1.0,3.0,1.0,,1.0,1,1.0,1.0,125845568,East Asia & Pacific (excluding high income),3.0,4.0,2.0,,2.0,2.0,1.0,1.0,1.0,Thailand,1.0,,False,Female,40_49,2.0
,,2.0,1.0,2021,,,1.0,2.0,1,1,1.0,2.0,,2.0,,2.0,,34.0,2.0,3.0,4.0,1.0,1.0,1.0,1.0,2.0,,2.0,1.0,1.0,Q4,,,2.0,3.0,2.0,1.0,,2.0,,THA,,58246340.0,4.0,1.0,1.0,,2.0,,,,0.337552293,1,1.0,2.0,2.0,,1.0,1,1.0,1.0,153536960,East Asia & Pacific (excluding high income),2.0,1.0,2.0,,2.0,2.0,1.0,1.0,1.0,Thailand,4.0,,False,Female,30_39,3.0
1.0,,1.0,1.0,2021,,,1.0,2.0,2,1,1.0,2.0,1.0,,,,,65.0,1.0,3.0,1.0,2.0,1.0,1.0,1.0,2.0,,1.0,1.0,1.0,Q5 Highest,1.0,1.0,2.0,,2.0,,2.0,1.0,,THA,,58246340.0,4.0,1.0,2.0,,,2.0,,2.0,0.138056999,1,1.0,3.0,1.0,,1.0,1,1.0,1.0,200653353,East Asia & Pacific (excluding high income),3.0,1.0,2.0,,1.0,2.0,2.0,1.0,0.0,Thailand,4.0,,False,Male,60_69,3.0
2.0,,1.0,2.0,2021,,,0.0,2.0,1,1,1.0,1.0,1.0,1.0,,2.0,,25.0,1.0,3.0,1.0,4.0,1.0,2.0,1.0,2.0,,1.0,1.0,,Q2,,2.0,2.0,2.0,2.0,2.0,2.0,1.0,,THA,,58246340.0,4.0,1.0,,,2.0,1.0,,1.0,0.161456091,1,2.0,3.0,1.0,,1.0,1,1.0,1.0,188321908,East Asia & Pacific (excluding high income),2.0,1.0,2.0,,2.0,2.0,,1.0,1.0,Thailand,1.0,,False,Female,23_29,3.0
,,1.0,1.0,2021,,,1.0,2.0,1,1,1.0,1.0,,,,,,45.0,1.0,3.0,4.0,1.0,1.0,1.0,1.0,2.0,,1.0,1.0,1.0,Q5 Highest,,1.0,2.0,1.0,2.0,,,1.0,,THA,,58246340.0,4.0,1.0,1.0,,,1.0,,,0.152100909,1,1.0,3.0,2.0,,1.0,1,1.0,1.0,117185066,East Asia & Pacific (excluding high income),3.0,1.0,2.0,,2.0,2.0,1.0,1.0,1.0,Thailand,1.0,,False,Female,40_49,3.0
,,1.0,1.0,2021,,,1.0,1.0,1,1,1.0,1.0,,1.0,,1.0,,33.0,1.0,2.0,4.0,1.0,1.0,1.0,1.0,2.0,,2.0,1.0,1.0,Q5 Highest,,2.0,1.0,,1.0,1.0,,1.0,,THA,1.0,58246340.0,4.0,1.0,1.0,,2.0,1.0,,,1.286453,1,1.0,3.0,2.0,,1.0,1,1.0,1.0,113258400,East Asia & Pacific (excluding high income),3.0,3.0,2.0,,2.0,2.0,1.0,1.0,1.0,Thailand,1.0,,False,Female,30_39,2.0
,,,1.0,2021,,,0.0,2.0,2,1,1.0,1.0,,2.0,,1.0,,29.0,2.0,1.0,4.0,1.0,1.0,2.0,1.0,2.0,,2.0,1.0,,Q1 Lowest,,2.0,2.0,3.0,2.0,2.0,,,,THA,,58246340.0,4.0,1.0,1.0,,2.0,1.0,,,2.320584425,1,1.0,1.0,2.0,,1.0,2,1.0,1.0,209219626,East Asia & Pacific (excluding high income),1.0,2.0,2.0,,2.0,2.0,2.0,1.0,1.0,Thailand,1.0,,False,Male,23_29,1.0
,,,1.0,2021,,,1.0,2.0,2,1,2.0,1.0,,,,,,37.0,2.0,3.0,4.0,1.0,1.0,1.0,1.0,1.0,,2.0,1.0,1.0,Q5 Highest,,1.0,2.0,,2.0,,,2.0,,THA,,58246340.0,4.0,1.0,1.0,,,2.0,,,0.180142039,1,1.0,3.0,2.0,,1.0,2,1.0,1.0,163370095,East Asia & Pacific (excluding high income),3.0,1.0,2.0,,2.0,2.0,2.0,1.0,0.0,Thailand,1.0,,False,Male,30_39,3.0
2.0,,2.0,1.0,2021,,,0.0,2.0,2,1,1.0,1.0,1.0,1.0,,2.0,,40.0,1.0,3.0,1.0,1.0,1.0,1.0,1.0,5.0,,1.0,1.0,2.0,Q5 Highest,,1.0,2.0,,2.0,1.0,2.0,1.0,,THA,,58246340.0,4.0,1.0,1.0,,2.0,2.0,,2.0,0.138056999,1,1.0,3.0,1.0,,1.0,1,1.0,1.0,163359176,East Asia & Pacific (excluding high income),3.0,1.0,2.0,,2.0,2.0,1.0,1.0,1.0,Thailand,1.0,,False,Male,40_49,3.0
,,2.0,1.0,2021,,,1.0,2.0,1,1,1.0,1.0,,,,,,30.0,1.0,3.0,4.0,4.0,1.0,1.0,1.0,2.0,,1.0,1.0,1.0,Q4,,1.0,2.0,,1.0,,,1.0,,THA,,58246340.0,4.0,1.0,,,,2.0,,,0.492041084,1,2.0,3.0,2.0,,1.0,1,1.0,1.0,129373018,East Asia & Pacific (excluding high income),3.0,3.0,2.0,,2.0,2.0,,1.0,0.0,Thailand,1.0,,False,Female,30_39,3.0
,,2.0,1.0,2021,,,1.0,2.0,2,1,1.0,1.0,,,,,,67.0,1.0,2.0,4.0,2.0,1.0,2.0,2.0,2.0,,2.0,0.0,,Q1 Lowest,1.0,1.0,2.0,,1.0,,,1.0,,THA,,58246340.0,4.0,1.0,2.0,,,2.0,,,0.138056999,1,1.0,3.0,2.0,,2.0,1,2.0,2.0,189415194,East Asia & Pacific (excluding high income),3.0,,2.0,,2.0,2.0,2.0,2.0,0.0,Thailand,1.0,,False,Male,60_69,2.0
1.0,,1.0,1.0,2021,,,1.0,2.0,1,1,1.0,1.0,1.0,1.0,,1.0,,38.0,1.0,3.0,1.0,1.0,1.0,1.0,1.0,2.0,,1.0,1.0,1.0,Q5 Highest,,2.0,2.0,,1.0,1.0,2.0,1.0,,THA,,58246340.0,4.0,1.0,1.0,,2.0,1.0,,2.0,0.138056999,1,1.0,3.0,1.0,,1.0,1,1.0,1.0,153317788,East Asia & Pacific (excluding high income),2.0,1.0,2.0,,2.0,2.0,1.0,1.0,1.0,Thailand,1.0,,False,Female,30_39,3.0
,,2.0,1.0,2021,,,1.0,2.0,1,1,1.0,2.0,,,,,,35.0,1.0,3.0,4.0,1.0,1.0,1.0,1.0,1.0,,2.0,1.0,1.0,Q4,,,2.0,,2.0,,,1.0,,THA,,58246340.0,4.0,1.0,2.0,,,,,,0.138056999,1,1.0,3.0,2.0,,1.0,1,1.0,1.0,176226785,East Asia & Pacific (excluding high income),3.0,3.0,2.0,,2.0,2.0,1.0,1.0,0.0,Thailand,4.0,,False,Female,30_39,3.0
2.0,,1.0,1.0,2021,,,1.0,2.0,2,1,1.0,1.0,1.0,,,,,34.0,1.0,3.0,1.0,1.0,1.0,1.0,1.0,2.0,,2.0,1.0,1.0,Q5 Highest,,1.0,2.0,,2.0,,2.0,2.0,,THA,,58246340.0,4.0,1.0,1.0,,,1.0,,2.0,0.5261178,1,1.0,3.0,1.0,,2.0,1,1.0,1.0,165930982,East Asia & Pacific (excluding high income),3.0,1.0,2.0,,2.0,2.0,2.0,1.0,1.0,Thailand,1.0,,False,Male,30_39,3.0
,,2.0,2.0,2021,,,0.0,2.0,2,1,1.0,1.0,,,,,,42.0,2.0,1.0,4.0,4.0,1.0,2.0,1.0,2.0,,2.0,1.0,,Q3,,1.0,2.0,,2.0,,,2.0,2.0,THA,,58246340.0,2.0,0.0,,1.0,,1.0,2.0,,1.184889262,1,2.0,3.0,2.0,,1.0,1,1.0,1.0,145154762,East Asia & Pacific (excluding high income),3.0,3.0,2.0,,2.0,1.0,,1.0,1.0,Thailand,1.0,,False,Male,40_49,1.0
2.0,,1.0,1.0,2021,,,1.0,2.0,1,1,1.0,1.0,1.0,,,,,26.0,1.0,3.0,1.0,1.0,1.0,1.0,1.0,2.0,,2.0,1.0,1.0,Q4,,1.0,2.0,2.0,2.0,,2.0,1.0,,THA,,58246340.0,4.0,1.0,1.0,,,1.0,,2.0,0.723324305,1,1.0,3.0,1.0,,1.0,1,1.0,1.0,116492779,East Asia & Pacific (excluding high income),2.0,1.0,2.0,,2.0,2.0,1.0,1.0,1.0,Thailand,1.0,,False,Female,23_29,3.0
1.0,,2.0,1.0,2021,,,1.0,2.0,1,1,1.0,1.0,1.0,,,,,56.0,1.0,3.0,1.0,4.0,1.0,1.0,2.0,4.0,,1.0,1.0,1.0,Q5 Highest,,1.0,2.0,,2.0,,2.0,2.0,,THA,,58246340.0,4.0,1.0,,,,2.0,,2.0,0.138056999,1,2.0,3.0,1.0,,1.0,1,1.0,2.0,128047051,East Asia & Pacific (excluding high income),3.0,,2.0,,2.0,2.0,,1.0,0.0,Thailand,1.0,,False,Female,50_59,3.0
2.0,,1.0,1.0,2021,,,1.0,2.0,2,1,1.0,1.0,1.0,1.0,,2.0,,44.0,1.0,2.0,1.0,2.0,1.0,1.0,1.0,2.0,,1.0,1.0,1.0,Q4,1.0,1.0,2.0,,2.0,2.0,2.0,1.0,,THA,,58246340.0,4.0,1.0,2.0,,2.0,2.0,,2.0,0.82171974,1,1.0,3.0,1.0,,1.0,1,1.0,1.0,113858867,East Asia & Pacific (excluding high income),3.0,1.0,2.0,,2.0,2.0,2.0,1.0,1.0,Thailand,1.0,,False,Male,40_49,2.0
2.0,,2.0,1.0,2021,,,1.0,2.0,2,1,1.0,1.0,1.0,1.0,,2.0,,29.0,1.0,3.0,1.0,1.0,1.0,1.0,1.0,2.0,,1.0,1.0,1.0,Q5 Highest,,1.0,1.0,,2.0,2.0,3.0,1.0,,THA,,58246340.0,4.0,1.0,1.0,,2.0,1.0,,2.0,0.205283208,1,1.0,3.0,1.0,,1.0,1,1.0,1.0,113334102,East Asia & Pacific (excluding high income),3.0,1.0,2.0,,2.0,2.0,2.0,1.0,1.0,Thailand,1.0,,False,Male,23_29,3.0
2.0,,,1.0,2021,,,0.0,2.0,1,1,1.0,1.0,1.0,1.0,,1.0,,54.0,1.0,2.0,1.0,1.0,1.0,2.0,1.0,1.0,,2.0,1.0,,Q3,,1.0,2.0,,2.0,1.0,2.0,2.0,,THA,,58246340.0,4.0,1.0,1.0,,2.0,2.0,,1.0,1.485642246,1,1.0,3.0,1.0,,1.0,2,1.0,1.0,183882107,East Asia & Pacific (excluding high income),3.0,1.0,2.0,,2.0,2.0,1.0,1.0,1.0,Thailand,1.0,,False,Female,50_59,2.0
,,2.0,2.0,2021,,,0.0,2.0,1,1,2.0,1.0,,,,,,48.0,2.0,3.0,4.0,4.0,1.0,2.0,2.0,9.0,,1.0,0.0,,Q5 Highest,,2.0,2.0,,2.0,,,,,THA,,58246340.0,4.0,0.0,,,,1.0,,,0.556236615,1,2.0,,2.0,,2.0,1,1.0,2.0,172896494,East Asia & Pacific (excluding high income),,,2.0,,2.0,2.0,,1.0,1.0,Thailand,1.0,,False,Female,40_49,3.0
2.0,,2.0,2.0,2021,,,1.0,2.0,2,1,1.0,1.0,2.0,,,,,27.0,1.0,1.0,2.0,2.0,1.0,2.0,2.0,4.0,,1.0,1.0,,Q4,1.0,1.0,1.0,,1.0,,,2.0,,THA,,58246340.0,4.0,1.0,2.0,,,2.0,,2.0,2.132876568,1,1.0,3.0,1.0,,2.0,1,1.0,1.0,203834401,East Asia & Pacific (excluding high income),3.0,1.0,2.0,1.0,2.0,2.0,2.0,1.0,0.0,Thailand,1.0,,False,Male,23_29,1.0
,,,1.0,2021,,,0.0,2.0,2,1,1.0,1.0,,1.0,,1.0,,19.0,1.0,2.0,4.0,4.0,1.0,2.0,1.0,4.0,,1.0,1.0,,Q5 Highest,,1.0,2.0,,2.0,1.0,,1.0,,THA,,58246340.0,4.0,1.0,,,2.0,1.0,,,1.545543227,1,2.0,3.0,2.0,,1.0,2,1.0,1.0,185512458,East Asia & Pacific (excluding high income),3.0,1.0,2.0,,1.0,2.0,,2.0,1.0,Thailand,1.0,,False,Male,18_22,2.0
2.0,,1.0,1.0,2021,,,0.0,2.0,1,1,1.0,2.0,1.0,,,,,56.0,1.0,3.0,1.0,1.0,1.0,2.0,1.0,1.0,,1.0,1.0,,Q4,,,2.0,,2.0,,2.0,1.0,,THA,,58246340.0,4.0,1.0,1.0,,,,,2.0,0.194256906,1,1.0,3.0,1.0,,1.0,1,1.0,1.0,126424390,East Asia & Pacific (excluding high income),3.0,2.0,2.0,,2.0,2.0,2.0,1.0,0.0,Thailand,4.0,,False,Female,50_59,3.0
,,1.0,2.0,2021,,,1.0,2.0,2,1,1.0,1.0,,1.0,,1.0,,60.0,1.0,3.0,4.0,4.0,1.0,2.0,1.0,4.0,,1.0,1.0,,Q1 Lowest,,1.0,1.0,4.0,1.0,1.0,,1.0,,THA,,58246340.0,4.0,1.0,,,1.0,1.0,,,0.178323941,1,2.0,1.0,2.0,,1.0,1,1.0,1.0,194434838,East Asia & Pacific (excluding high income),1.0,1.0,2.0,,2.0,2.0,,1.0,1.0,Thailand,1.0,,False,Male,60_69,3.0
1.0,,2.0,1.0,2021,,,1.0,2.0,2,1,1.0,1.0,1.0,1.0,,2.0,,40.0,1.0,3.0,1.0,1.0,1.0,2.0,1.0,1.0,,1.0,1.0,,Q5 Highest,,1.0,2.0,,2.0,1.0,2.0,2.0,,THA,,58246340.0,4.0,1.0,1.0,,1.0,1.0,,2.0,0.422313498,1,1.0,3.0,1.0,,1.0,1,1.0,1.0,121413220,East Asia & Pacific (excluding high income),3.0,1.0,1.0,,2.0,2.0,1.0,1.0,1.0,Thailand,1.0,,False,Male,40_49,3.0
2.0,,1.0,2.0,2021,,,1.0,2.0,1,1,1.0,1.0,1.0,,,,,22.0,1.0,2.0,1.0,2.0,1.0,2.0,1.0,3.0,,1.0,1.0,,Q3,1.0,1.0,1.0,3.0,2.0,,2.0,1.0,,THA,,58246340.0,4.0,1.0,2.0,,,1.0,,1.0,0.715608194,1,1.0,2.0,1.0,,1.0,1,1.0,1.0,209356414,East Asia & Pacific (excluding high income),1.0,2.0,2.0,,2.0,2.0,2.0,1.0,1.0,Thailand,1.0,,False,Female,18_22,2.0
,,,2.0,2021,,,0.0,2.0,2,1,1.0,1.0,,,,,,45.0,2.0,1.0,4.0,4.0,1.0,2.0,2.0,5.0,,1.0,1.0,,Q1 Lowest,,1.0,2.0,,2.0,,,,2.0,THA,,58246340.0,2.0,0.0,,1.0,,2.0,2.0,,0.610308504,1,2.0,1.0,2.0,,1.0,2,1.0,2.0,176776493,East Asia & Pacific (excluding high income),1.0,,2.0,,2.0,1.0,,1.0,0.0,Thailand,1.0,,False,Male,40_49,1.0
2.0,,2.0,2.0,2021,,,0.0,2.0,2,1,1.0,1.0,1.0,,,,,47.0,2.0,2.0,1.0,2.0,1.0,2.0,2.0,2.0,,2.0,1.0,,Q3,1.0,2.0,2.0,2.0,2.0,,3.0,2.0,,THA,,58246340.0,4.0,0.0,2.0,,,1.0,,2.0,1.169913949,1,1.0,2.0,1.0,,2.0,1,2.0,2.0,121360040,East Asia & Pacific (excluding high income),1.0,,2.0,,2.0,2.0,2.0,1.0,1.0,Thailand,1.0,,False,Male,40_49,2.0
2.0,,2.0,1.0,2021,,,1.0,2.0,1,1,1.0,1.0,1.0,1.0,,1.0,,52.0,1.0,3.0,1.0,1.0,1.0,1.0,1.0,1.0,,1.0,1.0,1.0,Q5 Highest,,2.0,2.0,,2.0,1.0,3.0,1.0,,THA,,58246340.0,4.0,1.0,1.0,,2.0,1.0,,2.0,0.381592008,1,1.0,3.0,1.0,,1.0,1,1.0,1.0,119486603,East Asia & Pacific (excluding high income),3.0,1.0,2.0,,2.0,2.0,1.0,1.0,1.0,Thailand,1.0,,False,Female,50_59,3.0
2.0,,2.0,1.0,2021,,,1.0,2.0,1,1,1.0,1.0,1.0,,,,,36.0,1.0,2.0,1.0,2.0,1.0,1.0,2.0,2.0,,1.0,1.0,1.0,Q4,1.0,2.0,2.0,,2.0,,2.0,1.0,,THA,,58246340.0,4.0,1.0,2.0,,,1.0,,2.0,2.47477418,1,1.0,3.0,1.0,,2.0,1,1.0,1.0,129368068,East Asia & Pacific (excluding high income),2.0,3.0,2.0,,2.0,2.0,2.0,1.0,1.0,Thailand,1.0,,False,Female,30_39,2.0
2.0,,2.0,1.0,2021,,,1.0,1.0,2,1,1.0,1.0,1.0,,,,,60.0,1.0,3.0,1.0,4.0,1.0,1.0,2.0,2.0,,1.0,1.0,1.0,Q4,,1.0,2.0,,2.0,,2.0,3.0,,THA,2.0,58246340.0,4.0,1.0,,,,2.0,,2.0,0.615713306,1,2.0,3.0,1.0,,1.0,1,1.0,1.0,157941567,East Asia & Pacific (excluding high income),3.0,3.0,2.0,,1.0,2.0,,2.0,0.0,Thailand,1.0,,False,Male,60_69,3.0
,,,2.0,2021,,,0.0,2.0,2,1,2.0,1.0,,,,,,15.0,2.0,1.0,4.0,4.0,1.0,2.0,2.0,2.0,,2.0,0.0,,Q5 Highest,,1.0,2.0,,2.0,,,,,THA,,58246340.0,4.0,0.0,,,,2.0,,,0.708467223,1,2.0,1.0,2.0,,2.0,2,2.0,2.0,201036522,East Asia & Pacific (excluding high income),1.0,,2.0,,2.0,2.0,,1.0,0.0,Thailand,1.0,,False,Male,17_or_less,1.0
,,2.0,2.0,2021,,,0.0,2.0,2,1,2.0,2.0,,,,,,27.0,2.0,1.0,4.0,4.0,1.0,2.0,2.0,2.0,,2.0,0.0,,Q1 Lowest,,,2.0,3.0,2.0,,,,2.0,THA,,58246340.0,2.0,0.0,,1.0,,,2.0,,0.905456944,1,2.0,1.0,2.0,,1.0,1,2.0,2.0,176411596,East Asia & Pacific (excluding high income),1.0,,2.0,,2.0,1.0,,1.0,0.0,Thailand,4.0,,False,Male,23_29,1.0
2.0,,,1.0,2021,,,0.0,2.0,2,1,1.0,1.0,2.0,1.0,2.0,1.0,,41.0,1.0,3.0,2.0,1.0,1.0,2.0,1.0,2.0,,1.0,1.0,,Q5 Highest,,2.0,2.0,,2.0,1.0,,1.0,,THA,,58246340.0,4.0,1.0,1.0,,2.0,2.0,,2.0,0.138056999,1,1.0,3.0,1.0,,1.0,2,1.0,1.0,140043975,East Asia & Pacific (excluding high income),3.0,3.0,2.0,1.0,2.0,2.0,1.0,1.0,1.0,Thailand,3.0,,False,Male,40_49,3.0
2.0,,1.0,1.0,2021,,,1.0,1.0,1,1,1.0,1.0,1.0,,,,,39.0,1.0,3.0,1.0,1.0,1.0,1.0,1.0,4.0,,2.0,1.0,1.0,Q3,,2.0,1.0,1.0,1.0,,1.0,1.0,,THA,2.0,58246340.0,4.0,1.0,1.0,,,1.0,,1.0,0.179869145,1,1.0,1.0,1.0,,1.0,1,2.0,1.0,179718857,East Asia & Pacific (excluding high income),1.0,3.0,1.0,,2.0,2.0,1.0,1.0,1.0,Thailand,1.0,,False,Female,30_39,3.0
,,2.0,1.0,2021,,,0.0,2.0,1,1,1.0,1.0,,1.0,,1.0,,18.0,1.0,2.0,4.0,4.0,1.0,2.0,1.0,2.0,,1.0,1.0,,Q5 Highest,,1.0,2.0,4.0,2.0,1.0,,2.0,,THA,,58246340.0,4.0,1.0,,,2.0,2.0,,,0.998332341,1,2.0,3.0,2.0,,1.0,1,1.0,1.0,124438242,East Asia & Pacific (excluding high income),3.0,3.0,2.0,,2.0,2.0,,2.0,1.0,Thailand,1.0,,False,Female,18_22,2.0
1.0,,2.0,1.0,2021,,,0.0,1.0,1,1,1.0,2.0,1.0,1.0,,1.0,,32.0,2.0,3.0,1.0,1.0,1.0,2.0,1.0,1.0,,2.0,1.0,,Q5 Highest,,,2.0,,2.0,1.0,2.0,1.0,,THA,2.0,58246340.0,4.0,1.0,1.0,,2.0,,,2.0,0.492041084,1,1.0,3.0,1.0,,1.0,1,1.0,1.0,129301580,East Asia & Pacific (excluding high income),3.0,1.0,2.0,,2.0,2.0,1.0,1.0,1.0,Thailand,4.0,,False,Female,30_39,3.0
2.0,,,2.0,2021,,,1.0,2.0,2,1,1.0,1.0,1.0,1.0,,1.0,,54.0,1.0,2.0,1.0,1.0,1.0,2.0,1.0,8.0,,2.0,1.0,,Q2,,1.0,2.0,3.0,2.0,1.0,2.0,1.0,,THA,,58246340.0,4.0,1.0,1.0,,2.0,2.0,,1.0,1.564152131,1,1.0,,1.0,,1.0,2,1.0,1.0,148260396,East Asia & Pacific (excluding high income),,3.0,1.0,,2.0,2.0,2.0,1.0,1.0,Thailand,1.0,,False,Male,50_59,2.0
2.0,,2.0,2.0,2021,,,1.0,2.0,2,1,1.0,2.0,1.0,1.0,,3.0,,20.0,2.0,1.0,1.0,4.0,1.0,2.0,2.0,3.0,,1.0,1.0,,Q5 Highest,,,1.0,3.0,2.0,1.0,2.0,3.0,,THA,,58246340.0,4.0,0.0,,,1.0,,,1.0,1.944532089,1,2.0,2.0,1.0,,1.0,1,1.0,1.0,179712912,East Asia & Pacific (excluding high income),1.0,3.0,2.0,,2.0,2.0,,1.0,1.0,Thailand,4.0,,False,Male,18_22,1.0
2.0,,1.0,1.0,2021,,,1.0,2.0,2,1,1.0,1.0,1.0,,,,,32.0,1.0,3.0,1.0,4.0,1.0,1.0,1.0,2.0,,1.0,1.0,1.0,Q5 Highest,,1.0,2.0,1.0,2.0,,2.0,2.0,,THA,,58246340.0,4.0,1.0,,,,1.0,,2.0,0.205283208,1,2.0,2.0,1.0,,1.0,1,1.0,1.0,173698166,East Asia & Pacific (excluding high income),2.0,1.0,2.0,,2.0,2.0,,1.0,1.0,Thailand,1.0,,False,Male,30_39,3.0
2.0,,,1.0,2021,,,1.0,2.0,1,1,1.0,1.0,1.0,,,,,39.0,1.0,3.0,1.0,1.0,1.0,1.0,1.0,2.0,,2.0,1.0,1.0,Q5 Highest,,1.0,2.0,,2.0,,1.0,1.0,,THA,,58246340.0,4.0,1.0,1.0,,,1.0,,1.0,0.273252673,1,1.0,3.0,1.0,,1.0,2,1.0,1.0,117304990,East Asia & Pacific (excluding high income),3.0,3.0,2.0,,2.0,2.0,1.0,1.0,1.0,Thailand,1.0,,False,Female,30_39,3.0
2.0,,2.0,1.0,2021,,,1.0,2.0,1,1,1.0,1.0,1.0,,,,,45.0,1.0,3.0,1.0,4.0,1.0,1.0,1.0,1.0,,2.0,1.0,1.0,Q5 Highest,,1.0,2.0,,2.0,,2.0,1.0,,THA,,58246340.0,4.0,1.0,,,,1.0,,2.0,0.519390247,1,2.0,3.0,1.0,,1.0,1,1.0,1.0,179153345,East Asia & Pacific (excluding high income),3.0,3.0,2.0,,2.0,2.0,,1.0,1.0,Thailand,1.0,,False,Female,40_49,3.0
2.0,,2.0,1.0,2021,,,1.0,2.0,2,1,1.0,2.0,1.0,1.0,,2.0,,31.0,1.0,3.0,1.0,1.0,1.0,1.0,1.0,1.0,,1.0,1.0,1.0,Q5 Highest,,,2.0,2.0,2.0,1.0,2.0,1.0,,THA,,58246340.0,4.0,1.0,1.0,,2.0,,,2.0,1.232493599,1,1.0,3.0,1.0,,1.0,1,1.0,1.0,168115370,East Asia & Pacific (excluding high income),3.0,1.0,2.0,,2.0,2.0,2.0,1.0,1.0,Thailand,4.0,,False,Male,30_39,3.0
1.0,,2.0,1.0,2021,,,1.0,2.0,2,1,1.0,1.0,1.0,,,,,20.0,1.0,3.0,1.0,2.0,1.0,2.0,4.0,9.0,,4.0,0.0,,Q5 Highest,1.0,1.0,1.0,2.0,2.0,,2.0,2.0,,THA,,58246340.0,4.0,1.0,2.0,,,2.0,,2.0,0.679821138,1,1.0,,1.0,,1.0,1,1.0,4.0,113319660,East Asia & Pacific (excluding high income),,,2.0,,2.0,2.0,2.0,1.0,0.0,Thailand,1.0,,False,Male,18_22,3.0
,,2.0,2.0,2021,,,1.0,2.0,2,1,1.0,1.0,,,,,,25.0,2.0,1.0,4.0,4.0,1.0,2.0,2.0,2.0,,1.0,1.0,,Q5 Highest,,2.0,1.0,,2.0,,,1.0,,THA,,58246340.0,4.0,0.0,,,,1.0,,,1.393369416,1,2.0,3.0,2.0,,1.0,1,1.0,2.0,117722538,East Asia & Pacific (excluding high income),1.0,,2.0,,2.0,2.0,,1.0,1.0,Thailand,1.0,,False,Male,23_29,1.0
2.0,,,2.0,2021,,,1.0,2.0,1,1,1.0,1.0,2.0,,,,,45.0,2.0,1.0,2.0,2.0,1.0,2.0,2.0,4.0,,1.0,0.0,,Q2,1.0,1.0,2.0,4.0,2.0,,,1.0,,THA,,58246340.0,4.0,0.0,2.0,,,1.0,,2.0,0.924427522,1,1.0,1.0,1.0,,1.0,2,1.0,1.0,116342525,East Asia & Pacific (excluding high income),1.0,2.0,1.0,1.0,2.0,2.0,2.0,1.0,1.0,Thailand,1.0,,False,Female,40_49,1.0
,,2.0,1.0,2021,,,1.0,2.0,1,1,1.0,1.0,,,,,,46.0,1.0,2.0,4.0,2.0,1.0,2.0,1.0,4.0,,2.0,1.0,,Q3,1.0,1.0,2.0,4.0,1.0,,,1.0,,THA,,58246340.0,4.0,1.0,2.0,,,1.0,,,1.392867721,1,1.0,3.0,2.0,,1.0,1,1.0,1.0,195326404,East Asia & Pacific (excluding high income),3.0,3.0,2.0,,2.0,2.0,2.0,2.0,1.0,Thailand,1.0,,False,Female,40_49,2.0
2.0,,1.0,1.0,2021,,,1.0,2.0,1,1,1.0,1.0,1.0,2.0,,1.0,,43.0,1.0,3.0,1.0,2.0,1.0,2.0,1.0,4.0,,1.0,1.0,,Q3,1.0,1.0,1.0,3.0,1.0,2.0,1.0,1.0,,THA,,58246340.0,4.0,1.0,2.0,,2.0,1.0,,1.0,0.289066686,1,1.0,2.0,1.0,,1.0,1,1.0,1.0,162908331,East Asia & Pacific (excluding high income),2.0,3.0,2.0,,2.0,2.0,2.0,1.0,1.0,Thailand,1.0,,False,Female,40_49,3.0
1.0,,,1.0,2021,,,0.0,2.0,2,1,1.0,2.0,1.0,1.0,,1.0,,22.0,1.0,3.0,1.0,4.0,1.0,2.0,1.0,6.0,,1.0,1.0,,Q3,,,2.0,4.0,2.0,1.0,1.0,1.0,,THA,,58246340.0,4.0,1.0,,,2.0,,,2.0,0.435480365,1,2.0,2.0,1.0,,1.0,2,1.0,1.0,189274613,East Asia & Pacific (excluding high income),2.0,1.0,2.0,,2.0,2.0,,1.0,1.0,Thailand,4.0,,False,Male,18_22,3.0
2.0,,1.0,1.0,2021,,,1.0,2.0,1,1,1.0,1.0,1.0,1.0,,1.0,,32.0,1.0,2.0,1.0,1.0,1.0,1.0,1.0,2.0,,2.0,1.0,1.0,Q3,,1.0,1.0,2.0,2.0,1.0,1.0,1.0,1.0,THA,,58246340.0,1.0,1.0,1.0,,2.0,1.0,1.0,1.0,0.28810274,1,1.0,1.0,1.0,,1.0,1,1.0,1.0,136994868,East Asia & Pacific (excluding high income),1.0,1.0,2.0,,2.0,1.0,1.0,1.0,1.0,Thailand,1.0,,False,Female,30_39,2.0
2.0,,1.0,1.0,2021,,,0.0,2.0,1,1,1.0,1.0,1.0,2.0,,1.0,,51.0,1.0,1.0,1.0,2.0,1.0,1.0,2.0,2.0,,1.0,1.0,2.0,Q5 Highest,1.0,1.0,2.0,1.0,2.0,1.0,2.0,2.0,,THA,,58246340.0,4.0,1.0,2.0,,2.0,1.0,,1.0,2.338900333,1,1.0,3.0,1.0,,1.0,1,1.0,1.0,148574404,East Asia & Pacific (excluding high income),3.0,3.0,2.0,,2.0,2.0,2.0,1.0,1.0,Thailand,1.0,,False,Female,50_59,1.0
3.0,,1.0,1.0,2021,,,1.0,2.0,1,1,1.0,2.0,1.0,,,,,45.0,1.0,3.0,1.0,4.0,1.0,1.0,2.0,1.0,,2.0,1.0,1.0,Q5 Highest,,,2.0,,2.0,,2.0,1.0,,THA,,58246340.0,4.0,1.0,,,,,,2.0,0.560958796,1,2.0,3.0,1.0,,1.0,1,2.0,2.0,187717886,East Asia & Pacific (excluding high income),3.0,,2.0,,2.0,2.0,,1.0,0.0,Thailand,4.0,,False,Female,40_49,3.0
2.0,2.0,,1.0,2021,,1.0,0.0,2.0,2,1,,1.0,2.0,,,,2.0,45.0,1.0,2.0,2.0,1.0,1.0,,1.0,2.0,1.0,2.0,1.0,,Q4,,2.0,2.0,1.0,2.0,,,,,THA,,58246340.0,4.0,1.0,1.0,,,1.0,,2.0,1.119834655,1,1.0,3.0,1.0,2.0,,2,,1.0,127319756,East Asia & Pacific (excluding high income),2.0,2.0,2.0,1.0,2.0,2.0,1.0,1.0,1.0,Thailand,1.0,1.0,False,Male,40_49,2.0
1.0,,2.0,1.0,2021,,,1.0,1.0,1,1,1.0,1.0,1.0,1.0,,1.0,,45.0,1.0,3.0,1.0,1.0,1.0,1.0,1.0,2.0,,1.0,1.0,1.0,Q3,,1.0,2.0,,2.0,2.0,2.0,2.0,,THA,2.0,58246340.0,4.0,1.0,1.0,,2.0,2.0,,2.0,0.381592008,1,1.0,2.0,1.0,,1.0,1,1.0,1.0,186910869,East Asia & Pacific (excluding high income),2.0,3.0,2.0,,2.0,2.0,1.0,1.0,1.0,Thailand,1.0,,False,Female,40_49,3.0
,,1.0,1.0,2021,,,1.0,1.0,1,1,1.0,1.0,,,,,,41.0,1.0,3.0,4.0,1.0,1.0,1.0,1.0,2.0,,1.0,1.0,1.0,Q4,,1.0,1.0,,2.0,,,1.0,2.0,THA,1.0,58246340.0,2.0,1.0,1.0,1.0,,2.0,2.0,,0.179869145,1,1.0,2.0,2.0,,1.0,1,1.0,1.0,154441121,East Asia & Pacific (excluding high income),2.0,2.0,2.0,,2.0,1.0,1.0,1.0,0.0,Thailand,1.0,,False,Female,40_49,3.0
,,,1.0,2021,,,1.0,2.0,2,1,1.0,1.0,,1.0,,1.0,,41.0,1.0,2.0,4.0,1.0,1.0,1.0,1.0,1.0,,2.0,1.0,1.0,Q1 Lowest,,2.0,2.0,,2.0,1.0,,1.0,,THA,,58246340.0,4.0,1.0,1.0,,2.0,1.0,,,0.672984322,1,1.0,3.0,2.0,,1.0,2,1.0,1.0,123427268,East Asia & Pacific (excluding high income),3.0,1.0,2.0,,2.0,2.0,2.0,1.0,1.0,Thailand,1.0,,False,Male,40_49,2.0
,,1.0,1.0,2021,,,1.0,2.0,1,1,1.0,1.0,,,,,,48.0,2.0,1.0,4.0,2.0,1.0,2.0,2.0,9.0,,2.0,0.0,,Q4,1.0,1.0,1.0,4.0,2.0,,,,,THA,,58246340.0,4.0,1.0,2.0,,,2.0,,,0.412110893,1,1.0,,2.0,,2.0,1,1.0,2.0,174614104,East Asia & Pacific (excluding high income),,,2.0,,1.0,2.0,2.0,1.0,0.0,Thailand,1.0,,False,Female,40_49,1.0
,,1.0,1.0,2021,,,1.0,2.0,1,1,1.0,2.0,,,,,,46.0,1.0,3.0,4.0,1.0,1.0,1.0,1.0,2.0,,1.0,1.0,1.0,Q4,,,2.0,1.0,2.0,,,1.0,,THA,,58246340.0,4.0,1.0,1.0,,,,,,0.218877638,1,1.0,3.0,2.0,,1.0,1,1.0,1.0,113559107,East Asia & Pacific (excluding high income),2.0,1.0,2.0,,2.0,2.0,1.0,1.0,0.0,Thailand,4.0,,False,Female,40_49,3.0
2.0,,2.0,1.0,2021,,,1.0,2.0,1,1,1.0,1.0,1.0,1.0,,1.0,,49.0,1.0,3.0,1.0,1.0,1.0,1.0,1.0,1.0,,2.0,1.0,1.0,Q5 Highest,,2.0,1.0,2.0,2.0,2.0,2.0,1.0,,THA,,58246340.0,4.0,1.0,1.0,,2.0,1.0,,2.0,0.138056999,1,1.0,2.0,1.0,,1.0,1,1.0,1.0,208975298,East Asia & Pacific (excluding high income),2.0,3.0,2.0,,2.0,2.0,1.0,1.0,1.0,Thailand,1.0,,False,Female,40_49,3.0
1.0,,1.0,1.0,2021,,,0.0,2.0,1,1,1.0,1.0,1.0,1.0,,1.0,,40.0,1.0,3.0,1.0,4.0,1.0,2.0,2.0,7.0,,2.0,1.0,,Q5 Highest,,1.0,2.0,,2.0,2.0,2.0,1.0,,THA,,58246340.0,4.0,1.0,,,2.0,2.0,,2.0,0.138056999,1,2.0,,1.0,,1.0,1,1.0,1.0,182112155,East Asia & Pacific (excluding high income),,1.0,2.0,,2.0,2.0,,1.0,1.0,Thailand,1.0,,False,Female,40_49,3.0
2.0,,,1.0,2021,,,0.0,2.0,1,1,1.0,1.0,1.0,1.0,,1.0,,46.0,1.0,2.0,1.0,1.0,1.0,2.0,1.0,2.0,,1.0,1.0,,Q4,,2.0,2.0,1.0,2.0,1.0,2.0,2.0,,THA,,58246340.0,4.0,1.0,1.0,,2.0,1.0,,1.0,0.139028526,1,1.0,2.0,1.0,,1.0,2,1.0,1.0,151120850,East Asia & Pacific (excluding high income),1.0,2.0,2.0,,2.0,2.0,2.0,1.0,1.0,Thailand,1.0,,False,Female,40_49,2.0
,,2.0,1.0,2021,,,0.0,2.0,1,1,1.0,1.0,,1.0,,2.0,,23.0,1.0,1.0,4.0,1.0,1.0,2.0,1.0,1.0,,1.0,1.0,,Q3,,1.0,2.0,,2.0,1.0,,2.0,,THA,,58246340.0,4.0,1.0,1.0,,2.0,1.0,,,5.714441691,1,1.0,3.0,2.0,,1.0,1,1.0,1.0,202790056,East Asia & Pacific (excluding high income),3.0,3.0,2.0,,2.0,2.0,1.0,2.0,1.0,Thailand,1.0,,False,Female,23_29,1.0
,2.0,,2.0,2021,,2.0,1.0,2.0,2,1,,1.0,,1.0,,1.0,2.0,18.0,2.0,2.0,4.0,4.0,1.0,,2.0,2.0,2.0,1.0,0.0,,Q5 Highest,,1.0,2.0,2.0,2.0,1.0,,,,THA,,58246340.0,4.0,0.0,,,1.0,2.0,,,3.987921876,1,2.0,1.0,2.0,1.0,,2,,1.0,118965431,East Asia & Pacific (excluding high income),1.0,2.0,2.0,,2.0,2.0,,2.0,1.0,Thailand,1.0,2.0,False,Male,18_22,2.0
,,,2.0,2021,,,1.0,2.0,2,1,1.0,1.0,,,2.0,,,32.0,2.0,2.0,4.0,4.0,1.0,2.0,2.0,2.0,,1.0,0.0,,Q4,,2.0,1.0,4.0,2.0,,,1.0,,THA,,58246340.0,4.0,0.0,,,,2.0,,,2.132876568,1,2.0,2.0,2.0,,2.0,2,1.0,2.0,154302453,East Asia & Pacific (excluding high income),1.0,,2.0,,2.0,2.0,,1.0,0.0,Thailand,1.0,,False,Male,30_39,2.0
2.0,2.0,,1.0,2021,1.0,1.0,0.0,2.0,2,0,,1.0,2.0,,1.0,,1.0,50.0,2.0,1.0,2.0,4.0,0.0,,2.0,4.0,2.0,2.0,0.0,,Q1 Lowest,,2.0,2.0,3.0,2.0,,,,,THA,,58246340.0,4.0,1.0,,,,2.0,,2.0,1.119834655,0,2.0,1.0,1.0,2.0,,2,,1.0,143055314,East Asia & Pacific (excluding high income),1.0,2.0,2.0,1.0,2.0,2.0,,1.0,0.0,Thailand,2.0,2.0,False,Male,50_59,1.0
2.0,,1.0,1.0,2021,,,0.0,2.0,1,1,1.0,1.0,1.0,1.0,,1.0,,25.0,1.0,3.0,1.0,1.0,1.0,2.0,1.0,5.0,,1.0,1.0,,Q1 Lowest,,1.0,2.0,3.0,2.0,1.0,2.0,1.0,,THA,,58246340.0,4.0,1.0,1.0,,2.0,2.0,,2.0,0.224080829,1,1.0,3.0,1.0,,1.0,1,1.0,1.0,123140317,East Asia & Pacific (excluding high income),2.0,1.0,2.0,,2.0,2.0,2.0,1.0,1.0,Thailand,1.0,,False,Female,23_29,3.0
,,,2.0,2021,,,0.0,2.0,1,1,2.0,2.0,,,,,,16.0,2.0,1.0,4.0,4.0,0.0,2.0,2.0,9.0,,2.0,0.0,,Q1 Lowest,,,2.0,3.0,2.0,,,,,THA,,58246340.0,4.0,0.0,,,,,,,1.698510942,1,2.0,,2.0,,2.0,2,2.0,2.0,138498121,East Asia & Pacific (excluding high income),,,2.0,,2.0,2.0,,2.0,0.0,Thailand,4.0,,False,Female,17_or_less,1.0
2.0,,2.0,2.0,2021,,,0.0,2.0,1,1,1.0,2.0,1.0,,,,,46.0,1.0,2.0,1.0,4.0,1.0,2.0,2.0,2.0,,2.0,0.0,,Q5 Highest,,,2.0,,2.0,,2.0,2.0,,THA,,58246340.0,4.0,1.0,,,,,,2.0,0.620798208,1,2.0,3.0,1.0,,1.0,1,1.0,2.0,181600035,East Asia & Pacific (excluding high income),3.0,,2.0,,2.0,2.0,,1.0,0.0,Thailand,4.0,,False,Female,40_49,2.0
2.0,,2.0,1.0,2021,,,1.0,2.0,2,1,1.0,1.0,1.0,1.0,,1.0,,30.0,1.0,3.0,1.0,1.0,1.0,2.0,1.0,3.0,,1.0,1.0,,Q3,,1.0,2.0,3.0,2.0,1.0,1.0,1.0,,THA,,58246340.0,4.0,1.0,1.0,,1.0,1.0,,1.0,0.357891433,1,1.0,2.0,1.0,,1.0,1,1.0,1.0,150432853,East Asia & Pacific (excluding high income),1.0,1.0,2.0,,2.0,2.0,1.0,1.0,1.0,Thailand,1.0,,False,Male,30_39,3.0
2.0,,1.0,2.0,2021,,,0.0,2.0,1,1,1.0,1.0,1.0,1.0,,1.0,,38.0,1.0,3.0,1.0,1.0,1.0,2.0,1.0,1.0,,1.0,1.0,,Q4,,1.0,2.0,2.0,2.0,1.0,2.0,1.0,,THA,,58246340.0,4.0,1.0,1.0,,2.0,1.0,,1.0,0.138056999,1,1.0,3.0,1.0,,1.0,1,1.0,1.0,173992066,East Asia & Pacific (excluding high income),3.0,3.0,2.0,,2.0,2.0,1.0,1.0,1.0,Thailand,1.0,,False,Female,30_39,3.0
,,,2.0,2021,,,1.0,2.0,1,1,1.0,1.0,,,,,,62.0,2.0,1.0,4.0,4.0,1.0,2.0,2.0,2.0,,1.0,0.0,,Q1 Lowest,,1.0,1.0,2.0,2.0,,,2.0,,THA,,58246340.0,4.0,0.0,,,,2.0,,,5.395656489,1,2.0,1.0,2.0,,1.0,2,2.0,2.0,145616884,East Asia & Pacific (excluding high income),1.0,,2.0,,1.0,2.0,,1.0,0.0,Thailand,1.0,,False,Female,60_69,1.0
,,2.0,2.0,2021,,,0.0,2.0,1,1,1.0,1.0,,,,,,37.0,2.0,3.0,4.0,2.0,1.0,2.0,1.0,2.0,,1.0,0.0,,Q3,1.0,2.0,2.0,4.0,2.0,,,2.0,,THA,,58246340.0,4.0,0.0,2.0,,,1.0,,,0.269424034,1,1.0,2.0,2.0,,1.0,1,1.0,2.0,201331315,East Asia & Pacific (excluding high income),2.0,,2.0,,2.0,2.0,2.0,2.0,1.0,Thailand,1.0,,False,Female,30_39,3.0
,,2.0,1.0,2021,,,0.0,2.0,2,1,1.0,1.0,,,,,,57.0,1.0,2.0,4.0,2.0,1.0,2.0,1.0,2.0,,1.0,1.0,,Q2,1.0,2.0,2.0,2.0,2.0,,,1.0,,THA,,58246340.0,4.0,1.0,2.0,,,1.0,,,0.976110821,1,1.0,1.0,2.0,,1.0,1,1.0,1.0,194327472,East Asia & Pacific (excluding high income),1.0,3.0,2.0,,2.0,2.0,2.0,1.0,1.0,Thailand,1.0,,False,Male,50_59,2.0
2.0,,2.0,1.0,2021,,,1.0,1.0,2,1,1.0,1.0,1.0,1.0,,1.0,,40.0,1.0,3.0,1.0,1.0,1.0,1.0,1.0,2.0,,2.0,1.0,1.0,Q5 Highest,,1.0,2.0,,2.0,1.0,2.0,1.0,,THA,2.0,58246340.0,4.0,1.0,1.0,,2.0,1.0,,2.0,0.989319659,1,1.0,3.0,1.0,,1.0,1,1.0,1.0,121029659,East Asia & Pacific (excluding high income),3.0,1.0,2.0,,2.0,2.0,2.0,1.0,1.0,Thailand,1.0,,False,Male,40_49,3.0
,,1.0,2.0,2021,,,0.0,2.0,1,1,1.0,1.0,,,2.0,,,38.0,1.0,1.0,4.0,2.0,1.0,2.0,2.0,8.0,,2.0,1.0,,Q3,1.0,2.0,2.0,4.0,2.0,,,2.0,,THA,,58246340.0,4.0,1.0,2.0,,,2.0,,,3.104973731,1,1.0,,2.0,,1.0,1,1.0,2.0,143990734,East Asia & Pacific (excluding high income),,,2.0,,2.0,2.0,2.0,2.0,0.0,Thailand,3.0,,False,Female,30_39,1.0
,,2.0,2.0,2021,,,1.0,2.0,1,1,1.0,1.0,,,2.0,,,36.0,2.0,1.0,4.0,4.0,1.0,2.0,1.0,2.0,,1.0,1.0,,Q4,,2.0,1.0,3.0,2.0,,,1.0,,THA,,58246340.0,4.0,0.0,,,,2.0,,,0.517162093,1,2.0,2.0,2.0,,1.0,1,1.0,1.0,136672778,East Asia & Pacific (excluding high income),1.0,3.0,1.0,,2.0,2.0,,2.0,0.0,Thailand,1.0,,False,Female,30_39,1.0
2.0,,2.0,1.0,2021,,,1.0,4.0,2,1,1.0,1.0,1.0,,,,,46.0,1.0,3.0,1.0,1.0,1.0,1.0,1.0,2.0,,2.0,1.0,1.0,Q3,,1.0,2.0,4.0,2.0,,2.0,1.0,,THA,,58246340.0,4.0,1.0,2.0,,,1.0,,1.0,0.404584751,1,1.0,2.0,1.0,,1.0,1,1.0,1.0,181252927,East Asia & Pacific (excluding high income),1.0,3.0,2.0,,2.0,2.0,1.0,1.0,1.0,Thailand,1.0,,False,Male,40_49,3.0
1.0,,,1.0,2021,,,1.0,2.0,1,1,1.0,2.0,1.0,,,,,60.0,1.0,3.0,1.0,1.0,1.0,1.0,2.0,1.0,,1.0,1.0,1.0,Q4,,,2.0,2.0,2.0,,2.0,,,THA,,58246340.0,4.0,1.0,2.0,,,,,2.0,0.138056999,1,1.0,2.0,1.0,,2.0,4,2.0,2.0,170045794,East Asia & Pacific (excluding high income),2.0,,2.0,,2.0,2.0,1.0,1.0,0.0,Thailand,4.0,,False,Female,60_69,3.0
,,2.0,2.0,2021,,,0.0,2.0,2,1,1.0,1.0,,,,,,50.0,1.0,3.0,4.0,4.0,1.0,2.0,2.0,2.0,,2.0,0.0,,Q2,,2.0,2.0,,2.0,,,2.0,2.0,THA,,58246340.0,1.0,1.0,,,,1.0,1.0,,0.172706162,1,2.0,3.0,2.0,,1.0,1,1.0,2.0,208120245,East Asia & Pacific (excluding high income),3.0,,2.0,,2.0,1.0,,1.0,1.0,Thailand,1.0,,False,Male,50_59,3.0
,,2.0,1.0,2021,,,1.0,2.0,2,1,2.0,1.0,,,,,,88.0,2.0,2.0,4.0,4.0,1.0,1.0,2.0,2.0,,1.0,0.0,1.0,Q3,,1.0,2.0,,2.0,,,,,THA,,58246340.0,4.0,1.0,,,,2.0,,,5.714441691,1,2.0,3.0,2.0,,2.0,1,1.0,2.0,200661609,East Asia & Pacific (excluding high income),3.0,,2.0,,2.0,2.0,,2.0,0.0,Thailand,1.0,,False,Male,70_plus,2.0
2.0,,2.0,1.0,2021,,,1.0,1.0,1,1,1.0,1.0,1.0,1.0,,1.0,,37.0,2.0,2.0,1.0,1.0,1.0,2.0,1.0,2.0,,2.0,1.0,,Q3,,1.0,1.0,3.0,1.0,2.0,1.0,1.0,,THA,1.0,58246340.0,4.0,1.0,1.0,,2.0,2.0,,1.0,1.695310976,1,1.0,1.0,1.0,,1.0,1,1.0,1.0,209398381,East Asia & Pacific (excluding high income),1.0,2.0,2.0,,1.0,2.0,1.0,1.0,1.0,Thailand,1.0,,False,Female,30_39,2.0
,,1.0,1.0,2021,,,0.0,2.0,2,1,1.0,1.0,,1.0,,1.0,,22.0,1.0,2.0,4.0,1.0,1.0,2.0,1.0,2.0,,1.0,1.0,,Q5 Highest,,1.0,2.0,,2.0,1.0,,2.0,,THA,,58246340.0,4.0,1.0,1.0,,2.0,2.0,,,4.84750417,1,1.0,3.0,2.0,,1.0,1,1.0,1.0,136294868,East Asia & Pacific (excluding high income),3.0,1.0,2.0,,2.0,2.0,1.0,2.0,1.0,Thailand,1.0,,False,Male,18_22,2.0
2.0,,1.0,2.0,2021,,,1.0,2.0,1,1,1.0,2.0,1.0,,,,,41.0,2.0,3.0,1.0,1.0,1.0,2.0,1.0,2.0,,1.0,1.0,,Q3,,,1.0,3.0,2.0,,1.0,2.0,,THA,,58246340.0,4.0,0.0,1.0,,,,,2.0,0.169904481,1,1.0,2.0,1.0,,1.0,1,1.0,1.0,132934519,East Asia & Pacific (excluding high income),1.0,2.0,2.0,,2.0,2.0,1.0,1.0,0.0,Thailand,4.0,,False,Female,40_49,4.0
,,1.0,1.0,2021,,,0.0,2.0,2,1,2.0,2.0,,2.0,,1.0,,15.0,1.0,1.0,4.0,4.0,1.0,2.0,1.0,2.0,,1.0,1.0,,Q4,,,2.0,,2.0,2.0,,,,THA,,58246340.0,4.0,1.0,,,2.0,,,,0.70266613,1,2.0,3.0,2.0,,1.0,1,1.0,1.0,173566752,East Asia & Pacific (excluding high income),3.0,3.0,2.0,,2.0,2.0,,2.0,1.0,Thailand,4.0,,False,Male,17_or_less,1.0
1.0,,,1.0,2021,,,0.0,1.0,1,1,1.0,1.0,1.0,,,,,34.0,2.0,3.0,1.0,1.0,1.0,2.0,1.0,5.0,,2.0,1.0,,Q4,,2.0,2.0,,2.0,,2.0,2.0,2.0,THA,2.0,58246340.0,1.0,1.0,1.0,,,1.0,1.0,2.0,0.337552293,1,1.0,3.0,1.0,,1.0,2,1.0,1.0,161173784,East Asia & Pacific (excluding high income),3.0,1.0,2.0,,2.0,1.0,1.0,1.0,1.0,Thailand,1.0,,False,Female,30_39,3.0
,,1.0,2.0,2021,,,1.0,2.0,2,1,1.0,1.0,,1.0,,1.0,,49.0,1.0,3.0,4.0,1.0,1.0,1.0,1.0,2.0,,1.0,1.0,1.0,Q4,,2.0,1.0,2.0,2.0,1.0,,1.0,2.0,THA,,58246340.0,2.0,1.0,1.0,1.0,2.0,1.0,2.0,,0.14740566,1,1.0,2.0,2.0,,1.0,1,1.0,1.0,124013773,East Asia & Pacific (excluding high income),2.0,3.0,2.0,,2.0,1.0,2.0,1.0,1.0,Thailand,1.0,,False,Male,40_49,3.0
2.0,,2.0,1.0,2021,,,1.0,2.0,1,1,1.0,2.0,1.0,2.0,,1.0,,38.0,1.0,3.0,1.0,1.0,1.0,1.0,1.0,1.0,,1.0,1.0,1.0,Q5 Highest,,,2.0,,2.0,2.0,2.0,2.0,,THA,,58246340.0,4.0,1.0,1.0,,2.0,,,2.0,0.640126926,1,1.0,3.0,1.0,,1.0,1,1.0,1.0,175017046,East Asia & Pacific (excluding high income),3.0,3.0,2.0,,2.0,2.0,2.0,1.0,1.0,Thailand,4.0,,False,Female,30_39,3.0
1.0,,,2.0,2021,,,1.0,1.0,1,1,1.0,2.0,1.0,1.0,,1.0,,37.0,1.0,2.0,1.0,1.0,1.0,2.0,1.0,6.0,,1.0,1.0,,Q2,,,2.0,3.0,2.0,1.0,2.0,1.0,2.0,THA,2.0,58246340.0,2.0,1.0,1.0,1.0,1.0,,2.0,2.0,0.253003918,1,1.0,3.0,1.0,,1.0,2,1.0,1.0,187752856,East Asia & Pacific (excluding high income),3.0,1.0,2.0,,2.0,1.0,1.0,1.0,1.0,Thailand,4.0,,False,Female,30_39,2.0
,,2.0,2.0,2021,,,0.0,2.0,2,1,1.0,1.0,,,,,,37.0,2.0,2.0,4.0,4.0,1.0,2.0,2.0,8.0,,2.0,0.0,,Q2,,2.0,2.0,3.0,2.0,,,2.0,,THA,,58246340.0,4.0,0.0,,,,1.0,,,3.439763935,1,2.0,,2.0,,1.0,1,2.0,2.0,183824173,East Asia & Pacific (excluding high income),,,2.0,,2.0,2.0,,1.0,1.0,Thailand,1.0,,False,Male,30_39,2.0
2.0,,2.0,2.0,2021,,,1.0,2.0,2,1,1.0,1.0,1.0,,,,,35.0,2.0,3.0,1.0,2.0,1.0,2.0,1.0,3.0,,1.0,0.0,,Q3,1.0,1.0,1.0,1.0,2.0,,2.0,2.0,,THA,,58246340.0,4.0,0.0,2.0,,,2.0,,2.0,0.138056999,1,1.0,2.0,1.0,,1.0,1,1.0,2.0,177910671,East Asia & Pacific (excluding high income),2.0,,2.0,,2.0,2.0,2.0,1.0,0.0,Thailand,1.0,,False,Male,30_39,3.0
,,,2.0,2021,,,1.0,2.0,1,1,1.0,1.0,,3.0,,1.0,,60.0,1.0,1.0,4.0,1.0,1.0,2.0,1.0,2.0,,1.0,1.0,,Q2,,1.0,1.0,2.0,2.0,1.0,,2.0,,THA,,58246340.0,4.0,1.0,2.0,,2.0,1.0,,,0.188202683,1,1.0,2.0,2.0,,1.0,2,1.0,1.0,165158293,East Asia & Pacific (excluding high income),1.0,1.0,2.0,,2.0,2.0,1.0,2.0,1.0,Thailand,1.0,,False,Female,60_69,1.0
,,1.0,1.0,2021,,,1.0,2.0,1,1,1.0,1.0,,,2.0,,,44.0,1.0,1.0,4.0,2.0,1.0,2.0,1.0,2.0,,1.0,1.0,,Q1 Lowest,1.0,2.0,1.0,3.0,2.0,,,2.0,,THA,,58246340.0,4.0,1.0,2.0,,,2.0,,,2.453941397,1,1.0,2.0,2.0,,1.0,1,1.0,1.0,189633149,East Asia & Pacific (excluding high income),1.0,2.0,2.0,,2.0,2.0,2.0,1.0,0.0,Thailand,3.0,,False,Female,40_49,1.0
2.0,,,1.0,2021,,,0.0,2.0,1,1,1.0,1.0,2.0,1.0,,1.0,,27.0,1.0,2.0,2.0,1.0,1.0,1.0,1.0,6.0,,2.0,1.0,2.0,Q3,,1.0,2.0,2.0,2.0,1.0,,1.0,,THA,,58246340.0,4.0,1.0,1.0,,2.0,1.0,,2.0,0.138056999,1,1.0,3.0,1.0,,1.0,2,1.0,1.0,153503372,East Asia & Pacific (excluding high income),2.0,2.0,2.0,1.0,2.0,2.0,2.0,1.0,1.0,Thailand,1.0,,False,Female,23_29,2.0
,,1.0,2.0,2021,,,1.0,1.0,2,1,1.0,1.0,,1.0,,2.0,,54.0,1.0,3.0,4.0,1.0,1.0,1.0,1.0,6.0,,2.0,1.0,1.0,Q3,,1.0,2.0,2.0,1.0,1.0,,2.0,,THA,1.0,58246340.0,4.0,1.0,1.0,,1.0,1.0,,,0.157862851,1,1.0,3.0,2.0,,1.0,1,1.0,1.0,132409176,East Asia & Pacific (excluding high income),3.0,1.0,2.0,,2.0,2.0,1.0,1.0,1.0,Thailand,1.0,,False,Male,50_59,3.0
,,2.0,1.0,2021,,,1.0,2.0,1,1,1.0,1.0,,,,,,32.0,1.0,1.0,4.0,2.0,1.0,2.0,1.0,1.0,,1.0,1.0,,Q5 Highest,1.0,1.0,1.0,,2.0,,,1.0,,THA,,58246340.0,4.0,1.0,2.0,,,1.0,,,4.494112221,1,1.0,3.0,2.0,,1.0,1,1.0,1.0,114828844,East Asia & Pacific (excluding high income),3.0,3.0,2.0,,2.0,2.0,2.0,1.0,1.0,Thailand,1.0,,False,Female,30_39,1.0
2.0,,,1.0,2021,,,1.0,2.0,1,1,1.0,1.0,1.0,1.0,,1.0,,27.0,1.0,3.0,1.0,1.0,1.0,1.0,1.0,1.0,,1.0,1.0,1.0,Q5 Highest,,1.0,2.0,2.0,2.0,1.0,2.0,1.0,,THA,,58246340.0,4.0,1.0,1.0,,2.0,1.0,,1.0,0.138056999,1,1.0,3.0,1.0,,1.0,2,1.0,1.0,126490259,East Asia & Pacific (excluding high income),3.0,1.0,2.0,,2.0,2.0,1.0,1.0,1.0,Thailand,1.0,,False,Female,23_29,3.0
,,2.0,1.0,2021,,,0.0,2.0,2,1,1.0,1.0,,1.0,,1.0,,25.0,2.0,3.0,4.0,2.0,1.0,2.0,1.0,1.0,,1.0,1.0,,Q4,1.0,1.0,2.0,,2.0,2.0,,2.0,2.0,THA,,58246340.0,2.0,1.0,2.0,1.0,2.0,1.0,2.0,,0.334183898,1,1.0,3.0,2.0,,1.0,1,1.0,1.0,169358840,East Asia & Pacific (excluding high income),3.0,3.0,2.0,,2.0,1.0,2.0,1.0,1.0,Thailand,1.0,,False,Male,23_29,3.0
2.0,,,1.0,2021,,,1.0,2.0,1,1,1.0,1.0,1.0,1.0,,1.0,,39.0,1.0,3.0,1.0,1.0,1.0,1.0,1.0,2.0,,2.0,1.0,1.0,Q5 Highest,,2.0,2.0,,2.0,1.0,2.0,1.0,,THA,,58246340.0,4.0,1.0,1.0,,2.0,1.0,,2.0,0.169904481,1,1.0,3.0,1.0,,1.0,2,1.0,1.0,206445351,East Asia & Pacific (excluding high income),3.0,3.0,2.0,,2.0,2.0,2.0,1.0,1.0,Thailand,1.0,,False,Female,30_39,3.0
,,,1.0,2021,,,0.0,2.0,1,1,1.0,1.0,,,,,,49.0,1.0,3.0,4.0,4.0,1.0,2.0,2.0,1.0,,2.0,1.0,,Q5 Highest,,1.0,2.0,,2.0,,,2.0,,THA,,58246340.0,4.0,1.0,,,,1.0,,,0.556236615,1,2.0,3.0,2.0,,1.0,2,1.0,1.0,200693993,East Asia & Pacific (excluding high income),3.0,1.0,2.0,,2.0,2.0,,1.0,1.0,Thailand,1.0,,False,Female,40_49,3.0
,,,1.0,2021,,,0.0,2.0,1,1,2.0,2.0,,,,,,19.0,2.0,2.0,4.0,4.0,1.0,2.0,2.0,2.0,,1.0,0.0,,Q4,,,2.0,,2.0,,,,,THA,,58246340.0,4.0,1.0,,,,,,,0.715608194,1,2.0,3.0,2.0,,1.0,2,1.0,2.0,206103876,East Asia & Pacific (excluding high income),2.0,,2.0,,2.0,2.0,,1.0,0.0,Thailand,4.0,,False,Female,18_22,2.0
,,,2.0,2021,,,0.0,2.0,2,1,1.0,1.0,,,,,,24.0,1.0,2.0,4.0,4.0,1.0,2.0,2.0,2.0,,2.0,1.0,,Q1 Lowest,,1.0,2.0,,2.0,,,2.0,,THA,,58246340.0,4.0,1.0,,,,2.0,,,0.930097515,1,2.0,2.0,2.0,,1.0,2,1.0,1.0,138572189,East Asia & Pacific (excluding high income),2.0,3.0,2.0,,2.0,2.0,,1.0,0.0,Thailand,1.0,,False,Male,23_29,2.0
,,1.0,2.0,2021,,,0.0,2.0,2,1,1.0,1.0,,1.0,,1.0,,21.0,2.0,2.0,4.0,4.0,1.0,2.0,1.0,2.0,,1.0,1.0,,Q4,,2.0,2.0,2.0,2.0,2.0,,1.0,,THA,,58246340.0,4.0,0.0,,,2.0,1.0,,,2.712782339,1,2.0,2.0,2.0,,1.0,1,1.0,1.0,126853275,East Asia & Pacific (excluding high income),2.0,1.0,2.0,,2.0,2.0,,2.0,1.0,Thailand,1.0,,False,Male,18_22,2.0
2.0,,,1.0,2021,,,1.0,2.0,1,1,1.0,2.0,1.0,2.0,,1.0,,40.0,1.0,3.0,1.0,1.0,1.0,1.0,1.0,1.0,,1.0,1.0,1.0,Q4,,,2.0,,2.0,1.0,2.0,2.0,,THA,,58246340.0,4.0,1.0,1.0,,2.0,,,2.0,0.398313221,1,1.0,3.0,1.0,,1.0,2,1.0,1.0,158372518,East Asia & Pacific (excluding high income),3.0,3.0,2.0,,2.0,2.0,2.0,1.0,1.0,Thailand,4.0,,False,Female,40_49,3.0
,,,2.0,2021,,,0.0,2.0,2,1,1.0,1.0,,,,,,70.0,2.0,3.0,4.0,4.0,1.0,2.0,2.0,9.0,,2.0,0.0,,Q2,,2.0,2.0,3.0,2.0,,,,,THA,,58246340.0,5.0,0.0,,,,1.0,,,0.287333685,1,2.0,,2.0,,2.0,2,1.0,2.0,137604827,East Asia & Pacific (excluding high income),,,2.0,,2.0,4.0,,2.0,1.0,Thailand,1.0,,False,Male,70_plus,3.0
2.0,,2.0,2.0,2021,,,1.0,1.0,2,1,1.0,1.0,1.0,1.0,,1.0,,41.0,2.0,3.0,1.0,1.0,1.0,2.0,1.0,2.0,,2.0,1.0,,Q5 Highest,,1.0,2.0,4.0,2.0,1.0,1.0,2.0,,THA,1.0,58246340.0,4.0,1.0,2.0,,2.0,2.0,,2.0,0.431100832,1,1.0,2.0,1.0,,1.0,1,1.0,1.0,180591346,East Asia & Pacific (excluding high income),2.0,3.0,2.0,,2.0,2.0,1.0,1.0,1.0,Thailand,1.0,,False,Male,40_49,3.0
,,1.0,2.0,2021,,,0.0,2.0,1,1,1.0,2.0,,,,,,21.0,2.0,1.0,4.0,1.0,1.0,1.0,2.0,9.0,,2.0,1.0,2.0,Q1 Lowest,,,2.0,3.0,2.0,,,2.0,,THA,,58246340.0,4.0,0.0,1.0,,,,,,2.389125295,1,1.0,,2.0,,2.0,1,1.0,2.0,176105088,East Asia & Pacific (excluding high income),,,2.0,,2.0,2.0,1.0,2.0,0.0,Thailand,4.0,,False,Female,18_22,1.0
2.0,,,2.0,2021,,,1.0,2.0,2,1,1.0,1.0,1.0,,,,,43.0,2.0,3.0,1.0,1.0,1.0,1.0,1.0,4.0,,2.0,1.0,1.0,Q5 Highest,,1.0,2.0,,1.0,,1.0,2.0,,THA,,58246340.0,4.0,0.0,1.0,,,2.0,,2.0,0.180142039,1,1.0,3.0,1.0,,1.0,2,1.0,1.0,210572431,East Asia & Pacific (excluding high income),3.0,1.0,2.0,,2.0,2.0,1.0,1.0,0.0,Thailand,1.0,,False,Male,40_49,3.0
1.0,,1.0,1.0,2021,,,1.0,2.0,1,1,1.0,1.0,1.0,,,,,60.0,1.0,3.0,1.0,2.0,1.0,2.0,1.0,9.0,,2.0,1.0,,Q4,1.0,2.0,2.0,,1.0,,1.0,3.0,,THA,,58246340.0,4.0,1.0,2.0,,,1.0,,2.0,0.138056999,1,1.0,,1.0,,1.0,1,1.0,1.0,155481372,East Asia & Pacific (excluding high income),,2.0,2.0,,2.0,2.0,2.0,1.0,1.0,Thailand,1.0,,False,Female,60_69,3.0
,,,2.0,2021,,,1.0,2.0,1,1,1.0,2.0,,,,,,55.0,1.0,2.0,4.0,4.0,1.0,1.0,2.0,2.0,,2.0,1.0,1.0,Q5 Highest,,,2.0,1.0,2.0,,,,,THA,,58246340.0,4.0,1.0,,,,,,,0.580722026,1,2.0,2.0,2.0,,1.0,2,1.0,2.0,159090655,East Asia & Pacific (excluding high income),2.0,,2.0,,2.0,2.0,,2.0,0.0,Thailand,4.0,,False,Female,50_59,2.0
2.0,,1.0,1.0,2021,,,1.0,2.0,1,1,1.0,1.0,1.0,1.0,,1.0,,42.0,2.0,3.0,1.0,1.0,1.0,1.0,1.0,1.0,,2.0,1.0,1.0,Q4,,1.0,2.0,,2.0,1.0,2.0,1.0,,THA,,58246340.0,4.0,1.0,1.0,,2.0,1.0,,2.0,0.270952417,1,1.0,3.0,1.0,,1.0,1,1.0,1.0,120875770,East Asia & Pacific (excluding high income),3.0,1.0,2.0,,2.0,2.0,2.0,1.0,1.0,Thailand,1.0,,False,Female,40_49,3.0
1.0,,2.0,2.0,2021,,,1.0,2.0,1,1,2.0,1.0,1.0,,,,,35.0,2.0,2.0,1.0,2.0,1.0,2.0,2.0,2.0,,2.0,1.0,,Q2,1.0,1.0,1.0,2.0,2.0,,1.0,2.0,,THA,,58246340.0,4.0,0.0,2.0,,,2.0,,2.0,0.708411475,1,1.0,2.0,1.0,,2.0,1,2.0,2.0,114849694,East Asia & Pacific (excluding high income),2.0,,2.0,,1.0,2.0,2.0,1.0,0.0,Thailand,1.0,,False,Female,30_39,2.0
2.0,,1.0,2.0,2021,,,1.0,2.0,2,1,1.0,2.0,2.0,1.0,,1.0,,41.0,2.0,3.0,1.0,1.0,1.0,1.0,1.0,2.0,,2.0,1.0,1.0,Q4,,,2.0,,2.0,2.0,2.0,1.0,,THA,,58246340.0,4.0,0.0,1.0,,2.0,,,1.0,0.414102951,1,1.0,3.0,1.0,,1.0,1,1.0,1.0,198659966,East Asia & Pacific (excluding high income),3.0,1.0,2.0,,2.0,2.0,1.0,1.0,1.0,Thailand,4.0,,False,Male,40_49,3.0
1.0,,2.0,2.0,2021,,,1.0,2.0,1,1,1.0,1.0,1.0,,,,,39.0,2.0,3.0,1.0,2.0,1.0,1.0,1.0,8.0,,2.0,1.0,1.0,Q4,1.0,2.0,2.0,4.0,2.0,,2.0,2.0,,THA,,58246340.0,4.0,0.0,2.0,,,1.0,,2.0,0.533798491,1,1.0,,1.0,,2.0,1,1.0,2.0,135745474,East Asia & Pacific (excluding high income),,,2.0,,2.0,2.0,2.0,1.0,1.0,Thailand,1.0,,False,Female,30_39,3.0
2.0,,2.0,1.0,2021,,,0.0,2.0,1,1,1.0,1.0,1.0,1.0,,1.0,,35.0,1.0,3.0,1.0,1.0,1.0,2.0,1.0,2.0,,1.0,1.0,,Q2,,1.0,2.0,,2.0,1.0,2.0,1.0,,THA,,58246340.0,4.0,1.0,1.0,,2.0,1.0,,1.0,0.169904481,1,1.0,3.0,1.0,,1.0,1,1.0,1.0,185143563,East Asia & Pacific (excluding high income),3.0,5.0,2.0,,2.0,2.0,1.0,1.0,1.0,Thailand,1.0,,False,Female,30_39,3.0
,,2.0,2.0,2021,,,1.0,1.0,1,1,1.0,2.0,,,,,,41.0,1.0,3.0,4.0,1.0,1.0,2.0,2.0,2.0,,2.0,0.0,,Q3,,,1.0,,2.0,,,2.0,,THA,2.0,58246340.0,4.0,1.0,1.0,,,,,,0.270952417,1,1.0,3.0,2.0,,1.0,1,2.0,2.0,190284314,East Asia & Pacific (excluding high income),3.0,,2.0,,2.0,2.0,1.0,1.0,0.0,Thailand,4.0,,False,Female,40_49,3.0
,,,2.0,2021,,,0.0,2.0,1,1,1.0,1.0,,,,,,66.0,2.0,1.0,4.0,4.0,1.0,2.0,2.0,2.0,,2.0,1.0,,Q2,,1.0,2.0,1.0,2.0,,,,,THA,,58246340.0,4.0,0.0,,,,1.0,,,0.423836625,1,2.0,1.0,2.0,,2.0,2,2.0,2.0,196493576,East Asia & Pacific (excluding high income),1.0,,2.0,,1.0,2.0,,1.0,1.0,Thailand,1.0,,False,Female,60_69,1.0
2.0,,,2.0,2021,,,0.0,2.0,1,1,1.0,1.0,2.0,2.0,,2.0,,20.0,2.0,3.0,2.0,4.0,1.0,2.0,1.0,2.0,,2.0,1.0,,Q5 Highest,,1.0,2.0,2.0,2.0,2.0,,2.0,,THA,,58246340.0,4.0,1.0,,,2.0,1.0,,2.0,0.223577762,1,2.0,2.0,1.0,,1.0,2,1.0,1.0,147723343,East Asia & Pacific (excluding high income),2.0,3.0,2.0,1.0,2.0,2.0,,1.0,1.0,Thailand,1.0,,False,Female,18_22,3.0
1.0,,1.0,1.0,2021,,,0.0,2.0,2,1,1.0,2.0,1.0,,,,,25.0,1.0,3.0,1.0,4.0,1.0,2.0,1.0,1.0,,2.0,1.0,,Q5 Highest,,,2.0,,2.0,,2.0,1.0,,THA,,58246340.0,4.0,1.0,,,,,,2.0,0.838403302,1,2.0,3.0,1.0,,1.0,1,1.0,1.0,142831772,East Asia & Pacific (excluding high income),3.0,3.0,2.0,,2.0,2.0,,1.0,0.0,Thailand,4.0,,False,Male,23_29,3.0
,,,1.0,2021,,,1.0,2.0,2,1,1.0,1.0,,1.0,,1.0,,37.0,1.0,2.0,4.0,2.0,1.0,1.0,2.0,7.0,,1.0,1.0,1.0,Q5 Highest,1.0,1.0,2.0,,2.0,1.0,,1.0,,THA,,58246340.0,4.0,1.0,2.0,,2.0,2.0,,,0.565962403,1,1.0,,2.0,,1.0,2,1.0,1.0,191841531,East Asia & Pacific (excluding high income),,2.0,2.0,,2.0,2.0,2.0,1.0,1.0,Thailand,1.0,,False,Male,30_39,2.0
2.0,,1.0,2.0,2021,,,1.0,2.0,1,1,1.0,1.0,1.0,1.0,,1.0,,21.0,1.0,3.0,1.0,1.0,1.0,1.0,1.0,2.0,,1.0,1.0,1.0,Q3,,1.0,2.0,2.0,2.0,1.0,1.0,1.0,,THA,,58246340.0,4.0,1.0,1.0,,2.0,1.0,,2.0,1.096546866,1,1.0,3.0,1.0,,1.0,1,1.0,1.0,127164132,East Asia & Pacific (excluding high income),3.0,1.0,2.0,,2.0,2.0,2.0,2.0,1.0,Thailand,1.0,,False,Female,18_22,3.0
,,2.0,1.0,2021,,,0.0,2.0,2,1,1.0,1.0,,1.0,,1.0,,71.0,1.0,3.0,4.0,4.0,1.0,2.0,1.0,2.0,,1.0,1.0,,Q3,,1.0,2.0,,2.0,1.0,,1.0,,THA,,58246340.0,4.0,1.0,,,2.0,1.0,,,0.138056999,1,2.0,3.0,2.0,,1.0,1,1.0,2.0,163696236,East Asia & Pacific (excluding high income),3.0,,2.0,,1.0,2.0,,1.0,1.0,Thailand,1.0,,False,Male,70_plus,3.0
,,,1.0,2021,,,0.0,2.0,1,1,1.0,2.0,,,,,,,1.0,3.0,4.0,1.0,1.0,2.0,1.0,3.0,,2.0,0.0,,Q5 Highest,,,2.0,,2.0,,,,,THA,,58246340.0,4.0,1.0,1.0,,,,,,0.169904481,1,1.0,3.0,2.0,,1.0,2,1.0,1.0,155366396,East Asia & Pacific (excluding high income),3.0,2.0,2.0,,2.0,2.0,2.0,1.0,0.0,Thailand,4.0,,False,Female,,3.0
2.0,,2.0,1.0,2021,,,1.0,2.0,2,1,1.0,1.0,1.0,1.0,,1.0,,38.0,1.0,3.0,1.0,4.0,1.0,1.0,1.0,1.0,,2.0,1.0,1.0,Q5 Highest,,2.0,2.0,,2.0,1.0,2.0,1.0,,THA,,58246340.0,4.0,1.0,,,2.0,1.0,,1.0,0.461683808,1,2.0,3.0,1.0,,1.0,1,1.0,1.0,167984432,East Asia & Pacific (excluding high income),3.0,3.0,2.0,,2.0,2.0,,1.0,1.0,Thailand,1.0,,False,Male,30_39,3.0
,,1.0,1.0,2021,,,0.0,2.0,2,1,1.0,1.0,,1.0,,1.0,,62.0,1.0,3.0,4.0,4.0,1.0,2.0,2.0,9.0,,1.0,1.0,,Q3,,1.0,2.0,2.0,2.0,2.0,,3.0,,THA,,58246340.0,4.0,1.0,,,2.0,1.0,,,0.287333685,1,2.0,,2.0,,2.0,1,2.0,2.0,147536036,East Asia & Pacific (excluding high income),,,2.0,,2.0,2.0,,2.0,1.0,Thailand,1.0,,False,Male,60_69,3.0
,,1.0,1.0,2021,,,1.0,2.0,2,1,1.0,1.0,,2.0,,1.0,,24.0,1.0,3.0,4.0,1.0,1.0,2.0,1.0,2.0,,1.0,1.0,,Q5 Highest,,1.0,1.0,,2.0,2.0,,1.0,,THA,,58246340.0,4.0,1.0,1.0,,2.0,1.0,,,0.948406451,1,1.0,3.0,2.0,,1.0,1,1.0,1.0,118858578,East Asia & Pacific (excluding high income),3.0,3.0,2.0,,1.0,2.0,2.0,2.0,1.0,Thailand,1.0,,False,Male,23_29,3.0
,,2.0,2.0,2021,,,0.0,2.0,2,1,1.0,2.0,,,,,,37.0,2.0,2.0,4.0,4.0,1.0,2.0,2.0,7.0,,2.0,0.0,,Q4,,,2.0,4.0,2.0,,,2.0,,THA,,58246340.0,4.0,0.0,,,,,,,1.418666018,1,2.0,,2.0,,1.0,1,2.0,2.0,119231642,East Asia & Pacific (excluding high income),,,2.0,,2.0,2.0,,1.0,0.0,Thailand,4.0,,False,Male,30_39,2.0
,,,2.0,2021,,,1.0,2.0,1,1,1.0,1.0,,1.0,,1.0,,34.0,1.0,2.0,4.0,1.0,1.0,2.0,1.0,2.0,,1.0,1.0,,Q1 Lowest,,1.0,1.0,4.0,2.0,1.0,,2.0,,THA,,58246340.0,4.0,1.0,2.0,,2.0,2.0,,,1.89114843,1,1.0,2.0,2.0,,1.0,2,1.0,1.0,162909993,East Asia & Pacific (excluding high income),1.0,3.0,2.0,,2.0,2.0,1.0,1.0,1.0,Thailand,1.0,,False,Female,30_39,2.0
2.0,,2.0,1.0,2021,,,0.0,2.0,1,1,1.0,1.0,1.0,,,,,47.0,1.0,2.0,1.0,4.0,1.0,2.0,2.0,2.0,,2.0,1.0,,Q4,,1.0,2.0,,2.0,,2.0,1.0,,THA,,58246340.0,4.0,1.0,,,,1.0,,2.0,1.591036062,1,2.0,3.0,1.0,,1.0,1,1.0,2.0,192860774,East Asia & Pacific (excluding high income),3.0,,2.0,,2.0,2.0,,1.0,1.0,Thailand,1.0,,False,Female,40_49,2.0
,,2.0,2.0,2021,,,1.0,2.0,1,1,1.0,1.0,,1.0,,1.0,,54.0,2.0,3.0,4.0,1.0,1.0,1.0,2.0,6.0,,1.0,1.0,1.0,Q3,,1.0,2.0,,2.0,1.0,,1.0,,THA,,58246340.0,4.0,0.0,2.0,,2.0,2.0,,,0.138056999,1,1.0,3.0,2.0,,1.0,1,1.0,1.0,201424873,East Asia & Pacific (excluding high income),3.0,3.0,2.0,,2.0,2.0,1.0,1.0,1.0,Thailand,1.0,,False,Female,50_59,3.0
,,2.0,2.0,2021,,,1.0,1.0,1,1,1.0,1.0,,1.0,,2.0,,42.0,1.0,2.0,4.0,1.0,1.0,2.0,1.0,2.0,,1.0,1.0,,Q3,,1.0,1.0,1.0,2.0,1.0,,1.0,1.0,THA,2.0,58246340.0,1.0,1.0,1.0,,2.0,2.0,1.0,,1.205254596,1,1.0,2.0,2.0,,1.0,1,1.0,2.0,132397686,East Asia & Pacific (excluding high income),2.0,,2.0,,2.0,1.0,1.0,1.0,1.0,Thailand,1.0,,False,Female,40_49,2.0
2.0,,1.0,1.0,2021,,,0.0,2.0,2,1,1.0,1.0,1.0,1.0,,1.0,,32.0,1.0,3.0,1.0,1.0,1.0,2.0,1.0,2.0,,1.0,1.0,,Q5 Highest,,1.0,2.0,3.0,2.0,1.0,2.0,1.0,,THA,,58246340.0,4.0,1.0,1.0,,2.0,1.0,,1.0,0.217163609,1,1.0,3.0,1.0,,1.0,1,1.0,1.0,123016304,East Asia & Pacific (excluding high income),3.0,1.0,2.0,,2.0,2.0,2.0,1.0,1.0,Thailand,1.0,,False,Male,30_39,3.0
2.0,,2.0,1.0,2021,,,1.0,2.0,1,1,2.0,1.0,1.0,,,,,25.0,1.0,3.0,1.0,4.0,1.0,2.0,2.0,2.0,,1.0,0.0,,Q3,,1.0,1.0,4.0,2.0,,2.0,2.0,,THA,,58246340.0,4.0,1.0,,,,1.0,,2.0,0.193616866,1,2.0,1.0,1.0,,2.0,1,2.0,2.0,157631455,East Asia & Pacific (excluding high income),1.0,,2.0,,2.0,2.0,,1.0,1.0,Thailand,1.0,,False,Female,23_29,3.0
2.0,,2.0,2.0,2021,,,1.0,2.0,2,1,1.0,1.0,1.0,,,,,50.0,2.0,3.0,1.0,1.0,1.0,1.0,1.0,1.0,,2.0,1.0,1.0,Q3,,1.0,2.0,4.0,1.0,,2.0,1.0,,THA,,58246340.0,4.0,0.0,1.0,,,2.0,,1.0,0.377784145,1,1.0,3.0,1.0,,1.0,1,1.0,1.0,190578629,East Asia & Pacific (excluding high income),3.0,3.0,2.0,,2.0,2.0,1.0,1.0,1.0,Thailand,1.0,,False,Male,50_59,3.0
,,,2.0,2021,,,0.0,2.0,1,1,1.0,1.0,,,,,,56.0,2.0,1.0,4.0,4.0,1.0,2.0,1.0,2.0,,2.0,1.0,,Q4,,1.0,2.0,,2.0,,,,,THA,,58246340.0,4.0,1.0,,,,1.0,,,1.341989724,1,2.0,3.0,2.0,,1.0,2,1.0,1.0,135425298,East Asia & Pacific (excluding high income),2.0,3.0,2.0,,2.0,2.0,,1.0,1.0,Thailand,1.0,,False,Female,50_59,1.0
,,,1.0,2021,,,1.0,2.0,2,1,1.0,1.0,,,2.0,,,57.0,1.0,2.0,4.0,2.0,1.0,2.0,2.0,2.0,,2.0,0.0,,Q4,1.0,2.0,1.0,3.0,2.0,,,2.0,2.0,THA,,58246340.0,2.0,1.0,2.0,1.0,,2.0,2.0,,0.498953766,1,1.0,2.0,2.0,,2.0,2,2.0,2.0,141070811,East Asia & Pacific (excluding high income),1.0,,2.0,,2.0,1.0,2.0,1.0,0.0,Thailand,1.0,,False,Male,50_59,2.0
2.0,,2.0,2.0,2021,,,0.0,2.0,2,1,1.0,1.0,1.0,,,,,24.0,1.0,2.0,1.0,2.0,1.0,2.0,1.0,2.0,,2.0,1.0,,Q3,1.0,1.0,2.0,1.0,2.0,,2.0,2.0,,THA,,58246340.0,4.0,1.0,2.0,,,1.0,,2.0,0.61809717,1,1.0,2.0,1.0,,1.0,1,2.0,2.0,203419678,East Asia & Pacific (excluding high income),1.0,,2.0,,2.0,2.0,2.0,1.0,1.0,Thailand,1.0,,False,Male,23_29,2.0
,,2.0,2.0,2021,,,1.0,2.0,1,1,1.0,1.0,,,,,,42.0,2.0,1.0,4.0,1.0,1.0,2.0,1.0,4.0,,1.0,1.0,,Q5 Highest,,2.0,1.0,2.0,2.0,,,1.0,,THA,,58246340.0,4.0,0.0,1.0,,,1.0,,,0.775021017,1,1.0,2.0,2.0,,1.0,1,1.0,2.0,189040691,East Asia & Pacific (excluding high income),1.0,,2.0,,2.0,2.0,1.0,1.0,1.0,Thailand,1.0,,False,Female,40_49,1.0
,,1.0,2.0,2021,,,1.0,2.0,1,1,1.0,1.0,,,,,,41.0,2.0,2.0,4.0,2.0,1.0,1.0,2.0,4.0,,2.0,0.0,1.0,Q3,1.0,1.0,2.0,2.0,2.0,,,1.0,,THA,,58246340.0,4.0,0.0,2.0,,,1.0,,,0.607483153,1,1.0,2.0,2.0,,1.0,1,1.0,2.0,119198451,East Asia & Pacific (excluding high income),2.0,,2.0,,2.0,2.0,2.0,2.0,1.0,Thailand,1.0,,False,Female,40_49,2.0
,,1.0,2.0,2021,,,1.0,2.0,2,1,1.0,2.0,,,,,,40.0,2.0,2.0,4.0,1.0,1.0,2.0,1.0,4.0,,2.0,1.0,,Q1 Lowest,,,1.0,4.0,1.0,,,2.0,,THA,,58246340.0,4.0,0.0,1.0,,,,,,2.04845674,1,1.0,1.0,2.0,,1.0,1,1.0,1.0,182809169,East Asia & Pacific (excluding high income),1.0,3.0,2.0,,2.0,2.0,1.0,1.0,0.0,Thailand,4.0,,False,Male,40_49,2.0
,,2.0,1.0,2021,,,1.0,2.0,2,1,1.0,2.0,,1.0,,1.0,,59.0,1.0,3.0,4.0,1.0,1.0,1.0,1.0,4.0,,2.0,1.0,1.0,Q5 Highest,,,2.0,,2.0,1.0,,1.0,,THA,,58246340.0,4.0,1.0,2.0,,2.0,,,,0.441345501,1,1.0,2.0,2.0,,1.0,1,1.0,1.0,155433931,East Asia & Pacific (excluding high income),2.0,3.0,2.0,,2.0,2.0,1.0,1.0,1.0,Thailand,4.0,,False,Male,50_59,3.0
,2.0,,2.0,2021,,2.0,0.0,2.0,2,1,,1.0,,,,,2.0,40.0,2.0,1.0,4.0,4.0,1.0,,2.0,7.0,2.0,2.0,1.0,,Q1 Lowest,,2.0,2.0,,2.0,,,,,THA,,58246340.0,4.0,0.0,,,,1.0,,,5.714441691,0,2.0,,2.0,1.0,,2,,2.0,168737108,East Asia & Pacific (excluding high income),,,2.0,,2.0,2.0,,1.0,1.0,Thailand,1.0,2.0,False,Male,40_49,1.0
2.0,,1.0,2.0,2021,,,1.0,2.0,2,1,1.0,1.0,1.0,1.0,,1.0,,30.0,1.0,3.0,1.0,1.0,1.0,1.0,1.0,4.0,,1.0,1.0,1.0,Q4,,1.0,2.0,,1.0,2.0,1.0,1.0,,THA,,58246340.0,4.0,1.0,1.0,,2.0,1.0,,1.0,0.777394936,1,1.0,3.0,1.0,,1.0,1,1.0,1.0,178279741,East Asia & Pacific (excluding high income),3.0,3.0,2.0,,2.0,2.0,1.0,1.0,1.0,Thailand,1.0,,False,Male,30_39,3.0
1.0,,2.0,1.0,2021,,,0.0,1.0,2,1,1.0,1.0,1.0,1.0,,1.0,,54.0,1.0,3.0,1.0,1.0,1.0,1.0,1.0,1.0,,2.0,1.0,2.0,Q5 Highest,,2.0,2.0,2.0,2.0,1.0,2.0,2.0,,THA,2.0,58246340.0,4.0,1.0,2.0,,2.0,1.0,,2.0,0.172706162,1,1.0,3.0,1.0,,1.0,1,1.0,1.0,182612762,East Asia & Pacific (excluding high income),3.0,3.0,2.0,,2.0,2.0,1.0,1.0,1.0,Thailand,1.0,,False,Male,50_59,3.0
,,2.0,2.0,2021,,,0.0,2.0,1,1,1.0,1.0,,1.0,,1.0,,16.0,2.0,1.0,4.0,4.0,1.0,2.0,1.0,2.0,,1.0,1.0,,Q1 Lowest,,1.0,2.0,4.0,2.0,1.0,,2.0,,THA,,58246340.0,4.0,1.0,,,2.0,2.0,,,1.371765268,1,2.0,3.0,2.0,,1.0,1,2.0,1.0,184769721,East Asia & Pacific (excluding high income),3.0,3.0,2.0,,2.0,2.0,,1.0,1.0,Thailand,1.0,,False,Female,17_or_less,1.0
2.0,,,1.0,2021,,,0.0,2.0,1,1,1.0,2.0,1.0,1.0,,1.0,,21.0,1.0,3.0,1.0,1.0,1.0,2.0,1.0,2.0,,1.0,1.0,,Q1 Lowest,,,2.0,2.0,2.0,1.0,1.0,1.0,,THA,,58246340.0,4.0,1.0,1.0,,2.0,,,1.0,0.210396006,1,1.0,3.0,1.0,,1.0,2,1.0,1.0,197927088,East Asia & Pacific (excluding high income),3.0,1.0,2.0,,2.0,2.0,1.0,1.0,1.0,Thailand,4.0,,False,Female,18_22,3.0
,,2.0,2.0,2021,,,1.0,2.0,2,1,2.0,1.0,,,,,,19.0,2.0,2.0,4.0,4.0,1.0,2.0,1.0,7.0,,1.0,1.0,,Q1 Lowest,,2.0,1.0,3.0,2.0,,,,,THA,,58246340.0,4.0,0.0,,,,1.0,,,3.325507166,1,2.0,,2.0,,2.0,1,2.0,2.0,122172071,East Asia & Pacific (excluding high income),,,2.0,,2.0,2.0,,1.0,1.0,Thailand,1.0,,False,Male,18_22,2.0
2.0,,1.0,1.0,2021,,,0.0,2.0,1,1,1.0,1.0,1.0,,,,,43.0,1.0,3.0,1.0,1.0,1.0,2.0,1.0,3.0,,1.0,1.0,,Q5 Highest,,1.0,2.0,,2.0,,2.0,1.0,,THA,,58246340.0,4.0,1.0,1.0,,,1.0,,2.0,0.270952417,1,1.0,3.0,1.0,,1.0,1,1.0,1.0,172034317,East Asia & Pacific (excluding high income),3.0,3.0,2.0,,1.0,2.0,1.0,1.0,1.0,Thailand,1.0,,False,Female,40_49,3.0
,,1.0,1.0,2021,,,1.0,2.0,1,1,1.0,1.0,,1.0,,1.0,,34.0,1.0,3.0,4.0,2.0,1.0,2.0,1.0,2.0,,2.0,1.0,,Q5 Highest,1.0,2.0,2.0,,2.0,2.0,,1.0,2.0,THA,,58246340.0,1.0,1.0,2.0,,2.0,1.0,1.0,,0.28810274,1,1.0,3.0,2.0,,1.0,1,1.0,1.0,140348282,East Asia & Pacific (excluding high income),3.0,1.0,2.0,,2.0,1.0,2.0,1.0,1.0,Thailand,1.0,,False,Female,30_39,3.0
2.0,,1.0,1.0,2021,,,1.0,2.0,1,1,1.0,1.0,1.0,1.0,,1.0,,28.0,1.0,3.0,1.0,1.0,1.0,1.0,1.0,2.0,,1.0,1.0,2.0,Q4,,1.0,1.0,3.0,2.0,1.0,2.0,2.0,,THA,,58246340.0,4.0,1.0,1.0,,2.0,2.0,,2.0,0.138056999,1,1.0,2.0,1.0,,1.0,1,1.0,1.0,182299863,East Asia & Pacific (excluding high income),2.0,3.0,2.0,,2.0,2.0,1.0,1.0,1.0,Thailand,1.0,,False,Female,23_29,3.0
2.0,,1.0,1.0,2021,,,1.0,2.0,2,1,1.0,1.0,1.0,1.0,2.0,1.0,,57.0,1.0,3.0,1.0,1.0,1.0,1.0,1.0,4.0,,1.0,1.0,1.0,Q3,,2.0,1.0,1.0,1.0,2.0,1.0,2.0,,THA,,58246340.0,4.0,1.0,1.0,,1.0,2.0,,2.0,0.192318439,1,1.0,3.0,1.0,,1.0,1,1.0,1.0,202246860,East Asia & Pacific (excluding high income),3.0,1.0,2.0,,2.0,2.0,1.0,1.0,1.0,Thailand,3.0,,False,Male,50_59,3.0
,,1.0,1.0,2021,,,1.0,2.0,1,1,1.0,2.0,,,,,,59.0,1.0,1.0,4.0,2.0,1.0,2.0,2.0,2.0,,1.0,0.0,,Q1 Lowest,1.0,,1.0,4.0,1.0,,,2.0,,THA,,58246340.0,4.0,1.0,2.0,,,,,,1.447306336,1,1.0,1.0,2.0,,2.0,1,2.0,2.0,146069267,East Asia & Pacific (excluding high income),2.0,,2.0,,2.0,2.0,2.0,1.0,0.0,Thailand,4.0,,False,Female,50_59,1.0
2.0,,,1.0,2021,,,0.0,2.0,1,1,2.0,2.0,2.0,,,,,39.0,2.0,3.0,2.0,2.0,1.0,2.0,2.0,2.0,,2.0,0.0,,Q4,1.0,,2.0,,2.0,,,,,THA,,58246340.0,4.0,1.0,2.0,,,,,2.0,0.549563209,1,1.0,3.0,1.0,,1.0,2,1.0,1.0,142027178,East Asia & Pacific (excluding high income),3.0,2.0,2.0,1.0,2.0,2.0,2.0,1.0,0.0,Thailand,4.0,,False,Female,30_39,3.0
2.0,,2.0,2.0,2021,,,1.0,2.0,1,1,2.0,1.0,1.0,,,,,41.0,2.0,3.0,1.0,2.0,1.0,1.0,1.0,2.0,,2.0,1.0,1.0,Q5 Highest,1.0,2.0,1.0,,2.0,,2.0,,,THA,,58246340.0,4.0,0.0,2.0,,,1.0,,2.0,0.435446098,1,1.0,3.0,1.0,,2.0,1,2.0,2.0,160557466,East Asia & Pacific (excluding high income),2.0,,2.0,,2.0,2.0,2.0,1.0,1.0,Thailand,1.0,,False,Female,40_49,3.0
,,2.0,2.0,2021,,,0.0,2.0,1,1,1.0,1.0,,2.0,,1.0,,67.0,2.0,2.0,4.0,4.0,1.0,2.0,1.0,2.0,,2.0,1.0,,Q2,,1.0,2.0,1.0,2.0,2.0,,1.0,,THA,,58246340.0,4.0,0.0,,,2.0,2.0,,,0.180121351,1,2.0,3.0,2.0,,2.0,1,1.0,1.0,199482149,East Asia & Pacific (excluding high income),3.0,3.0,2.0,,2.0,2.0,,1.0,1.0,Thailand,1.0,,False,Female,60_69,2.0
,,2.0,2.0,2021,,,0.0,2.0,2,1,1.0,1.0,,1.0,,1.0,,35.0,1.0,1.0,4.0,4.0,1.0,2.0,2.0,2.0,,1.0,0.0,,Q4,,1.0,2.0,,2.0,1.0,,2.0,,THA,,58246340.0,4.0,1.0,,,2.0,1.0,,,0.447294941,1,2.0,3.0,2.0,,1.0,1,1.0,2.0,156015306,East Asia & Pacific (excluding high income),3.0,,2.0,,2.0,2.0,,2.0,1.0,Thailand,1.0,,False,Male,30_39,1.0
2.0,,1.0,2.0,2021,,,1.0,2.0,1,1,1.0,1.0,1.0,1.0,,1.0,,24.0,1.0,2.0,1.0,4.0,1.0,2.0,1.0,2.0,,1.0,1.0,,Q5 Highest,,1.0,1.0,1.0,1.0,1.0,2.0,1.0,,THA,,58246340.0,4.0,1.0,,,1.0,2.0,,1.0,0.539221325,1,2.0,1.0,1.0,,1.0,1,1.0,1.0,195969759,East Asia & Pacific (excluding high income),1.0,1.0,2.0,,2.0,2.0,,1.0,1.0,Thailand,1.0,,False,Female,23_29,2.0
,2.0,,2.0,2021,2.0,2.0,0.0,2.0,2,0,,2.0,,,,,2.0,16.0,1.0,1.0,4.0,4.0,0.0,,2.0,2.0,2.0,1.0,0.0,,Q5 Highest,,,2.0,,2.0,,,,,THA,,58246340.0,4.0,1.0,,,,,,,1.454420686,0,2.0,3.0,2.0,1.0,,2,,1.0,130876175,East Asia & Pacific (excluding high income),3.0,2.0,2.0,,2.0,2.0,,1.0,0.0,Thailand,4.0,2.0,False,Male,17_or_less,1.0
2.0,,2.0,2.0,2021,,,1.0,2.0,1,1,1.0,1.0,1.0,1.0,,1.0,,22.0,2.0,3.0,1.0,1.0,1.0,2.0,1.0,2.0,,1.0,1.0,,Q3,,2.0,1.0,1.0,2.0,1.0,1.0,2.0,,THA,,58246340.0,4.0,1.0,1.0,,2.0,1.0,,2.0,0.252305225,1,1.0,2.0,1.0,,1.0,1,1.0,1.0,131696288,East Asia & Pacific (excluding high income),1.0,3.0,2.0,,2.0,2.0,2.0,1.0,1.0,Thailand,1.0,,False,Female,18_22,3.0
1.0,,1.0,1.0,2021,,,1.0,2.0,1,1,1.0,1.0,1.0,1.0,,1.0,,27.0,1.0,3.0,1.0,1.0,1.0,1.0,1.0,2.0,,1.0,1.0,1.0,Q4,,1.0,1.0,,2.0,1.0,2.0,2.0,,THA,,58246340.0,4.0,1.0,1.0,,2.0,1.0,,1.0,0.138056999,1,1.0,1.0,1.0,,1.0,1,1.0,1.0,130537155,East Asia & Pacific (excluding high income),1.0,3.0,2.0,,2.0,2.0,1.0,1.0,1.0,Thailand,1.0,,False,Female,23_29,3.0
2.0,,1.0,1.0,2021,,,1.0,2.0,1,1,1.0,2.0,1.0,,,,,37.0,1.0,3.0,1.0,1.0,1.0,1.0,1.0,4.0,,2.0,1.0,1.0,Q4,,,2.0,4.0,1.0,,2.0,1.0,,THA,,58246340.0,4.0,1.0,1.0,,,,,1.0,0.169904481,1,1.0,2.0,1.0,,1.0,1,1.0,1.0,116028418,East Asia & Pacific (excluding high income),1.0,3.0,2.0,,2.0,2.0,2.0,1.0,1.0,Thailand,4.0,,False,Female,30_39,3.0
2.0,,1.0,2.0,2021,,,1.0,2.0,2,1,1.0,1.0,1.0,2.0,,1.0,,50.0,1.0,2.0,1.0,1.0,1.0,1.0,1.0,4.0,,2.0,1.0,1.0,Q5 Highest,,1.0,2.0,1.0,2.0,2.0,1.0,2.0,1.0,THA,,58246340.0,1.0,1.0,1.0,,2.0,1.0,1.0,1.0,0.138056999,1,1.0,3.0,1.0,,1.0,1,1.0,1.0,175441653,East Asia & Pacific (excluding high income),3.0,1.0,2.0,,2.0,1.0,1.0,1.0,1.0,Thailand,1.0,,False,Male,50_59,2.0
2.0,,1.0,1.0,2021,,,1.0,2.0,2,1,1.0,1.0,1.0,1.0,,1.0,,51.0,1.0,3.0,1.0,1.0,1.0,1.0,1.0,2.0,,1.0,1.0,1.0,Q4,,1.0,2.0,,2.0,1.0,2.0,1.0,,THA,,58246340.0,4.0,1.0,1.0,,2.0,1.0,,1.0,0.157862851,1,1.0,3.0,1.0,,1.0,1,1.0,1.0,123364529,East Asia & Pacific (excluding high income),3.0,3.0,2.0,,2.0,2.0,1.0,1.0,1.0,Thailand,1.0,,False,Male,50_59,3.0
2.0,,1.0,2.0,2021,,,0.0,2.0,1,1,1.0,1.0,1.0,1.0,,1.0,,33.0,2.0,2.0,1.0,1.0,1.0,2.0,1.0,4.0,,1.0,1.0,,Q4,,1.0,2.0,1.0,2.0,1.0,2.0,1.0,,THA,,58246340.0,4.0,0.0,2.0,,2.0,1.0,,2.0,0.308541205,1,1.0,3.0,1.0,,1.0,1,1.0,1.0,115614273,East Asia & Pacific (excluding high income),2.0,1.0,2.0,,2.0,2.0,1.0,1.0,1.0,Thailand,1.0,,False,Female,30_39,2.0
2.0,,1.0,2.0,2021,,,1.0,2.0,2,1,1.0,1.0,1.0,,,,,42.0,2.0,3.0,1.0,2.0,1.0,1.0,1.0,2.0,,1.0,1.0,1.0,Q3,1.0,1.0,1.0,3.0,2.0,,1.0,1.0,,THA,,58246340.0,4.0,0.0,2.0,,,3.0,,2.0,0.989319659,1,1.0,3.0,1.0,,1.0,1,1.0,1.0,171814113,East Asia & Pacific (excluding high income),3.0,3.0,2.0,,2.0,2.0,2.0,1.0,0.0,Thailand,1.0,,False,Male,40_49,3.0
1.0,,1.0,1.0,2021,,,1.0,1.0,2,1,1.0,1.0,1.0,1.0,,1.0,,53.0,1.0,1.0,1.0,1.0,1.0,1.0,1.0,2.0,,1.0,1.0,1.0,Q3,,1.0,1.0,2.0,1.0,1.0,1.0,1.0,1.0,THA,1.0,58246340.0,1.0,1.0,1.0,,1.0,1.0,1.0,1.0,1.058571699,1,1.0,1.0,1.0,,1.0,1,1.0,1.0,204021222,East Asia & Pacific (excluding high income),1.0,1.0,1.0,,1.0,1.0,1.0,1.0,1.0,Thailand,1.0,,False,Male,50_59,1.0
2.0,,,2.0,2021,,,1.0,1.0,1,1,1.0,1.0,1.0,,,,,44.0,2.0,1.0,1.0,2.0,1.0,2.0,1.0,7.0,,1.0,1.0,,Q2,1.0,1.0,1.0,3.0,2.0,,3.0,1.0,,THA,2.0,58246340.0,4.0,1.0,2.0,,,1.0,,3.0,1.205254596,1,1.0,,1.0,,1.0,2,1.0,1.0,156876483,East Asia & Pacific (excluding high income),,1.0,2.0,,2.0,2.0,2.0,1.0,1.0,Thailand,1.0,,False,Female,40_49,1.0
,,1.0,1.0,2021,,,1.0,2.0,1,1,1.0,1.0,,1.0,,1.0,,16.0,1.0,2.0,4.0,4.0,1.0,2.0,2.0,2.0,,2.0,1.0,,Q4,,1.0,2.0,1.0,1.0,1.0,,,,THA,,58246340.0,4.0,1.0,,,1.0,1.0,,,0.998332341,1,2.0,1.0,2.0,,1.0,1,1.0,1.0,160605120,East Asia & Pacific (excluding high income),1.0,1.0,2.0,,2.0,2.0,,2.0,1.0,Thailand,1.0,,False,Female,17_or_less,2.0
2.0,,,1.0,2021,,,1.0,2.0,2,1,1.0,2.0,1.0,,,,,31.0,1.0,3.0,1.0,4.0,1.0,1.0,1.0,1.0,,2.0,1.0,1.0,Q5 Highest,,,2.0,,2.0,,2.0,1.0,,THA,,58246340.0,4.0,1.0,,,,,,2.0,0.357891433,1,2.0,3.0,1.0,,1.0,2,1.0,1.0,184733836,East Asia & Pacific (excluding high income),3.0,1.0,2.0,,2.0,2.0,,1.0,0.0,Thailand,4.0,,False,Male,30_39,3.0
2.0,,,1.0,2021,,,1.0,1.0,1,1,1.0,1.0,2.0,2.0,,1.0,,36.0,1.0,3.0,2.0,4.0,1.0,1.0,1.0,1.0,,2.0,1.0,1.0,Q4,,1.0,2.0,2.0,2.0,2.0,,1.0,,THA,2.0,58246340.0,4.0,1.0,,,2.0,2.0,,2.0,0.249767845,1,2.0,2.0,1.0,,1.0,2,1.0,1.0,155471927,East Asia & Pacific (excluding high income),1.0,3.0,2.0,1.0,2.0,2.0,,1.0,1.0,Thailand,1.0,,False,Female,30_39,3.0
,,2.0,2.0,2021,,,1.0,2.0,1,1,1.0,1.0,,2.0,,1.0,,43.0,2.0,3.0,4.0,1.0,1.0,2.0,1.0,2.0,,1.0,1.0,,Q2,,1.0,1.0,4.0,2.0,2.0,,2.0,,THA,,58246340.0,4.0,0.0,1.0,,2.0,1.0,,,0.403271822,1,1.0,2.0,2.0,,1.0,1,1.0,2.0,150458194,East Asia & Pacific (excluding high income),2.0,,2.0,,2.0,2.0,2.0,2.0,1.0,Thailand,1.0,,False,Female,40_49,3.0
,,2.0,1.0,2021,,,0.0,2.0,2,1,1.0,2.0,,,,,,26.0,2.0,3.0,4.0,1.0,1.0,2.0,2.0,8.0,,2.0,1.0,,Q4,,,2.0,,2.0,,,1.0,,THA,,58246340.0,4.0,1.0,1.0,,,,,,0.238816598,1,1.0,,2.0,,1.0,1,1.0,2.0,154663806,East Asia & Pacific (excluding high income),,,2.0,,2.0,2.0,1.0,2.0,0.0,Thailand,4.0,,False,Male,23_29,3.0
,2.0,,2.0,2021,,1.0,1.0,2.0,2,1,,1.0,,,,,2.0,34.0,2.0,1.0,4.0,2.0,1.0,,2.0,8.0,2.0,2.0,1.0,,Q3,1.0,1.0,2.0,2.0,2.0,,,,,THA,,58246340.0,4.0,1.0,2.0,,,2.0,,,1.492217251,1,1.0,,2.0,1.0,,2,,2.0,174014999,East Asia & Pacific (excluding high income),,,2.0,,2.0,2.0,2.0,1.0,0.0,Thailand,1.0,2.0,False,Male,30_39,1.0
,,2.0,2.0,2021,,,0.0,2.0,2,1,2.0,1.0,,,2.0,,,72.0,2.0,1.0,4.0,2.0,1.0,2.0,2.0,9.0,,1.0,0.0,,Q1 Lowest,1.0,2.0,2.0,1.0,2.0,,,,,THA,,58246340.0,4.0,0.0,2.0,,,2.0,,,5.714441691,1,1.0,,2.0,,2.0,1,2.0,2.0,163247542,East Asia & Pacific (excluding high income),,,2.0,,2.0,2.0,2.0,1.0,0.0,Thailand,1.0,,False,Male,70_plus,1.0
2.0,,2.0,2.0,2021,,,0.0,2.0,1,1,1.0,2.0,2.0,,,,,55.0,2.0,1.0,2.0,2.0,1.0,2.0,2.0,3.0,,2.0,1.0,,Q3,1.0,,2.0,,2.0,,,2.0,2.0,THA,,58246340.0,2.0,0.0,2.0,1.0,,,2.0,2.0,1.341989724,1,1.0,2.0,1.0,,2.0,1,2.0,1.0,181548342,East Asia & Pacific (excluding high income),1.0,2.0,2.0,1.0,2.0,1.0,2.0,1.0,0.0,Thailand,4.0,,False,Female,50_59,1.0
,,1.0,4.0,2021,,,1.0,4.0,1,1,1.0,4.0,,1.0,,2.0,,26.0,4.0,3.0,5.0,5.0,1.0,1.0,4.0,9.0,,4.0,1.0,1.0,Q2,,,4.0,,4.0,4.0,,2.0,,THA,,58246340.0,5.0,0.0,,,2.0,,,,0.138056999,1,4.0,,4.0,,1.0,1,1.0,4.0,126200190,East Asia & Pacific (excluding high income),,,4.0,,4.0,4.0,,1.0,1.0,Thailand,5.0,,False,Female,23_29,3.0
,,2.0,1.0,2021,,,0.0,2.0,1,1,1.0,1.0,,,,,,38.0,1.0,3.0,4.0,1.0,1.0,2.0,1.0,8.0,,2.0,1.0,,Q3,,1.0,2.0,2.0,2.0,,,1.0,,THA,,58246340.0,4.0,1.0,1.0,,,1.0,,,0.138056999,1,1.0,,2.0,,1.0,1,1.0,1.0,184863330,East Asia & Pacific (excluding high income),,1.0,2.0,,2.0,2.0,2.0,1.0,1.0,Thailand,1.0,,False,Female,30_39,3.0
,,1.0,1.0,2021,,,1.0,2.0,2,1,1.0,1.0,,,,,,82.0,1.0,3.0,4.0,1.0,1.0,1.0,2.0,2.0,,1.0,1.0,1.0,Q1 Lowest,,2.0,2.0,,2.0,,,1.0,,THA,,58246340.0,4.0,1.0,2.0,,,1.0,,,0.287333685,1,1.0,3.0,2.0,,1.0,1,2.0,2.0,114886281,East Asia & Pacific (excluding high income),3.0,,2.0,,2.0,2.0,1.0,2.0,1.0,Thailand,1.0,,False,Male,70_plus,3.0
,,2.0,2.0,2021,,,0.0,2.0,1,1,1.0,1.0,,,,,,30.0,2.0,3.0,4.0,1.0,1.0,2.0,2.0,2.0,,2.0,1.0,,Q5 Highest,,2.0,2.0,3.0,2.0,,,1.0,,THA,,58246340.0,4.0,0.0,2.0,,,1.0,,,0.413793821,1,1.0,2.0,2.0,,1.0,1,1.0,2.0,119205314,East Asia & Pacific (excluding high income),1.0,,2.0,,2.0,2.0,1.0,1.0,1.0,Thailand,1.0,,False,Female,30_39,3.0
2.0,,1.0,1.0,2021,,,1.0,1.0,2,1,1.0,1.0,1.0,1.0,,1.0,,28.0,1.0,2.0,1.0,1.0,1.0,1.0,1.0,2.0,,1.0,1.0,1.0,Q4,,1.0,1.0,2.0,2.0,1.0,2.0,1.0,,THA,2.0,58246340.0,4.0,1.0,1.0,,2.0,1.0,,1.0,4.724792758,1,1.0,3.0,1.0,,1.0,1,1.0,1.0,111571312,East Asia & Pacific (excluding high income),3.0,3.0,2.0,,2.0,2.0,1.0,1.0,1.0,Thailand,1.0,,False,Male,23_29,2.0
,,1.0,1.0,2021,,,1.0,2.0,2,1,1.0,2.0,,,,,,20.0,2.0,3.0,4.0,4.0,1.0,1.0,2.0,4.0,,2.0,1.0,1.0,Q5 Highest,,,2.0,2.0,1.0,,,1.0,,THA,,58246340.0,4.0,1.0,,,,,,,0.395271222,1,2.0,3.0,2.0,,1.0,1,1.0,2.0,175634520,East Asia & Pacific (excluding high income),3.0,,2.0,,2.0,2.0,,1.0,0.0,Thailand,4.0,,False,Male,18_22,3.0
,,2.0,1.0,2021,,,0.0,1.0,1,1,1.0,2.0,,,,,,62.0,1.0,3.0,4.0,4.0,1.0,2.0,2.0,2.0,,2.0,0.0,,Q5 Highest,,1.0,2.0,,2.0,,,2.0,,THA,2.0,58246340.0,4.0,1.0,,,,2.0,,,0.342026338,1,2.0,3.0,2.0,,2.0,1,2.0,2.0,175381706,East Asia & Pacific (excluding high income),3.0,,2.0,,1.0,2.0,,2.0,0.0,Thailand,4.0,,False,Female,60_69,3.0
,,,2.0,2021,,,1.0,2.0,1,1,1.0,1.0,,,,,,65.0,1.0,1.0,4.0,4.0,1.0,2.0,2.0,2.0,,1.0,0.0,,Q1 Lowest,,1.0,1.0,,2.0,,,,,THA,,58246340.0,4.0,1.0,,,,2.0,,,1.055094292,1,2.0,1.0,2.0,,1.0,2,1.0,2.0,132554813,East Asia & Pacific (excluding high income),1.0,,2.0,,2.0,2.0,,2.0,0.0,Thailand,1.0,,False,Female,60_69,1.0
2.0,,1.0,1.0,2021,,,1.0,2.0,1,1,1.0,1.0,1.0,1.0,,1.0,,50.0,1.0,3.0,1.0,1.0,1.0,1.0,1.0,2.0,,1.0,1.0,1.0,Q2,,2.0,1.0,,2.0,1.0,2.0,1.0,,THA,,58246340.0,4.0,1.0,2.0,,1.0,1.0,,2.0,0.467780602,1,1.0,3.0,1.0,,1.0,1,1.0,1.0,129714404,East Asia & Pacific (excluding high income),3.0,3.0,2.0,,2.0,2.0,1.0,1.0,1.0,Thailand,1.0,,False,Female,50_59,3.0
2.0,,2.0,1.0,2021,,,1.0,2.0,1,1,1.0,1.0,1.0,1.0,,1.0,,50.0,1.0,3.0,1.0,1.0,1.0,1.0,1.0,2.0,,2.0,1.0,1.0,Q5 Highest,,1.0,2.0,,2.0,1.0,2.0,1.0,,THA,,58246340.0,4.0,1.0,1.0,,2.0,2.0,,1.0,0.218877638,1,1.0,2.0,1.0,,1.0,1,1.0,2.0,149946484,East Asia & Pacific (excluding high income),2.0,,2.0,,2.0,2.0,1.0,1.0,1.0,Thailand,1.0,,False,Female,50_59,3.0
2.0,,1.0,2.0,2021,,,1.0,2.0,2,1,1.0,1.0,2.0,1.0,,1.0,,30.0,2.0,2.0,1.0,1.0,1.0,2.0,1.0,2.0,,2.0,1.0,,Q4,,1.0,1.0,1.0,2.0,2.0,2.0,1.0,,THA,,58246340.0,4.0,1.0,1.0,,2.0,2.0,,1.0,0.386514799,1,1.0,2.0,1.0,,1.0,1,1.0,1.0,175424318,East Asia & Pacific (excluding high income),2.0,3.0,2.0,,2.0,2.0,1.0,1.0,1.0,Thailand,1.0,,False,Male,30_39,2.0
,,1.0,2.0,2021,,,0.0,2.0,1,1,2.0,2.0,,,,,,46.0,2.0,3.0,4.0,4.0,1.0,2.0,2.0,2.0,,2.0,1.0,,Q1 Lowest,,,2.0,,2.0,,,,2.0,THA,,58246340.0,2.0,1.0,,1.0,,,2.0,,0.138056999,1,2.0,2.0,2.0,,1.0,1,1.0,2.0,147031842,East Asia & Pacific (excluding high income),1.0,,2.0,,2.0,1.0,,1.0,0.0,Thailand,4.0,,False,Female,40_49,3.0
2.0,,,2.0,2021,,,0.0,1.0,1,1,1.0,1.0,1.0,,,,,23.0,1.0,3.0,1.0,1.0,1.0,2.0,1.0,8.0,,1.0,1.0,,Q5 Highest,,2.0,2.0,1.0,2.0,,2.0,2.0,,THA,2.0,58246340.0,4.0,1.0,1.0,,,1.0,,2.0,0.292003301,1,1.0,,1.0,,1.0,2,1.0,1.0,176618702,East Asia & Pacific (excluding high income),,1.0,2.0,,2.0,2.0,1.0,1.0,1.0,Thailand,1.0,,False,Female,23_29,3.0
2.0,,,1.0,2021,,,1.0,2.0,1,1,1.0,1.0,1.0,1.0,,1.0,,44.0,1.0,3.0,1.0,4.0,1.0,1.0,1.0,1.0,,1.0,1.0,1.0,Q5 Highest,,1.0,2.0,2.0,1.0,1.0,2.0,1.0,,THA,,58246340.0,4.0,1.0,,,2.0,1.0,,2.0,0.185880027,1,2.0,4.0,1.0,,1.0,2,1.0,1.0,137257404,East Asia & Pacific (excluding high income),3.0,3.0,2.0,,2.0,2.0,,1.0,1.0,Thailand,1.0,,False,Female,40_49,3.0
,,2.0,1.0,2021,,,1.0,2.0,1,1,1.0,2.0,,,,,,37.0,2.0,3.0,4.0,2.0,1.0,1.0,1.0,7.0,,2.0,1.0,1.0,Q4,1.0,,2.0,3.0,1.0,,,3.0,,THA,,58246340.0,4.0,1.0,2.0,,,,,,0.208280098,1,1.0,,2.0,,1.0,1,1.0,2.0,210374757,East Asia & Pacific (excluding high income),,,2.0,,2.0,2.0,2.0,1.0,0.0,Thailand,4.0,,False,Female,30_39,3.0
1.0,,,1.0,2021,,,1.0,2.0,2,1,1.0,1.0,1.0,,,,,47.0,1.0,3.0,1.0,1.0,1.0,1.0,1.0,1.0,,1.0,1.0,1.0,Q5 Highest,,1.0,2.0,,2.0,,2.0,2.0,2.0,THA,,58246340.0,1.0,1.0,1.0,,,2.0,1.0,2.0,0.391501521,1,1.0,3.0,1.0,,1.0,2,1.0,1.0,149916659,East Asia & Pacific (excluding high income),3.0,3.0,2.0,,2.0,1.0,1.0,1.0,0.0,Thailand,1.0,,False,Male,40_49,3.0
2.0,2.0,,2.0,2021,1.0,2.0,1.0,2.0,2,0,,2.0,2.0,,,,2.0,40.0,2.0,2.0,2.0,4.0,0.0,,2.0,8.0,2.0,1.0,0.0,,Q2,,,1.0,,2.0,,,,,THA,,58246340.0,4.0,0.0,,,,,,2.0,0.320622614,0,2.0,,1.0,1.0,,2,,1.0,122939741,East Asia & Pacific (excluding high income),,2.0,2.0,1.0,2.0,2.0,,1.0,0.0,Thailand,4.0,2.0,False,Male,40_49,2.0
2.0,,,1.0,2021,,,0.0,2.0,1,1,1.0,2.0,1.0,,,,,33.0,1.0,3.0,1.0,2.0,1.0,2.0,2.0,8.0,,2.0,1.0,,Q5 Highest,1.0,,2.0,,2.0,,2.0,1.0,,THA,,58246340.0,4.0,1.0,2.0,,,,,2.0,0.337552293,1,1.0,,1.0,,1.0,2,1.0,1.0,207083594,East Asia & Pacific (excluding high income),,2.0,2.0,,2.0,2.0,2.0,1.0,0.0,Thailand,4.0,,False,Female,30_39,3.0
2.0,,1.0,1.0,2021,,,1.0,1.0,2,1,1.0,1.0,1.0,1.0,,1.0,,35.0,1.0,3.0,1.0,1.0,1.0,1.0,1.0,4.0,,1.0,1.0,1.0,Q4,,1.0,2.0,,1.0,1.0,1.0,1.0,,THA,1.0,58246340.0,4.0,1.0,1.0,,1.0,1.0,,2.0,0.180142039,1,1.0,3.0,1.0,,1.0,1,1.0,1.0,136465109,East Asia & Pacific (excluding high income),3.0,1.0,2.0,,2.0,2.0,2.0,1.0,1.0,Thailand,1.0,,False,Male,30_39,3.0
2.0,,1.0,1.0,2021,,,1.0,2.0,2,1,1.0,1.0,1.0,1.0,,1.0,,44.0,1.0,3.0,1.0,1.0,1.0,1.0,1.0,1.0,,2.0,1.0,1.0,Q5 Highest,,1.0,2.0,,1.0,2.0,2.0,1.0,,THA,,58246340.0,4.0,1.0,1.0,,2.0,1.0,,1.0,0.167033585,1,1.0,3.0,1.0,,1.0,1,1.0,1.0,116091018,East Asia & Pacific (excluding high income),3.0,1.0,2.0,,2.0,2.0,1.0,1.0,1.0,Thailand,1.0,,False,Male,40_49,3.0
,,,2.0,2021,,,0.0,2.0,2,1,2.0,1.0,,,,,,57.0,2.0,1.0,4.0,4.0,1.0,2.0,2.0,2.0,,2.0,0.0,,Q1 Lowest,,2.0,2.0,1.0,2.0,,,,2.0,THA,,58246340.0,2.0,0.0,,1.0,,1.0,2.0,,1.052714004,1,2.0,1.0,2.0,,2.0,2,2.0,2.0,153288864,East Asia & Pacific (excluding high income),1.0,,2.0,,2.0,1.0,,1.0,1.0,Thailand,1.0,,False,Male,50_59,1.0
2.0,,2.0,2.0,2021,,,1.0,2.0,1,1,4.0,1.0,1.0,2.0,,1.0,,38.0,2.0,3.0,1.0,1.0,1.0,1.0,1.0,2.0,,2.0,1.0,1.0,Q3,,1.0,2.0,3.0,2.0,1.0,2.0,2.0,,THA,,58246340.0,4.0,0.0,1.0,,2.0,1.0,,2.0,0.138056999,1,1.0,2.0,1.0,,1.0,1,1.0,1.0,203363347,East Asia & Pacific (excluding high income),2.0,1.0,2.0,,2.0,2.0,2.0,1.0,1.0,Thailand,1.0,,False,Female,30_39,3.0
,,,1.0,2021,,,1.0,1.0,2,1,2.0,1.0,,,,,,39.0,1.0,3.0,4.0,4.0,1.0,1.0,1.0,8.0,,1.0,1.0,1.0,Q1 Lowest,,1.0,2.0,,2.0,,,1.0,4.0,THA,2.0,58246340.0,1.0,1.0,,,,1.0,1.0,,4.124937688,1,2.0,,2.0,,1.0,2,1.0,1.0,181596256,East Asia & Pacific (excluding high income),,3.0,2.0,,2.0,1.0,,1.0,1.0,Thailand,1.0,,False,Male,30_39,5.0
1.0,,1.0,1.0,2021,,,1.0,2.0,1,1,1.0,1.0,1.0,1.0,,1.0,,48.0,1.0,2.0,1.0,1.0,1.0,1.0,1.0,2.0,,2.0,1.0,1.0,Q1 Lowest,,1.0,1.0,1.0,1.0,1.0,2.0,1.0,,THA,,58246340.0,4.0,1.0,1.0,,2.0,1.0,,2.0,0.906454961,1,1.0,1.0,1.0,,2.0,1,1.0,1.0,128542802,East Asia & Pacific (excluding high income),2.0,1.0,2.0,,2.0,2.0,1.0,1.0,1.0,Thailand,1.0,,False,Female,40_49,2.0
2.0,,,1.0,2021,,,1.0,2.0,1,1,1.0,1.0,1.0,,,,,30.0,1.0,3.0,1.0,4.0,1.0,1.0,1.0,4.0,,1.0,1.0,1.0,Q5 Highest,,1.0,2.0,,2.0,,2.0,,,THA,,58246340.0,4.0,1.0,,,,1.0,,1.0,1.162450402,1,2.0,2.0,1.0,,2.0,2,1.0,1.0,152246035,East Asia & Pacific (excluding high income),3.0,3.0,2.0,,2.0,2.0,,1.0,1.0,Thailand,1.0,,False,Female,30_39,3.0
,,,1.0,2021,,,1.0,2.0,2,1,1.0,1.0,,2.0,,1.0,,47.0,1.0,2.0,4.0,1.0,1.0,2.0,1.0,4.0,,1.0,1.0,,Q3,,1.0,2.0,,1.0,1.0,,1.0,,THA,,58246340.0,4.0,1.0,1.0,,2.0,1.0,,,0.80687012,1,1.0,3.0,2.0,,1.0,2,1.0,1.0,193157496,East Asia & Pacific (excluding high income),2.0,2.0,2.0,,2.0,2.0,1.0,1.0,1.0,Thailand,1.0,,False,Male,40_49,2.0
2.0,,2.0,1.0,2021,,,1.0,2.0,2,1,1.0,2.0,1.0,,,,,42.0,1.0,3.0,1.0,4.0,1.0,1.0,1.0,2.0,,2.0,1.0,1.0,Q5 Highest,,,2.0,2.0,2.0,,2.0,1.0,,THA,,58246340.0,4.0,1.0,,,,,,2.0,0.628404323,1,2.0,3.0,1.0,,1.0,1,1.0,1.0,143195635,East Asia & Pacific (excluding high income),3.0,3.0,2.0,,2.0,2.0,,1.0,0.0,Thailand,4.0,,False,Male,40_49,3.0
2.0,,,1.0,2021,,,1.0,2.0,2,1,1.0,1.0,1.0,,,,,35.0,1.0,3.0,1.0,1.0,1.0,1.0,1.0,2.0,,2.0,1.0,2.0,Q4,,1.0,1.0,3.0,2.0,,2.0,1.0,,THA,,58246340.0,4.0,1.0,1.0,,,2.0,,1.0,0.824988482,1,1.0,3.0,1.0,,1.0,2,1.0,1.0,132518768,East Asia & Pacific (excluding high income),3.0,1.0,2.0,,2.0,2.0,1.0,1.0,1.0,Thailand,1.0,,False,Male,30_39,3.0
,,,1.0,2021,,,1.0,2.0,1,1,1.0,1.0,,1.0,,1.0,,46.0,1.0,3.0,4.0,1.0,1.0,1.0,1.0,9.0,,2.0,1.0,1.0,Q4,,1.0,2.0,3.0,1.0,1.0,,1.0,,THA,,58246340.0,4.0,1.0,2.0,,2.0,2.0,,,0.253316168,1,1.0,,2.0,,1.0,2,1.0,1.0,115497120,East Asia & Pacific (excluding high income),,1.0,2.0,,1.0,2.0,1.0,1.0,1.0,Thailand,1.0,,False,Female,40_49,3.0
2.0,,,1.0,2021,,,1.0,1.0,2,1,1.0,1.0,1.0,1.0,,2.0,,45.0,2.0,1.0,1.0,2.0,1.0,2.0,1.0,7.0,,2.0,1.0,,Q1 Lowest,1.0,2.0,1.0,4.0,2.0,2.0,2.0,2.0,,THA,2.0,58246340.0,4.0,1.0,2.0,,2.0,1.0,,2.0,1.513571473,1,1.0,,1.0,,1.0,2,1.0,1.0,159016719,East Asia & Pacific (excluding high income),,1.0,2.0,,2.0,2.0,2.0,1.0,1.0,Thailand,1.0,,False,Male,40_49,1.0
,,1.0,2.0,2021,,,1.0,2.0,1,1,1.0,1.0,,,,,,69.0,1.0,1.0,4.0,2.0,1.0,2.0,2.0,2.0,,1.0,0.0,,Q2,1.0,1.0,1.0,2.0,1.0,,,1.0,,THA,,58246340.0,4.0,1.0,2.0,,,2.0,,,5.714441691,1,1.0,3.0,2.0,,2.0,1,2.0,2.0,132513065,East Asia & Pacific (excluding high income),3.0,,2.0,,1.0,2.0,2.0,1.0,0.0,Thailand,1.0,,False,Female,60_69,1.0
,,,1.0,2021,,,1.0,2.0,1,1,1.0,1.0,,1.0,,1.0,,55.0,1.0,3.0,4.0,1.0,1.0,1.0,1.0,1.0,,2.0,1.0,1.0,Q1 Lowest,,1.0,2.0,,2.0,2.0,,2.0,,THA,,58246340.0,4.0,1.0,1.0,,2.0,1.0,,,0.138056999,1,1.0,3.0,2.0,,1.0,2,1.0,1.0,190058776,East Asia & Pacific (excluding high income),3.0,2.0,2.0,,2.0,2.0,2.0,2.0,1.0,Thailand,1.0,,False,Female,50_59,3.0
,,,1.0,2021,,,1.0,2.0,1,1,1.0,1.0,,1.0,,2.0,,37.0,1.0,3.0,4.0,4.0,1.0,1.0,1.0,2.0,,1.0,1.0,1.0,Q5 Highest,,1.0,2.0,,2.0,1.0,,2.0,,THA,,58246340.0,4.0,1.0,,,1.0,1.0,,,0.348446705,1,2.0,3.0,2.0,,1.0,2,1.0,1.0,166013336,East Asia & Pacific (excluding high income),2.0,3.0,2.0,,2.0,2.0,,2.0,1.0,Thailand,1.0,,False,Female,30_39,3.0
2.0,,2.0,2.0,2021,,,0.0,2.0,2,1,1.0,2.0,1.0,,,,,52.0,1.0,3.0,1.0,4.0,1.0,2.0,2.0,5.0,,2.0,0.0,,Q5 Highest,,,2.0,,2.0,,2.0,2.0,,THA,,58246340.0,4.0,1.0,,,,,,2.0,3.536007908,1,2.0,3.0,1.0,,1.0,1,1.0,2.0,129184487,East Asia & Pacific (excluding high income),3.0,,2.0,,2.0,2.0,,1.0,0.0,Thailand,4.0,,False,Male,50_59,3.0
,,1.0,2.0,2021,,,0.0,2.0,1,1,1.0,1.0,,2.0,,1.0,,23.0,1.0,3.0,4.0,4.0,1.0,2.0,1.0,2.0,,2.0,1.0,,Q4,,1.0,2.0,,2.0,1.0,,2.0,,THA,,58246340.0,4.0,1.0,,,2.0,1.0,,,0.138056999,1,2.0,3.0,2.0,,1.0,1,1.0,1.0,184261353,East Asia & Pacific (excluding high income),3.0,1.0,2.0,,2.0,2.0,,1.0,1.0,Thailand,1.0,,False,Female,23_29,3.0
,,2.0,2.0,2021,,,0.0,2.0,2,1,1.0,2.0,,,,,,37.0,1.0,1.0,4.0,2.0,0.0,2.0,2.0,2.0,,2.0,0.0,,Q2,1.0,,2.0,1.0,2.0,,,2.0,,THA,,58246340.0,4.0,1.0,2.0,,,,,,2.620112369,1,1.0,2.0,2.0,,2.0,1,2.0,2.0,195346616,East Asia & Pacific (excluding high income),2.0,,2.0,,2.0,2.0,2.0,1.0,0.0,Thailand,4.0,,False,Male,30_39,1.0
,,2.0,2.0,2021,,,1.0,2.0,1,1,1.0,1.0,,,,,,35.0,1.0,2.0,4.0,1.0,1.0,2.0,1.0,2.0,,2.0,1.0,,Q4,,2.0,1.0,,2.0,,,1.0,,THA,,58246340.0,4.0,1.0,1.0,,,1.0,,,0.579680122,1,1.0,3.0,2.0,,1.0,1,1.0,1.0,199212857,East Asia & Pacific (excluding high income),3.0,3.0,2.0,,2.0,2.0,1.0,1.0,1.0,Thailand,1.0,,False,Female,30_39,2.0
,,,2.0,2021,,,0.0,2.0,1,1,1.0,1.0,,,,,,62.0,2.0,1.0,4.0,4.0,1.0,2.0,2.0,2.0,,2.0,0.0,,Q4,,1.0,2.0,2.0,2.0,,,2.0,,THA,,58246340.0,4.0,0.0,,,,2.0,,,0.648125606,1,2.0,1.0,2.0,,2.0,2,2.0,2.0,120685573,East Asia & Pacific (excluding high income),1.0,,2.0,,2.0,2.0,,2.0,0.0,Thailand,1.0,,False,Female,60_69,1.0
,,1.0,2.0,2021,,,0.0,2.0,2,1,2.0,1.0,,,,,,28.0,2.0,1.0,4.0,4.0,1.0,2.0,2.0,4.0,,2.0,1.0,,Q2,,1.0,2.0,4.0,2.0,,,,,THA,,58246340.0,4.0,0.0,,,,1.0,,,0.905456944,1,2.0,2.0,2.0,,1.0,1,2.0,2.0,165600021,East Asia & Pacific (excluding high income),2.0,,2.0,,2.0,2.0,,1.0,1.0,Thailand,1.0,,False,Male,23_29,1.0
,,2.0,1.0,2021,,,1.0,2.0,1,1,1.0,1.0,,,,,,42.0,1.0,2.0,4.0,1.0,1.0,1.0,1.0,1.0,,1.0,1.0,1.0,Q4,,2.0,2.0,,1.0,,,2.0,2.0,THA,,58246340.0,2.0,1.0,1.0,1.0,,1.0,2.0,,0.533798491,1,1.0,2.0,2.0,,1.0,1,1.0,1.0,148635701,East Asia & Pacific (excluding high income),1.0,3.0,2.0,,2.0,1.0,2.0,1.0,1.0,Thailand,1.0,,False,Female,40_49,2.0
,,1.0,1.0,2021,,,1.0,1.0,2,1,1.0,1.0,,1.0,,1.0,,48.0,1.0,1.0,4.0,2.0,1.0,1.0,1.0,4.0,,1.0,1.0,1.0,Q4,1.0,1.0,2.0,4.0,2.0,1.0,,1.0,1.0,THA,2.0,58246340.0,1.0,1.0,2.0,,1.0,2.0,1.0,,0.569880293,1,1.0,2.0,2.0,,1.0,1,1.0,2.0,141360695,East Asia & Pacific (excluding high income),1.0,,2.0,,2.0,1.0,2.0,1.0,1.0,Thailand,1.0,,False,Male,40_49,1.0
,,2.0,1.0,2021,,,1.0,2.0,2,1,1.0,1.0,,1.0,,1.0,,21.0,1.0,2.0,4.0,2.0,1.0,2.0,2.0,5.0,,1.0,1.0,,Q3,1.0,1.0,1.0,1.0,2.0,1.0,,,,THA,,58246340.0,4.0,1.0,2.0,,2.0,1.0,,,4.84750417,1,1.0,2.0,2.0,,1.0,1,2.0,1.0,203144796,East Asia & Pacific (excluding high income),1.0,3.0,2.0,,2.0,2.0,2.0,2.0,1.0,Thailand,1.0,,False,Male,18_22,2.0
2.0,,1.0,1.0,2021,,,1.0,2.0,1,1,1.0,1.0,1.0,1.0,,2.0,,27.0,1.0,3.0,1.0,1.0,1.0,1.0,1.0,2.0,,2.0,1.0,1.0,Q5 Highest,,1.0,1.0,1.0,2.0,1.0,2.0,2.0,,THA,,58246340.0,4.0,1.0,1.0,,2.0,1.0,,2.0,0.492041084,1,1.0,3.0,1.0,,1.0,1,1.0,1.0,146076486,East Asia & Pacific (excluding high income),3.0,3.0,2.0,,2.0,2.0,1.0,1.0,1.0,Thailand,1.0,,False,Female,23_29,3.0
,2.0,,1.0,2021,1.0,2.0,0.0,2.0,1,0,,2.0,,,,,2.0,35.0,2.0,3.0,4.0,4.0,0.0,,2.0,1.0,2.0,2.0,0.0,,Q5 Highest,,,2.0,,2.0,,,,,THA,,58246340.0,4.0,1.0,,,,,,,0.138056999,0,2.0,3.0,2.0,2.0,,2,,2.0,154650443,East Asia & Pacific (excluding high income),3.0,,2.0,,2.0,2.0,,1.0,0.0,Thailand,4.0,1.0,False,Female,30_39,3.0
2.0,,,2.0,2021,,,1.0,2.0,1,1,1.0,1.0,2.0,1.0,,1.0,,23.0,2.0,3.0,2.0,4.0,1.0,2.0,1.0,2.0,,1.0,1.0,,Q4,,1.0,1.0,2.0,2.0,1.0,,1.0,,THA,,58246340.0,4.0,0.0,,,2.0,1.0,,2.0,0.171630533,1,2.0,3.0,1.0,,1.0,2,1.0,1.0,179578332,East Asia & Pacific (excluding high income),1.0,3.0,2.0,1.0,2.0,2.0,,1.0,1.0,Thailand,1.0,,False,Female,23_29,3.0
2.0,,1.0,1.0,2021,,,1.0,2.0,1,1,1.0,1.0,2.0,1.0,,2.0,,38.0,1.0,3.0,1.0,1.0,1.0,1.0,1.0,2.0,,1.0,1.0,1.0,Q5 Highest,,2.0,2.0,2.0,2.0,1.0,1.0,2.0,,THA,,58246340.0,4.0,1.0,1.0,,1.0,1.0,,1.0,0.179869145,1,1.0,2.0,1.0,,1.0,1,1.0,1.0,130599665,East Asia & Pacific (excluding high income),2.0,1.0,1.0,,2.0,2.0,2.0,1.0,1.0,Thailand,1.0,,False,Female,30_39,3.0
2.0,,2.0,1.0,2021,,,1.0,2.0,1,1,1.0,1.0,1.0,1.0,,2.0,,37.0,1.0,3.0,1.0,1.0,1.0,1.0,1.0,1.0,,1.0,1.0,1.0,Q5 Highest,,2.0,2.0,,2.0,2.0,2.0,1.0,,THA,,58246340.0,4.0,1.0,2.0,,2.0,1.0,,2.0,0.227863973,1,1.0,3.0,1.0,,1.0,1,1.0,1.0,142551845,East Asia & Pacific (excluding high income),3.0,1.0,2.0,,2.0,2.0,1.0,1.0,1.0,Thailand,1.0,,False,Female,30_39,3.0
,,2.0,2.0,2021,,,1.0,2.0,1,1,1.0,1.0,,,,,,62.0,2.0,3.0,4.0,1.0,1.0,1.0,1.0,7.0,,2.0,1.0,1.0,Q1 Lowest,,2.0,1.0,2.0,2.0,,,,,THA,,58246340.0,4.0,1.0,1.0,,,1.0,,,0.138056999,1,1.0,,2.0,,1.0,1,1.0,1.0,145871335,East Asia & Pacific (excluding high income),,1.0,2.0,,2.0,2.0,2.0,2.0,1.0,Thailand,1.0,,False,Female,60_69,3.0
,,2.0,2.0,2021,,,1.0,2.0,1,1,1.0,1.0,,1.0,,1.0,,33.0,1.0,1.0,4.0,1.0,1.0,2.0,1.0,8.0,,1.0,1.0,,Q4,,1.0,1.0,3.0,2.0,1.0,,1.0,2.0,THA,,58246340.0,2.0,1.0,1.0,1.0,2.0,1.0,2.0,,1.113824762,1,1.0,,2.0,,1.0,1,1.0,1.0,192575016,East Asia & Pacific (excluding high income),,2.0,2.0,,2.0,1.0,1.0,1.0,1.0,Thailand,1.0,,False,Female,30_39,1.0
,,1.0,2.0,2021,,,1.0,2.0,2,1,1.0,1.0,,,,,,26.0,3.0,2.0,4.0,4.0,1.0,1.0,2.0,8.0,,1.0,1.0,1.0,Q3,,2.0,1.0,4.0,2.0,,,2.0,,THA,,58246340.0,4.0,0.0,,,,1.0,,,2.320584425,1,2.0,,2.0,,1.0,1,2.0,2.0,161831812,East Asia & Pacific (excluding high income),,,2.0,,2.0,2.0,,1.0,1.0,Thailand,1.0,,False,Male,23_29,2.0
2.0,,2.0,2.0,2021,,,1.0,2.0,2,1,1.0,1.0,1.0,,,,,41.0,2.0,3.0,1.0,1.0,1.0,1.0,1.0,4.0,,1.0,1.0,1.0,Q5 Highest,,1.0,2.0,,1.0,,2.0,1.0,,THA,,58246340.0,4.0,0.0,1.0,,,2.0,,2.0,0.678697635,1,1.0,3.0,1.0,,1.0,1,1.0,1.0,194405066,East Asia & Pacific (excluding high income),3.0,3.0,2.0,,2.0,2.0,2.0,1.0,0.0,Thailand,1.0,,False,Male,40_49,3.0
2.0,,,2.0,2021,,,0.0,2.0,1,1,1.0,1.0,1.0,1.0,,2.0,,28.0,2.0,2.0,1.0,2.0,1.0,2.0,2.0,2.0,,2.0,1.0,,Q5 Highest,1.0,1.0,2.0,2.0,2.0,1.0,2.0,2.0,,THA,,58246340.0,4.0,1.0,2.0,,2.0,2.0,,2.0,0.138056999,1,1.0,2.0,1.0,,1.0,2,1.0,1.0,156403337,East Asia & Pacific (excluding high income),1.0,3.0,2.0,,2.0,2.0,2.0,1.0,1.0,Thailand,1.0,,False,Female,23_29,2.0
2.0,,,1.0,2021,,,1.0,2.0,1,1,1.0,1.0,1.0,1.0,,1.0,,26.0,1.0,3.0,1.0,1.0,1.0,2.0,1.0,2.0,,2.0,1.0,,Q4,,2.0,1.0,2.0,2.0,2.0,2.0,2.0,,THA,,58246340.0,4.0,1.0,1.0,,2.0,1.0,,2.0,0.32663672,1,1.0,3.0,1.0,,1.0,2,1.0,1.0,171959584,East Asia & Pacific (excluding high income),3.0,3.0,2.0,,2.0,2.0,2.0,1.0,1.0,Thailand,1.0,,False,Female,23_29,3.0
2.0,,2.0,1.0,2021,,,1.0,2.0,1,1,1.0,1.0,1.0,1.0,,1.0,,56.0,1.0,3.0,1.0,1.0,1.0,1.0,1.0,1.0,,2.0,1.0,1.0,Q4,,2.0,2.0,,2.0,1.0,2.0,1.0,,THA,,58246340.0,4.0,1.0,2.0,,2.0,1.0,,2.0,0.138056999,1,1.0,3.0,1.0,,1.0,1,1.0,1.0,159893128,East Asia & Pacific (excluding high income),3.0,3.0,2.0,,2.0,2.0,1.0,1.0,1.0,Thailand,1.0,,False,Female,50_59,3.0
2.0,,2.0,1.0,2021,,,1.0,2.0,2,1,1.0,2.0,1.0,,,,,50.0,2.0,3.0,1.0,1.0,1.0,1.0,1.0,8.0,,2.0,1.0,1.0,Q4,,,2.0,,1.0,,2.0,2.0,,THA,,58246340.0,4.0,1.0,2.0,,,,,2.0,0.404584751,1,1.0,,1.0,,1.0,1,1.0,2.0,149050588,East Asia & Pacific (excluding high income),,,2.0,,2.0,2.0,1.0,1.0,0.0,Thailand,4.0,,False,Male,50_59,3.0
1.0,,2.0,1.0,2021,,,1.0,2.0,2,1,1.0,1.0,1.0,1.0,,1.0,,62.0,1.0,3.0,1.0,1.0,1.0,2.0,1.0,2.0,,2.0,1.0,,Q5 Highest,,1.0,1.0,,2.0,1.0,2.0,2.0,,THA,,58246340.0,4.0,1.0,1.0,,2.0,2.0,,2.0,0.138056999,1,1.0,1.0,1.0,,1.0,1,1.0,1.0,196537105,East Asia & Pacific (excluding high income),1.0,3.0,2.0,,1.0,2.0,1.0,1.0,1.0,Thailand,1.0,,False,Male,60_69,3.0
2.0,,1.0,1.0,2021,,,1.0,2.0,2,1,1.0,1.0,1.0,1.0,,1.0,,51.0,1.0,1.0,1.0,1.0,1.0,1.0,1.0,4.0,,2.0,1.0,1.0,Q5 Highest,,1.0,2.0,,1.0,2.0,1.0,1.0,,THA,,58246340.0,4.0,1.0,1.0,,2.0,2.0,,2.0,0.80687012,1,1.0,3.0,1.0,,1.0,1,1.0,1.0,114838202,East Asia & Pacific (excluding high income),3.0,3.0,2.0,,2.0,2.0,1.0,1.0,1.0,Thailand,1.0,,False,Male,50_59,1.0
2.0,,,1.0,2021,,,0.0,2.0,1,1,1.0,2.0,1.0,2.0,,1.0,,37.0,2.0,3.0,1.0,1.0,1.0,2.0,1.0,2.0,,1.0,1.0,,Q3,,,2.0,,2.0,2.0,3.0,2.0,,THA,,58246340.0,4.0,1.0,1.0,,2.0,,,1.0,0.588550094,1,1.0,3.0,1.0,,1.0,2,1.0,1.0,181224337,East Asia & Pacific (excluding high income),3.0,3.0,2.0,,2.0,2.0,1.0,1.0,1.0,Thailand,4.0,,False,Female,30_39,3.0
,,2.0,1.0,2021,,,1.0,2.0,1,1,1.0,1.0,,,,,,47.0,1.0,2.0,4.0,4.0,1.0,2.0,2.0,4.0,,2.0,1.0,,Q4,,1.0,2.0,1.0,1.0,,,1.0,2.0,THA,,58246340.0,2.0,1.0,,1.0,,2.0,2.0,,1.591036062,1,2.0,1.0,2.0,,1.0,1,1.0,1.0,167589060,East Asia & Pacific (excluding high income),1.0,3.0,2.0,,2.0,1.0,,1.0,0.0,Thailand,1.0,,False,Female,40_49,2.0
2.0,,2.0,1.0,2021,,,1.0,2.0,1,1,1.0,1.0,1.0,,,,,37.0,1.0,3.0,1.0,1.0,1.0,1.0,1.0,1.0,,1.0,1.0,1.0,Q5 Highest,,2.0,2.0,,2.0,,2.0,2.0,,THA,,58246340.0,4.0,1.0,1.0,,,1.0,,1.0,0.640126926,1,1.0,3.0,1.0,,1.0,1,1.0,1.0,193850941,East Asia & Pacific (excluding high income),3.0,3.0,2.0,,2.0,2.0,2.0,1.0,1.0,Thailand,1.0,,False,Female,30_39,3.0
2.0,,,2.0,2021,,,0.0,2.0,1,1,1.0,1.0,2.0,1.0,2.0,2.0,,28.0,2.0,3.0,2.0,1.0,1.0,2.0,1.0,2.0,,2.0,1.0,,Q4,,2.0,2.0,3.0,2.0,1.0,,1.0,,THA,,58246340.0,4.0,0.0,1.0,,2.0,2.0,,2.0,0.28810274,1,1.0,3.0,1.0,,1.0,2,1.0,1.0,174922163,East Asia & Pacific (excluding high income),3.0,1.0,2.0,1.0,2.0,2.0,1.0,1.0,1.0,Thailand,1.0,,False,Female,23_29,3.0
2.0,,2.0,1.0,2021,,,0.0,2.0,1,1,1.0,1.0,1.0,1.0,,1.0,,46.0,1.0,1.0,1.0,2.0,1.0,2.0,1.0,1.0,,1.0,1.0,,Q2,1.0,1.0,2.0,1.0,2.0,2.0,1.0,2.0,,THA,,58246340.0,4.0,1.0,2.0,,2.0,2.0,,2.0,0.324856616,1,1.0,3.0,1.0,,1.0,1,2.0,2.0,164094915,East Asia & Pacific (excluding high income),3.0,,2.0,,2.0,2.0,2.0,1.0,1.0,Thailand,1.0,,False,Female,40_49,1.0
1.0,,2.0,1.0,2021,,,0.0,2.0,2,1,1.0,1.0,1.0,1.0,,1.0,,23.0,1.0,2.0,1.0,1.0,1.0,2.0,1.0,3.0,,1.0,1.0,,Q4,,1.0,2.0,,2.0,2.0,1.0,1.0,,THA,,58246340.0,4.0,1.0,1.0,,2.0,1.0,,1.0,3.474708337,1,1.0,3.0,1.0,,1.0,1,1.0,1.0,174194975,East Asia & Pacific (excluding high income),2.0,1.0,2.0,,2.0,2.0,1.0,1.0,1.0,Thailand,1.0,,False,Male,23_29,5.0
2.0,,2.0,2.0,2021,,,1.0,2.0,1,1,1.0,1.0,1.0,,,,,38.0,2.0,2.0,1.0,1.0,1.0,2.0,1.0,5.0,,1.0,1.0,,Q4,,1.0,1.0,3.0,1.0,,2.0,1.0,,THA,,58246340.0,4.0,1.0,1.0,,,1.0,,2.0,2.225656282,1,1.0,1.0,1.0,,1.0,1,1.0,1.0,147332174,East Asia & Pacific (excluding high income),1.0,3.0,2.0,,2.0,2.0,1.0,1.0,1.0,Thailand,1.0,,False,Female,30_39,2.0
,,2.0,2.0,2021,,,0.0,2.0,2,1,1.0,1.0,,1.0,,1.0,,49.0,2.0,3.0,4.0,1.0,1.0,2.0,1.0,1.0,,1.0,1.0,,Q4,,1.0,2.0,,2.0,1.0,,1.0,,THA,,58246340.0,4.0,1.0,1.0,,2.0,1.0,,,0.157862851,1,1.0,3.0,2.0,,1.0,1,1.0,1.0,149971257,East Asia & Pacific (excluding high income),3.0,3.0,2.0,,2.0,2.0,1.0,1.0,1.0,Thailand,1.0,,False,Male,40_49,3.0
,,2.0,1.0,2021,,,1.0,2.0,2,1,1.0,2.0,,,,,,67.0,1.0,2.0,4.0,2.0,1.0,1.0,1.0,2.0,,2.0,1.0,1.0,Q4,1.0,,2.0,1.0,2.0,,,2.0,,THA,,58246340.0,4.0,1.0,2.0,,,,,,0.302773876,1,1.0,2.0,2.0,,1.0,1,1.0,1.0,138439215,East Asia & Pacific (excluding high income),1.0,3.0,2.0,,2.0,2.0,2.0,1.0,0.0,Thailand,4.0,,False,Male,60_69,2.0
,,,2.0,2021,,,1.0,2.0,1,1,1.0,1.0,,,,,,34.0,1.0,1.0,4.0,4.0,1.0,2.0,2.0,2.0,,2.0,1.0,,Q1 Lowest,,1.0,1.0,,2.0,,,2.0,2.0,THA,,58246340.0,2.0,1.0,,1.0,,2.0,2.0,,1.577018771,1,2.0,2.0,2.0,,1.0,2,1.0,2.0,162581207,East Asia & Pacific (excluding high income),1.0,,2.0,,2.0,1.0,,1.0,0.0,Thailand,1.0,,False,Female,30_39,1.0
2.0,,2.0,1.0,2021,,,1.0,2.0,2,1,1.0,1.0,1.0,1.0,,1.0,,43.0,1.0,3.0,1.0,1.0,1.0,1.0,1.0,1.0,,2.0,1.0,1.0,Q4,,2.0,2.0,5.0,2.0,1.0,2.0,1.0,,THA,,58246340.0,4.0,1.0,1.0,,2.0,1.0,,2.0,0.678697635,1,1.0,2.0,1.0,,1.0,1,1.0,1.0,166166531,East Asia & Pacific (excluding high income),3.0,3.0,2.0,,2.0,2.0,2.0,1.0,1.0,Thailand,1.0,,False,Male,40_49,3.0
2.0,,,1.0,2021,,,1.0,2.0,1,1,1.0,1.0,1.0,1.0,,1.0,,30.0,1.0,3.0,1.0,1.0,1.0,1.0,1.0,2.0,,1.0,1.0,1.0,Q4,,1.0,2.0,2.0,2.0,1.0,2.0,1.0,,THA,,58246340.0,4.0,1.0,2.0,,2.0,2.0,,2.0,0.496218276,1,1.0,3.0,1.0,,1.0,2,1.0,1.0,170699330,East Asia & Pacific (excluding high income),2.0,1.0,2.0,,2.0,2.0,1.0,1.0,1.0,Thailand,1.0,,False,Female,30_39,3.0
2.0,,1.0,1.0,2021,,,0.0,2.0,2,1,4.0,1.0,1.0,,,,,39.0,1.0,3.0,1.0,1.0,1.0,2.0,4.0,2.0,,1.0,1.0,,Q4,,1.0,2.0,,2.0,,2.0,4.0,,THA,,58246340.0,4.0,1.0,1.0,,,1.0,,2.0,0.281693375,1,1.0,3.0,1.0,,1.0,1,1.0,4.0,131840238,East Asia & Pacific (excluding high income),3.0,,2.0,,2.0,2.0,1.0,1.0,1.0,Thailand,1.0,,False,Male,30_39,3.0
2.0,,1.0,2.0,2021,,,1.0,1.0,1,1,1.0,2.0,1.0,2.0,,1.0,,29.0,2.0,1.0,1.0,1.0,1.0,1.0,1.0,2.0,,1.0,1.0,1.0,Q4,,,1.0,,2.0,1.0,2.0,2.0,2.0,THA,1.0,58246340.0,2.0,1.0,1.0,1.0,2.0,,2.0,3.0,0.807279529,1,1.0,2.0,1.0,,1.0,1,1.0,1.0,112605377,East Asia & Pacific (excluding high income),1.0,3.0,2.0,,2.0,1.0,2.0,1.0,1.0,Thailand,4.0,,False,Female,23_29,1.0
,,1.0,1.0,2021,,,1.0,2.0,2,1,1.0,1.0,,,2.0,,,47.0,1.0,3.0,4.0,4.0,1.0,1.0,2.0,1.0,,2.0,1.0,1.0,Q5 Highest,,2.0,2.0,,2.0,,,3.0,,THA,,58246340.0,4.0,1.0,,,,2.0,,,0.251749222,1,2.0,3.0,2.0,,1.0,1,1.0,2.0,180874506,East Asia & Pacific (excluding high income),3.0,,2.0,,2.0,2.0,,1.0,0.0,Thailand,1.0,,False,Male,40_49,3.0
,,2.0,2.0,2021,,,1.0,2.0,1,1,1.0,1.0,,1.0,,1.0,,20.0,2.0,2.0,4.0,4.0,1.0,2.0,1.0,2.0,,1.0,1.0,,Q2,,1.0,2.0,3.0,2.0,1.0,,1.0,,THA,,58246340.0,4.0,1.0,,,2.0,1.0,,,1.698510942,1,2.0,1.0,2.0,,1.0,1,1.0,1.0,180585158,East Asia & Pacific (excluding high income),2.0,1.0,1.0,,2.0,2.0,,2.0,1.0,Thailand,1.0,,False,Female,18_22,2.0
2.0,,1.0,1.0,2021,,,1.0,2.0,2,1,1.0,1.0,1.0,1.0,,1.0,,38.0,1.0,3.0,1.0,1.0,1.0,2.0,1.0,4.0,,2.0,1.0,,Q5 Highest,,1.0,2.0,2.0,1.0,2.0,2.0,1.0,,THA,,58246340.0,4.0,1.0,1.0,,1.0,1.0,,1.0,0.672984322,1,1.0,3.0,1.0,,1.0,1,1.0,1.0,114423610,East Asia & Pacific (excluding high income),3.0,1.0,2.0,,2.0,2.0,2.0,1.0,1.0,Thailand,1.0,,False,Male,30_39,3.0
2.0,,1.0,2.0,2021,,,1.0,2.0,2,1,1.0,2.0,1.0,1.0,,1.0,,40.0,2.0,3.0,1.0,1.0,1.0,1.0,1.0,2.0,,2.0,1.0,1.0,Q4,,,2.0,2.0,2.0,1.0,1.0,2.0,,THA,,58246340.0,4.0,0.0,2.0,,2.0,,,2.0,0.369442285,1,1.0,1.0,1.0,,1.0,1,1.0,1.0,187139987,East Asia & Pacific (excluding high income),1.0,3.0,2.0,,2.0,2.0,1.0,2.0,1.0,Thailand,4.0,,False,Male,40_49,3.0
,,,1.0,2021,,,0.0,2.0,1,1,1.0,1.0,,,,,,50.0,1.0,3.0,4.0,1.0,1.0,2.0,1.0,1.0,,2.0,1.0,,Q1 Lowest,,2.0,2.0,,2.0,,,2.0,,THA,,58246340.0,4.0,1.0,2.0,,,1.0,,,0.497088049,1,1.0,3.0,2.0,,2.0,2,2.0,1.0,158136502,East Asia & Pacific (excluding high income),2.0,3.0,2.0,,2.0,2.0,1.0,2.0,1.0,Thailand,1.0,,False,Female,50_59,3.0
,,1.0,2.0,2021,,,1.0,2.0,2,1,1.0,2.0,,,,,,49.0,2.0,3.0,4.0,1.0,1.0,1.0,2.0,2.0,,1.0,1.0,1.0,Q3,,,2.0,5.0,2.0,,,3.0,,THA,,58246340.0,4.0,1.0,2.0,,,,,,0.866964882,1,1.0,3.0,2.0,,1.0,1,1.0,2.0,177495369,East Asia & Pacific (excluding high income),3.0,,2.0,,2.0,2.0,1.0,1.0,0.0,Thailand,4.0,,False,Male,40_49,3.0
,,,1.0,2021,,,1.0,2.0,2,1,1.0,1.0,,,,,,47.0,2.0,1.0,4.0,4.0,1.0,2.0,2.0,2.0,,2.0,0.0,,Q2,,1.0,1.0,,2.0,,,2.0,2.0,THA,,58246340.0,2.0,1.0,,1.0,,2.0,2.0,,2.06791747,1,2.0,1.0,2.0,,1.0,2,2.0,2.0,183065484,East Asia & Pacific (excluding high income),1.0,,2.0,,2.0,1.0,,1.0,0.0,Thailand,1.0,,False,Male,40_49,1.0
2.0,,2.0,2.0,2021,,,1.0,2.0,2,1,1.0,1.0,1.0,1.0,,1.0,,26.0,1.0,2.0,1.0,2.0,1.0,2.0,2.0,4.0,,1.0,1.0,,Q3,1.0,1.0,2.0,1.0,2.0,1.0,2.0,1.0,,THA,,58246340.0,4.0,1.0,2.0,,2.0,1.0,,2.0,1.672041694,1,1.0,3.0,1.0,,1.0,1,1.0,1.0,206631582,East Asia & Pacific (excluding high income),3.0,1.0,1.0,,2.0,2.0,2.0,1.0,1.0,Thailand,1.0,,False,Male,23_29,5.0
1.0,,1.0,1.0,2021,,,1.0,1.0,1,1,1.0,1.0,1.0,1.0,,1.0,,28.0,1.0,3.0,1.0,1.0,1.0,2.0,1.0,1.0,,1.0,1.0,,Q4,,1.0,2.0,2.0,1.0,1.0,1.0,2.0,,THA,2.0,58246340.0,4.0,1.0,1.0,,2.0,1.0,,1.0,0.286089486,1,1.0,3.0,1.0,,1.0,1,1.0,1.0,116557469,East Asia & Pacific (excluding high income),3.0,3.0,2.0,,2.0,2.0,1.0,1.0,1.0,Thailand,1.0,,False,Female,23_29,3.0
2.0,,2.0,2.0,2021,,,1.0,2.0,1,1,1.0,1.0,2.0,1.0,,1.0,,18.0,2.0,1.0,2.0,1.0,1.0,2.0,1.0,2.0,,2.0,1.0,,Q3,,1.0,1.0,1.0,2.0,2.0,,,,THA,,58246340.0,4.0,1.0,1.0,,2.0,2.0,,2.0,1.552531629,1,1.0,1.0,1.0,,1.0,1,1.0,1.0,121252082,East Asia & Pacific (excluding high income),1.0,2.0,2.0,1.0,2.0,2.0,1.0,1.0,1.0,Thailand,1.0,,False,Female,18_22,1.0
2.0,,1.0,2.0,2021,,,1.0,2.0,2,1,1.0,1.0,1.0,2.0,,2.0,,52.0,2.0,2.0,1.0,4.0,1.0,2.0,1.0,2.0,,2.0,1.0,,Q4,,1.0,1.0,,1.0,1.0,2.0,2.0,,THA,,58246340.0,4.0,1.0,,,2.0,1.0,,2.0,0.157862851,1,2.0,3.0,1.0,,1.0,1,1.0,1.0,113115563,East Asia & Pacific (excluding high income),1.0,3.0,2.0,,2.0,2.0,,1.0,1.0,Thailand,1.0,,False,Male,50_59,2.0
1.0,,2.0,1.0,2021,,,1.0,2.0,2,1,1.0,1.0,1.0,1.0,,1.0,,42.0,2.0,3.0,1.0,4.0,1.0,2.0,1.0,2.0,,1.0,1.0,,Q2,,1.0,1.0,3.0,2.0,1.0,1.0,2.0,,THA,,58246340.0,4.0,1.0,,,2.0,2.0,,2.0,0.261195301,1,2.0,2.0,1.0,,1.0,1,1.0,1.0,140946118,East Asia & Pacific (excluding high income),2.0,1.0,2.0,,2.0,2.0,,1.0,1.0,Thailand,1.0,,False,Male,40_49,3.0
2.0,,1.0,2.0,2021,,,1.0,2.0,1,1,1.0,1.0,1.0,1.0,,1.0,,29.0,2.0,1.0,1.0,1.0,1.0,1.0,1.0,2.0,,1.0,1.0,2.0,Q2,,1.0,2.0,3.0,1.0,1.0,1.0,1.0,,THA,,58246340.0,4.0,0.0,1.0,,1.0,2.0,,1.0,0.934298079,1,1.0,4.0,1.0,,1.0,1,1.0,1.0,126489175,East Asia & Pacific (excluding high income),2.0,1.0,2.0,,2.0,2.0,1.0,1.0,1.0,Thailand,1.0,,False,Female,23_29,1.0
2.0,,1.0,1.0,2021,,,1.0,2.0,1,1,1.0,1.0,1.0,1.0,,1.0,,38.0,1.0,3.0,1.0,1.0,1.0,1.0,1.0,2.0,,1.0,1.0,2.0,Q4,,2.0,2.0,3.0,2.0,1.0,2.0,2.0,,THA,,58246340.0,4.0,1.0,1.0,,2.0,1.0,,1.0,0.435446098,1,1.0,3.0,1.0,,1.0,1,1.0,1.0,205815698,East Asia & Pacific (excluding high income),2.0,1.0,2.0,,2.0,2.0,2.0,1.0,1.0,Thailand,1.0,,False,Female,30_39,3.0
,,2.0,1.0,2021,,,0.0,2.0,1,1,1.0,1.0,,,,,,60.0,1.0,1.0,4.0,4.0,1.0,2.0,2.0,2.0,,2.0,0.0,,Q1 Lowest,,1.0,2.0,,2.0,,,,,THA,,58246340.0,4.0,1.0,,,,2.0,,,0.31602952,1,2.0,1.0,2.0,,2.0,1,2.0,2.0,153599642,East Asia & Pacific (excluding high income),1.0,,2.0,,1.0,2.0,,1.0,0.0,Thailand,1.0,,False,Female,60_69,1.0
2.0,,2.0,1.0,2021,,,1.0,2.0,2,1,1.0,1.0,1.0,,,,,25.0,1.0,2.0,1.0,4.0,1.0,2.0,1.0,2.0,,1.0,1.0,,Q3,,1.0,1.0,,2.0,,2.0,1.0,,THA,,58246340.0,4.0,1.0,,,,1.0,,1.0,3.973428471,1,2.0,1.0,1.0,,1.0,1,1.0,1.0,138765533,East Asia & Pacific (excluding high income),1.0,1.0,2.0,,2.0,2.0,,1.0,1.0,Thailand,1.0,,False,Male,23_29,2.0
1.0,,1.0,1.0,2021,,,1.0,2.0,2,1,1.0,2.0,1.0,,,,,35.0,1.0,3.0,1.0,4.0,1.0,1.0,1.0,4.0,,2.0,1.0,2.0,Q3,,,2.0,,1.0,,2.0,1.0,,THA,,58246340.0,4.0,1.0,,,,,,2.0,0.138056999,1,2.0,3.0,1.0,,1.0,1,1.0,1.0,136495207,East Asia & Pacific (excluding high income),3.0,1.0,2.0,,2.0,2.0,,1.0,0.0,Thailand,4.0,,False,Male,30_39,3.0
2.0,,1.0,1.0,2021,,,1.0,2.0,2,1,1.0,1.0,1.0,1.0,,1.0,,40.0,1.0,3.0,1.0,1.0,1.0,1.0,1.0,5.0,,1.0,1.0,1.0,Q3,,2.0,2.0,,2.0,2.0,2.0,1.0,,THA,,58246340.0,4.0,1.0,1.0,,2.0,1.0,,2.0,0.461683808,1,1.0,3.0,1.0,,1.0,1,1.0,1.0,197007954,East Asia & Pacific (excluding high income),3.0,3.0,2.0,,2.0,2.0,2.0,1.0,1.0,Thailand,1.0,,False,Male,40_49,3.0
2.0,,1.0,1.0,2021,,,1.0,2.0,1,1,1.0,1.0,1.0,,,,,36.0,1.0,3.0,1.0,1.0,1.0,1.0,1.0,2.0,,2.0,1.0,1.0,Q4,,1.0,2.0,3.0,2.0,,1.0,2.0,,THA,,58246340.0,4.0,1.0,1.0,,,1.0,,1.0,0.138056999,1,1.0,3.0,1.0,,1.0,1,1.0,1.0,188433406,East Asia & Pacific (excluding high income),1.0,2.0,2.0,,2.0,2.0,1.0,1.0,1.0,Thailand,1.0,,False,Female,30_39,3.0
,,,1.0,2021,,,1.0,2.0,1,1,1.0,2.0,,,,,,51.0,1.0,1.0,4.0,2.0,0.0,2.0,2.0,1.0,,2.0,0.0,,Q3,1.0,,1.0,3.0,2.0,,,2.0,,THA,,58246340.0,4.0,1.0,2.0,,,,,,0.620798208,1,1.0,1.0,2.0,,2.0,2,2.0,2.0,124792645,East Asia & Pacific (excluding high income),1.0,,2.0,,2.0,2.0,2.0,1.0,0.0,Thailand,4.0,,False,Female,50_59,1.0
2.0,,2.0,2.0,2021,,,1.0,2.0,2,1,1.0,1.0,1.0,,,,,40.0,2.0,2.0,1.0,2.0,1.0,2.0,2.0,2.0,,2.0,1.0,,Q1 Lowest,1.0,1.0,1.0,1.0,2.0,,2.0,1.0,,THA,,58246340.0,4.0,0.0,2.0,,,1.0,,2.0,0.261195301,1,1.0,1.0,1.0,,1.0,1,1.0,2.0,192843224,East Asia & Pacific (excluding high income),1.0,,2.0,,2.0,2.0,2.0,1.0,1.0,Thailand,1.0,,False,Male,40_49,2.0
2.0,,2.0,1.0,2021,,,0.0,2.0,1,1,2.0,1.0,2.0,,2.0,,,40.0,2.0,3.0,2.0,2.0,1.0,2.0,2.0,2.0,,2.0,0.0,,Q2,1.0,2.0,2.0,,2.0,,,2.0,,THA,,58246340.0,4.0,1.0,2.0,,,2.0,,2.0,0.138056999,1,1.0,3.0,1.0,,2.0,1,2.0,2.0,134084282,East Asia & Pacific (excluding high income),5.0,,2.0,1.0,2.0,2.0,2.0,1.0,0.0,Thailand,1.0,,False,Female,40_49,3.0
2.0,,2.0,1.0,2021,,,1.0,2.0,2,1,1.0,2.0,1.0,,,,,28.0,1.0,2.0,1.0,2.0,1.0,2.0,2.0,8.0,,1.0,0.0,,Q1 Lowest,1.0,,1.0,,2.0,,2.0,,,THA,,58246340.0,4.0,1.0,2.0,,,,,2.0,0.713748857,1,1.0,,1.0,,1.0,1,2.0,2.0,207974219,East Asia & Pacific (excluding high income),,,2.0,,2.0,2.0,2.0,1.0,0.0,Thailand,4.0,,False,Male,23_29,2.0
2.0,,2.0,1.0,2021,,,1.0,2.0,1,1,1.0,2.0,2.0,2.0,,1.0,,30.0,2.0,3.0,1.0,4.0,1.0,2.0,1.0,1.0,,2.0,1.0,,Q1 Lowest,,,2.0,1.0,2.0,1.0,2.0,1.0,2.0,THA,,58246340.0,2.0,1.0,,1.0,1.0,,2.0,1.0,0.413793821,1,2.0,3.0,1.0,,1.0,1,1.0,2.0,138363062,East Asia & Pacific (excluding high income),2.0,,2.0,,2.0,1.0,,1.0,1.0,Thailand,4.0,,False,Female,30_39,3.0
2.0,,2.0,2.0,2021,,,0.0,2.0,2,1,1.0,2.0,1.0,,,,,40.0,2.0,3.0,1.0,4.0,1.0,2.0,2.0,2.0,,2.0,0.0,,Q5 Highest,,,2.0,,2.0,,2.0,,,THA,,58246340.0,4.0,0.0,,,,,,2.0,0.289717453,1,2.0,3.0,1.0,,1.0,1,1.0,2.0,176051460,East Asia & Pacific (excluding high income),3.0,,2.0,,2.0,2.0,,1.0,0.0,Thailand,4.0,,False,Male,40_49,3.0
,,2.0,2.0,2021,,,1.0,1.0,1,1,1.0,1.0,,,,,,20.0,2.0,1.0,4.0,4.0,1.0,2.0,2.0,2.0,,2.0,0.0,,Q5 Highest,,1.0,2.0,,2.0,,,1.0,,THA,1.0,58246340.0,4.0,1.0,,,,2.0,,,2.496315048,1,2.0,2.0,2.0,,1.0,1,1.0,2.0,201143122,East Asia & Pacific (excluding high income),2.0,,2.0,,2.0,2.0,,1.0,0.0,Thailand,1.0,,False,Female,18_22,1.0
2.0,,1.0,1.0,2021,,,0.0,2.0,2,1,1.0,1.0,1.0,,,,,23.0,2.0,3.0,1.0,1.0,1.0,2.0,1.0,1.0,,1.0,1.0,,Q5 Highest,,1.0,2.0,,2.0,,2.0,1.0,,THA,,58246340.0,4.0,1.0,1.0,,,1.0,,1.0,0.833369502,1,1.0,2.0,1.0,,1.0,1,1.0,1.0,122568649,East Asia & Pacific (excluding high income),2.0,1.0,2.0,,2.0,2.0,1.0,1.0,1.0,Thailand,1.0,,False,Male,23_29,3.0
2.0,,,1.0,2021,,,1.0,2.0,1,1,1.0,1.0,1.0,1.0,,1.0,,35.0,1.0,3.0,1.0,1.0,1.0,1.0,1.0,4.0,,2.0,1.0,1.0,Q4,,1.0,2.0,,1.0,1.0,2.0,2.0,,THA,,58246340.0,4.0,1.0,1.0,,1.0,2.0,,3.0,0.138056999,1,1.0,3.0,1.0,,1.0,2,1.0,1.0,187350616,East Asia & Pacific (excluding high income),3.0,3.0,2.0,,2.0,2.0,1.0,1.0,1.0,Thailand,1.0,,False,Female,30_39,3.0
2.0,,2.0,1.0,2021,,,0.0,2.0,1,1,1.0,2.0,1.0,,,,,40.0,1.0,3.0,1.0,4.0,1.0,2.0,2.0,1.0,,2.0,0.0,,Q3,,,2.0,,2.0,,2.0,2.0,,THA,,58246340.0,4.0,1.0,,,,,,2.0,0.138056999,1,2.0,3.0,1.0,,1.0,1,1.0,2.0,204794210,East Asia & Pacific (excluding high income),3.0,,2.0,,2.0,2.0,,1.0,0.0,Thailand,4.0,,False,Female,40_49,3.0
2.0,,2.0,1.0,2021,,,1.0,2.0,1,1,1.0,2.0,1.0,,,,,57.0,1.0,3.0,1.0,1.0,1.0,1.0,1.0,2.0,,1.0,1.0,1.0,Q5 Highest,,,2.0,4.0,2.0,,2.0,1.0,,THA,,58246340.0,4.0,1.0,1.0,,,,,2.0,0.264787139,1,1.0,3.0,1.0,,1.0,1,1.0,1.0,132245695,East Asia & Pacific (excluding high income),3.0,3.0,2.0,,2.0,2.0,1.0,1.0,0.0,Thailand,4.0,,False,Female,50_59,3.0
2.0,,2.0,1.0,2021,,,1.0,2.0,1,1,1.0,1.0,1.0,1.0,,1.0,,42.0,1.0,3.0,1.0,1.0,1.0,1.0,1.0,2.0,,1.0,1.0,1.0,Q5 Highest,,1.0,2.0,2.0,2.0,1.0,2.0,3.0,,THA,,58246340.0,4.0,1.0,1.0,,2.0,2.0,,3.0,0.139029722,1,1.0,3.0,1.0,,1.0,1,1.0,1.0,119539690,East Asia & Pacific (excluding high income),3.0,3.0,2.0,,2.0,2.0,1.0,1.0,1.0,Thailand,1.0,,False,Female,40_49,3.0
2.0,,1.0,1.0,2021,,,1.0,2.0,1,1,1.0,2.0,1.0,,,,,25.0,1.0,3.0,1.0,4.0,1.0,1.0,2.0,2.0,,2.0,1.0,1.0,Q5 Highest,,,2.0,,2.0,,2.0,,,THA,,58246340.0,4.0,1.0,,,,,,2.0,0.496218276,1,2.0,3.0,1.0,,1.0,1,1.0,1.0,130780684,East Asia & Pacific (excluding high income),3.0,2.0,2.0,,2.0,2.0,,1.0,0.0,Thailand,4.0,,False,Female,23_29,3.0
,,2.0,1.0,2021,,,0.0,2.0,2,1,1.0,1.0,,,,,,33.0,2.0,1.0,4.0,4.0,1.0,2.0,2.0,2.0,,2.0,0.0,,Q5 Highest,,2.0,2.0,,2.0,,,2.0,,THA,,58246340.0,4.0,1.0,,,,1.0,,,0.582240602,1,2.0,3.0,2.0,,1.0,1,1.0,2.0,203512071,East Asia & Pacific (excluding high income),2.0,,2.0,,2.0,2.0,,1.0,1.0,Thailand,1.0,,False,Male,30_39,1.0
1.0,,,2.0,2021,,,0.0,2.0,2,1,1.0,2.0,1.0,,,,,45.0,2.0,1.0,1.0,4.0,1.0,2.0,2.0,2.0,,2.0,1.0,,Q4,,,2.0,5.0,2.0,,2.0,,2.0,THA,,58246340.0,1.0,0.0,,,,,1.0,2.0,0.80687012,1,2.0,1.0,1.0,,1.0,2,2.0,2.0,191887939,East Asia & Pacific (excluding high income),1.0,,2.0,,2.0,1.0,,1.0,0.0,Thailand,4.0,,False,Male,40_49,1.0
1.0,,2.0,1.0,2021,,,1.0,2.0,2,1,1.0,1.0,1.0,1.0,,1.0,,40.0,1.0,3.0,1.0,1.0,1.0,1.0,1.0,1.0,,1.0,1.0,1.0,Q4,,1.0,2.0,3.0,2.0,1.0,1.0,1.0,,THA,,58246340.0,4.0,1.0,1.0,,2.0,2.0,,2.0,0.461683808,1,1.0,3.0,1.0,,1.0,1,1.0,1.0,167697742,East Asia & Pacific (excluding high income),2.0,1.0,2.0,,2.0,2.0,2.0,1.0,1.0,Thailand,1.0,,False,Male,40_49,3.0
2.0,,1.0,1.0,2021,,,1.0,2.0,2,1,1.0,2.0,1.0,1.0,,2.0,,38.0,1.0,3.0,1.0,4.0,1.0,1.0,1.0,2.0,,1.0,1.0,1.0,Q2,,,1.0,2.0,2.0,1.0,1.0,1.0,,THA,,58246340.0,4.0,1.0,,,2.0,,,2.0,0.628404323,1,2.0,3.0,1.0,,1.0,1,1.0,1.0,177542953,East Asia & Pacific (excluding high income),2.0,3.0,2.0,,2.0,2.0,,1.0,1.0,Thailand,4.0,,False,Male,30_39,3.0
2.0,,2.0,2.0,2021,,,1.0,2.0,2,1,1.0,1.0,1.0,,,,,41.0,2.0,3.0,1.0,2.0,1.0,1.0,1.0,5.0,,2.0,1.0,1.0,Q5 Highest,1.0,2.0,2.0,,2.0,,2.0,2.0,,THA,,58246340.0,4.0,0.0,2.0,,,1.0,,1.0,0.264817552,1,1.0,3.0,1.0,,1.0,1,1.0,1.0,164691252,East Asia & Pacific (excluding high income),2.0,3.0,2.0,,2.0,2.0,2.0,1.0,1.0,Thailand,1.0,,False,Male,40_49,3.0
2.0,,1.0,1.0,2021,,,1.0,2.0,2,1,1.0,1.0,1.0,,,,,35.0,1.0,3.0,1.0,1.0,1.0,2.0,2.0,2.0,,2.0,0.0,,Q4,,1.0,1.0,3.0,2.0,,2.0,2.0,,THA,,58246340.0,4.0,1.0,2.0,,,2.0,,2.0,0.234665436,1,1.0,3.0,1.0,,2.0,1,2.0,1.0,165144055,East Asia & Pacific (excluding high income),1.0,2.0,2.0,,2.0,2.0,1.0,1.0,0.0,Thailand,1.0,,False,Male,30_39,3.0
2.0,,2.0,2.0,2021,,,1.0,1.0,2,1,1.0,2.0,1.0,,,,,54.0,1.0,2.0,1.0,2.0,1.0,2.0,2.0,2.0,,1.0,0.0,,Q2,1.0,,2.0,,2.0,,2.0,2.0,2.0,THA,1.0,58246340.0,2.0,1.0,2.0,1.0,,,2.0,2.0,0.658204269,1,1.0,3.0,1.0,,2.0,1,1.0,2.0,172739037,East Asia & Pacific (excluding high income),3.0,,2.0,,2.0,1.0,2.0,1.0,0.0,Thailand,4.0,,False,Male,50_59,2.0
2.0,,1.0,1.0,2021,,,1.0,2.0,1,1,1.0,1.0,1.0,,,,,38.0,2.0,2.0,1.0,4.0,1.0,2.0,1.0,2.0,,1.0,1.0,,Q4,,1.0,2.0,,2.0,,2.0,2.0,,THA,,58246340.0,4.0,1.0,,,,1.0,,2.0,0.805225006,1,2.0,1.0,1.0,,1.0,1,1.0,2.0,151236921,East Asia & Pacific (excluding high income),1.0,,2.0,,2.0,2.0,,1.0,1.0,Thailand,1.0,,False,Female,30_39,2.0
2.0,,2.0,2.0,2021,,,0.0,2.0,2,1,1.0,1.0,2.0,,,,,22.0,1.0,1.0,2.0,2.0,1.0,2.0,1.0,2.0,,1.0,1.0,,Q1 Lowest,1.0,2.0,2.0,,2.0,,,1.0,,THA,,58246340.0,4.0,1.0,2.0,,,1.0,,2.0,2.178864188,1,1.0,3.0,1.0,,2.0,1,1.0,1.0,179510637,East Asia & Pacific (excluding high income),3.0,2.0,2.0,1.0,2.0,2.0,2.0,1.0,1.0,Thailand,1.0,,False,Male,18_22,1.0
2.0,,2.0,2.0,2021,,,1.0,1.0,1,1,1.0,1.0,1.0,,,,,47.0,1.0,1.0,1.0,1.0,1.0,2.0,1.0,2.0,,1.0,1.0,,Q2,,1.0,1.0,3.0,2.0,,2.0,2.0,2.0,THA,2.0,58246340.0,1.0,1.0,2.0,,,1.0,1.0,1.0,0.866064604,1,1.0,1.0,1.0,,2.0,1,2.0,1.0,202344353,East Asia & Pacific (excluding high income),1.0,1.0,2.0,,2.0,1.0,1.0,2.0,1.0,Thailand,1.0,,False,Female,40_49,1.0
2.0,,,2.0,2021,,,1.0,2.0,2,1,1.0,1.0,1.0,1.0,,1.0,,25.0,1.0,2.0,1.0,1.0,1.0,1.0,1.0,2.0,,1.0,1.0,1.0,Q3,,1.0,1.0,1.0,2.0,1.0,2.0,1.0,,THA,,58246340.0,4.0,1.0,1.0,,2.0,1.0,,2.0,0.139643824,1,1.0,2.0,1.0,,1.0,2,1.0,1.0,175203027,East Asia & Pacific (excluding high income),1.0,1.0,2.0,,2.0,2.0,1.0,1.0,1.0,Thailand,1.0,,False,Male,23_29,2.0
,,2.0,1.0,2021,,,1.0,2.0,1,1,1.0,1.0,,,,,,40.0,1.0,3.0,4.0,1.0,1.0,1.0,1.0,7.0,,1.0,1.0,1.0,Q2,,2.0,2.0,,2.0,,,1.0,,THA,,58246340.0,4.0,1.0,2.0,,,1.0,,,0.138056999,1,1.0,,2.0,,1.0,1,1.0,1.0,186769721,East Asia & Pacific (excluding high income),,3.0,2.0,,2.0,2.0,1.0,1.0,1.0,Thailand,1.0,,False,Female,40_49,3.0
,,2.0,2.0,2021,,,0.0,2.0,1,1,2.0,2.0,,,,,,19.0,2.0,2.0,4.0,2.0,0.0,2.0,2.0,2.0,,2.0,0.0,,Q3,1.0,,2.0,4.0,2.0,,,,,THA,,58246340.0,4.0,0.0,2.0,,,,,,0.223577762,1,1.0,2.0,2.0,,2.0,1,2.0,2.0,131754846,East Asia & Pacific (excluding high income),2.0,,2.0,,2.0,2.0,2.0,1.0,0.0,Thailand,4.0,,False,Female,18_22,5.0
,,,1.0,2021,,,0.0,2.0,1,1,1.0,2.0,,1.0,,1.0,,17.0,1.0,2.0,4.0,4.0,1.0,2.0,1.0,2.0,,2.0,1.0,,Q5 Highest,,,2.0,4.0,2.0,1.0,,1.0,,THA,,58246340.0,4.0,1.0,,,2.0,,,,1.913725473,1,2.0,1.0,2.0,,1.0,2,1.0,1.0,174014515,East Asia & Pacific (excluding high income),1.0,1.0,2.0,,2.0,2.0,,2.0,1.0,Thailand,4.0,,False,Female,17_or_less,2.0
2.0,,2.0,1.0,2021,,,1.0,2.0,2,1,1.0,1.0,1.0,1.0,,1.0,,47.0,1.0,3.0,1.0,1.0,1.0,1.0,1.0,1.0,,2.0,1.0,1.0,Q5 Highest,,1.0,2.0,2.0,2.0,2.0,2.0,1.0,,THA,,58246340.0,4.0,1.0,1.0,,2.0,2.0,,2.0,0.375144201,1,1.0,3.0,1.0,,1.0,1,1.0,1.0,142646280,East Asia & Pacific (excluding high income),3.0,3.0,2.0,,2.0,2.0,1.0,1.0,1.0,Thailand,1.0,,False,Male,40_49,3.0
,,,1.0,2021,,,1.0,2.0,1,1,1.0,1.0,,,,,,34.0,1.0,3.0,4.0,4.0,1.0,2.0,2.0,2.0,,1.0,1.0,,Q3,,2.0,1.0,,2.0,,,,,THA,,58246340.0,4.0,1.0,,,,1.0,,,0.378230119,1,2.0,3.0,2.0,,2.0,2,2.0,2.0,199577113,East Asia & Pacific (excluding high income),3.0,,2.0,,2.0,2.0,,1.0,1.0,Thailand,1.0,,False,Female,30_39,3.0
,,2.0,1.0,2021,,,0.0,2.0,1,1,2.0,2.0,,,,,,85.0,1.0,3.0,4.0,1.0,1.0,2.0,2.0,2.0,,1.0,0.0,,Q5 Highest,,1.0,2.0,,2.0,,,,,THA,,58246340.0,4.0,1.0,2.0,,,2.0,,,0.138056999,1,1.0,3.0,2.0,,2.0,1,2.0,2.0,170688339,East Asia & Pacific (excluding high income),3.0,,2.0,,1.0,2.0,1.0,2.0,0.0,Thailand,4.0,,False,Female,70_plus,3.0
2.0,,,1.0,2021,,,1.0,2.0,2,1,1.0,1.0,1.0,1.0,,1.0,,32.0,1.0,3.0,1.0,4.0,1.0,1.0,1.0,2.0,,2.0,1.0,1.0,Q5 Highest,,2.0,2.0,2.0,2.0,1.0,2.0,1.0,,THA,,58246340.0,4.0,1.0,,,1.0,1.0,,2.0,0.305462307,1,2.0,3.0,1.0,,1.0,2,1.0,1.0,165328227,East Asia & Pacific (excluding high income),3.0,3.0,2.0,,2.0,2.0,,1.0,1.0,Thailand,1.0,,False,Male,30_39,3.0
,,1.0,2.0,2021,,,0.0,2.0,1,1,1.0,1.0,,1.0,,1.0,,50.0,2.0,2.0,4.0,4.0,1.0,2.0,1.0,3.0,,1.0,1.0,,Q2,,2.0,2.0,1.0,2.0,1.0,,1.0,,THA,,58246340.0,4.0,0.0,,,2.0,1.0,,,0.353824578,1,2.0,3.0,2.0,,1.0,1,1.0,1.0,151907985,East Asia & Pacific (excluding high income),1.0,2.0,2.0,,2.0,2.0,,1.0,1.0,Thailand,1.0,,False,Female,50_59,2.0
,4.0,,1.0,2021,4.0,4.0,0.0,4.0,1,0,,4.0,,,,,4.0,58.0,4.0,1.0,5.0,5.0,0.0,,4.0,9.0,4.0,4.0,0.0,,Q3,,,4.0,,4.0,,,,,THA,,58246340.0,5.0,1.0,,,,,,,0.177691554,0,4.0,,4.0,4.0,,4,,4.0,159301512,East Asia & Pacific (excluding high income),,,2.0,,4.0,4.0,,1.0,0.0,Thailand,5.0,4.0,False,Female,50_59,5.0
2.0,,,1.0,2021,,,1.0,2.0,2,1,1.0,2.0,1.0,1.0,,1.0,,58.0,1.0,3.0,1.0,1.0,1.0,1.0,1.0,1.0,,1.0,1.0,1.0,Q5 Highest,,,2.0,2.0,2.0,1.0,2.0,1.0,,THA,,58246340.0,4.0,1.0,1.0,,2.0,,,2.0,0.280337521,1,1.0,3.0,1.0,,1.0,2,1.0,1.0,141892346,East Asia & Pacific (excluding high income),3.0,3.0,2.0,,2.0,2.0,1.0,1.0,1.0,Thailand,4.0,,False,Male,50_59,3.0
2.0,,2.0,2.0,2021,,,1.0,2.0,2,1,1.0,1.0,2.0,1.0,,1.0,,33.0,1.0,1.0,2.0,2.0,1.0,2.0,1.0,2.0,,1.0,1.0,,Q5 Highest,1.0,2.0,1.0,1.0,2.0,1.0,,1.0,,THA,,58246340.0,4.0,1.0,2.0,,2.0,1.0,,2.0,1.550371692,1,1.0,1.0,1.0,,1.0,1,1.0,1.0,156224215,East Asia & Pacific (excluding high income),1.0,2.0,2.0,1.0,2.0,2.0,2.0,1.0,1.0,Thailand,1.0,,False,Male,30_39,1.0
,,2.0,1.0,2021,,,1.0,2.0,1,1,1.0,1.0,,1.0,,1.0,,55.0,1.0,2.0,4.0,1.0,1.0,1.0,1.0,2.0,,2.0,1.0,2.0,Q4,,2.0,2.0,4.0,1.0,2.0,,2.0,1.0,THA,,58246340.0,1.0,1.0,1.0,,2.0,1.0,1.0,,0.756295365,1,1.0,3.0,2.0,,1.0,1,1.0,1.0,149333736,East Asia & Pacific (excluding high income),3.0,3.0,2.0,,2.0,1.0,2.0,1.0,1.0,Thailand,1.0,,False,Female,50_59,2.0
2.0,,2.0,2.0,2021,,,1.0,2.0,1,1,1.0,1.0,1.0,,,,,43.0,1.0,1.0,1.0,4.0,1.0,1.0,2.0,2.0,,1.0,1.0,2.0,Q3,,1.0,1.0,2.0,2.0,,2.0,1.0,,THA,,58246340.0,4.0,1.0,,,,1.0,,2.0,2.225656282,1,2.0,1.0,1.0,,2.0,1,2.0,2.0,138662472,East Asia & Pacific (excluding high income),1.0,,2.0,,2.0,2.0,,1.0,1.0,Thailand,1.0,,False,Female,40_49,1.0
,,,2.0,2021,,,1.0,2.0,2,1,1.0,1.0,,,,,,27.0,1.0,2.0,4.0,4.0,1.0,2.0,2.0,2.0,,2.0,1.0,,Q4,,1.0,1.0,,2.0,,,2.0,,THA,,58246340.0,4.0,1.0,,,,2.0,,,0.543671672,1,2.0,2.0,2.0,,1.0,2,1.0,2.0,196649878,East Asia & Pacific (excluding high income),1.0,,2.0,,2.0,2.0,,1.0,0.0,Thailand,1.0,,False,Male,23_29,2.0
1.0,,1.0,1.0,2021,,,1.0,2.0,2,1,1.0,2.0,1.0,,,,,,1.0,3.0,1.0,4.0,1.0,1.0,2.0,1.0,,2.0,1.0,1.0,Q5 Highest,,,2.0,,2.0,,2.0,1.0,1.0,THA,,58246340.0,1.0,1.0,,,,,1.0,2.0,0.138056999,1,2.0,3.0,1.0,,1.0,1,1.0,1.0,122943266,East Asia & Pacific (excluding high income),3.0,1.0,2.0,,2.0,1.0,,1.0,1.0,Thailand,4.0,,False,Male,,3.0
2.0,,1.0,1.0,2021,,,1.0,2.0,2,1,1.0,1.0,1.0,1.0,,1.0,,24.0,1.0,2.0,1.0,4.0,1.0,2.0,1.0,2.0,,1.0,1.0,,Q4,,2.0,1.0,2.0,2.0,1.0,2.0,1.0,1.0,THA,,58246340.0,1.0,1.0,,,2.0,1.0,1.0,1.0,1.881650921,1,2.0,3.0,1.0,,1.0,1,1.0,1.0,164299301,East Asia & Pacific (excluding high income),1.0,3.0,2.0,,2.0,1.0,,1.0,1.0,Thailand,1.0,,False,Male,23_29,2.0
2.0,,1.0,2.0,2021,,,1.0,2.0,2,1,1.0,1.0,1.0,1.0,,1.0,,27.0,1.0,3.0,1.0,1.0,1.0,1.0,1.0,2.0,,1.0,1.0,1.0,Q5 Highest,,1.0,2.0,3.0,1.0,1.0,2.0,1.0,,THA,,58246340.0,4.0,1.0,1.0,,2.0,2.0,,2.0,0.138056999,1,1.0,3.0,1.0,,1.0,1,1.0,1.0,162379788,East Asia & Pacific (excluding high income),3.0,3.0,2.0,,2.0,2.0,1.0,1.0,1.0,Thailand,1.0,,False,Male,23_29,3.0
2.0,,2.0,1.0,2021,,,0.0,2.0,1,1,1.0,1.0,1.0,,,,,33.0,1.0,2.0,1.0,4.0,1.0,2.0,2.0,2.0,,2.0,1.0,,Q3,,2.0,2.0,4.0,2.0,,2.0,2.0,,THA,,58246340.0,4.0,1.0,,,,1.0,,2.0,4.04172194,1,2.0,2.0,1.0,,1.0,1,1.0,1.0,164836652,East Asia & Pacific (excluding high income),2.0,1.0,2.0,,2.0,2.0,,1.0,1.0,Thailand,1.0,,False,Female,30_39,2.0
,,2.0,2.0,2021,,,0.0,1.0,1,1,1.0,1.0,,2.0,,1.0,,28.0,1.0,1.0,4.0,1.0,1.0,2.0,1.0,2.0,,1.0,1.0,,Q4,,2.0,2.0,,2.0,1.0,,1.0,,THA,2.0,58246340.0,4.0,1.0,1.0,,2.0,1.0,,,1.407413836,1,1.0,3.0,2.0,,1.0,1,1.0,1.0,137980565,East Asia & Pacific (excluding high income),3.0,3.0,2.0,,2.0,2.0,2.0,1.0,1.0,Thailand,1.0,,False,Female,23_29,1.0
,,1.0,1.0,2021,,,1.0,1.0,1,1,1.0,1.0,,,,,,40.0,1.0,3.0,4.0,1.0,1.0,1.0,1.0,1.0,,1.0,1.0,1.0,Q3,,1.0,2.0,2.0,2.0,,,1.0,,THA,2.0,58246340.0,4.0,1.0,1.0,,,1.0,,,0.40375985,1,1.0,3.0,2.0,,1.0,1,1.0,1.0,165055622,East Asia & Pacific (excluding high income),3.0,3.0,2.0,,2.0,2.0,1.0,1.0,1.0,Thailand,1.0,,False,Female,40_49,3.0
,,2.0,2.0,2021,,,0.0,2.0,2,1,1.0,2.0,,,,,,42.0,2.0,1.0,4.0,2.0,1.0,2.0,1.0,2.0,,2.0,0.0,,Q3,1.0,,2.0,3.0,2.0,,,1.0,,THA,,58246340.0,4.0,1.0,2.0,,,,,,2.359762718,1,1.0,1.0,2.0,,1.0,1,1.0,2.0,113252710,East Asia & Pacific (excluding high income),1.0,,2.0,,2.0,2.0,2.0,1.0,0.0,Thailand,4.0,,False,Male,40_49,1.0
2.0,,2.0,1.0,2021,,,1.0,2.0,2,1,1.0,1.0,1.0,,1.0,,,45.0,1.0,3.0,1.0,1.0,1.0,1.0,1.0,2.0,,1.0,1.0,1.0,Q5 Highest,,2.0,1.0,3.0,2.0,,2.0,1.0,,THA,,58246340.0,4.0,1.0,1.0,,,2.0,,2.0,0.253886452,1,1.0,3.0,1.0,,1.0,1,1.0,1.0,191033872,East Asia & Pacific (excluding high income),2.0,1.0,2.0,,2.0,2.0,2.0,1.0,0.0,Thailand,2.0,,False,Male,40_49,3.0
2.0,,1.0,1.0,2021,,,1.0,2.0,2,1,1.0,1.0,1.0,2.0,,1.0,,50.0,1.0,3.0,1.0,1.0,1.0,1.0,1.0,1.0,,1.0,1.0,1.0,Q5 Highest,,2.0,2.0,,2.0,3.0,2.0,1.0,,THA,,58246340.0,4.0,1.0,2.0,,2.0,1.0,,2.0,0.589752531,1,1.0,3.0,1.0,,1.0,1,1.0,1.0,154107257,East Asia & Pacific (excluding high income),3.0,1.0,2.0,,2.0,2.0,1.0,1.0,1.0,Thailand,1.0,,False,Male,50_59,3.0
,,,1.0,2021,,,1.0,2.0,2,1,1.0,1.0,,,,,,31.0,1.0,2.0,4.0,1.0,1.0,2.0,1.0,3.0,,2.0,1.0,,Q1 Lowest,,1.0,1.0,3.0,2.0,,,1.0,,THA,,58246340.0,4.0,1.0,1.0,,,1.0,,,1.829258135,1,1.0,1.0,2.0,,1.0,2,1.0,1.0,163230430,East Asia & Pacific (excluding high income),1.0,1.0,2.0,,1.0,2.0,2.0,1.0,1.0,Thailand,1.0,,False,Male,30_39,2.0
,,1.0,1.0,2021,,,1.0,2.0,1,1,1.0,1.0,,,,,,60.0,1.0,3.0,4.0,1.0,1.0,1.0,2.0,8.0,,2.0,1.0,1.0,Q5 Highest,,1.0,2.0,,2.0,,,1.0,,THA,,58246340.0,4.0,1.0,2.0,,,1.0,,,0.180121351,1,1.0,,2.0,,1.0,1,1.0,1.0,133041587,East Asia & Pacific (excluding high income),,3.0,2.0,,1.0,2.0,1.0,1.0,1.0,Thailand,1.0,,False,Female,60_69,3.0
,,2.0,2.0,2021,,,1.0,2.0,2,1,1.0,2.0,,1.0,,2.0,,44.0,1.0,3.0,4.0,4.0,1.0,2.0,1.0,6.0,,1.0,0.0,,Q3,,,1.0,,2.0,1.0,,2.0,,THA,,58246340.0,4.0,1.0,,,2.0,,,,0.197080187,1,2.0,1.0,2.0,,1.0,1,1.0,1.0,143748635,East Asia & Pacific (excluding high income),1.0,2.0,2.0,,2.0,2.0,,1.0,1.0,Thailand,4.0,,False,Male,40_49,3.0
2.0,,1.0,1.0,2021,,,1.0,1.0,1,1,1.0,2.0,1.0,,,,,26.0,1.0,2.0,1.0,4.0,1.0,2.0,1.0,2.0,,1.0,1.0,,Q1 Lowest,,,1.0,1.0,2.0,,1.0,1.0,,THA,1.0,58246340.0,4.0,1.0,,,,,,2.0,1.361901691,1,2.0,1.0,1.0,,1.0,1,1.0,1.0,148503935,East Asia & Pacific (excluding high income),1.0,1.0,2.0,,2.0,2.0,,1.0,0.0,Thailand,4.0,,False,Female,23_29,2.0
2.0,,2.0,1.0,2021,,,1.0,2.0,2,1,2.0,2.0,2.0,,,,,19.0,1.0,1.0,2.0,2.0,1.0,1.0,2.0,2.0,,1.0,0.0,1.0,Q3,1.0,,1.0,,2.0,,,,,THA,,58246340.0,4.0,1.0,2.0,,,,,2.0,1.815721899,1,1.0,2.0,1.0,,2.0,1,2.0,2.0,160682358,East Asia & Pacific (excluding high income),2.0,,2.0,1.0,2.0,2.0,2.0,1.0,0.0,Thailand,4.0,,False,Male,18_22,1.0
2.0,,1.0,1.0,2021,,,1.0,2.0,2,1,1.0,1.0,1.0,,,,,34.0,1.0,3.0,1.0,2.0,1.0,2.0,1.0,2.0,,1.0,1.0,,Q3,1.0,1.0,1.0,2.0,2.0,,2.0,1.0,,THA,,58246340.0,4.0,1.0,2.0,,,1.0,,1.0,0.782865577,1,1.0,2.0,1.0,,1.0,1,1.0,1.0,152677155,East Asia & Pacific (excluding high income),2.0,2.0,2.0,,2.0,2.0,2.0,1.0,1.0,Thailand,1.0,,False,Male,30_39,3.0
2.0,,1.0,2.0,2021,,,0.0,2.0,1,1,1.0,1.0,1.0,,,,,38.0,1.0,2.0,1.0,1.0,1.0,2.0,2.0,2.0,,1.0,1.0,,Q1 Lowest,,1.0,2.0,1.0,2.0,,2.0,1.0,,THA,,58246340.0,4.0,1.0,2.0,,,1.0,,1.0,1.815579024,1,1.0,2.0,1.0,,1.0,1,1.0,1.0,131547724,East Asia & Pacific (excluding high income),1.0,2.0,2.0,,2.0,2.0,1.0,1.0,1.0,Thailand,1.0,,False,Female,30_39,2.0
2.0,,2.0,2.0,2021,,,0.0,2.0,2,1,1.0,2.0,1.0,1.0,,2.0,,19.0,2.0,2.0,1.0,4.0,1.0,2.0,2.0,2.0,,1.0,1.0,,Q2,,,2.0,1.0,2.0,1.0,1.0,1.0,,THA,,58246340.0,4.0,1.0,,,2.0,,,2.0,3.987921876,1,2.0,2.0,1.0,,1.0,1,1.0,1.0,161869703,East Asia & Pacific (excluding high income),1.0,1.0,2.0,,2.0,2.0,,2.0,1.0,Thailand,4.0,,False,Male,18_22,2.0
,,2.0,1.0,2021,,,1.0,4.0,2,1,1.0,4.0,,1.0,,1.0,,35.0,1.0,3.0,5.0,4.0,1.0,1.0,1.0,9.0,,4.0,1.0,1.0,Q5 Highest,,,4.0,,4.0,1.0,,1.0,,THA,,58246340.0,4.0,1.0,,,2.0,,,,0.184025151,1,2.0,,4.0,,1.0,1,1.0,1.0,202188888,East Asia & Pacific (excluding high income),,3.0,2.0,,2.0,2.0,,1.0,1.0,Thailand,5.0,,False,Male,30_39,3.0
,,2.0,1.0,2021,,,1.0,2.0,2,1,1.0,1.0,,1.0,,1.0,,30.0,1.0,1.0,4.0,2.0,1.0,2.0,2.0,4.0,,1.0,1.0,,Q3,1.0,1.0,2.0,3.0,2.0,1.0,,1.0,2.0,THA,,58246340.0,2.0,1.0,2.0,1.0,1.0,1.0,2.0,,1.263186975,1,1.0,3.0,2.0,,1.0,1,1.0,1.0,192759079,East Asia & Pacific (excluding high income),1.0,3.0,2.0,,2.0,1.0,2.0,1.0,1.0,Thailand,1.0,,False,Male,30_39,1.0
2.0,,2.0,1.0,2021,,,1.0,2.0,1,1,1.0,1.0,1.0,,,,,40.0,2.0,3.0,1.0,1.0,1.0,2.0,1.0,2.0,,2.0,1.0,,Q2,,2.0,1.0,3.0,2.0,,2.0,2.0,,THA,,58246340.0,4.0,1.0,1.0,,,1.0,,2.0,0.173566915,1,1.0,1.0,1.0,,1.0,1,1.0,1.0,169812392,East Asia & Pacific (excluding high income),2.0,2.0,2.0,,2.0,2.0,1.0,1.0,1.0,Thailand,1.0,,False,Female,40_49,3.0
2.0,,1.0,2.0,2021,,,1.0,2.0,2,1,1.0,1.0,1.0,1.0,,1.0,,36.0,2.0,3.0,1.0,1.0,1.0,1.0,1.0,4.0,,2.0,1.0,1.0,Q5 Highest,,1.0,1.0,,1.0,1.0,2.0,1.0,,THA,,58246340.0,4.0,1.0,1.0,,1.0,1.0,,1.0,0.180142039,1,1.0,3.0,1.0,,1.0,1,1.0,1.0,184453914,East Asia & Pacific (excluding high income),3.0,1.0,2.0,,2.0,2.0,1.0,1.0,1.0,Thailand,1.0,,False,Male,30_39,3.0
,,,2.0,2021,,,0.0,2.0,2,1,1.0,1.0,,1.0,,1.0,,18.0,1.0,2.0,4.0,1.0,1.0,2.0,1.0,2.0,,2.0,1.0,,Q4,,1.0,2.0,4.0,2.0,1.0,,1.0,,THA,,58246340.0,4.0,1.0,1.0,,2.0,2.0,,,0.679821138,1,1.0,2.0,2.0,,1.0,2,1.0,1.0,127757745,East Asia & Pacific (excluding high income),1.0,1.0,2.0,,2.0,2.0,1.0,1.0,1.0,Thailand,1.0,,False,Male,18_22,2.0
,,2.0,2.0,2021,,,1.0,2.0,2,1,2.0,1.0,,,,,,40.0,2.0,1.0,4.0,2.0,1.0,2.0,2.0,4.0,,1.0,1.0,,Q2,1.0,1.0,1.0,4.0,1.0,,,,,THA,,58246340.0,4.0,0.0,2.0,,,1.0,,,0.393040306,1,1.0,3.0,2.0,,1.0,1,1.0,2.0,117210309,East Asia & Pacific (excluding high income),3.0,,1.0,,2.0,2.0,2.0,1.0,1.0,Thailand,1.0,,False,Male,40_49,1.0
2.0,,1.0,2.0,2021,,,1.0,2.0,2,1,1.0,1.0,1.0,,,,,50.0,1.0,3.0,1.0,1.0,1.0,1.0,1.0,2.0,,1.0,1.0,2.0,Q5 Highest,,1.0,1.0,1.0,2.0,,2.0,2.0,,THA,,58246340.0,4.0,1.0,1.0,,,1.0,,2.0,0.370083591,1,1.0,3.0,1.0,,1.0,1,1.0,1.0,206195254,East Asia & Pacific (excluding high income),2.0,1.0,2.0,,2.0,2.0,1.0,1.0,1.0,Thailand,1.0,,False,Male,50_59,3.0
2.0,,1.0,2.0,2021,,,1.0,2.0,1,1,1.0,1.0,1.0,,,,,45.0,2.0,2.0,1.0,1.0,1.0,2.0,1.0,2.0,,1.0,1.0,,Q3,,1.0,1.0,1.0,2.0,,2.0,1.0,,THA,,58246340.0,4.0,0.0,1.0,,,1.0,,1.0,1.264579291,1,1.0,3.0,1.0,,1.0,1,1.0,1.0,156233073,East Asia & Pacific (excluding high income),3.0,1.0,2.0,,2.0,2.0,1.0,2.0,1.0,Thailand,1.0,,False,Female,40_49,2.0
,,2.0,2.0,2021,,,1.0,2.0,2,1,1.0,1.0,,,2.0,,,40.0,1.0,2.0,4.0,2.0,1.0,2.0,1.0,2.0,,2.0,1.0,,Q4,1.0,2.0,1.0,4.0,2.0,,,1.0,,THA,,58246340.0,4.0,1.0,2.0,,,2.0,,,0.167033585,1,1.0,2.0,2.0,,1.0,1,1.0,1.0,133722924,East Asia & Pacific (excluding high income),2.0,1.0,2.0,,2.0,2.0,2.0,1.0,0.0,Thailand,1.0,,False,Male,40_49,2.0
1.0,,1.0,1.0,2021,,,0.0,2.0,2,1,1.0,1.0,1.0,,,,,23.0,2.0,3.0,1.0,2.0,1.0,2.0,2.0,1.0,,1.0,1.0,,Q4,1.0,2.0,2.0,,2.0,,2.0,2.0,,THA,,58246340.0,4.0,1.0,2.0,,,1.0,,2.0,0.169917852,1,1.0,3.0,1.0,,1.0,1,1.0,1.0,200993791,East Asia & Pacific (excluding high income),3.0,3.0,2.0,,2.0,2.0,2.0,1.0,1.0,Thailand,1.0,,False,Male,23_29,3.0
2.0,,2.0,1.0,2021,,,1.0,2.0,2,1,1.0,2.0,1.0,,,,,34.0,1.0,3.0,1.0,1.0,1.0,1.0,1.0,4.0,,2.0,0.0,1.0,Q4,,,2.0,1.0,2.0,,2.0,2.0,,THA,,58246340.0,4.0,1.0,1.0,,,,,2.0,0.327132288,1,1.0,3.0,1.0,,1.0,1,1.0,2.0,172090164,East Asia & Pacific (excluding high income),3.0,,2.0,,2.0,2.0,1.0,1.0,0.0,Thailand,4.0,,False,Male,30_39,3.0
,2.0,,2.0,2021,1.0,2.0,0.0,2.0,1,0,,4.0,,,,,2.0,65.0,2.0,3.0,4.0,2.0,0.0,,2.0,9.0,2.0,1.0,0.0,,Q5 Highest,1.0,,2.0,,2.0,,,,,THA,,58246340.0,5.0,0.0,2.0,,,,,,5.137413534,0,1.0,,2.0,1.0,,2,,2.0,189414126,East Asia & Pacific (excluding high income),,,2.0,,4.0,4.0,2.0,2.0,0.0,Thailand,5.0,1.0,False,Female,60_69,3.0
2.0,,,1.0,2021,,,0.0,2.0,2,1,1.0,1.0,2.0,1.0,,1.0,,30.0,1.0,3.0,3.0,1.0,1.0,1.0,1.0,2.0,,1.0,1.0,2.0,Q4,,2.0,2.0,,2.0,1.0,,1.0,,THA,,58246340.0,4.0,1.0,1.0,,2.0,1.0,,2.0,0.237582771,1,1.0,3.0,1.0,,1.0,2,1.0,1.0,116256278,East Asia & Pacific (excluding high income),3.0,3.0,2.0,2.0,2.0,2.0,2.0,1.0,1.0,Thailand,1.0,,False,Male,30_39,3.0
,,,2.0,2021,,,0.0,2.0,1,1,1.0,2.0,,,,,,23.0,2.0,2.0,4.0,2.0,0.0,2.0,2.0,5.0,,2.0,0.0,,Q4,1.0,,2.0,,2.0,,,2.0,,THA,,58246340.0,4.0,0.0,2.0,,,,,,5.714441691,1,1.0,3.0,2.0,,2.0,2,2.0,2.0,142108000,East Asia & Pacific (excluding high income),3.0,,2.0,,2.0,2.0,2.0,2.0,0.0,Thailand,4.0,,False,Female,23_29,2.0
2.0,,,2.0,2021,,,0.0,2.0,1,1,1.0,1.0,1.0,1.0,,1.0,,18.0,1.0,1.0,1.0,4.0,1.0,2.0,1.0,2.0,,1.0,1.0,,Q3,,1.0,2.0,,2.0,1.0,2.0,1.0,,THA,,58246340.0,4.0,1.0,,,2.0,1.0,,2.0,2.673407595,1,2.0,3.0,1.0,,1.0,2,1.0,1.0,127103081,East Asia & Pacific (excluding high income),2.0,1.0,2.0,,2.0,2.0,,1.0,1.0,Thailand,1.0,,False,Female,18_22,1.0
,,1.0,1.0,2021,,,1.0,1.0,1,1,2.0,1.0,,1.0,2.0,1.0,,24.0,1.0,3.0,4.0,1.0,1.0,1.0,1.0,4.0,,1.0,1.0,2.0,Q4,,2.0,2.0,,2.0,1.0,,1.0,,THA,1.0,58246340.0,4.0,1.0,1.0,,1.0,2.0,,,0.292003301,1,1.0,3.0,2.0,,1.0,1,1.0,1.0,155080057,East Asia & Pacific (excluding high income),3.0,1.0,2.0,,2.0,2.0,1.0,1.0,1.0,Thailand,3.0,,False,Female,23_29,3.0
2.0,,2.0,2.0,2021,,,1.0,2.0,1,1,1.0,1.0,1.0,,,,,44.0,1.0,2.0,1.0,1.0,1.0,2.0,1.0,2.0,,1.0,0.0,,Q1 Lowest,,1.0,1.0,4.0,2.0,,1.0,2.0,,THA,,58246340.0,4.0,1.0,1.0,,,1.0,,2.0,2.192996488,1,1.0,1.0,1.0,,1.0,1,1.0,1.0,187338443,East Asia & Pacific (excluding high income),1.0,2.0,2.0,,2.0,2.0,1.0,2.0,1.0,Thailand,1.0,,False,Female,40_49,2.0
2.0,,1.0,1.0,2021,,,0.0,4.0,1,1,4.0,1.0,4.0,,,,,46.0,4.0,3.0,2.0,3.0,1.0,4.0,4.0,3.0,,2.0,1.0,,Q5 Highest,4.0,1.0,2.0,3.0,2.0,,,,,THA,,58246340.0,4.0,1.0,4.0,,,4.0,,4.0,0.381592008,1,1.0,2.0,1.0,,1.0,1,4.0,4.0,165187139,East Asia & Pacific (excluding high income),2.0,,2.0,1.0,2.0,2.0,2.0,1.0,0.0,Thailand,1.0,,False,Female,40_49,3.0
1.0,,2.0,1.0,2021,,,1.0,2.0,2,1,1.0,1.0,1.0,,,,,63.0,1.0,2.0,1.0,2.0,1.0,1.0,2.0,1.0,,2.0,1.0,1.0,Q5 Highest,1.0,1.0,2.0,,1.0,,2.0,1.0,,THA,,58246340.0,4.0,1.0,2.0,,,2.0,,2.0,0.138056999,1,1.0,3.0,1.0,,1.0,1,1.0,1.0,133890246,East Asia & Pacific (excluding high income),3.0,2.0,2.0,,2.0,2.0,2.0,1.0,0.0,Thailand,1.0,,False,Male,60_69,2.0
2.0,,2.0,1.0,2021,,,1.0,1.0,1,1,1.0,1.0,1.0,1.0,,1.0,,35.0,2.0,2.0,1.0,1.0,1.0,2.0,1.0,2.0,,1.0,1.0,,Q2,,2.0,1.0,1.0,2.0,1.0,2.0,1.0,,THA,2.0,58246340.0,4.0,1.0,1.0,,2.0,1.0,,1.0,1.815579024,1,1.0,3.0,1.0,,1.0,1,1.0,1.0,150646483,East Asia & Pacific (excluding high income),2.0,2.0,2.0,,2.0,2.0,2.0,1.0,1.0,Thailand,1.0,,False,Female,30_39,2.0
,,1.0,2.0,2021,,,1.0,2.0,1,1,1.0,1.0,,2.0,,1.0,,48.0,2.0,2.0,4.0,1.0,1.0,2.0,1.0,3.0,,1.0,1.0,,Q4,,1.0,1.0,,2.0,2.0,,1.0,2.0,THA,,58246340.0,2.0,1.0,1.0,1.0,2.0,1.0,2.0,,0.412110893,1,1.0,1.0,2.0,,1.0,1,2.0,1.0,200662474,East Asia & Pacific (excluding high income),3.0,3.0,2.0,,2.0,1.0,1.0,1.0,1.0,Thailand,1.0,,False,Female,40_49,2.0
2.0,,2.0,2.0,2021,,,1.0,2.0,2,1,1.0,1.0,1.0,,,,,40.0,2.0,2.0,1.0,1.0,1.0,1.0,1.0,2.0,,1.0,1.0,1.0,Q4,,2.0,1.0,4.0,1.0,,2.0,1.0,,THA,,58246340.0,4.0,0.0,1.0,,,1.0,,3.0,2.829808776,1,1.0,3.0,1.0,,1.0,1,1.0,1.0,208145018,East Asia & Pacific (excluding high income),3.0,3.0,2.0,,2.0,2.0,1.0,1.0,1.0,Thailand,1.0,,False,Male,40_49,2.0
2.0,,,2.0,2021,,,0.0,2.0,1,1,2.0,1.0,2.0,,2.0,,,46.0,2.0,1.0,3.0,2.0,1.0,2.0,2.0,7.0,,2.0,0.0,,Q1 Lowest,1.0,2.0,2.0,4.0,2.0,,,,,THA,,58246340.0,4.0,0.0,2.0,,,2.0,,2.0,5.714441691,1,1.0,,1.0,,2.0,2,2.0,2.0,135558752,East Asia & Pacific (excluding high income),,,2.0,2.0,2.0,2.0,2.0,2.0,0.0,Thailand,3.0,,False,Female,40_49,1.0
2.0,,1.0,1.0,2021,,,1.0,2.0,2,1,1.0,1.0,1.0,1.0,,1.0,,36.0,2.0,1.0,1.0,1.0,1.0,1.0,1.0,4.0,,1.0,1.0,1.0,Q5 Highest,,1.0,2.0,2.0,1.0,2.0,2.0,1.0,2.0,THA,,58246340.0,2.0,1.0,1.0,1.0,2.0,1.0,2.0,2.0,4.124937688,1,1.0,3.0,1.0,,1.0,1,1.0,1.0,195564584,East Asia & Pacific (excluding high income),1.0,1.0,2.0,,2.0,1.0,1.0,1.0,1.0,Thailand,1.0,,False,Male,30_39,1.0
,,1.0,1.0,2021,,,1.0,2.0,2,1,1.0,1.0,,,,,,33.0,1.0,3.0,4.0,1.0,1.0,1.0,1.0,4.0,,1.0,1.0,1.0,Q4,,2.0,2.0,,2.0,,,1.0,,THA,,58246340.0,4.0,1.0,1.0,,,1.0,,,0.521688912,1,1.0,3.0,2.0,,1.0,1,1.0,1.0,192076474,East Asia & Pacific (excluding high income),3.0,1.0,2.0,,2.0,2.0,1.0,1.0,1.0,Thailand,1.0,,False,Male,30_39,3.0
,,1.0,1.0,2021,,,1.0,2.0,1,1,1.0,2.0,,1.0,,1.0,,58.0,1.0,1.0,4.0,1.0,1.0,1.0,1.0,2.0,,1.0,1.0,1.0,Q3,,,2.0,,2.0,1.0,,3.0,,THA,,58246340.0,4.0,1.0,1.0,,2.0,,,,0.70906667,1,1.0,3.0,2.0,,1.0,1,1.0,1.0,177795753,East Asia & Pacific (excluding high income),3.0,1.0,2.0,,2.0,2.0,1.0,2.0,1.0,Thailand,4.0,,False,Female,50_59,5.0
2.0,,2.0,1.0,2021,,,1.0,2.0,1,1,1.0,1.0,1.0,1.0,,1.0,,55.0,1.0,1.0,1.0,2.0,1.0,1.0,1.0,2.0,,2.0,1.0,1.0,Q5 Highest,1.0,1.0,1.0,1.0,2.0,1.0,2.0,,,THA,,58246340.0,4.0,1.0,2.0,,2.0,1.0,,1.0,0.809948157,1,1.0,1.0,1.0,,1.0,1,1.0,1.0,190015236,East Asia & Pacific (excluding high income),1.0,1.0,2.0,,2.0,2.0,2.0,1.0,1.0,Thailand,1.0,,False,Female,50_59,1.0
,,2.0,2.0,2021,,,0.0,2.0,2,1,1.0,1.0,,,,,,29.0,1.0,1.0,4.0,2.0,1.0,2.0,2.0,2.0,,2.0,1.0,,Q2,1.0,1.0,2.0,2.0,2.0,,,1.0,2.0,THA,,58246340.0,1.0,1.0,2.0,,,1.0,1.0,,4.285255017,1,1.0,2.0,2.0,,1.0,1,1.0,2.0,183061818,East Asia & Pacific (excluding high income),2.0,,2.0,,2.0,1.0,2.0,1.0,1.0,Thailand,1.0,,False,Male,23_29,1.0
1.0,,1.0,1.0,2021,,,0.0,2.0,1,1,1.0,2.0,1.0,1.0,,1.0,,39.0,1.0,3.0,1.0,1.0,1.0,1.0,1.0,5.0,,1.0,1.0,2.0,Q4,,,2.0,2.0,2.0,1.0,2.0,1.0,1.0,THA,,58246340.0,1.0,1.0,1.0,,2.0,,1.0,2.0,0.138056999,1,1.0,3.0,1.0,,1.0,1,1.0,1.0,152081642,East Asia & Pacific (excluding high income),3.0,1.0,2.0,,2.0,1.0,1.0,1.0,1.0,Thailand,4.0,,False,Female,30_39,3.0
,,1.0,2.0,2021,,,1.0,2.0,2,1,1.0,2.0,,1.0,,1.0,,32.0,2.0,3.0,4.0,1.0,1.0,2.0,1.0,2.0,,1.0,1.0,,Q3,,,1.0,2.0,2.0,1.0,,1.0,,THA,,58246340.0,4.0,0.0,1.0,,2.0,,,,0.480900361,1,1.0,3.0,2.0,,1.0,1,1.0,1.0,115505695,East Asia & Pacific (excluding high income),3.0,3.0,2.0,,2.0,2.0,2.0,1.0,1.0,Thailand,4.0,,False,Male,30_39,3.0
,,1.0,2.0,2021,,,0.0,2.0,2,1,1.0,1.0,,,2.0,,,36.0,2.0,3.0,4.0,1.0,1.0,2.0,1.0,2.0,,2.0,1.0,,Q5 Highest,,2.0,2.0,,2.0,,,,,THA,,58246340.0,4.0,0.0,1.0,,,2.0,,,0.138056999,1,1.0,3.0,2.0,,1.0,1,1.0,1.0,198489204,East Asia & Pacific (excluding high income),3.0,3.0,2.0,,2.0,2.0,2.0,1.0,0.0,Thailand,3.0,,False,Male,30_39,3.0
1.0,,2.0,1.0,2021,,,0.0,2.0,2,1,1.0,2.0,1.0,,,,,43.0,2.0,3.0,1.0,4.0,1.0,2.0,2.0,1.0,,1.0,0.0,,Q5 Highest,,,2.0,,2.0,,2.0,2.0,,THA,,58246340.0,4.0,1.0,,,,,,2.0,0.138056999,1,2.0,3.0,1.0,,2.0,1,2.0,2.0,173207570,East Asia & Pacific (excluding high income),3.0,,2.0,,2.0,2.0,,1.0,0.0,Thailand,4.0,,False,Male,40_49,3.0
2.0,,1.0,1.0,2021,,,1.0,2.0,2,1,1.0,1.0,1.0,1.0,,1.0,,52.0,1.0,3.0,1.0,1.0,1.0,1.0,1.0,1.0,,1.0,1.0,1.0,Q4,,1.0,2.0,2.0,2.0,1.0,2.0,1.0,2.0,THA,,58246340.0,3.0,1.0,1.0,2.0,2.0,1.0,2.0,2.0,0.594759246,1,1.0,3.0,1.0,,1.0,1,1.0,1.0,197422193,East Asia & Pacific (excluding high income),3.0,3.0,2.0,,2.0,1.0,2.0,1.0,1.0,Thailand,1.0,,False,Male,50_59,3.0
2.0,,1.0,1.0,2021,,,1.0,1.0,1,1,1.0,1.0,1.0,1.0,,1.0,,41.0,1.0,3.0,1.0,1.0,1.0,1.0,1.0,1.0,,1.0,1.0,1.0,Q5 Highest,,1.0,2.0,,2.0,1.0,2.0,1.0,,THA,1.0,58246340.0,4.0,1.0,1.0,,2.0,2.0,,2.0,0.708411475,1,1.0,3.0,1.0,,1.0,1,1.0,1.0,181949800,East Asia & Pacific (excluding high income),3.0,2.0,2.0,,2.0,2.0,1.0,1.0,1.0,Thailand,1.0,,False,Female,40_49,5.0
,,,2.0,2021,,,0.0,2.0,1,1,1.0,1.0,,,1.0,,,17.0,2.0,1.0,4.0,2.0,0.0,2.0,2.0,2.0,,2.0,0.0,,Q1 Lowest,1.0,2.0,2.0,1.0,2.0,,,2.0,,THA,,58246340.0,4.0,0.0,2.0,,,2.0,,,2.389125295,1,1.0,2.0,2.0,,2.0,2,1.0,2.0,177213171,East Asia & Pacific (excluding high income),1.0,,2.0,,2.0,2.0,2.0,2.0,0.0,Thailand,2.0,,False,Female,17_or_less,1.0
,,,2.0,2021,,,1.0,2.0,1,1,1.0,2.0,,,,,,39.0,2.0,3.0,4.0,1.0,1.0,1.0,1.0,2.0,,2.0,1.0,1.0,Q4,,,2.0,2.0,1.0,,,1.0,,THA,,58246340.0,4.0,0.0,1.0,,,,,,1.041399296,1,1.0,3.0,2.0,,1.0,2,1.0,1.0,144155116,East Asia & Pacific (excluding high income),3.0,1.0,2.0,,2.0,2.0,1.0,1.0,0.0,Thailand,4.0,,False,Female,30_39,5.0
2.0,,2.0,1.0,2021,,,0.0,2.0,2,1,1.0,2.0,1.0,1.0,,2.0,,39.0,1.0,2.0,1.0,2.0,1.0,1.0,2.0,2.0,,2.0,1.0,2.0,Q1 Lowest,1.0,,2.0,1.0,2.0,2.0,2.0,2.0,,THA,,58246340.0,4.0,1.0,2.0,,2.0,,,1.0,0.393040306,1,1.0,2.0,1.0,,1.0,1,1.0,1.0,148696852,East Asia & Pacific (excluding high income),1.0,1.0,2.0,,2.0,2.0,2.0,1.0,1.0,Thailand,4.0,,False,Male,30_39,2.0
,,,2.0,2021,,,0.0,2.0,1,1,2.0,2.0,,,,,,46.0,2.0,1.0,4.0,2.0,0.0,2.0,2.0,7.0,,2.0,0.0,,Q1 Lowest,1.0,,2.0,4.0,2.0,,,,,THA,,58246340.0,4.0,0.0,2.0,,,,,,5.714441691,1,1.0,,2.0,,2.0,2,2.0,2.0,154572537,East Asia & Pacific (excluding high income),,,2.0,,2.0,2.0,2.0,2.0,0.0,Thailand,4.0,,False,Female,40_49,1.0
2.0,,2.0,1.0,2021,,,1.0,2.0,1,1,1.0,1.0,1.0,,,,,45.0,1.0,3.0,1.0,4.0,1.0,1.0,2.0,1.0,,2.0,1.0,1.0,Q4,,1.0,2.0,,2.0,,2.0,2.0,,THA,,58246340.0,4.0,1.0,,,,1.0,,1.0,0.138056999,1,2.0,3.0,1.0,,1.0,1,1.0,1.0,133132042,East Asia & Pacific (excluding high income),3.0,3.0,2.0,,2.0,2.0,,1.0,1.0,Thailand,1.0,,False,Female,40_49,3.0
,,2.0,1.0,2021,,,0.0,2.0,2,1,1.0,1.0,,,2.0,,,60.0,1.0,3.0,4.0,1.0,1.0,2.0,2.0,1.0,,2.0,1.0,,Q1 Lowest,,2.0,2.0,,2.0,,,3.0,,THA,,58246340.0,4.0,1.0,2.0,,,2.0,,,0.268300054,1,1.0,3.0,2.0,,1.0,1,1.0,1.0,120298795,East Asia & Pacific (excluding high income),3.0,1.0,2.0,,2.0,2.0,1.0,2.0,0.0,Thailand,3.0,,False,Male,60_69,3.0
2.0,,1.0,2.0,2021,,,1.0,2.0,2,1,1.0,1.0,2.0,2.0,,2.0,,48.0,2.0,2.0,1.0,4.0,1.0,1.0,1.0,7.0,,1.0,1.0,1.0,Q4,,2.0,2.0,3.0,2.0,2.0,1.0,2.0,,THA,,58246340.0,4.0,0.0,,,2.0,1.0,,1.0,0.551480207,1,2.0,,1.0,,1.0,1,1.0,2.0,137674030,East Asia & Pacific (excluding high income),,,2.0,,2.0,2.0,,1.0,1.0,Thailand,1.0,,False,Male,40_49,2.0
,,2.0,1.0,2021,,,0.0,2.0,1,1,1.0,1.0,,,,,,35.0,1.0,3.0,4.0,1.0,1.0,2.0,1.0,2.0,,2.0,1.0,,Q5 Highest,,1.0,2.0,,2.0,,,1.0,2.0,THA,,58246340.0,2.0,1.0,1.0,1.0,,1.0,2.0,,0.138056999,1,1.0,3.0,2.0,,1.0,1,1.0,1.0,154890650,East Asia & Pacific (excluding high income),3.0,1.0,2.0,,2.0,1.0,1.0,2.0,1.0,Thailand,1.0,,False,Female,30_39,3.0
2.0,,,1.0,2021,,,1.0,2.0,1,1,1.0,1.0,1.0,1.0,,1.0,,30.0,1.0,3.0,1.0,1.0,1.0,1.0,1.0,1.0,,1.0,1.0,1.0,Q4,,1.0,2.0,2.0,2.0,1.0,2.0,1.0,,THA,,58246340.0,4.0,1.0,1.0,,2.0,1.0,,2.0,0.337552293,1,1.0,3.0,1.0,,1.0,2,1.0,1.0,157811129,East Asia & Pacific (excluding high income),3.0,1.0,2.0,,2.0,2.0,1.0,1.0,1.0,Thailand,1.0,,False,Female,30_39,3.0
2.0,,2.0,1.0,2021,,,1.0,2.0,2,1,2.0,2.0,1.0,1.0,,1.0,,36.0,1.0,3.0,1.0,1.0,1.0,1.0,1.0,1.0,,2.0,1.0,1.0,Q5 Highest,,,2.0,3.0,1.0,2.0,2.0,2.0,,THA,,58246340.0,4.0,1.0,1.0,,2.0,,,2.0,0.184025151,1,1.0,3.0,1.0,,1.0,1,1.0,1.0,162389038,East Asia & Pacific (excluding high income),3.0,3.0,2.0,,2.0,2.0,1.0,1.0,1.0,Thailand,4.0,,False,Male,30_39,3.0
2.0,,1.0,1.0,2021,,,0.0,2.0,1,1,1.0,2.0,1.0,,,,,27.0,1.0,3.0,1.0,1.0,1.0,2.0,1.0,1.0,,1.0,1.0,,Q4,,,2.0,1.0,2.0,,2.0,1.0,,THA,,58246340.0,4.0,1.0,1.0,,,,,1.0,0.193616866,1,1.0,4.0,1.0,,1.0,1,1.0,2.0,205751088,East Asia & Pacific (excluding high income),2.0,,2.0,,2.0,2.0,2.0,1.0,1.0,Thailand,4.0,,False,Female,23_29,3.0
1.0,,1.0,1.0,2021,,,0.0,2.0,2,1,1.0,2.0,1.0,1.0,,1.0,,38.0,1.0,3.0,1.0,1.0,1.0,2.0,1.0,2.0,,1.0,1.0,,Q5 Highest,,,2.0,,2.0,1.0,2.0,1.0,2.0,THA,,58246340.0,1.0,1.0,1.0,,2.0,,1.0,2.0,0.289717453,1,1.0,3.0,1.0,,1.0,1,1.0,1.0,206913055,East Asia & Pacific (excluding high income),3.0,3.0,2.0,,2.0,1.0,2.0,1.0,1.0,Thailand,4.0,,False,Male,30_39,3.0
,,2.0,2.0,2021,,,1.0,2.0,1,1,1.0,2.0,,,,,,48.0,1.0,2.0,4.0,4.0,1.0,2.0,2.0,2.0,,2.0,0.0,,Q2,,,1.0,,2.0,,,2.0,,THA,,58246340.0,4.0,1.0,,,,,,,0.979337513,1,2.0,3.0,2.0,,1.0,1,1.0,2.0,157267366,East Asia & Pacific (excluding high income),2.0,,2.0,,2.0,2.0,,1.0,0.0,Thailand,4.0,,False,Female,40_49,2.0
1.0,,1.0,2.0,2021,,,1.0,2.0,2,1,1.0,1.0,1.0,1.0,,1.0,,26.0,1.0,3.0,1.0,4.0,1.0,1.0,1.0,2.0,,2.0,1.0,1.0,Q2,,2.0,2.0,,2.0,1.0,2.0,2.0,,THA,,58246340.0,4.0,1.0,,,2.0,1.0,,1.0,0.237582771,1,2.0,3.0,1.0,,1.0,1,1.0,1.0,161727192,East Asia & Pacific (excluding high income),3.0,1.0,2.0,,2.0,2.0,,1.0,1.0,Thailand,1.0,,False,Male,23_29,3.0
,,,2.0,2021,,,0.0,2.0,2,1,1.0,1.0,,,,,,30.0,2.0,1.0,4.0,2.0,1.0,2.0,2.0,2.0,,1.0,1.0,,Q4,1.0,1.0,2.0,,2.0,,,1.0,,THA,,58246340.0,4.0,0.0,2.0,,,1.0,,,0.990594007,1,1.0,3.0,2.0,,1.0,2,1.0,2.0,189705550,East Asia & Pacific (excluding high income),3.0,,2.0,,2.0,2.0,2.0,1.0,1.0,Thailand,1.0,,False,Male,30_39,1.0
2.0,,2.0,2.0,2021,,,1.0,2.0,2,1,1.0,1.0,1.0,1.0,,2.0,,31.0,1.0,2.0,1.0,1.0,1.0,2.0,1.0,4.0,,1.0,1.0,,Q5 Highest,,2.0,1.0,3.0,1.0,1.0,2.0,2.0,,THA,,58246340.0,4.0,1.0,1.0,,2.0,1.0,,1.0,0.782865577,1,1.0,1.0,1.0,,1.0,1,1.0,1.0,164659964,East Asia & Pacific (excluding high income),1.0,3.0,2.0,,2.0,2.0,1.0,1.0,1.0,Thailand,1.0,,False,Male,30_39,2.0
,,,2.0,2021,,,1.0,2.0,2,1,1.0,1.0,,,,,,19.0,1.0,2.0,4.0,4.0,1.0,2.0,2.0,2.0,,2.0,0.0,,Q4,,2.0,1.0,,2.0,,,2.0,,THA,,58246340.0,4.0,1.0,,,,1.0,,,2.383735438,1,2.0,1.0,2.0,,2.0,2,2.0,2.0,173430656,East Asia & Pacific (excluding high income),1.0,,2.0,,2.0,2.0,,1.0,1.0,Thailand,1.0,,False,Male,18_22,2.0
,,2.0,2.0,2021,,,1.0,2.0,2,1,1.0,1.0,,,,,,42.0,2.0,3.0,4.0,2.0,1.0,2.0,2.0,2.0,,1.0,1.0,,Q1 Lowest,1.0,2.0,1.0,,1.0,,,1.0,,THA,,58246340.0,4.0,0.0,2.0,,,1.0,,,0.22082997,1,1.0,1.0,2.0,,1.0,1,1.0,1.0,163640786,East Asia & Pacific (excluding high income),4.0,3.0,2.0,,2.0,2.0,2.0,1.0,1.0,Thailand,1.0,,False,Male,40_49,3.0
,,,2.0,2021,,,1.0,2.0,2,1,2.0,1.0,,,1.0,,,65.0,2.0,1.0,4.0,2.0,1.0,1.0,2.0,2.0,,1.0,1.0,1.0,Q1 Lowest,1.0,2.0,2.0,4.0,2.0,,,,2.0,THA,,58246340.0,2.0,0.0,2.0,1.0,,2.0,2.0,,5.714441691,1,1.0,1.0,2.0,,2.0,2,2.0,2.0,141653132,East Asia & Pacific (excluding high income),1.0,,2.0,,2.0,1.0,2.0,1.0,0.0,Thailand,2.0,,False,Male,60_69,1.0
1.0,2.0,,1.0,2021,,1.0,0.0,1.0,1,1,,1.0,2.0,,2.0,,1.0,40.0,2.0,1.0,2.0,4.0,1.0,,2.0,6.0,2.0,2.0,0.0,,Q4,,2.0,2.0,4.0,2.0,,,,,THA,2.0,58246340.0,4.0,1.0,,,,2.0,,2.0,0.717756203,1,2.0,2.0,1.0,2.0,,2,,2.0,130147986,East Asia & Pacific (excluding high income),1.0,,2.0,1.0,2.0,2.0,,2.0,0.0,Thailand,1.0,2.0,False,Female,40_49,1.0
,,2.0,2.0,2021,,,1.0,1.0,2,1,1.0,2.0,,,,,,42.0,2.0,1.0,4.0,1.0,1.0,2.0,1.0,2.0,,1.0,1.0,,Q1 Lowest,,,1.0,3.0,1.0,,,,,THA,2.0,58246340.0,4.0,1.0,1.0,,,,,,1.27787695,1,1.0,2.0,2.0,,1.0,1,1.0,1.0,149905140,East Asia & Pacific (excluding high income),2.0,3.0,2.0,,2.0,2.0,2.0,1.0,0.0,Thailand,4.0,,False,Male,40_49,1.0
2.0,,,1.0,2021,,,1.0,2.0,1,1,1.0,1.0,1.0,1.0,,1.0,,28.0,1.0,3.0,1.0,1.0,1.0,1.0,1.0,3.0,,2.0,1.0,1.0,Q5 Highest,,1.0,2.0,,2.0,1.0,2.0,1.0,,THA,,58246340.0,4.0,1.0,1.0,,2.0,2.0,,2.0,0.138056999,1,1.0,3.0,1.0,,1.0,2,1.0,1.0,124967473,East Asia & Pacific (excluding high income),3.0,1.0,2.0,,2.0,2.0,1.0,1.0,1.0,Thailand,1.0,,False,Female,23_29,3.0
1.0,,1.0,1.0,2021,,,1.0,1.0,1,1,1.0,2.0,1.0,,,,,51.0,1.0,3.0,1.0,1.0,1.0,1.0,1.0,4.0,,1.0,1.0,1.0,Q4,,,2.0,,1.0,,2.0,2.0,,THA,1.0,58246340.0,4.0,1.0,2.0,,,,,2.0,0.369252303,1,1.0,3.0,1.0,,1.0,1,1.0,1.0,198870866,East Asia & Pacific (excluding high income),3.0,1.0,2.0,,2.0,2.0,1.0,1.0,0.0,Thailand,4.0,,False,Female,50_59,3.0
2.0,1.0,,2.0,2021,,1.0,0.0,2.0,1,1,,1.0,2.0,,2.0,,1.0,38.0,2.0,1.0,2.0,4.0,1.0,,2.0,2.0,2.0,2.0,0.0,,Q3,,2.0,2.0,4.0,2.0,,,,,THA,,58246340.0,4.0,0.0,,,,2.0,,2.0,0.43605167,1,2.0,2.0,1.0,1.0,,2,,2.0,113123052,East Asia & Pacific (excluding high income),2.0,,2.0,1.0,2.0,2.0,,1.0,0.0,Thailand,1.0,2.0,False,Female,30_39,1.0
2.0,,2.0,1.0,2021,,,0.0,2.0,2,1,1.0,1.0,1.0,1.0,,1.0,,30.0,1.0,2.0,1.0,1.0,1.0,2.0,1.0,2.0,,1.0,1.0,,Q4,,1.0,2.0,4.0,2.0,1.0,2.0,1.0,,THA,,58246340.0,4.0,1.0,1.0,,2.0,1.0,,2.0,0.401020293,1,1.0,1.0,1.0,,1.0,1,1.0,1.0,202351283,East Asia & Pacific (excluding high income),1.0,1.0,2.0,,2.0,2.0,1.0,1.0,1.0,Thailand,1.0,,False,Male,30_39,2.0
2.0,,1.0,1.0,2021,,,1.0,2.0,2,1,1.0,2.0,1.0,,,,,,1.0,3.0,1.0,1.0,1.0,1.0,1.0,1.0,,1.0,1.0,1.0,Q5 Highest,,,2.0,,2.0,,2.0,2.0,,THA,,58246340.0,4.0,1.0,1.0,,,,,2.0,0.138056999,1,1.0,3.0,1.0,,1.0,1,1.0,2.0,130035489,East Asia & Pacific (excluding high income),3.0,,2.0,,2.0,2.0,2.0,1.0,0.0,Thailand,4.0,,False,Male,,3.0
1.0,,1.0,1.0,2021,,,1.0,1.0,2,1,1.0,1.0,1.0,,,,,33.0,1.0,3.0,1.0,2.0,1.0,1.0,2.0,1.0,,1.0,1.0,1.0,Q5 Highest,1.0,2.0,2.0,,2.0,,2.0,1.0,2.0,THA,2.0,58246340.0,1.0,1.0,2.0,,,1.0,1.0,2.0,0.811291495,1,1.0,3.0,1.0,,1.0,1,1.0,2.0,123512851,East Asia & Pacific (excluding high income),3.0,,2.0,,2.0,1.0,2.0,1.0,1.0,Thailand,1.0,,False,Male,30_39,3.0
2.0,,,1.0,2021,,,1.0,2.0,2,1,1.0,1.0,1.0,,,,,36.0,1.0,3.0,1.0,4.0,1.0,1.0,1.0,4.0,,2.0,1.0,1.0,Q5 Highest,,1.0,2.0,2.0,1.0,,2.0,1.0,,THA,,58246340.0,4.0,1.0,,,,2.0,,2.0,0.461683808,1,2.0,3.0,1.0,,1.0,2,1.0,1.0,181942005,East Asia & Pacific (excluding high income),3.0,1.0,2.0,,2.0,2.0,,1.0,0.0,Thailand,1.0,,False,Male,30_39,3.0
,,1.0,1.0,2021,,,0.0,2.0,2,1,1.0,2.0,,1.0,,2.0,,23.0,1.0,3.0,4.0,4.0,1.0,2.0,1.0,2.0,,2.0,1.0,,Q5 Highest,,,2.0,,2.0,2.0,,1.0,,THA,,58246340.0,4.0,1.0,,,2.0,,,,0.311205716,1,2.0,2.0,2.0,,1.0,1,1.0,1.0,158350998,East Asia & Pacific (excluding high income),2.0,3.0,2.0,,2.0,2.0,,2.0,1.0,Thailand,4.0,,False,Male,23_29,3.0
,,2.0,1.0,2021,,,1.0,2.0,2,1,1.0,1.0,,,,,,80.0,1.0,3.0,4.0,4.0,1.0,1.0,1.0,2.0,,1.0,1.0,1.0,Q5 Highest,,1.0,2.0,,2.0,,,,,THA,,58246340.0,4.0,1.0,,,,1.0,,,0.422394481,1,2.0,3.0,2.0,,1.0,1,1.0,1.0,152089449,East Asia & Pacific (excluding high income),3.0,1.0,2.0,,1.0,2.0,,2.0,1.0,Thailand,1.0,,False,Male,70_plus,3.0
2.0,2.0,,2.0,2021,1.0,1.0,1.0,2.0,1,0,,2.0,2.0,,,,1.0,50.0,2.0,2.0,2.0,2.0,0.0,,2.0,7.0,2.0,1.0,0.0,,Q5 Highest,1.0,,1.0,,2.0,,,,,THA,,58246340.0,4.0,0.0,2.0,,,,,2.0,5.714441691,0,1.0,,1.0,1.0,,2,,2.0,142519153,East Asia & Pacific (excluding high income),,,2.0,1.0,2.0,2.0,2.0,1.0,0.0,Thailand,4.0,2.0,False,Female,50_59,2.0
,,,2.0,2021,,,1.0,2.0,1,1,2.0,1.0,,,,,,51.0,2.0,1.0,4.0,2.0,1.0,2.0,2.0,7.0,,2.0,1.0,,Q2,1.0,1.0,1.0,3.0,1.0,,,2.0,2.0,THA,,58246340.0,2.0,0.0,2.0,1.0,,2.0,2.0,,0.620798208,1,1.0,,2.0,,2.0,2,2.0,2.0,188617374,East Asia & Pacific (excluding high income),,,2.0,,2.0,1.0,2.0,1.0,0.0,Thailand,1.0,,False,Female,50_59,1.0
2.0,,1.0,1.0,2021,,,1.0,2.0,1,1,1.0,1.0,1.0,2.0,,1.0,,37.0,1.0,2.0,1.0,1.0,1.0,1.0,1.0,5.0,,1.0,1.0,1.0,Q3,,1.0,1.0,1.0,2.0,2.0,2.0,1.0,,THA,,58246340.0,4.0,1.0,1.0,,2.0,1.0,,2.0,0.273252673,1,1.0,3.0,1.0,,1.0,1,1.0,1.0,149125172,East Asia & Pacific (excluding high income),3.0,3.0,2.0,,2.0,2.0,1.0,1.0,1.0,Thailand,1.0,,False,Female,30_39,2.0
,,1.0,1.0,2021,,,1.0,2.0,1,1,1.0,1.0,,1.0,,1.0,,36.0,1.0,1.0,4.0,1.0,1.0,1.0,1.0,2.0,,1.0,1.0,1.0,Q4,,1.0,2.0,,2.0,1.0,,1.0,,THA,,58246340.0,4.0,1.0,1.0,,2.0,1.0,,,0.74995883,1,1.0,3.0,2.0,,1.0,1,1.0,1.0,200896289,East Asia & Pacific (excluding high income),3.0,3.0,2.0,,2.0,2.0,1.0,1.0,1.0,Thailand,1.0,,False,Female,30_39,1.0
,,,1.0,2021,,,0.0,2.0,1,1,1.0,1.0,,,,,,60.0,1.0,1.0,4.0,2.0,1.0,2.0,2.0,9.0,,2.0,1.0,,Q1 Lowest,1.0,2.0,2.0,3.0,2.0,,,,,THA,,58246340.0,4.0,1.0,2.0,,,1.0,,,0.591286983,1,1.0,,2.0,,2.0,2,2.0,2.0,154228679,East Asia & Pacific (excluding high income),,,2.0,,2.0,2.0,2.0,2.0,1.0,Thailand,1.0,,False,Female,60_69,1.0
,,,2.0,2021,,,0.0,2.0,2,1,1.0,2.0,,,,,,55.0,2.0,2.0,4.0,4.0,0.0,2.0,2.0,7.0,,2.0,0.0,,Q2,,,2.0,,2.0,,,,,THA,,58246340.0,4.0,0.0,,,,,,,0.300225109,1,2.0,,2.0,,2.0,2,2.0,2.0,119372700,East Asia & Pacific (excluding high income),,,2.0,,2.0,2.0,,1.0,0.0,Thailand,4.0,,False,Male,50_59,2.0
,,2.0,2.0,2021,,,1.0,2.0,1,1,1.0,1.0,,,,,,26.0,2.0,1.0,4.0,4.0,1.0,2.0,1.0,2.0,,1.0,1.0,,Q1 Lowest,,1.0,1.0,3.0,2.0,,,2.0,,THA,,58246340.0,4.0,0.0,,,,1.0,,,4.264931454,1,2.0,1.0,2.0,,1.0,1,2.0,2.0,210641780,East Asia & Pacific (excluding high income),1.0,,2.0,,2.0,2.0,,1.0,1.0,Thailand,1.0,,False,Female,23_29,1.0
,,,2.0,2021,,,1.0,2.0,1,1,1.0,1.0,,,,,,40.0,1.0,1.0,4.0,4.0,1.0,2.0,2.0,8.0,,2.0,1.0,,Q5 Highest,,1.0,1.0,1.0,2.0,,,2.0,,THA,,58246340.0,4.0,1.0,,,,1.0,,,5.714441691,1,2.0,,2.0,,1.0,2,1.0,1.0,199920178,East Asia & Pacific (excluding high income),,2.0,2.0,,2.0,2.0,,1.0,1.0,Thailand,1.0,,False,Female,40_49,1.0
2.0,2.0,,1.0,2021,,2.0,0.0,2.0,2,1,,1.0,1.0,,,,2.0,42.0,1.0,2.0,1.0,4.0,1.0,,2.0,2.0,2.0,2.0,1.0,,Q2,,2.0,2.0,,2.0,,2.0,,2.0,THA,,58246340.0,2.0,1.0,,1.0,,1.0,2.0,2.0,0.138056999,1,2.0,3.0,1.0,2.0,,2,,2.0,181788535,East Asia & Pacific (excluding high income),3.0,,2.0,,2.0,1.0,,1.0,1.0,Thailand,1.0,2.0,False,Male,40_49,2.0
2.0,,2.0,2.0,2021,,,1.0,2.0,1,1,1.0,1.0,2.0,,,,,59.0,2.0,2.0,2.0,2.0,1.0,2.0,1.0,2.0,,1.0,0.0,,Q3,1.0,1.0,1.0,3.0,1.0,,,2.0,,THA,,58246340.0,4.0,0.0,2.0,,,1.0,,2.0,0.701261774,1,1.0,2.0,1.0,,1.0,1,1.0,2.0,196803228,East Asia & Pacific (excluding high income),1.0,,1.0,1.0,2.0,2.0,2.0,1.0,1.0,Thailand,1.0,,False,Female,50_59,2.0
2.0,,2.0,1.0,2021,,,0.0,2.0,1,1,1.0,1.0,1.0,,,,,55.0,1.0,3.0,1.0,1.0,1.0,2.0,1.0,1.0,,2.0,1.0,,Q5 Highest,,2.0,2.0,,2.0,,2.0,2.0,,THA,,58246340.0,4.0,1.0,2.0,,,1.0,,2.0,0.194256906,1,1.0,3.0,1.0,,1.0,1,1.0,1.0,124232721,East Asia & Pacific (excluding high income),3.0,3.0,2.0,,2.0,2.0,1.0,1.0,1.0,Thailand,1.0,,False,Female,50_59,3.0
,,1.0,1.0,2021,,,1.0,2.0,2,1,1.0,1.0,,1.0,,2.0,,69.0,1.0,3.0,4.0,1.0,1.0,1.0,1.0,2.0,,1.0,1.0,1.0,Q4,,1.0,2.0,2.0,2.0,2.0,,1.0,,THA,,58246340.0,4.0,1.0,1.0,,2.0,1.0,,,0.302773876,1,1.0,1.0,2.0,,1.0,1,1.0,1.0,145311960,East Asia & Pacific (excluding high income),3.0,3.0,2.0,,2.0,2.0,1.0,1.0,1.0,Thailand,1.0,,False,Male,60_69,3.0
,,,2.0,2021,,,0.0,2.0,2,1,2.0,2.0,,,,,,22.0,2.0,2.0,4.0,4.0,0.0,2.0,2.0,4.0,,2.0,0.0,,Q2,,,2.0,,2.0,,,,,THA,,58246340.0,4.0,0.0,,,,,,,1.881650921,1,2.0,2.0,2.0,,2.0,2,2.0,2.0,130324197,East Asia & Pacific (excluding high income),3.0,,2.0,,2.0,2.0,,1.0,0.0,Thailand,4.0,,False,Male,18_22,2.0
,,2.0,1.0,2021,,,1.0,2.0,2,1,1.0,1.0,,,,,,63.0,1.0,3.0,4.0,2.0,1.0,2.0,2.0,1.0,,1.0,1.0,,Q3,1.0,2.0,1.0,,2.0,,,1.0,,THA,,58246340.0,4.0,1.0,2.0,,,1.0,,,0.287333685,1,1.0,2.0,2.0,,1.0,1,1.0,1.0,145814414,East Asia & Pacific (excluding high income),3.0,2.0,2.0,,2.0,2.0,2.0,2.0,1.0,Thailand,1.0,,False,Male,60_69,3.0
2.0,,,1.0,2021,,,1.0,2.0,2,1,1.0,1.0,1.0,1.0,,1.0,,38.0,1.0,3.0,1.0,1.0,1.0,1.0,1.0,1.0,,2.0,1.0,1.0,Q5 Highest,,1.0,2.0,,1.0,1.0,1.0,2.0,,THA,,58246340.0,4.0,1.0,1.0,,2.0,2.0,,2.0,0.461683808,1,1.0,3.0,1.0,,1.0,2,1.0,1.0,124662148,East Asia & Pacific (excluding high income),3.0,1.0,2.0,,2.0,2.0,1.0,1.0,1.0,Thailand,1.0,,False,Male,30_39,3.0
2.0,,1.0,2.0,2021,,,1.0,2.0,1,1,1.0,2.0,1.0,2.0,,1.0,,54.0,2.0,1.0,1.0,1.0,1.0,1.0,1.0,5.0,,2.0,1.0,1.0,Q4,,,2.0,3.0,1.0,2.0,1.0,1.0,,THA,,58246340.0,4.0,0.0,1.0,,2.0,,,1.0,0.70563826,1,1.0,1.0,1.0,,1.0,1,1.0,1.0,168187125,East Asia & Pacific (excluding high income),1.0,3.0,2.0,,2.0,2.0,2.0,1.0,1.0,Thailand,4.0,,False,Female,50_59,1.0
,,,1.0,2021,,,1.0,2.0,1,1,1.0,1.0,,,,,,24.0,1.0,3.0,4.0,4.0,1.0,1.0,1.0,1.0,,2.0,1.0,1.0,Q5 Highest,,1.0,2.0,1.0,2.0,,,1.0,,THA,,58246340.0,4.0,1.0,,,,1.0,,,0.439869775,1,2.0,3.0,2.0,,1.0,2,1.0,1.0,112716761,East Asia & Pacific (excluding high income),3.0,1.0,2.0,,2.0,2.0,,1.0,1.0,Thailand,1.0,,False,Female,23_29,3.0
1.0,,,2.0,2021,,,1.0,1.0,1,1,1.0,1.0,1.0,,1.0,,,41.0,2.0,3.0,1.0,3.0,1.0,2.0,2.0,9.0,,1.0,1.0,,Q3,2.0,2.0,1.0,3.0,2.0,,2.0,2.0,2.0,THA,1.0,58246340.0,2.0,1.0,2.0,1.0,,2.0,2.0,2.0,0.138056999,1,1.0,,1.0,,1.0,2,2.0,2.0,119296189,East Asia & Pacific (excluding high income),,,2.0,,2.0,1.0,2.0,1.0,0.0,Thailand,2.0,,False,Female,40_49,3.0
,,1.0,2.0,2021,,,1.0,2.0,1,1,1.0,2.0,,,,,,51.0,2.0,1.0,4.0,2.0,1.0,2.0,2.0,7.0,,2.0,0.0,,Q1 Lowest,1.0,,2.0,3.0,1.0,,,,,THA,,58246340.0,4.0,0.0,2.0,,,,,,0.382122685,1,1.0,,2.0,,2.0,1,1.0,2.0,114529752,East Asia & Pacific (excluding high income),,,2.0,,2.0,2.0,2.0,1.0,0.0,Thailand,4.0,,False,Female,50_59,1.0
2.0,,1.0,1.0,2021,,,1.0,2.0,1,1,1.0,1.0,1.0,1.0,,1.0,,33.0,1.0,3.0,1.0,1.0,1.0,1.0,1.0,1.0,,1.0,1.0,1.0,Q4,,1.0,2.0,,1.0,1.0,2.0,1.0,,THA,,58246340.0,4.0,1.0,1.0,,1.0,2.0,,1.0,0.189917742,1,1.0,3.0,1.0,,1.0,1,1.0,1.0,130885922,East Asia & Pacific (excluding high income),3.0,3.0,2.0,,2.0,2.0,1.0,1.0,1.0,Thailand,1.0,,False,Female,30_39,3.0
2.0,,2.0,1.0,2021,,,1.0,1.0,1,1,1.0,1.0,1.0,,2.0,,,42.0,1.0,1.0,1.0,2.0,1.0,2.0,2.0,9.0,,2.0,0.0,,Q1 Lowest,1.0,2.0,1.0,2.0,2.0,,1.0,2.0,2.0,THA,1.0,58246340.0,1.0,1.0,2.0,,,2.0,1.0,2.0,2.063701227,1,1.0,,1.0,,2.0,1,2.0,1.0,195171941,East Asia & Pacific (excluding high income),,2.0,2.0,,2.0,1.0,2.0,1.0,0.0,Thailand,1.0,,False,Female,40_49,1.0
2.0,2.0,,2.0,2021,,1.0,1.0,2.0,1,1,,1.0,2.0,,2.0,,2.0,35.0,2.0,2.0,2.0,2.0,1.0,,2.0,2.0,2.0,2.0,0.0,,Q2,1.0,2.0,1.0,1.0,2.0,,,,,THA,,58246340.0,4.0,0.0,2.0,,,2.0,,2.0,2.063701227,1,1.0,1.0,1.0,2.0,,2,,2.0,167417071,East Asia & Pacific (excluding high income),1.0,,2.0,1.0,2.0,2.0,2.0,1.0,0.0,Thailand,1.0,2.0,False,Female,30_39,2.0
,,2.0,2.0,2021,,,0.0,2.0,1,1,1.0,1.0,,,,,,68.0,2.0,2.0,4.0,4.0,1.0,2.0,2.0,8.0,,2.0,0.0,,Q5 Highest,,1.0,2.0,,2.0,,,2.0,,THA,,58246340.0,4.0,0.0,,,,2.0,,,1.38516017,1,2.0,,2.0,,2.0,1,2.0,2.0,193390158,East Asia & Pacific (excluding high income),,,2.0,,1.0,2.0,,2.0,0.0,Thailand,1.0,,False,Female,60_69,2.0
,,,2.0,2021,,,1.0,2.0,1,1,1.0,1.0,,,,,,60.0,2.0,3.0,4.0,2.0,1.0,2.0,2.0,9.0,,2.0,0.0,,Q4,1.0,2.0,1.0,,2.0,,,,,THA,,58246340.0,4.0,0.0,2.0,,,1.0,,,0.138056999,1,1.0,,2.0,,2.0,2,2.0,2.0,201770650,East Asia & Pacific (excluding high income),,,2.0,,2.0,2.0,2.0,1.0,1.0,Thailand,1.0,,False,Female,60_69,3.0
2.0,,1.0,1.0,2021,,,1.0,2.0,1,1,1.0,2.0,1.0,1.0,,1.0,,40.0,1.0,3.0,1.0,4.0,1.0,1.0,1.0,2.0,,2.0,1.0,1.0,Q5 Highest,,,2.0,2.0,2.0,1.0,2.0,1.0,,THA,,58246340.0,4.0,1.0,,,1.0,,,2.0,0.138056999,1,2.0,2.0,1.0,,1.0,1,1.0,1.0,154007769,East Asia & Pacific (excluding high income),1.0,3.0,2.0,,2.0,2.0,,1.0,1.0,Thailand,4.0,,False,Female,40_49,3.0
,,2.0,1.0,2021,,,1.0,2.0,2,1,1.0,2.0,,,,,,45.0,1.0,2.0,4.0,4.0,1.0,2.0,1.0,1.0,,1.0,1.0,,Q4,,,1.0,,2.0,,,1.0,,THA,,58246340.0,4.0,1.0,,,,,,,1.029253265,1,2.0,3.0,2.0,,1.0,1,1.0,1.0,204536454,East Asia & Pacific (excluding high income),3.0,3.0,2.0,,2.0,2.0,,1.0,0.0,Thailand,4.0,,False,Male,40_49,2.0
,,2.0,1.0,2021,,,1.0,2.0,2,1,1.0,1.0,,,,,,70.0,1.0,3.0,4.0,1.0,1.0,1.0,1.0,2.0,,2.0,1.0,1.0,Q5 Highest,,1.0,2.0,,2.0,,,1.0,,THA,,58246340.0,4.0,1.0,1.0,,,2.0,,,0.266425182,1,1.0,3.0,2.0,,1.0,1,1.0,1.0,132759973,East Asia & Pacific (excluding high income),3.0,1.0,2.0,,2.0,2.0,1.0,2.0,0.0,Thailand,1.0,,False,Male,70_plus,3.0
,,,1.0,2021,,,1.0,2.0,1,1,1.0,2.0,,,,,,39.0,2.0,3.0,5.0,5.0,1.0,2.0,2.0,9.0,,2.0,0.0,,Q4,,,2.0,,2.0,,,2.0,,THA,,58246340.0,4.0,1.0,,,,,,,0.138056999,1,3.0,,3.0,,1.0,2,2.0,2.0,136663154,East Asia & Pacific (excluding high income),,,2.0,,2.0,2.0,,1.0,0.0,Thailand,4.0,,False,Female,30_39,3.0
2.0,,,2.0,2021,,,0.0,2.0,2,1,1.0,2.0,1.0,1.0,,1.0,,53.0,2.0,3.0,1.0,1.0,1.0,2.0,2.0,2.0,,2.0,1.0,,Q4,,,2.0,,2.0,1.0,2.0,1.0,,THA,,58246340.0,4.0,0.0,2.0,,2.0,,,2.0,0.138056999,1,1.0,2.0,1.0,,1.0,2,1.0,1.0,119488321,East Asia & Pacific (excluding high income),1.0,3.0,2.0,,2.0,2.0,1.0,1.0,1.0,Thailand,4.0,,False,Male,50_59,3.0
,,,2.0,2021,,,1.0,2.0,1,1,1.0,1.0,,2.0,,1.0,,56.0,2.0,2.0,4.0,1.0,1.0,2.0,2.0,5.0,,2.0,1.0,,Q3,,1.0,2.0,2.0,1.0,2.0,,1.0,2.0,THA,,58246340.0,2.0,0.0,1.0,1.0,2.0,1.0,2.0,,0.295095013,1,1.0,1.0,2.0,,1.0,2,1.0,1.0,128636869,East Asia & Pacific (excluding high income),1.0,2.0,2.0,,2.0,1.0,2.0,1.0,1.0,Thailand,1.0,,False,Female,50_59,2.0
,,2.0,2.0,2021,,,1.0,2.0,2,1,1.0,1.0,,1.0,,,,18.0,1.0,1.0,4.0,2.0,1.0,2.0,2.0,2.0,,1.0,1.0,,Q2,1.0,1.0,1.0,4.0,2.0,,,2.0,,THA,,58246340.0,4.0,1.0,2.0,,,1.0,,,2.712782339,1,1.0,2.0,2.0,,1.0,1,1.0,1.0,120367531,East Asia & Pacific (excluding high income),1.0,2.0,2.0,,2.0,2.0,2.0,2.0,1.0,Thailand,1.0,,False,Male,18_22,1.0
,,,2.0,2021,,,1.0,1.0,2,1,1.0,1.0,,1.0,,1.0,,35.0,1.0,2.0,4.0,4.0,1.0,2.0,1.0,4.0,,1.0,1.0,,Q2,,2.0,1.0,3.0,2.0,1.0,,1.0,,THA,2.0,58246340.0,4.0,1.0,,,1.0,1.0,,,0.147406928,1,2.0,2.0,2.0,,1.0,2,1.0,1.0,192542690,East Asia & Pacific (excluding high income),2.0,1.0,2.0,,2.0,2.0,,1.0,1.0,Thailand,1.0,,False,Male,30_39,2.0
2.0,,1.0,1.0,2021,,,1.0,1.0,1,1,1.0,1.0,1.0,,,,,43.0,2.0,3.0,1.0,4.0,1.0,1.0,2.0,9.0,,2.0,1.0,1.0,Q5 Highest,,2.0,1.0,,1.0,,2.0,2.0,,THA,2.0,58246340.0,4.0,1.0,,,,1.0,,2.0,2.505130596,1,2.0,,1.0,,1.0,1,1.0,2.0,184612592,East Asia & Pacific (excluding high income),,,2.0,,2.0,2.0,,1.0,1.0,Thailand,1.0,,False,Female,40_49,3.0
,,,2.0,2021,,,0.0,2.0,1,1,1.0,1.0,,,,,,43.0,1.0,1.0,4.0,4.0,1.0,2.0,2.0,8.0,,1.0,0.0,,Q2,,1.0,2.0,2.0,2.0,,,1.0,,THA,,58246340.0,4.0,1.0,,,,2.0,,,5.714441691,1,2.0,,2.0,,1.0,2,2.0,2.0,146850593,East Asia & Pacific (excluding high income),,,2.0,,2.0,2.0,,1.0,0.0,Thailand,1.0,,False,Female,40_49,1.0
,,,2.0,2021,,,1.0,1.0,1,1,1.0,1.0,,,,,,18.0,2.0,1.0,4.0,4.0,1.0,2.0,2.0,2.0,,2.0,0.0,,Q5 Highest,,1.0,2.0,,2.0,,,,,THA,1.0,58246340.0,4.0,1.0,,,,1.0,,,1.371765268,1,2.0,3.0,2.0,,1.0,2,1.0,2.0,176898401,East Asia & Pacific (excluding high income),2.0,,2.0,,2.0,2.0,,1.0,1.0,Thailand,1.0,,False,Female,18_22,1.0
,2.0,,2.0,2021,1.0,2.0,1.0,2.0,1,0,,2.0,,,,,1.0,42.0,1.0,1.0,4.0,2.0,0.0,,2.0,4.0,1.0,2.0,0.0,,Q1 Lowest,1.0,,1.0,4.0,2.0,,,,,THA,,58246340.0,4.0,1.0,2.0,,,,,,5.714441691,0,1.0,1.0,2.0,1.0,,2,,2.0,157546717,East Asia & Pacific (excluding high income),1.0,,1.0,,2.0,2.0,2.0,1.0,0.0,Thailand,4.0,2.0,False,Female,40_49,1.0
2.0,,1.0,1.0,2021,,,0.0,1.0,2,1,1.0,2.0,1.0,,,,,34.0,1.0,3.0,1.0,1.0,1.0,2.0,2.0,2.0,,1.0,1.0,,Q4,,,2.0,,2.0,,2.0,1.0,,THA,2.0,58246340.0,4.0,1.0,2.0,,,,,2.0,0.334183898,1,1.0,3.0,1.0,,2.0,1,1.0,2.0,154296729,East Asia & Pacific (excluding high income),3.0,,2.0,,2.0,2.0,1.0,1.0,0.0,Thailand,4.0,,False,Male,30_39,3.0
,,2.0,2.0,2021,,,1.0,1.0,2,1,1.0,2.0,,,,,,41.0,2.0,1.0,4.0,4.0,1.0,2.0,2.0,2.0,,1.0,1.0,,Q5 Highest,,,1.0,3.0,2.0,,,1.0,,THA,2.0,58246340.0,4.0,1.0,,,,,,,2.359762718,1,2.0,3.0,2.0,,1.0,1,1.0,1.0,111152651,East Asia & Pacific (excluding high income),3.0,1.0,2.0,,2.0,2.0,,1.0,0.0,Thailand,4.0,,False,Male,40_49,1.0
2.0,,1.0,1.0,2021,,,1.0,2.0,2,1,1.0,1.0,1.0,1.0,,1.0,,60.0,1.0,1.0,1.0,1.0,1.0,1.0,1.0,1.0,,1.0,1.0,2.0,Q5 Highest,,1.0,2.0,,2.0,1.0,1.0,1.0,2.0,THA,,58246340.0,2.0,1.0,1.0,1.0,1.0,1.0,2.0,1.0,0.858751407,1,1.0,3.0,1.0,,1.0,1,1.0,1.0,209864450,East Asia & Pacific (excluding high income),3.0,1.0,2.0,,2.0,1.0,1.0,1.0,1.0,Thailand,1.0,,False,Male,60_69,1.0
2.0,,,2.0,2021,,,1.0,2.0,1,1,1.0,4.0,1.0,1.0,,1.0,,60.0,1.0,1.0,1.0,1.0,1.0,1.0,1.0,4.0,,1.0,1.0,1.0,Q4,,,1.0,,2.0,1.0,4.0,,,THA,,58246340.0,4.0,1.0,2.0,,2.0,,,1.0,0.756295365,1,1.0,2.0,1.0,,1.0,2,1.0,1.0,145308216,East Asia & Pacific (excluding high income),2.0,3.0,2.0,,2.0,2.0,1.0,1.0,1.0,Thailand,5.0,,False,Female,60_69,5.0
,,2.0,1.0,2021,,,1.0,2.0,2,1,1.0,1.0,,1.0,,1.0,,16.0,1.0,1.0,4.0,4.0,1.0,1.0,2.0,2.0,,2.0,1.0,2.0,Q3,,1.0,2.0,3.0,2.0,1.0,,1.0,,THA,,58246340.0,4.0,1.0,,,1.0,2.0,,,0.70266613,1,2.0,2.0,2.0,,1.0,1,1.0,1.0,194957039,East Asia & Pacific (excluding high income),2.0,3.0,2.0,,2.0,2.0,,2.0,1.0,Thailand,1.0,,False,Male,17_or_less,1.0
1.0,,2.0,1.0,2021,,,1.0,2.0,2,1,1.0,1.0,1.0,,,,,35.0,1.0,3.0,1.0,1.0,1.0,1.0,1.0,4.0,,2.0,1.0,1.0,Q4,,1.0,2.0,,2.0,,2.0,1.0,,THA,,58246340.0,4.0,1.0,1.0,,,2.0,,2.0,0.306484336,1,1.0,3.0,1.0,,1.0,1,1.0,1.0,111706517,East Asia & Pacific (excluding high income),2.0,2.0,2.0,,2.0,2.0,1.0,1.0,0.0,Thailand,1.0,,False,Male,30_39,3.0
2.0,,1.0,1.0,2021,,,1.0,2.0,2,1,1.0,1.0,1.0,1.0,,1.0,,40.0,1.0,2.0,1.0,1.0,1.0,1.0,2.0,1.0,,2.0,1.0,1.0,Q3,,1.0,2.0,3.0,1.0,1.0,1.0,1.0,,THA,,58246340.0,4.0,1.0,1.0,,2.0,2.0,,1.0,1.104148584,1,1.0,1.0,1.0,,1.0,1,1.0,1.0,196981467,East Asia & Pacific (excluding high income),1.0,2.0,2.0,,1.0,2.0,1.0,1.0,1.0,Thailand,1.0,,False,Male,40_49,2.0
2.0,,2.0,1.0,2021,,,1.0,2.0,2,1,1.0,2.0,1.0,,,,,67.0,1.0,3.0,1.0,1.0,1.0,1.0,2.0,1.0,,2.0,1.0,1.0,Q5 Highest,,,2.0,,2.0,,2.0,2.0,,THA,,58246340.0,4.0,1.0,2.0,,,,,2.0,0.205961814,1,1.0,3.0,1.0,,1.0,1,1.0,1.0,176920076,East Asia & Pacific (excluding high income),3.0,3.0,2.0,,2.0,2.0,1.0,1.0,0.0,Thailand,4.0,,False,Male,60_69,3.0
2.0,,2.0,2.0,2021,,,0.0,2.0,1,1,1.0,1.0,1.0,1.0,,1.0,,40.0,2.0,2.0,1.0,1.0,1.0,2.0,1.0,2.0,,1.0,1.0,,Q4,,1.0,2.0,2.0,2.0,1.0,2.0,1.0,,THA,,58246340.0,4.0,1.0,1.0,,2.0,1.0,,1.0,0.185880027,1,1.0,3.0,1.0,,1.0,1,1.0,1.0,191084217,East Asia & Pacific (excluding high income),2.0,3.0,2.0,,2.0,2.0,1.0,1.0,1.0,Thailand,1.0,,False,Female,40_49,2.0
2.0,,,2.0,2021,,,1.0,2.0,1,1,2.0,1.0,2.0,,,,,47.0,2.0,1.0,2.0,2.0,1.0,2.0,2.0,2.0,,1.0,1.0,,Q3,1.0,1.0,2.0,1.0,2.0,,,1.0,2.0,THA,,58246340.0,2.0,0.0,2.0,1.0,,1.0,2.0,2.0,0.412110893,1,1.0,1.0,1.0,,1.0,2,1.0,2.0,112812584,East Asia & Pacific (excluding high income),1.0,,2.0,1.0,2.0,1.0,2.0,1.0,1.0,Thailand,1.0,,False,Female,40_49,1.0
2.0,,2.0,2.0,2021,,,0.0,1.0,2,1,1.0,2.0,1.0,,,,,25.0,2.0,2.0,1.0,2.0,1.0,2.0,2.0,2.0,,1.0,0.0,,Q4,1.0,,2.0,,2.0,,2.0,2.0,,THA,2.0,58246340.0,4.0,1.0,2.0,,,,,2.0,0.855921981,1,1.0,1.0,1.0,,2.0,1,2.0,2.0,121805971,East Asia & Pacific (excluding high income),1.0,,2.0,,2.0,2.0,2.0,1.0,0.0,Thailand,4.0,,False,Male,23_29,2.0
2.0,,1.0,2.0,2021,,,1.0,2.0,1,1,1.0,1.0,1.0,1.0,,1.0,,42.0,1.0,3.0,1.0,1.0,1.0,1.0,1.0,1.0,,2.0,1.0,1.0,Q5 Highest,,2.0,2.0,1.0,1.0,1.0,2.0,2.0,,THA,,58246340.0,4.0,1.0,1.0,,2.0,1.0,,2.0,0.273252673,1,1.0,3.0,1.0,,1.0,1,1.0,1.0,114103093,East Asia & Pacific (excluding high income),3.0,1.0,2.0,,2.0,2.0,1.0,1.0,1.0,Thailand,1.0,,False,Female,40_49,3.0
2.0,2.0,,2.0,2021,1.0,2.0,0.0,2.0,1,0,,2.0,2.0,,,,2.0,55.0,2.0,1.0,2.0,2.0,0.0,,2.0,9.0,2.0,2.0,0.0,,Q2,1.0,,2.0,,2.0,,,,,THA,,58246340.0,4.0,0.0,2.0,,,,,2.0,0.751010395,0,1.0,,1.0,2.0,,4,,2.0,209291573,East Asia & Pacific (excluding high income),,,2.0,1.0,2.0,2.0,2.0,1.0,0.0,Thailand,4.0,2.0,False,Female,50_59,1.0
,,,2.0,2021,,,0.0,2.0,2,1,2.0,1.0,,,,,,24.0,2.0,1.0,4.0,4.0,1.0,2.0,2.0,2.0,,2.0,0.0,,Q1 Lowest,,2.0,2.0,,2.0,,,,,THA,,58246340.0,4.0,0.0,,,,1.0,,,1.845068187,1,2.0,1.0,2.0,,2.0,2,2.0,2.0,147077164,East Asia & Pacific (excluding high income),2.0,,2.0,,2.0,2.0,,1.0,1.0,Thailand,1.0,,False,Male,23_29,1.0
2.0,,,2.0,2021,,,0.0,2.0,2,1,1.0,2.0,1.0,1.0,,1.0,,56.0,2.0,3.0,1.0,1.0,1.0,2.0,2.0,3.0,,2.0,1.0,,Q4,,,2.0,,2.0,1.0,2.0,2.0,,THA,,58246340.0,4.0,0.0,2.0,,2.0,,,2.0,0.409229969,1,1.0,1.0,1.0,,1.0,2,1.0,1.0,114726592,East Asia & Pacific (excluding high income),1.0,1.0,2.0,,2.0,2.0,1.0,1.0,1.0,Thailand,4.0,,False,Male,50_59,3.0
2.0,,2.0,2.0,2021,,,1.0,2.0,1,1,1.0,1.0,1.0,1.0,,1.0,,45.0,1.0,1.0,1.0,2.0,1.0,2.0,1.0,2.0,,1.0,1.0,,Q5 Highest,1.0,1.0,1.0,1.0,2.0,1.0,2.0,,,THA,,58246340.0,4.0,1.0,2.0,,1.0,1.0,,2.0,0.575624382,1,1.0,1.0,1.0,,1.0,1,1.0,1.0,138367803,East Asia & Pacific (excluding high income),1.0,1.0,2.0,,2.0,2.0,2.0,1.0,1.0,Thailand,1.0,,False,Female,40_49,1.0
2.0,,,2.0,2021,,,0.0,2.0,1,1,1.0,1.0,1.0,1.0,,1.0,,35.0,1.0,3.0,1.0,1.0,1.0,2.0,1.0,2.0,,1.0,1.0,,Q4,,1.0,2.0,,2.0,1.0,2.0,1.0,,THA,,58246340.0,4.0,1.0,1.0,,2.0,2.0,,1.0,0.273252673,1,1.0,3.0,1.0,,1.0,2,1.0,1.0,178266612,East Asia & Pacific (excluding high income),3.0,3.0,2.0,,2.0,2.0,1.0,1.0,1.0,Thailand,1.0,,False,Female,30_39,3.0
,2.0,,2.0,2021,,2.0,0.0,2.0,1,1,,1.0,,,2.0,,1.0,53.0,2.0,1.0,4.0,2.0,1.0,,2.0,7.0,2.0,2.0,0.0,,Q1 Lowest,1.0,2.0,2.0,,2.0,,,,,THA,,58246340.0,4.0,0.0,2.0,,,2.0,,,5.714441691,1,1.0,,2.0,1.0,,2,,2.0,144912189,East Asia & Pacific (excluding high income),,,2.0,,2.0,2.0,2.0,1.0,0.0,Thailand,1.0,2.0,False,Female,50_59,1.0
,,2.0,1.0,2021,,,1.0,2.0,2,1,1.0,2.0,,1.0,,1.0,,43.0,1.0,1.0,4.0,3.0,1.0,2.0,1.0,1.0,,1.0,1.0,,Q5 Highest,2.0,,2.0,,1.0,1.0,,1.0,1.0,THA,,58246340.0,1.0,1.0,2.0,,2.0,,1.0,,0.701342319,1,1.0,3.0,2.0,,1.0,1,1.0,1.0,187479944,East Asia & Pacific (excluding high income),3.0,1.0,2.0,,2.0,1.0,2.0,1.0,1.0,Thailand,4.0,,False,Male,40_49,1.0
,,,2.0,2021,,,1.0,2.0,2,1,1.0,1.0,,1.0,,1.0,,32.0,2.0,1.0,4.0,2.0,1.0,2.0,1.0,2.0,,1.0,1.0,,Q3,1.0,1.0,2.0,3.0,1.0,1.0,,1.0,,THA,,58246340.0,4.0,0.0,2.0,,2.0,1.0,,,1.363967946,1,1.0,2.0,2.0,,1.0,2,1.0,2.0,164723955,East Asia & Pacific (excluding high income),2.0,,2.0,,2.0,2.0,2.0,1.0,1.0,Thailand,1.0,,False,Male,30_39,1.0
2.0,,2.0,2.0,2021,,,1.0,2.0,1,1,1.0,1.0,2.0,,,,,38.0,2.0,1.0,2.0,2.0,1.0,2.0,2.0,2.0,,1.0,0.0,,Q3,1.0,1.0,1.0,3.0,2.0,,,,,THA,,58246340.0,4.0,0.0,2.0,,,2.0,,2.0,0.735378259,1,1.0,1.0,1.0,,2.0,1,1.0,2.0,135971097,East Asia & Pacific (excluding high income),1.0,,2.0,1.0,2.0,2.0,2.0,1.0,0.0,Thailand,1.0,,False,Female,30_39,1.0
,,1.0,1.0,2021,,,0.0,2.0,1,1,1.0,1.0,,1.0,,1.0,,39.0,1.0,3.0,4.0,1.0,1.0,2.0,1.0,2.0,,1.0,0.0,,Q3,,1.0,2.0,4.0,2.0,2.0,,1.0,,THA,,58246340.0,4.0,1.0,1.0,,2.0,2.0,,,0.242140134,1,1.0,3.0,2.0,,1.0,1,1.0,2.0,189995988,East Asia & Pacific (excluding high income),2.0,,2.0,,2.0,2.0,1.0,2.0,1.0,Thailand,1.0,,False,Female,30_39,3.0
,,2.0,2.0,2021,,,1.0,2.0,2,1,1.0,1.0,,,,,,49.0,2.0,1.0,4.0,4.0,1.0,2.0,2.0,3.0,,2.0,0.0,,Q3,,2.0,1.0,3.0,2.0,,,1.0,,THA,,58246340.0,4.0,0.0,,,,1.0,,,0.436942545,1,2.0,1.0,2.0,,2.0,1,2.0,2.0,152334051,East Asia & Pacific (excluding high income),1.0,,2.0,,2.0,2.0,,1.0,1.0,Thailand,1.0,,False,Male,40_49,1.0
2.0,,2.0,1.0,2021,,,1.0,2.0,2,1,1.0,2.0,1.0,,,,,40.0,1.0,3.0,1.0,1.0,1.0,1.0,1.0,4.0,,1.0,1.0,1.0,Q5 Highest,,,2.0,,2.0,,2.0,2.0,,THA,,58246340.0,4.0,1.0,1.0,,,,,2.0,0.138056999,1,1.0,3.0,1.0,,1.0,1,1.0,1.0,177922647,East Asia & Pacific (excluding high income),3.0,1.0,2.0,,2.0,2.0,1.0,1.0,0.0,Thailand,4.0,,False,Male,40_49,3.0
,,1.0,2.0,2021,,,1.0,2.0,2,1,1.0,1.0,,,,,,62.0,1.0,3.0,4.0,1.0,1.0,2.0,1.0,2.0,,1.0,1.0,,Q4,,1.0,1.0,3.0,2.0,,,3.0,,THA,,58246340.0,4.0,1.0,1.0,,,1.0,,,0.190974524,1,1.0,2.0,2.0,,1.0,1,1.0,1.0,157475622,East Asia & Pacific (excluding high income),2.0,2.0,2.0,,2.0,2.0,2.0,1.0,1.0,Thailand,1.0,,False,Male,60_69,3.0
,,2.0,1.0,2021,,,0.0,2.0,1,1,1.0,2.0,,,,,,59.0,1.0,1.0,4.0,4.0,1.0,2.0,2.0,2.0,,2.0,1.0,,Q2,,,2.0,2.0,2.0,,,2.0,,THA,,58246340.0,4.0,1.0,,,,,,,5.714441691,1,2.0,2.0,2.0,,2.0,1,2.0,2.0,133749837,East Asia & Pacific (excluding high income),2.0,,2.0,,2.0,2.0,,2.0,0.0,Thailand,4.0,,False,Female,50_59,1.0
2.0,,1.0,1.0,2021,,,1.0,1.0,1,1,1.0,1.0,2.0,1.0,,1.0,,35.0,2.0,3.0,1.0,1.0,1.0,1.0,1.0,2.0,,1.0,1.0,1.0,Q4,,1.0,1.0,,2.0,1.0,1.0,1.0,,THA,1.0,58246340.0,4.0,1.0,1.0,,2.0,1.0,,1.0,0.248085059,1,1.0,3.0,1.0,,1.0,1,1.0,1.0,138475386,East Asia & Pacific (excluding high income),3.0,3.0,2.0,,2.0,2.0,1.0,1.0,1.0,Thailand,1.0,,False,Female,30_39,3.0
,,2.0,1.0,2021,,,1.0,2.0,2,1,2.0,1.0,,,,,,53.0,1.0,1.0,4.0,2.0,1.0,2.0,2.0,2.0,,2.0,0.0,,Q3,1.0,1.0,1.0,,2.0,,,,2.0,THA,,58246340.0,2.0,1.0,2.0,1.0,,2.0,2.0,,0.80687012,1,1.0,2.0,2.0,,2.0,1,2.0,2.0,181403559,East Asia & Pacific (excluding high income),1.0,,2.0,,2.0,1.0,2.0,1.0,0.0,Thailand,1.0,,False,Male,50_59,1.0
,,1.0,1.0,2021,,,1.0,2.0,1,1,1.0,1.0,,1.0,,1.0,,40.0,1.0,3.0,4.0,2.0,1.0,1.0,1.0,4.0,,1.0,1.0,1.0,Q4,1.0,2.0,2.0,4.0,2.0,2.0,,1.0,,THA,,58246340.0,4.0,1.0,2.0,,2.0,1.0,,,0.593546602,1,1.0,3.0,2.0,,1.0,1,1.0,1.0,145723132,East Asia & Pacific (excluding high income),3.0,3.0,2.0,,2.0,2.0,2.0,1.0,1.0,Thailand,1.0,,False,Female,40_49,3.0
,,,1.0,2021,,,0.0,2.0,1,1,1.0,2.0,,,,,,60.0,1.0,3.0,4.0,4.0,0.0,2.0,2.0,1.0,,2.0,0.0,,Q1 Lowest,,,2.0,,2.0,,,1.0,,THA,,58246340.0,4.0,1.0,,,,,,,0.138056999,1,2.0,3.0,2.0,,2.0,2,2.0,2.0,176431850,East Asia & Pacific (excluding high income),3.0,,2.0,,2.0,2.0,,2.0,0.0,Thailand,4.0,,False,Female,60_69,3.0
2.0,,2.0,2.0,2021,,,0.0,2.0,2,1,1.0,2.0,2.0,,,,,33.0,2.0,1.0,2.0,2.0,1.0,2.0,2.0,2.0,,2.0,0.0,,Q3,1.0,,2.0,,2.0,,,,,THA,,58246340.0,4.0,0.0,2.0,,,,,2.0,1.363967946,1,1.0,1.0,1.0,,1.0,1,1.0,2.0,208103410,East Asia & Pacific (excluding high income),1.0,,2.0,1.0,2.0,2.0,2.0,1.0,0.0,Thailand,4.0,,False,Male,30_39,1.0
,,1.0,2.0,2021,,,1.0,2.0,2,1,1.0,1.0,,,,,,83.0,2.0,1.0,4.0,2.0,1.0,2.0,2.0,8.0,,2.0,0.0,,Q2,1.0,1.0,2.0,3.0,1.0,,,2.0,,THA,,58246340.0,4.0,0.0,2.0,,,2.0,,,5.714441691,1,1.0,,2.0,,2.0,1,2.0,2.0,209081523,East Asia & Pacific (excluding high income),,,2.0,,2.0,2.0,2.0,2.0,0.0,Thailand,1.0,,False,Male,70_plus,1.0
,,1.0,1.0,2021,,,1.0,1.0,1,1,1.0,2.0,,1.0,,1.0,,48.0,1.0,3.0,4.0,4.0,1.0,2.0,1.0,2.0,,1.0,1.0,,Q4,,,2.0,,2.0,1.0,,1.0,,THA,2.0,58246340.0,4.0,1.0,,,2.0,,,,0.218877638,1,2.0,3.0,2.0,,1.0,1,1.0,1.0,199809686,East Asia & Pacific (excluding high income),3.0,1.0,1.0,,2.0,2.0,,1.0,1.0,Thailand,4.0,,False,Female,40_49,3.0
2.0,,2.0,1.0,2021,,,1.0,2.0,2,1,1.0,1.0,1.0,,,,,26.0,1.0,2.0,1.0,1.0,1.0,2.0,1.0,8.0,,2.0,1.0,,Q4,,1.0,1.0,,2.0,,3.0,2.0,,THA,,58246340.0,4.0,1.0,2.0,,,1.0,,2.0,0.237582771,1,1.0,,1.0,,1.0,1,1.0,1.0,163020902,East Asia & Pacific (excluding high income),,3.0,2.0,,2.0,2.0,1.0,1.0,1.0,Thailand,1.0,,False,Male,23_29,2.0
2.0,,2.0,1.0,2021,,,1.0,2.0,2,1,1.0,1.0,1.0,,,,,33.0,1.0,3.0,1.0,4.0,1.0,1.0,1.0,4.0,,1.0,1.0,1.0,Q5 Highest,,2.0,2.0,,2.0,,2.0,2.0,,THA,,58246340.0,4.0,1.0,,,,1.0,,2.0,1.027769957,1,2.0,2.0,1.0,,1.0,1,1.0,1.0,120218595,East Asia & Pacific (excluding high income),1.0,1.0,2.0,,2.0,2.0,,1.0,1.0,Thailand,1.0,,False,Male,30_39,3.0
2.0,,2.0,2.0,2021,,,1.0,2.0,1,1,1.0,1.0,1.0,,,,,29.0,1.0,1.0,1.0,1.0,1.0,2.0,1.0,2.0,,1.0,1.0,,Q4,,1.0,1.0,1.0,2.0,,1.0,,,THA,,58246340.0,4.0,1.0,1.0,,,1.0,,1.0,1.577018771,1,1.0,1.0,1.0,,1.0,1,1.0,1.0,205299973,East Asia & Pacific (excluding high income),1.0,3.0,2.0,,2.0,2.0,1.0,1.0,1.0,Thailand,1.0,,False,Female,23_29,1.0
,,,2.0,2021,,,1.0,2.0,1,1,1.0,1.0,,,,,,26.0,2.0,1.0,4.0,2.0,1.0,2.0,2.0,2.0,,2.0,0.0,,Q1 Lowest,1.0,1.0,1.0,3.0,2.0,,,,,THA,,58246340.0,4.0,1.0,2.0,,,2.0,,,2.18870451,1,1.0,4.0,2.0,,1.0,2,2.0,2.0,189571106,East Asia & Pacific (excluding high income),4.0,,2.0,,2.0,2.0,2.0,1.0,0.0,Thailand,1.0,,False,Female,23_29,1.0
2.0,,1.0,2.0,2021,,,0.0,2.0,1,1,1.0,1.0,1.0,2.0,,2.0,,30.0,2.0,2.0,1.0,2.0,1.0,2.0,1.0,2.0,,2.0,1.0,,Q3,1.0,2.0,2.0,4.0,2.0,2.0,1.0,2.0,,THA,,58246340.0,4.0,1.0,2.0,,2.0,1.0,,1.0,0.28810274,1,1.0,2.0,1.0,,1.0,1,1.0,1.0,166035824,East Asia & Pacific (excluding high income),2.0,1.0,2.0,,2.0,2.0,2.0,1.0,1.0,Thailand,1.0,,False,Female,30_39,2.0
,,1.0,1.0,2021,,,1.0,2.0,1,1,1.0,1.0,,1.0,,1.0,,39.0,1.0,3.0,4.0,1.0,1.0,1.0,1.0,2.0,,1.0,1.0,1.0,Q4,,1.0,2.0,1.0,2.0,1.0,,1.0,,THA,,58246340.0,4.0,1.0,1.0,,2.0,1.0,,,0.138056999,1,1.0,3.0,2.0,,1.0,1,1.0,1.0,141792525,East Asia & Pacific (excluding high income),1.0,1.0,2.0,,2.0,2.0,2.0,1.0,1.0,Thailand,1.0,,False,Female,30_39,3.0
,,2.0,1.0,2021,,,1.0,2.0,2,1,1.0,2.0,,,,,,64.0,1.0,3.0,4.0,1.0,1.0,1.0,1.0,1.0,,2.0,1.0,1.0,Q1 Lowest,,1.0,2.0,,2.0,,,1.0,,THA,,58246340.0,4.0,1.0,2.0,,,1.0,,,0.287333685,1,1.0,3.0,2.0,,1.0,1,1.0,1.0,164073709,East Asia & Pacific (excluding high income),3.0,3.0,2.0,,1.0,2.0,1.0,2.0,1.0,Thailand,4.0,,False,Male,60_69,3.0
,,1.0,2.0,2021,,,0.0,2.0,2,1,1.0,2.0,,1.0,,1.0,,16.0,1.0,1.0,4.0,4.0,1.0,2.0,1.0,1.0,,1.0,1.0,,Q2,,,2.0,1.0,2.0,1.0,,1.0,2.0,THA,,58246340.0,1.0,1.0,,,2.0,,1.0,,2.029036585,1,2.0,2.0,2.0,,1.0,1,1.0,1.0,170626440,East Asia & Pacific (excluding high income),1.0,1.0,2.0,,2.0,1.0,,2.0,1.0,Thailand,4.0,,False,Male,17_or_less,1.0
2.0,,2.0,1.0,2021,,,0.0,2.0,2,1,1.0,1.0,1.0,2.0,,1.0,,56.0,1.0,3.0,1.0,1.0,1.0,1.0,1.0,2.0,,2.0,1.0,2.0,Q5 Highest,,1.0,2.0,,2.0,2.0,2.0,1.0,,THA,,58246340.0,4.0,1.0,2.0,,2.0,1.0,,2.0,0.138056999,1,1.0,3.0,1.0,,1.0,1,1.0,1.0,181269941,East Asia & Pacific (excluding high income),3.0,1.0,2.0,,2.0,2.0,1.0,1.0,1.0,Thailand,1.0,,False,Male,50_59,3.0
,,2.0,1.0,2021,,,1.0,2.0,1,1,1.0,1.0,,1.0,,1.0,,47.0,1.0,3.0,4.0,4.0,1.0,1.0,1.0,1.0,,2.0,1.0,1.0,Q5 Highest,,2.0,2.0,,2.0,2.0,,1.0,,THA,,58246340.0,4.0,1.0,,,2.0,1.0,,,0.227246618,1,2.0,3.0,2.0,,1.0,1,1.0,1.0,128340917,East Asia & Pacific (excluding high income),3.0,1.0,2.0,,2.0,2.0,,2.0,1.0,Thailand,1.0,,False,Female,40_49,3.0
2.0,,,1.0,2021,,,1.0,2.0,1,1,1.0,1.0,1.0,1.0,,1.0,,30.0,1.0,3.0,1.0,1.0,1.0,1.0,1.0,1.0,,2.0,1.0,1.0,Q3,,1.0,2.0,5.0,2.0,1.0,2.0,2.0,,THA,,58246340.0,4.0,1.0,1.0,,2.0,1.0,,1.0,1.694473321,1,1.0,2.0,1.0,,1.0,2,1.0,1.0,182693822,East Asia & Pacific (excluding high income),1.0,2.0,2.0,,2.0,2.0,1.0,1.0,1.0,Thailand,1.0,,False,Female,30_39,3.0
2.0,,2.0,2.0,2021,,,1.0,2.0,1,1,1.0,1.0,1.0,,,,,32.0,1.0,3.0,1.0,1.0,1.0,1.0,1.0,1.0,,1.0,1.0,1.0,Q5 Highest,,1.0,1.0,1.0,2.0,,2.0,2.0,,THA,,58246340.0,4.0,1.0,1.0,,,2.0,,2.0,0.193616866,1,1.0,3.0,1.0,,1.0,1,1.0,2.0,185358434,East Asia & Pacific (excluding high income),3.0,,2.0,,2.0,2.0,2.0,1.0,0.0,Thailand,1.0,,False,Female,30_39,3.0
2.0,2.0,,2.0,2021,,2.0,1.0,2.0,2,1,,1.0,2.0,,,,2.0,35.0,2.0,2.0,2.0,1.0,1.0,,2.0,2.0,2.0,2.0,1.0,,Q3,,2.0,1.0,3.0,2.0,,,,,THA,,58246340.0,4.0,1.0,1.0,,,1.0,,2.0,0.138056999,0,1.0,3.0,1.0,1.0,,2,,2.0,154938138,East Asia & Pacific (excluding high income),1.0,,1.0,1.0,2.0,2.0,2.0,1.0,1.0,Thailand,1.0,2.0,False,Male,30_39,2.0
2.0,,,2.0,2021,,,0.0,2.0,2,1,1.0,2.0,1.0,,,,,47.0,2.0,1.0,1.0,4.0,1.0,2.0,2.0,9.0,,2.0,0.0,,Q2,,,2.0,,2.0,,2.0,1.0,,THA,,58246340.0,4.0,0.0,,,,,,2.0,5.714441691,1,2.0,,1.0,,2.0,2,2.0,2.0,118019219,East Asia & Pacific (excluding high income),,,2.0,,2.0,2.0,,1.0,0.0,Thailand,4.0,,False,Male,40_49,1.0
,,2.0,1.0,2021,,,0.0,1.0,1,1,1.0,1.0,,,,,,66.0,1.0,3.0,4.0,1.0,1.0,2.0,2.0,9.0,,2.0,1.0,,Q4,,1.0,2.0,,2.0,,,2.0,,THA,2.0,58246340.0,4.0,1.0,1.0,,,1.0,,,0.180121351,1,1.0,,2.0,,2.0,1,1.0,2.0,113400630,East Asia & Pacific (excluding high income),,,2.0,,1.0,2.0,2.0,1.0,1.0,Thailand,1.0,,False,Female,60_69,3.0
1.0,,1.0,1.0,2021,,,1.0,2.0,1,1,1.0,1.0,1.0,,,,,52.0,1.0,3.0,1.0,1.0,1.0,1.0,1.0,2.0,,1.0,1.0,1.0,Q4,,1.0,1.0,2.0,2.0,,2.0,2.0,,THA,,58246340.0,4.0,1.0,1.0,,,2.0,,2.0,0.239457964,1,1.0,3.0,1.0,,1.0,1,1.0,1.0,165180819,East Asia & Pacific (excluding high income),1.0,3.0,2.0,,2.0,2.0,1.0,1.0,0.0,Thailand,1.0,,False,Female,50_59,3.0
2.0,,,1.0,2021,,,1.0,2.0,1,1,1.0,2.0,1.0,,,,,25.0,1.0,3.0,1.0,4.0,1.0,2.0,2.0,2.0,,2.0,0.0,,Q5 Highest,,,1.0,,2.0,,2.0,2.0,,THA,,58246340.0,4.0,1.0,,,,,,2.0,0.413793821,1,2.0,2.0,1.0,,2.0,2,2.0,2.0,146072980,East Asia & Pacific (excluding high income),1.0,,2.0,,2.0,2.0,,1.0,0.0,Thailand,4.0,,False,Female,23_29,3.0
2.0,,2.0,1.0,2021,,,1.0,2.0,2,1,1.0,2.0,1.0,1.0,,1.0,,43.0,1.0,3.0,1.0,1.0,1.0,1.0,1.0,1.0,,1.0,1.0,1.0,Q4,,,2.0,,2.0,1.0,2.0,1.0,,THA,,58246340.0,4.0,1.0,1.0,,2.0,,,2.0,0.678697635,1,1.0,3.0,1.0,,1.0,1,1.0,1.0,178252165,East Asia & Pacific (excluding high income),3.0,1.0,2.0,,2.0,2.0,2.0,1.0,1.0,Thailand,4.0,,False,Male,40_49,3.0
2.0,,1.0,1.0,2021,,,1.0,1.0,1,1,1.0,1.0,1.0,1.0,,2.0,,38.0,1.0,3.0,1.0,1.0,1.0,2.0,1.0,2.0,,1.0,1.0,,Q3,,1.0,2.0,2.0,1.0,1.0,2.0,1.0,2.0,THA,2.0,58246340.0,2.0,1.0,1.0,1.0,2.0,1.0,2.0,1.0,0.138056999,1,1.0,3.0,1.0,,1.0,1,1.0,1.0,181289482,East Asia & Pacific (excluding high income),3.0,1.0,2.0,,2.0,1.0,2.0,1.0,1.0,Thailand,1.0,,False,Female,30_39,3.0
2.0,,2.0,1.0,2021,,,1.0,2.0,2,1,1.0,1.0,1.0,1.0,,2.0,,30.0,1.0,3.0,1.0,4.0,1.0,1.0,1.0,2.0,,2.0,1.0,1.0,Q5 Highest,,2.0,2.0,2.0,2.0,1.0,2.0,2.0,,THA,,58246340.0,4.0,1.0,,,2.0,1.0,,2.0,0.138056999,1,2.0,3.0,1.0,,1.0,1,1.0,1.0,192288864,East Asia & Pacific (excluding high income),3.0,1.0,2.0,,2.0,2.0,,1.0,1.0,Thailand,1.0,,False,Male,30_39,3.0
2.0,,,1.0,2021,,,1.0,2.0,1,1,1.0,1.0,1.0,,,,,33.0,1.0,3.0,1.0,4.0,1.0,1.0,1.0,4.0,,1.0,1.0,1.0,Q2,,1.0,2.0,2.0,2.0,,2.0,2.0,,THA,,58246340.0,4.0,1.0,,,,2.0,,2.0,0.413793821,1,2.0,3.0,1.0,,2.0,2,1.0,2.0,136338292,East Asia & Pacific (excluding high income),3.0,,2.0,,1.0,2.0,,1.0,0.0,Thailand,1.0,,False,Female,30_39,3.0
,2.0,,1.0,2021,,2.0,1.0,1.0,1,1,,1.0,,,,,1.0,24.0,2.0,2.0,4.0,2.0,1.0,,2.0,7.0,1.0,1.0,0.0,,Q4,1.0,1.0,2.0,,2.0,,,,,THA,1.0,58246340.0,4.0,1.0,2.0,,,2.0,,,1.43755885,1,1.0,,2.0,2.0,,2,,2.0,187206938,East Asia & Pacific (excluding high income),,,2.0,,2.0,2.0,2.0,2.0,0.0,Thailand,1.0,1.0,False,Female,23_29,2.0
2.0,,1.0,1.0,2021,,,1.0,2.0,2,1,1.0,1.0,2.0,,,,,25.0,1.0,2.0,1.0,1.0,1.0,2.0,1.0,3.0,,2.0,1.0,,Q4,,2.0,2.0,,2.0,,2.0,1.0,,THA,,58246340.0,4.0,1.0,2.0,,,1.0,,1.0,0.357891433,1,1.0,3.0,1.0,,1.0,1,1.0,1.0,154752022,East Asia & Pacific (excluding high income),2.0,3.0,1.0,,2.0,2.0,1.0,1.0,1.0,Thailand,1.0,,False,Male,23_29,2.0
,,,1.0,2021,,,1.0,2.0,2,1,1.0,1.0,,1.0,,1.0,,38.0,2.0,3.0,4.0,1.0,1.0,2.0,1.0,4.0,,2.0,1.0,,Q2,,1.0,2.0,4.0,1.0,1.0,,1.0,,THA,,58246340.0,4.0,1.0,1.0,,2.0,1.0,,,0.306484336,1,1.0,3.0,2.0,,1.0,2,1.0,1.0,161735705,East Asia & Pacific (excluding high income),2.0,1.0,2.0,,2.0,2.0,1.0,1.0,1.0,Thailand,1.0,,False,Male,30_39,3.0
,,1.0,1.0,2021,,,0.0,2.0,1,1,1.0,1.0,,,,,,39.0,1.0,2.0,4.0,2.0,1.0,1.0,2.0,2.0,,2.0,1.0,2.0,Q2,1.0,1.0,2.0,4.0,2.0,,,3.0,,THA,,58246340.0,4.0,1.0,2.0,,,1.0,,,0.470272114,1,1.0,4.0,2.0,,1.0,1,1.0,1.0,182449190,East Asia & Pacific (excluding high income),2.0,3.0,2.0,,2.0,2.0,2.0,1.0,1.0,Thailand,1.0,,False,Female,30_39,2.0
2.0,,2.0,1.0,2021,,,0.0,2.0,1,1,1.0,1.0,1.0,1.0,,1.0,,37.0,1.0,3.0,1.0,1.0,1.0,2.0,1.0,2.0,,2.0,1.0,,Q4,,1.0,2.0,4.0,2.0,1.0,1.0,1.0,,THA,,58246340.0,4.0,1.0,1.0,,2.0,2.0,,2.0,0.533798491,1,1.0,1.0,1.0,,1.0,1,1.0,1.0,178157054,East Asia & Pacific (excluding high income),1.0,1.0,2.0,,2.0,2.0,2.0,1.0,1.0,Thailand,1.0,,False,Female,30_39,3.0
,,2.0,2.0,2021,,,1.0,2.0,1,1,1.0,2.0,,,,,,33.0,2.0,2.0,4.0,4.0,1.0,2.0,2.0,7.0,,2.0,0.0,,Q1 Lowest,,,1.0,3.0,2.0,,,,,THA,,58246340.0,4.0,0.0,,,,,,,5.714441691,1,2.0,,2.0,,1.0,1,2.0,2.0,121683065,East Asia & Pacific (excluding high income),,,2.0,,2.0,2.0,,2.0,0.0,Thailand,4.0,,False,Female,30_39,2.0
,,,2.0,2021,,,0.0,2.0,1,1,2.0,2.0,,,,,,50.0,2.0,3.0,4.0,4.0,1.0,2.0,1.0,7.0,,2.0,1.0,,Q4,,,2.0,,2.0,,,,,THA,,58246340.0,4.0,0.0,,,,,,,0.782583699,1,2.0,,2.0,,2.0,2,2.0,1.0,135113389,East Asia & Pacific (excluding high income),,1.0,2.0,,2.0,2.0,,2.0,0.0,Thailand,4.0,,False,Female,50_59,3.0
2.0,,2.0,1.0,2021,,,1.0,2.0,2,1,1.0,1.0,1.0,,,,,28.0,1.0,1.0,1.0,2.0,1.0,2.0,2.0,1.0,,1.0,1.0,,Q3,1.0,1.0,1.0,3.0,2.0,,2.0,1.0,,THA,,58246340.0,4.0,1.0,2.0,,,1.0,,1.0,1.443962782,1,1.0,2.0,1.0,,1.0,1,1.0,1.0,118246605,East Asia & Pacific (excluding high income),1.0,2.0,2.0,,2.0,2.0,2.0,1.0,1.0,Thailand,1.0,,False,Male,23_29,1.0
2.0,,2.0,2.0,2021,,,1.0,2.0,2,1,1.0,1.0,1.0,1.0,,1.0,,25.0,2.0,2.0,1.0,1.0,1.0,2.0,1.0,2.0,,1.0,1.0,,Q2,,1.0,1.0,2.0,2.0,1.0,2.0,1.0,,THA,,58246340.0,4.0,0.0,1.0,,2.0,2.0,,1.0,1.829258135,1,1.0,2.0,1.0,,1.0,1,1.0,1.0,202935544,East Asia & Pacific (excluding high income),2.0,3.0,2.0,,2.0,2.0,1.0,1.0,1.0,Thailand,1.0,,False,Male,23_29,2.0
2.0,,1.0,2.0,2021,,,0.0,2.0,1,1,1.0,1.0,1.0,2.0,,1.0,,35.0,2.0,1.0,1.0,1.0,1.0,2.0,1.0,2.0,,1.0,1.0,,Q1 Lowest,,2.0,2.0,,2.0,2.0,2.0,1.0,,THA,,58246340.0,4.0,1.0,1.0,,2.0,1.0,,2.0,2.063701227,1,1.0,3.0,1.0,,1.0,1,1.0,1.0,210975911,East Asia & Pacific (excluding high income),3.0,3.0,2.0,,2.0,2.0,1.0,1.0,1.0,Thailand,1.0,,False,Female,30_39,1.0
2.0,,2.0,1.0,2021,,,0.0,2.0,1,1,1.0,1.0,1.0,1.0,,2.0,,22.0,2.0,3.0,1.0,1.0,1.0,2.0,1.0,2.0,,1.0,1.0,,Q5 Highest,,1.0,2.0,3.0,2.0,1.0,2.0,2.0,,THA,,58246340.0,4.0,1.0,1.0,,2.0,1.0,,2.0,0.439869775,1,1.0,1.0,1.0,,1.0,1,1.0,1.0,164550391,East Asia & Pacific (excluding high income),1.0,1.0,2.0,,2.0,2.0,1.0,1.0,1.0,Thailand,1.0,,False,Female,18_22,3.0
,,1.0,1.0,2021,,,1.0,2.0,1,1,1.0,1.0,,1.0,,1.0,,38.0,2.0,3.0,4.0,1.0,1.0,1.0,1.0,4.0,,2.0,1.0,1.0,Q3,,2.0,2.0,,2.0,1.0,,1.0,,THA,,58246340.0,4.0,1.0,1.0,,2.0,1.0,,,0.249767845,1,1.0,3.0,2.0,,1.0,1,1.0,1.0,145420851,East Asia & Pacific (excluding high income),3.0,1.0,2.0,,2.0,2.0,2.0,1.0,1.0,Thailand,1.0,,False,Female,30_39,3.0
,,1.0,1.0,2021,,,1.0,1.0,2,1,1.0,1.0,,,,,,41.0,1.0,2.0,4.0,1.0,1.0,1.0,1.0,2.0,,2.0,1.0,2.0,Q4,,1.0,2.0,2.0,1.0,,,1.0,,THA,2.0,58246340.0,4.0,1.0,1.0,,,1.0,,,1.784900964,1,1.0,3.0,2.0,,1.0,1,1.0,1.0,194581675,East Asia & Pacific (excluding high income),3.0,1.0,2.0,,2.0,2.0,2.0,1.0,1.0,Thailand,1.0,,False,Male,40_49,2.0
2.0,,,2.0,2021,,,1.0,2.0,1,1,1.0,1.0,2.0,,,,,60.0,1.0,1.0,2.0,2.0,1.0,2.0,2.0,4.0,,1.0,0.0,,Q2,1.0,1.0,1.0,1.0,1.0,,,3.0,,THA,,58246340.0,4.0,1.0,2.0,,,1.0,,2.0,0.194527058,1,1.0,1.0,1.0,,1.0,2,1.0,2.0,111882800,East Asia & Pacific (excluding high income),1.0,,2.0,1.0,2.0,2.0,2.0,1.0,1.0,Thailand,1.0,,False,Female,60_69,1.0
1.0,,2.0,1.0,2021,,,1.0,2.0,2,1,1.0,1.0,1.0,,,,,41.0,1.0,3.0,1.0,1.0,1.0,1.0,1.0,7.0,,1.0,1.0,1.0,Q4,,1.0,2.0,,2.0,,2.0,1.0,,THA,,58246340.0,4.0,1.0,1.0,,,2.0,,1.0,0.287278596,1,1.0,,1.0,,1.0,1,1.0,1.0,169468697,East Asia & Pacific (excluding high income),,2.0,2.0,,2.0,2.0,1.0,1.0,1.0,Thailand,1.0,,False,Male,40_49,3.0
,,2.0,2.0,2021,,,1.0,2.0,1,1,1.0,1.0,,,2.0,,,33.0,2.0,2.0,4.0,1.0,1.0,2.0,1.0,2.0,,2.0,1.0,,Q2,,2.0,1.0,3.0,2.0,,,1.0,,THA,,58246340.0,4.0,0.0,1.0,,,2.0,,,0.934298079,1,1.0,1.0,2.0,,1.0,1,1.0,1.0,163658896,East Asia & Pacific (excluding high income),1.0,2.0,1.0,,2.0,2.0,1.0,1.0,0.0,Thailand,1.0,,False,Female,30_39,2.0
2.0,,1.0,1.0,2021,,,1.0,2.0,1,1,1.0,1.0,1.0,,,,,29.0,1.0,3.0,1.0,4.0,1.0,1.0,1.0,1.0,,1.0,1.0,1.0,Q4,,1.0,2.0,2.0,1.0,,2.0,1.0,,THA,,58246340.0,4.0,1.0,,,,2.0,,2.0,0.252473611,1,2.0,3.0,1.0,,1.0,1,1.0,1.0,131541941,East Asia & Pacific (excluding high income),3.0,3.0,2.0,,2.0,2.0,,1.0,0.0,Thailand,1.0,,False,Female,23_29,3.0
2.0,,,2.0,2021,,,0.0,2.0,2,1,1.0,1.0,2.0,,,,,45.0,1.0,1.0,2.0,4.0,1.0,2.0,2.0,4.0,,1.0,0.0,,Q1 Lowest,,1.0,2.0,3.0,2.0,,,1.0,,THA,,58246340.0,4.0,1.0,,,,2.0,,2.0,0.413038667,1,2.0,2.0,1.0,,1.0,2,1.0,2.0,113857514,East Asia & Pacific (excluding high income),1.0,,2.0,1.0,2.0,2.0,,1.0,0.0,Thailand,1.0,,False,Male,40_49,1.0
2.0,,,1.0,2021,,,1.0,2.0,2,1,1.0,1.0,1.0,,,,,30.0,2.0,3.0,1.0,4.0,1.0,1.0,1.0,2.0,,1.0,1.0,1.0,Q4,,2.0,2.0,,2.0,,1.0,1.0,,THA,,58246340.0,4.0,1.0,,,,1.0,,2.0,0.521688912,1,2.0,3.0,1.0,,1.0,2,1.0,1.0,147165189,East Asia & Pacific (excluding high income),3.0,1.0,2.0,,2.0,2.0,,1.0,1.0,Thailand,1.0,,False,Male,30_39,3.0
,,,1.0,2021,,,0.0,2.0,2,1,1.0,2.0,,,,,,67.0,2.0,2.0,4.0,4.0,1.0,1.0,2.0,2.0,,2.0,0.0,2.0,Q3,,,2.0,,2.0,,,1.0,2.0,THA,,58246340.0,2.0,1.0,,1.0,,,2.0,,0.858751407,1,2.0,3.0,2.0,,1.0,2,1.0,1.0,162141804,East Asia & Pacific (excluding high income),3.0,2.0,2.0,,2.0,1.0,,1.0,0.0,Thailand,4.0,,False,Male,60_69,2.0
,,2.0,2.0,2021,,,1.0,2.0,2,1,1.0,1.0,,1.0,,1.0,,55.0,2.0,1.0,4.0,1.0,1.0,2.0,1.0,2.0,,1.0,1.0,,Q2,,1.0,2.0,,2.0,1.0,,2.0,2.0,THA,,58246340.0,2.0,0.0,1.0,1.0,2.0,1.0,2.0,,0.335071811,1,1.0,3.0,2.0,,1.0,1,1.0,1.0,122625986,East Asia & Pacific (excluding high income),3.0,1.0,2.0,,2.0,1.0,2.0,1.0,1.0,Thailand,1.0,,False,Male,50_59,1.0
,,,1.0,2021,,,0.0,2.0,1,1,1.0,1.0,,,,,,67.0,1.0,2.0,4.0,2.0,1.0,2.0,2.0,1.0,,1.0,0.0,,Q3,1.0,1.0,2.0,,2.0,,,2.0,,THA,,58246340.0,4.0,1.0,2.0,,,2.0,,,1.180640086,1,1.0,3.0,2.0,,1.0,2,2.0,2.0,122754090,East Asia & Pacific (excluding high income),3.0,,2.0,,2.0,2.0,2.0,1.0,0.0,Thailand,1.0,,False,Female,60_69,2.0
2.0,,,1.0,2021,,,0.0,1.0,1,1,1.0,1.0,1.0,,,,,38.0,1.0,3.0,1.0,1.0,1.0,2.0,1.0,2.0,,1.0,1.0,,Q4,,1.0,2.0,,2.0,,2.0,1.0,,THA,2.0,58246340.0,4.0,1.0,1.0,,,2.0,,2.0,0.289066686,1,1.0,2.0,1.0,,1.0,2,1.0,1.0,143194255,East Asia & Pacific (excluding high income),2.0,3.0,2.0,,2.0,2.0,1.0,1.0,0.0,Thailand,1.0,,False,Female,30_39,3.0
2.0,,,2.0,2021,,,1.0,2.0,2,1,2.0,1.0,1.0,,,,,63.0,2.0,3.0,1.0,4.0,1.0,2.0,2.0,2.0,,1.0,0.0,,Q3,,1.0,2.0,2.0,2.0,,2.0,,,THA,,58246340.0,4.0,0.0,,,,2.0,,2.0,0.570909495,1,2.0,1.0,1.0,,1.0,2,2.0,2.0,132342561,East Asia & Pacific (excluding high income),1.0,,2.0,,1.0,2.0,,1.0,0.0,Thailand,1.0,,False,Male,60_69,3.0
,,2.0,1.0,2021,,,0.0,2.0,1,1,2.0,1.0,,,,,,37.0,1.0,1.0,4.0,1.0,1.0,2.0,1.0,1.0,,2.0,1.0,,Q3,,1.0,2.0,4.0,2.0,,,,,THA,,58246340.0,4.0,1.0,2.0,,,1.0,,,0.959113692,1,1.0,2.0,2.0,,1.0,1,1.0,1.0,152107802,East Asia & Pacific (excluding high income),2.0,4.0,2.0,,2.0,2.0,1.0,1.0,1.0,Thailand,1.0,,False,Female,30_39,1.0
2.0,,1.0,2.0,2021,,,1.0,2.0,1,1,1.0,1.0,1.0,1.0,,2.0,,26.0,2.0,2.0,1.0,4.0,1.0,2.0,1.0,2.0,,2.0,1.0,,Q4,,1.0,1.0,3.0,1.0,1.0,1.0,1.0,,THA,,58246340.0,4.0,1.0,,,2.0,2.0,,2.0,1.407413836,1,2.0,2.0,1.0,,1.0,1,1.0,2.0,137609567,East Asia & Pacific (excluding high income),1.0,,2.0,,2.0,2.0,,1.0,1.0,Thailand,1.0,,False,Female,23_29,2.0
,,1.0,2.0,2021,,,1.0,2.0,1,1,1.0,1.0,,,,,,39.0,1.0,2.0,4.0,1.0,1.0,2.0,1.0,5.0,,2.0,1.0,,Q3,,2.0,1.0,1.0,2.0,,,2.0,,THA,,58246340.0,4.0,1.0,1.0,,,1.0,,,0.227863973,1,1.0,3.0,2.0,,1.0,1,1.0,1.0,158892811,East Asia & Pacific (excluding high income),3.0,3.0,2.0,,2.0,2.0,2.0,1.0,1.0,Thailand,1.0,,False,Female,30_39,2.0
2.0,,2.0,1.0,2021,,,1.0,2.0,1,1,1.0,1.0,1.0,,,,,51.0,1.0,3.0,1.0,1.0,1.0,1.0,1.0,1.0,,1.0,1.0,1.0,Q5 Highest,,2.0,2.0,2.0,1.0,,2.0,1.0,1.0,THA,,58246340.0,1.0,1.0,1.0,,,1.0,1.0,2.0,0.681871458,1,1.0,3.0,1.0,,1.0,1,1.0,1.0,159611540,East Asia & Pacific (excluding high income),3.0,3.0,2.0,,2.0,1.0,2.0,1.0,1.0,Thailand,1.0,,False,Female,50_59,3.0
,,2.0,1.0,2021,,,0.0,2.0,2,1,1.0,2.0,,,,,,18.0,1.0,2.0,4.0,4.0,1.0,1.0,1.0,2.0,,2.0,0.0,2.0,Q4,,,2.0,4.0,2.0,,,,,THA,,58246340.0,4.0,1.0,,,,,,,1.944532089,1,2.0,3.0,2.0,,1.0,1,1.0,2.0,111186389,East Asia & Pacific (excluding high income),3.0,,2.0,,2.0,2.0,,1.0,0.0,Thailand,4.0,,False,Male,18_22,2.0
,,2.0,2.0,2021,,,0.0,2.0,2,1,1.0,1.0,,,,,,,2.0,2.0,4.0,4.0,1.0,2.0,2.0,7.0,,2.0,0.0,,Q1 Lowest,,1.0,2.0,3.0,2.0,,,2.0,2.0,THA,,58246340.0,2.0,0.0,,1.0,,2.0,2.0,,1.159287731,1,2.0,,2.0,,1.0,1,1.0,2.0,143644053,East Asia & Pacific (excluding high income),,,2.0,,1.0,1.0,,2.0,0.0,Thailand,1.0,,False,Male,,2.0
2.0,,2.0,2.0,2021,,,1.0,2.0,1,1,1.0,1.0,1.0,,,,,35.0,1.0,3.0,1.0,1.0,1.0,1.0,1.0,1.0,,1.0,1.0,1.0,Q5 Highest,,1.0,2.0,2.0,2.0,,1.0,2.0,,THA,,58246340.0,4.0,1.0,1.0,,,1.0,,3.0,0.138056999,1,1.0,3.0,1.0,,1.0,1,1.0,2.0,197125292,East Asia & Pacific (excluding high income),3.0,,2.0,,2.0,2.0,1.0,1.0,1.0,Thailand,1.0,,False,Female,30_39,3.0
2.0,,1.0,1.0,2021,,,0.0,1.0,2,1,1.0,1.0,1.0,,,,,23.0,1.0,1.0,1.0,4.0,1.0,2.0,1.0,2.0,,1.0,1.0,,Q5 Highest,,2.0,2.0,2.0,2.0,,2.0,2.0,,THA,2.0,58246340.0,4.0,1.0,,,,1.0,,2.0,2.422744642,1,2.0,2.0,1.0,,1.0,1,1.0,1.0,166422841,East Asia & Pacific (excluding high income),3.0,3.0,2.0,,2.0,2.0,,1.0,1.0,Thailand,1.0,,False,Male,23_29,1.0
2.0,,2.0,1.0,2021,,,1.0,2.0,2,1,1.0,2.0,1.0,,,,,57.0,1.0,3.0,1.0,4.0,1.0,1.0,2.0,1.0,,2.0,1.0,1.0,Q4,,,2.0,,2.0,,2.0,2.0,,THA,,58246340.0,4.0,1.0,,,,,,2.0,0.199301538,1,2.0,3.0,1.0,,1.0,1,1.0,2.0,192506940,East Asia & Pacific (excluding high income),3.0,,2.0,,2.0,2.0,,1.0,0.0,Thailand,4.0,,False,Male,50_59,3.0
2.0,,1.0,1.0,2021,,,1.0,2.0,2,1,1.0,2.0,1.0,,,,,66.0,1.0,3.0,1.0,1.0,1.0,1.0,1.0,4.0,,2.0,1.0,1.0,Q3,,,2.0,,2.0,,2.0,1.0,,THA,,58246340.0,4.0,1.0,1.0,,,,,2.0,0.302773876,1,1.0,1.0,1.0,,1.0,1,1.0,1.0,128107401,East Asia & Pacific (excluding high income),1.0,3.0,2.0,,2.0,2.0,1.0,1.0,0.0,Thailand,4.0,,False,Male,60_69,3.0
,,2.0,2.0,2021,,,0.0,2.0,1,1,1.0,1.0,,1.0,,1.0,,32.0,1.0,2.0,4.0,4.0,1.0,2.0,1.0,2.0,,1.0,1.0,,Q4,,1.0,2.0,3.0,2.0,1.0,,1.0,,THA,,58246340.0,4.0,1.0,,,2.0,2.0,,,0.765185414,1,2.0,2.0,2.0,,1.0,1,1.0,1.0,149238223,East Asia & Pacific (excluding high income),1.0,3.0,2.0,,2.0,2.0,,1.0,1.0,Thailand,1.0,,False,Female,30_39,2.0
2.0,,,1.0,2021,,,0.0,2.0,1,1,1.0,1.0,1.0,1.0,1.0,1.0,,31.0,1.0,3.0,1.0,2.0,1.0,2.0,1.0,2.0,,1.0,1.0,,Q4,1.0,2.0,2.0,,2.0,2.0,2.0,1.0,,THA,,58246340.0,4.0,1.0,2.0,,2.0,2.0,,1.0,0.969361303,1,1.0,3.0,1.0,,1.0,2,1.0,1.0,177336488,East Asia & Pacific (excluding high income),3.0,3.0,2.0,,2.0,2.0,2.0,1.0,1.0,Thailand,2.0,,False,Female,30_39,3.0
,,2.0,1.0,2021,,,0.0,2.0,2,1,1.0,1.0,,,,,,50.0,2.0,2.0,4.0,2.0,1.0,2.0,2.0,8.0,,2.0,0.0,,Q3,1.0,2.0,2.0,,2.0,,,1.0,,THA,,58246340.0,4.0,1.0,2.0,,,1.0,,,1.119834655,1,1.0,,2.0,,1.0,1,2.0,2.0,194036591,East Asia & Pacific (excluding high income),,,2.0,,2.0,2.0,2.0,1.0,1.0,Thailand,1.0,,False,Male,50_59,2.0
2.0,,2.0,1.0,2021,,,1.0,2.0,2,1,1.0,2.0,1.0,,,,,,1.0,3.0,1.0,4.0,1.0,2.0,2.0,3.0,,2.0,1.0,,Q3,,,2.0,,2.0,,2.0,1.0,,THA,,58246340.0,4.0,1.0,,,,,,2.0,0.138056999,1,2.0,3.0,1.0,,1.0,1,2.0,2.0,118936578,East Asia & Pacific (excluding high income),3.0,,2.0,,2.0,2.0,,1.0,0.0,Thailand,4.0,,False,Male,,3.0
2.0,,2.0,2.0,2021,,,1.0,2.0,1,1,1.0,1.0,1.0,,2.0,,,37.0,2.0,1.0,1.0,2.0,1.0,2.0,2.0,4.0,,2.0,0.0,,Q1 Lowest,1.0,2.0,1.0,3.0,1.0,,2.0,1.0,,THA,,58246340.0,4.0,0.0,2.0,,,2.0,,2.0,0.868417419,1,1.0,1.0,1.0,,2.0,1,2.0,2.0,188631615,East Asia & Pacific (excluding high income),1.0,,2.0,,2.0,2.0,2.0,1.0,0.0,Thailand,1.0,,False,Female,30_39,1.0
1.0,,,1.0,2021,,,1.0,2.0,2,1,1.0,2.0,1.0,1.0,,1.0,,36.0,1.0,2.0,1.0,1.0,1.0,1.0,1.0,2.0,,3.0,1.0,1.0,Q5 Highest,,1.0,1.0,3.0,1.0,1.0,1.0,1.0,2.0,THA,,58246340.0,1.0,1.0,2.0,,1.0,2.0,1.0,1.0,0.82171974,1,1.0,2.0,1.0,,1.0,2,1.0,1.0,144487008,East Asia & Pacific (excluding high income),3.0,1.0,1.0,,1.0,1.0,1.0,1.0,1.0,Thailand,4.0,,False,Male,30_39,2.0
,,2.0,2.0,2021,,,1.0,2.0,2,1,1.0,2.0,,1.0,,1.0,,35.0,2.0,3.0,4.0,1.0,1.0,2.0,1.0,2.0,,2.0,1.0,,Q2,,,1.0,,2.0,1.0,,,2.0,THA,,58246340.0,2.0,0.0,1.0,1.0,2.0,,2.0,,0.672984322,1,1.0,3.0,2.0,,1.0,1,1.0,1.0,112627653,East Asia & Pacific (excluding high income),3.0,3.0,2.0,,2.0,1.0,1.0,1.0,1.0,Thailand,4.0,,False,Male,30_39,3.0
,,1.0,2.0,2021,,,1.0,2.0,1,1,1.0,1.0,,1.0,,1.0,,29.0,1.0,3.0,4.0,1.0,1.0,2.0,1.0,2.0,,1.0,1.0,,Q4,,1.0,2.0,2.0,1.0,1.0,,1.0,,THA,,58246340.0,4.0,1.0,1.0,,2.0,1.0,,,1.067496643,1,1.0,2.0,2.0,,1.0,1,1.0,1.0,145079177,East Asia & Pacific (excluding high income),2.0,2.0,2.0,,2.0,2.0,1.0,2.0,1.0,Thailand,1.0,,False,Female,23_29,3.0
,,,2.0,2021,,,0.0,2.0,1,1,1.0,2.0,,,,,,40.0,2.0,2.0,4.0,2.0,0.0,2.0,2.0,8.0,,2.0,0.0,,Q2,1.0,,2.0,,2.0,,,,,THA,,58246340.0,4.0,0.0,2.0,,,,,,5.714441691,1,1.0,,2.0,,2.0,2,2.0,2.0,127062297,East Asia & Pacific (excluding high income),,,2.0,,2.0,2.0,2.0,1.0,0.0,Thailand,4.0,,False,Female,40_49,2.0
,,2.0,2.0,2021,,,0.0,2.0,1,1,1.0,1.0,,1.0,,1.0,,20.0,1.0,2.0,4.0,2.0,1.0,2.0,1.0,2.0,,1.0,1.0,,Q5 Highest,1.0,2.0,2.0,2.0,2.0,2.0,,1.0,,THA,,58246340.0,4.0,1.0,2.0,,2.0,1.0,,,3.136517015,1,1.0,3.0,2.0,,1.0,1,1.0,1.0,203857625,East Asia & Pacific (excluding high income),1.0,1.0,2.0,,2.0,2.0,2.0,2.0,1.0,Thailand,1.0,,False,Female,18_22,2.0
2.0,,1.0,1.0,2021,,,1.0,2.0,1,1,1.0,1.0,1.0,,,,,31.0,2.0,3.0,1.0,1.0,1.0,1.0,1.0,4.0,,1.0,1.0,1.0,Q5 Highest,,1.0,2.0,2.0,1.0,,2.0,1.0,,THA,,58246340.0,4.0,1.0,1.0,,,1.0,,2.0,0.733215213,1,1.0,3.0,1.0,,1.0,1,1.0,1.0,145800606,East Asia & Pacific (excluding high income),3.0,3.0,2.0,,2.0,2.0,2.0,1.0,1.0,Thailand,1.0,,False,Female,30_39,3.0
2.0,,,2.0,2021,,,1.0,2.0,1,1,1.0,1.0,2.0,,,,,51.0,2.0,3.0,2.0,1.0,1.0,2.0,1.0,2.0,,2.0,1.0,,Q3,,1.0,1.0,3.0,2.0,,,,,THA,,58246340.0,4.0,0.0,1.0,,,1.0,,2.0,0.138056999,1,1.0,1.0,1.0,,1.0,2,1.0,1.0,134683808,East Asia & Pacific (excluding high income),1.0,3.0,1.0,1.0,2.0,2.0,1.0,1.0,1.0,Thailand,1.0,,False,Female,50_59,3.0
2.0,,,1.0,2021,,,1.0,2.0,1,1,1.0,1.0,1.0,1.0,,1.0,,53.0,1.0,2.0,1.0,1.0,1.0,1.0,1.0,4.0,,2.0,1.0,1.0,Q5 Highest,,1.0,2.0,1.0,2.0,1.0,2.0,,,THA,,58246340.0,4.0,1.0,1.0,,2.0,1.0,,2.0,0.846195817,1,1.0,2.0,1.0,,1.0,2,1.0,1.0,111545534,East Asia & Pacific (excluding high income),2.0,3.0,2.0,,2.0,2.0,2.0,1.0,1.0,Thailand,1.0,,False,Female,50_59,2.0
2.0,,2.0,2.0,2021,,,1.0,2.0,1,1,1.0,1.0,1.0,1.0,,1.0,,52.0,2.0,1.0,1.0,2.0,1.0,2.0,1.0,4.0,,1.0,1.0,,Q4,1.0,1.0,1.0,1.0,1.0,1.0,2.0,1.0,2.0,THA,,58246340.0,2.0,0.0,2.0,1.0,2.0,2.0,2.0,1.0,0.906454961,1,1.0,1.0,1.0,,1.0,1,1.0,1.0,164465468,East Asia & Pacific (excluding high income),1.0,3.0,2.0,,2.0,1.0,2.0,1.0,1.0,Thailand,1.0,,False,Female,50_59,1.0
2.0,,,2.0,2021,,,0.0,2.0,2,1,1.0,2.0,1.0,2.0,,1.0,,33.0,1.0,3.0,1.0,1.0,1.0,2.0,1.0,1.0,,2.0,1.0,,Q4,,,2.0,,2.0,2.0,2.0,1.0,,THA,,58246340.0,4.0,1.0,1.0,,2.0,,,1.0,0.838403302,1,1.0,3.0,1.0,,1.0,2,1.0,1.0,139310772,East Asia & Pacific (excluding high income),2.0,1.0,2.0,,2.0,2.0,1.0,1.0,1.0,Thailand,4.0,,False,Male,30_39,3.0
2.0,,2.0,1.0,2021,,,1.0,2.0,2,1,1.0,1.0,1.0,,,,,42.0,1.0,2.0,1.0,1.0,1.0,2.0,1.0,1.0,,2.0,1.0,,Q3,,1.0,1.0,,2.0,,2.0,2.0,,THA,,58246340.0,4.0,1.0,1.0,,,1.0,,2.0,2.359762718,1,1.0,3.0,1.0,,1.0,1,1.0,1.0,118251090,East Asia & Pacific (excluding high income),2.0,3.0,2.0,,2.0,2.0,2.0,1.0,1.0,Thailand,1.0,,False,Male,40_49,2.0
2.0,2.0,,2.0,2021,,2.0,0.0,2.0,2,1,,1.0,2.0,,,,2.0,33.0,2.0,1.0,3.0,4.0,1.0,,2.0,2.0,2.0,1.0,0.0,,Q1 Lowest,,2.0,2.0,1.0,2.0,,,,,THA,,58246340.0,4.0,0.0,,,,1.0,,2.0,1.829258135,0,2.0,3.0,1.0,1.0,,2,,2.0,115653644,East Asia & Pacific (excluding high income),2.0,,2.0,2.0,2.0,2.0,,1.0,1.0,Thailand,1.0,2.0,False,Male,30_39,1.0
,2.0,,1.0,2021,2.0,2.0,1.0,2.0,1,0,,2.0,,,,,2.0,19.0,2.0,2.0,4.0,4.0,0.0,,1.0,2.0,2.0,1.0,0.0,,Q1 Lowest,,,1.0,1.0,2.0,,,,,THA,,58246340.0,4.0,1.0,,,,,,,0.752258138,0,2.0,2.0,2.0,2.0,,2,,2.0,145025619,East Asia & Pacific (excluding high income),1.0,,2.0,,2.0,2.0,,1.0,0.0,Thailand,4.0,2.0,False,Female,18_22,2.0
2.0,,1.0,1.0,2021,,,1.0,2.0,2,1,1.0,2.0,1.0,,,,,45.0,1.0,3.0,1.0,1.0,1.0,1.0,1.0,1.0,,1.0,1.0,1.0,Q5 Highest,,,2.0,1.0,2.0,,2.0,2.0,,THA,,58246340.0,4.0,1.0,1.0,,,,,2.0,0.235072786,1,1.0,3.0,1.0,,1.0,1,1.0,1.0,139727058,East Asia & Pacific (excluding high income),3.0,2.0,2.0,,2.0,2.0,1.0,1.0,0.0,Thailand,4.0,,False,Male,40_49,3.0
1.0,,1.0,2.0,2021,,,1.0,2.0,1,1,1.0,1.0,1.0,,,,,47.0,2.0,3.0,1.0,4.0,1.0,1.0,2.0,2.0,,1.0,1.0,1.0,Q4,,1.0,1.0,2.0,1.0,,2.0,1.0,,THA,,58246340.0,4.0,0.0,,,,1.0,,1.0,0.202950498,1,2.0,2.0,1.0,,2.0,1,1.0,1.0,153121336,East Asia & Pacific (excluding high income),2.0,2.0,2.0,,2.0,2.0,,1.0,1.0,Thailand,1.0,,False,Female,40_49,3.0
2.0,,1.0,1.0,2021,,,0.0,2.0,1,1,1.0,1.0,1.0,1.0,,1.0,,29.0,1.0,2.0,1.0,1.0,1.0,2.0,1.0,1.0,,1.0,1.0,,Q2,,1.0,2.0,,2.0,1.0,2.0,1.0,,THA,,58246340.0,4.0,1.0,1.0,,2.0,1.0,,1.0,1.162450402,1,1.0,3.0,1.0,,1.0,1,1.0,1.0,148242353,East Asia & Pacific (excluding high income),3.0,1.0,2.0,,2.0,2.0,1.0,1.0,1.0,Thailand,1.0,,False,Female,23_29,2.0
2.0,,2.0,2.0,2021,,,1.0,2.0,1,1,1.0,1.0,1.0,,,,,54.0,2.0,1.0,1.0,4.0,1.0,2.0,2.0,3.0,,2.0,1.0,,Q5 Highest,,1.0,2.0,2.0,1.0,,2.0,2.0,,THA,,58246340.0,4.0,1.0,,,,1.0,,2.0,5.714441691,1,2.0,3.0,1.0,,1.0,1,1.0,2.0,138068732,East Asia & Pacific (excluding high income),1.0,,2.0,,2.0,2.0,,1.0,1.0,Thailand,1.0,,False,Female,50_59,1.0
2.0,,,2.0,2021,,,0.0,2.0,2,1,1.0,1.0,1.0,,,,,37.0,1.0,3.0,1.0,2.0,1.0,2.0,1.0,2.0,,1.0,1.0,,Q5 Highest,1.0,2.0,2.0,,2.0,,2.0,1.0,,THA,,58246340.0,4.0,1.0,2.0,,,1.0,,2.0,0.138056999,1,1.0,3.0,1.0,,2.0,2,1.0,2.0,200218523,East Asia & Pacific (excluding high income),3.0,,2.0,,2.0,2.0,2.0,1.0,1.0,Thailand,1.0,,False,Male,30_39,3.0
2.0,,1.0,1.0,2021,,,1.0,2.0,2,1,1.0,2.0,1.0,,,,,40.0,1.0,3.0,1.0,1.0,1.0,2.0,1.0,2.0,,1.0,1.0,,Q4,,,2.0,,1.0,,2.0,1.0,,THA,,58246340.0,4.0,1.0,1.0,,,,,2.0,0.422313498,1,1.0,3.0,1.0,,1.0,1,1.0,1.0,146557609,East Asia & Pacific (excluding high income),2.0,3.0,2.0,,2.0,2.0,1.0,1.0,0.0,Thailand,4.0,,False,Male,40_49,3.0
2.0,,2.0,1.0,2021,,,0.0,2.0,1,1,1.0,1.0,1.0,,,,,31.0,1.0,2.0,1.0,4.0,1.0,2.0,2.0,2.0,,2.0,1.0,,Q2,,1.0,2.0,3.0,2.0,,2.0,1.0,,THA,,58246340.0,4.0,1.0,,,,1.0,,2.0,1.407413836,1,2.0,4.0,1.0,,1.0,1,1.0,1.0,111852716,East Asia & Pacific (excluding high income),2.0,3.0,2.0,,2.0,2.0,,1.0,1.0,Thailand,1.0,,False,Female,30_39,2.0
2.0,,1.0,1.0,2021,,,1.0,2.0,1,1,1.0,2.0,2.0,1.0,,1.0,,38.0,1.0,2.0,2.0,1.0,1.0,1.0,1.0,2.0,,1.0,1.0,2.0,Q1 Lowest,,,1.0,2.0,2.0,1.0,,1.0,2.0,THA,,58246340.0,2.0,1.0,1.0,1.0,2.0,,2.0,2.0,0.227863973,1,1.0,2.0,1.0,,1.0,1,1.0,1.0,193939882,East Asia & Pacific (excluding high income),1.0,3.0,2.0,1.0,2.0,1.0,1.0,1.0,1.0,Thailand,4.0,,False,Female,30_39,2.0
2.0,,,2.0,2021,,,1.0,2.0,1,1,1.0,1.0,1.0,,,,,50.0,2.0,3.0,1.0,2.0,1.0,1.0,1.0,4.0,,1.0,1.0,1.0,Q5 Highest,1.0,1.0,1.0,1.0,2.0,,2.0,2.0,,THA,,58246340.0,4.0,0.0,2.0,,,1.0,,1.0,0.138056999,1,1.0,2.0,1.0,,1.0,2,1.0,1.0,145383971,East Asia & Pacific (excluding high income),1.0,3.0,2.0,,2.0,2.0,2.0,1.0,1.0,Thailand,1.0,,False,Female,50_59,3.0
,,1.0,1.0,2021,,,1.0,2.0,2,1,1.0,2.0,,,,,,52.0,2.0,2.0,4.0,2.0,1.0,2.0,2.0,2.0,,1.0,0.0,,Q3,1.0,1.0,1.0,,2.0,,,2.0,2.0,THA,,58246340.0,3.0,1.0,2.0,2.0,,2.0,2.0,,4.205264729,1,1.0,3.0,2.0,,1.0,1,2.0,2.0,199298646,East Asia & Pacific (excluding high income),3.0,,2.0,,1.0,1.0,2.0,2.0,0.0,Thailand,4.0,,False,Male,50_59,2.0
2.0,,2.0,2.0,2021,,,1.0,2.0,2,1,1.0,1.0,2.0,1.0,,1.0,,53.0,2.0,3.0,1.0,1.0,1.0,2.0,1.0,5.0,,1.0,1.0,,Q3,,1.0,1.0,2.0,2.0,1.0,1.0,1.0,,THA,,58246340.0,4.0,0.0,1.0,,2.0,1.0,,1.0,0.157862851,1,1.0,1.0,1.0,,1.0,1,1.0,1.0,171484655,East Asia & Pacific (excluding high income),1.0,3.0,2.0,,2.0,2.0,1.0,1.0,1.0,Thailand,1.0,,False,Male,50_59,3.0
2.0,,1.0,2.0,2021,,,1.0,2.0,2,1,1.0,2.0,1.0,1.0,,1.0,,38.0,2.0,3.0,1.0,1.0,1.0,1.0,1.0,4.0,,1.0,1.0,1.0,Q5 Highest,,,2.0,1.0,1.0,1.0,2.0,2.0,,THA,,58246340.0,4.0,0.0,1.0,,2.0,,,2.0,0.289717453,1,1.0,3.0,1.0,,1.0,1,1.0,1.0,129989941,East Asia & Pacific (excluding high income),2.0,1.0,2.0,,2.0,2.0,1.0,1.0,1.0,Thailand,4.0,,False,Male,30_39,3.0
,,1.0,2.0,2021,,,0.0,2.0,2,1,1.0,2.0,,,,,,21.0,1.0,1.0,4.0,2.0,1.0,2.0,2.0,1.0,,2.0,0.0,,Q4,1.0,,2.0,2.0,2.0,,,,2.0,THA,,58246340.0,2.0,1.0,2.0,1.0,,,2.0,,5.714441691,1,1.0,3.0,2.0,,2.0,1,2.0,2.0,152701474,East Asia & Pacific (excluding high income),1.0,,2.0,,2.0,1.0,2.0,1.0,0.0,Thailand,4.0,,False,Male,18_22,1.0
2.0,,,1.0,2021,,,1.0,2.0,1,1,1.0,2.0,1.0,,,,,49.0,1.0,3.0,1.0,4.0,1.0,1.0,1.0,1.0,,2.0,1.0,1.0,Q4,,,2.0,,2.0,,2.0,1.0,,THA,,58246340.0,4.0,1.0,,,,,,2.0,0.381592008,1,2.0,3.0,1.0,,1.0,2,1.0,1.0,130145865,East Asia & Pacific (excluding high income),3.0,3.0,2.0,,2.0,2.0,,1.0,0.0,Thailand,4.0,,False,Female,40_49,3.0
,,,1.0,2021,,,0.0,2.0,1,1,1.0,1.0,,,,,,28.0,1.0,1.0,4.0,1.0,1.0,2.0,1.0,1.0,,2.0,1.0,,Q1 Lowest,,1.0,2.0,,2.0,,,1.0,,THA,,58246340.0,4.0,1.0,1.0,,,1.0,,,3.297034512,1,1.0,3.0,2.0,,1.0,2,1.0,1.0,151840002,East Asia & Pacific (excluding high income),3.0,2.0,2.0,,2.0,2.0,1.0,1.0,1.0,Thailand,1.0,,False,Female,23_29,1.0
,,1.0,2.0,2021,,,0.0,2.0,1,1,1.0,1.0,,,,,,57.0,1.0,1.0,4.0,2.0,1.0,2.0,2.0,2.0,,2.0,1.0,,Q2,1.0,2.0,2.0,3.0,2.0,,,1.0,,THA,,58246340.0,4.0,1.0,2.0,,,1.0,,,1.447306336,1,1.0,2.0,2.0,,1.0,1,1.0,1.0,129251205,East Asia & Pacific (excluding high income),2.0,3.0,2.0,,2.0,2.0,2.0,1.0,1.0,Thailand,1.0,,False,Female,50_59,1.0
2.0,,2.0,1.0,2021,,,1.0,2.0,1,1,1.0,2.0,1.0,,,,,35.0,2.0,3.0,1.0,4.0,1.0,1.0,1.0,6.0,,2.0,1.0,1.0,Q4,,,1.0,1.0,2.0,,2.0,3.0,,THA,,58246340.0,4.0,1.0,,,,,,2.0,0.421364891,1,2.0,2.0,1.0,,1.0,1,1.0,2.0,153472949,East Asia & Pacific (excluding high income),3.0,,2.0,,2.0,2.0,,1.0,0.0,Thailand,4.0,,False,Female,30_39,3.0
2.0,,2.0,1.0,2021,,,0.0,2.0,1,1,1.0,1.0,1.0,,,,,35.0,1.0,2.0,1.0,4.0,1.0,2.0,1.0,2.0,,1.0,1.0,,Q3,,1.0,2.0,,2.0,,2.0,2.0,,THA,,58246340.0,4.0,1.0,,,,1.0,,2.0,1.571947731,1,2.0,2.0,1.0,,1.0,1,1.0,1.0,209769331,East Asia & Pacific (excluding high income),1.0,1.0,2.0,,2.0,2.0,,1.0,1.0,Thailand,1.0,,False,Female,30_39,2.0
,,1.0,2.0,2021,,,1.0,2.0,2,1,1.0,1.0,,,,,,50.0,2.0,1.0,4.0,1.0,1.0,1.0,1.0,2.0,,1.0,1.0,1.0,Q3,,1.0,2.0,,2.0,,,1.0,,THA,,58246340.0,4.0,0.0,1.0,,,1.0,,,0.658204269,1,1.0,3.0,2.0,,1.0,1,1.0,1.0,203639066,East Asia & Pacific (excluding high income),3.0,3.0,2.0,,2.0,2.0,1.0,1.0,1.0,Thailand,1.0,,False,Male,50_59,1.0
,,2.0,1.0,2021,,,1.0,2.0,2,1,1.0,1.0,,2.0,,2.0,,67.0,2.0,3.0,4.0,1.0,1.0,2.0,1.0,2.0,,1.0,1.0,,Q5 Highest,,1.0,1.0,,1.0,2.0,,2.0,2.0,THA,,58246340.0,2.0,1.0,2.0,1.0,2.0,2.0,2.0,,0.205961814,1,1.0,3.0,2.0,,1.0,1,1.0,1.0,184113517,East Asia & Pacific (excluding high income),3.0,1.0,2.0,,1.0,1.0,1.0,1.0,1.0,Thailand,1.0,,False,Male,60_69,3.0
,2.0,,2.0,2021,,1.0,0.0,2.0,1,1,,1.0,,,2.0,,1.0,60.0,2.0,1.0,4.0,2.0,1.0,,2.0,9.0,1.0,1.0,0.0,,Q2,1.0,2.0,2.0,3.0,2.0,,,,,THA,,58246340.0,4.0,1.0,2.0,,,2.0,,,5.714441691,1,1.0,,2.0,1.0,,2,,2.0,128776675,East Asia & Pacific (excluding high income),,,2.0,,2.0,2.0,2.0,2.0,0.0,Thailand,1.0,1.0,False,Female,60_69,1.0
2.0,,1.0,1.0,2021,,,1.0,2.0,2,1,1.0,1.0,1.0,1.0,,1.0,,55.0,1.0,3.0,1.0,1.0,1.0,1.0,2.0,2.0,,2.0,1.0,1.0,Q5 Highest,,1.0,2.0,,2.0,1.0,2.0,2.0,1.0,THA,,58246340.0,1.0,1.0,1.0,,2.0,2.0,2.0,2.0,0.192318439,1,1.0,3.0,1.0,,1.0,1,2.0,1.0,208746352,East Asia & Pacific (excluding high income),3.0,1.0,2.0,,2.0,1.0,1.0,1.0,1.0,Thailand,1.0,,False,Male,50_59,3.0
2.0,,,2.0,2021,,,1.0,2.0,2,1,1.0,1.0,1.0,,,,,33.0,1.0,2.0,1.0,2.0,1.0,2.0,2.0,2.0,,2.0,1.0,,Q4,1.0,1.0,1.0,,2.0,,2.0,1.0,,THA,,58246340.0,4.0,1.0,2.0,,,1.0,,2.0,1.393369416,1,1.0,2.0,1.0,,1.0,2,1.0,2.0,208445763,East Asia & Pacific (excluding high income),1.0,,2.0,,2.0,2.0,2.0,1.0,1.0,Thailand,1.0,,False,Male,30_39,2.0
2.0,,1.0,2.0,2021,,,0.0,2.0,1,1,1.0,1.0,1.0,,,,,36.0,2.0,2.0,1.0,2.0,1.0,2.0,1.0,2.0,,2.0,0.0,,Q2,1.0,1.0,2.0,1.0,2.0,,2.0,1.0,,THA,,58246340.0,4.0,0.0,2.0,,,2.0,,2.0,0.661484702,1,1.0,2.0,1.0,,2.0,1,1.0,2.0,142440492,East Asia & Pacific (excluding high income),2.0,,2.0,,2.0,2.0,2.0,1.0,0.0,Thailand,1.0,,False,Female,30_39,2.0
,2.0,,1.0,2021,1.0,2.0,0.0,2.0,1,0,,2.0,,,,,2.0,19.0,2.0,3.0,4.0,4.0,0.0,,2.0,2.0,2.0,1.0,0.0,,Q5 Highest,,,2.0,2.0,2.0,,,,,THA,,58246340.0,4.0,1.0,,,,,,,0.64118658,0,2.0,2.0,2.0,2.0,,2,,2.0,182403371,East Asia & Pacific (excluding high income),1.0,,2.0,,2.0,2.0,,1.0,0.0,Thailand,4.0,2.0,False,Female,18_22,3.0
2.0,,1.0,1.0,2021,,,1.0,2.0,2,1,1.0,1.0,1.0,1.0,,1.0,,48.0,1.0,3.0,1.0,1.0,1.0,1.0,1.0,1.0,,1.0,1.0,1.0,Q5 Highest,,1.0,2.0,,2.0,1.0,2.0,1.0,,THA,,58246340.0,4.0,1.0,1.0,,2.0,1.0,,2.0,0.404584751,1,1.0,3.0,1.0,,1.0,1,1.0,1.0,193322526,East Asia & Pacific (excluding high income),3.0,2.0,2.0,,2.0,2.0,1.0,1.0,1.0,Thailand,1.0,,False,Male,40_49,3.0
2.0,,,2.0,2021,,,1.0,2.0,1,1,1.0,1.0,2.0,,,,,36.0,2.0,1.0,2.0,2.0,1.0,2.0,2.0,2.0,,2.0,1.0,,Q2,1.0,1.0,1.0,3.0,2.0,,,1.0,,THA,,58246340.0,4.0,0.0,2.0,,,2.0,,2.0,3.423450259,1,1.0,1.0,1.0,,2.0,2,2.0,2.0,129261208,East Asia & Pacific (excluding high income),1.0,,2.0,1.0,2.0,2.0,2.0,2.0,0.0,Thailand,1.0,,False,Female,30_39,1.0
2.0,,1.0,2.0,2021,,,1.0,1.0,1,1,1.0,1.0,1.0,1.0,2.0,1.0,,25.0,1.0,1.0,1.0,1.0,1.0,2.0,1.0,4.0,,2.0,1.0,,Q1 Lowest,,2.0,1.0,4.0,1.0,2.0,2.0,1.0,,THA,2.0,58246340.0,4.0,1.0,1.0,,2.0,2.0,,1.0,1.462263333,1,1.0,2.0,1.0,,1.0,1,1.0,1.0,206848739,East Asia & Pacific (excluding high income),1.0,1.0,2.0,,2.0,2.0,1.0,1.0,1.0,Thailand,1.0,,False,Female,23_29,1.0
2.0,,2.0,1.0,2021,,,1.0,2.0,1,1,1.0,2.0,1.0,2.0,,1.0,,25.0,1.0,3.0,1.0,4.0,1.0,1.0,1.0,2.0,,2.0,1.0,1.0,Q5 Highest,,,2.0,,2.0,2.0,2.0,1.0,,THA,,58246340.0,4.0,1.0,,,2.0,,,2.0,0.337552293,1,2.0,3.0,1.0,,1.0,1,1.0,1.0,151492090,East Asia & Pacific (excluding high income),3.0,1.0,2.0,,2.0,2.0,,1.0,1.0,Thailand,4.0,,False,Female,23_29,3.0
2.0,,1.0,2.0,2021,,,1.0,2.0,1,1,1.0,1.0,1.0,2.0,,1.0,,45.0,2.0,3.0,1.0,1.0,1.0,2.0,1.0,2.0,,1.0,1.0,,Q4,,2.0,1.0,2.0,2.0,2.0,2.0,2.0,,THA,,58246340.0,4.0,0.0,1.0,,2.0,1.0,,2.0,0.202950498,1,1.0,2.0,1.0,,1.0,1,1.0,1.0,153841008,East Asia & Pacific (excluding high income),2.0,1.0,2.0,,2.0,2.0,2.0,1.0,1.0,Thailand,1.0,,False,Female,40_49,3.0
2.0,,,1.0,2021,,,1.0,2.0,2,1,1.0,1.0,2.0,,,,,25.0,1.0,2.0,1.0,1.0,1.0,2.0,2.0,4.0,,2.0,0.0,,Q1 Lowest,,1.0,1.0,3.0,2.0,,2.0,,,THA,,58246340.0,4.0,1.0,1.0,,,1.0,,1.0,0.138056999,1,1.0,1.0,1.0,,1.0,2,1.0,2.0,148138832,East Asia & Pacific (excluding high income),1.0,,2.0,,1.0,2.0,1.0,1.0,1.0,Thailand,1.0,,False,Male,23_29,2.0
2.0,2.0,,2.0,2021,1.0,2.0,0.0,2.0,1,0,,2.0,2.0,,,,1.0,53.0,2.0,1.0,2.0,2.0,0.0,,2.0,8.0,2.0,2.0,0.0,,Q3,1.0,,2.0,,2.0,,,,,THA,,58246340.0,4.0,0.0,2.0,,,,,2.0,5.714441691,0,1.0,,1.0,1.0,,2,,2.0,120984440,East Asia & Pacific (excluding high income),,,2.0,1.0,2.0,2.0,2.0,1.0,0.0,Thailand,4.0,2.0,False,Female,50_59,1.0
2.0,,1.0,1.0,2021,,,1.0,1.0,1,1,1.0,2.0,1.0,1.0,,1.0,,34.0,1.0,3.0,1.0,1.0,1.0,1.0,1.0,2.0,,2.0,1.0,1.0,Q5 Highest,,,2.0,,2.0,1.0,2.0,1.0,,THA,2.0,58246340.0,4.0,1.0,1.0,,2.0,,,2.0,0.337552293,1,1.0,3.0,1.0,,1.0,1,1.0,1.0,192480754,East Asia & Pacific (excluding high income),3.0,3.0,2.0,,2.0,2.0,2.0,1.0,1.0,Thailand,4.0,,False,Female,30_39,3.0
2.0,,2.0,2.0,2021,,,1.0,2.0,2,1,2.0,1.0,2.0,1.0,2.0,2.0,,19.0,2.0,2.0,1.0,1.0,1.0,2.0,2.0,2.0,,2.0,1.0,,Q2,,2.0,1.0,4.0,2.0,1.0,2.0,1.0,,THA,,58246340.0,4.0,1.0,1.0,,2.0,2.0,,1.0,0.181972094,1,1.0,1.0,1.0,,1.0,1,1.0,1.0,140773914,East Asia & Pacific (excluding high income),1.0,2.0,2.0,,2.0,2.0,2.0,1.0,1.0,Thailand,1.0,,False,Male,18_22,2.0
2.0,,2.0,2.0,2021,,,0.0,2.0,2,1,1.0,2.0,2.0,,,,,30.0,2.0,2.0,1.0,1.0,1.0,2.0,1.0,5.0,,2.0,0.0,,Q4,,,2.0,1.0,2.0,,1.0,1.0,,THA,,58246340.0,4.0,0.0,1.0,,,,,1.0,0.171184592,1,1.0,1.0,1.0,,1.0,1,1.0,2.0,125885746,East Asia & Pacific (excluding high income),1.0,,2.0,,2.0,2.0,2.0,1.0,1.0,Thailand,4.0,,False,Male,30_39,2.0
2.0,,1.0,1.0,2021,,,1.0,2.0,2,1,1.0,1.0,1.0,1.0,,1.0,,37.0,1.0,3.0,1.0,2.0,1.0,2.0,1.0,2.0,,1.0,1.0,,Q4,1.0,1.0,2.0,6.0,1.0,1.0,2.0,1.0,2.0,THA,,58246340.0,1.0,1.0,2.0,,2.0,2.0,1.0,1.0,0.524778833,1,1.0,2.0,1.0,,1.0,1,1.0,1.0,157132457,East Asia & Pacific (excluding high income),2.0,3.0,2.0,,2.0,1.0,2.0,1.0,1.0,Thailand,1.0,,False,Male,30_39,3.0
,,,1.0,2021,,,1.0,1.0,2,1,1.0,2.0,,,,,,46.0,1.0,3.0,4.0,1.0,1.0,1.0,1.0,1.0,,1.0,1.0,1.0,Q4,,,2.0,,2.0,,,1.0,,THA,2.0,58246340.0,4.0,1.0,1.0,,,,,,0.157862851,1,1.0,3.0,2.0,,1.0,2,1.0,1.0,145103369,East Asia & Pacific (excluding high income),3.0,1.0,2.0,,2.0,2.0,2.0,1.0,0.0,Thailand,4.0,,False,Male,40_49,3.0
1.0,,1.0,1.0,2021,,,1.0,1.0,1,1,1.0,1.0,1.0,,,,,36.0,1.0,3.0,1.0,4.0,1.0,1.0,1.0,1.0,,1.0,1.0,1.0,Q5 Highest,,1.0,2.0,,2.0,,2.0,2.0,,THA,2.0,58246340.0,4.0,1.0,,,,1.0,,2.0,0.398313221,1,2.0,3.0,1.0,,1.0,1,1.0,1.0,180230959,East Asia & Pacific (excluding high income),3.0,3.0,2.0,,2.0,2.0,,1.0,1.0,Thailand,1.0,,False,Female,30_39,3.0
2.0,,2.0,1.0,2021,,,1.0,1.0,2,1,1.0,2.0,1.0,1.0,,1.0,,53.0,1.0,3.0,1.0,4.0,1.0,1.0,1.0,4.0,,1.0,1.0,1.0,Q5 Highest,,,2.0,1.0,1.0,1.0,1.0,2.0,,THA,2.0,58246340.0,4.0,1.0,,,1.0,,,2.0,0.14740566,1,2.0,3.0,1.0,,1.0,1,1.0,1.0,127652204,East Asia & Pacific (excluding high income),3.0,3.0,2.0,,2.0,2.0,,1.0,1.0,Thailand,4.0,,False,Male,50_59,3.0
,,1.0,1.0,2021,,,1.0,2.0,1,1,1.0,1.0,,1.0,,1.0,,44.0,1.0,3.0,4.0,1.0,1.0,2.0,1.0,1.0,,2.0,1.0,,Q4,,1.0,2.0,1.0,1.0,1.0,,2.0,,THA,,58246340.0,4.0,1.0,2.0,,1.0,2.0,,,0.32569368,1,1.0,3.0,2.0,,1.0,1,1.0,2.0,186192953,East Asia & Pacific (excluding high income),3.0,,2.0,,2.0,2.0,1.0,1.0,1.0,Thailand,1.0,,False,Female,40_49,3.0
,,,2.0,2021,,,0.0,2.0,1,1,1.0,1.0,,,1.0,,,19.0,1.0,2.0,4.0,4.0,0.0,2.0,2.0,2.0,,2.0,0.0,,Q2,,2.0,2.0,,2.0,,,2.0,,THA,,58246340.0,4.0,1.0,,,,2.0,,,1.834023407,1,2.0,3.0,2.0,,2.0,2,2.0,2.0,199874824,East Asia & Pacific (excluding high income),2.0,,2.0,,2.0,2.0,,1.0,0.0,Thailand,2.0,,False,Female,18_22,2.0
2.0,,,2.0,2021,,,1.0,2.0,2,1,1.0,1.0,1.0,,,,,25.0,1.0,2.0,1.0,4.0,1.0,2.0,2.0,3.0,,2.0,0.0,,Q3,,2.0,1.0,3.0,2.0,,2.0,1.0,,THA,,58246340.0,4.0,1.0,,,,1.0,,1.0,0.386514799,1,2.0,3.0,1.0,,1.0,2,1.0,2.0,181538968,East Asia & Pacific (excluding high income),2.0,,2.0,,2.0,2.0,,1.0,1.0,Thailand,1.0,,False,Male,23_29,2.0
,,2.0,1.0,2021,,,1.0,2.0,1,1,1.0,1.0,,1.0,,1.0,,23.0,1.0,3.0,4.0,1.0,1.0,2.0,1.0,2.0,,1.0,1.0,,Q1 Lowest,,2.0,1.0,2.0,2.0,1.0,,1.0,,THA,,58246340.0,4.0,1.0,1.0,,2.0,1.0,,,0.171630533,1,1.0,3.0,2.0,,1.0,1,1.0,1.0,147542205,East Asia & Pacific (excluding high income),2.0,1.0,2.0,,2.0,2.0,1.0,1.0,1.0,Thailand,1.0,,False,Female,23_29,3.0
1.0,,1.0,2.0,2021,,,1.0,2.0,2,1,1.0,1.0,1.0,1.0,,1.0,,47.0,1.0,3.0,1.0,1.0,1.0,1.0,1.0,2.0,,2.0,1.0,1.0,Q3,,1.0,2.0,1.0,2.0,2.0,2.0,1.0,,THA,,58246340.0,4.0,1.0,1.0,,2.0,1.0,,1.0,0.589752531,1,1.0,3.0,1.0,,1.0,1,1.0,1.0,184506152,East Asia & Pacific (excluding high income),3.0,1.0,2.0,,1.0,2.0,1.0,1.0,1.0,Thailand,1.0,,False,Male,40_49,3.0
,2.0,,2.0,2021,,1.0,0.0,2.0,1,1,,1.0,,,,,1.0,70.0,2.0,3.0,4.0,2.0,1.0,,2.0,2.0,1.0,2.0,0.0,,Q3,1.0,1.0,2.0,,2.0,,,,,THA,,58246340.0,4.0,0.0,2.0,,,2.0,,,1.472720852,1,1.0,3.0,2.0,1.0,,2,,2.0,119262521,East Asia & Pacific (excluding high income),3.0,,2.0,,2.0,2.0,2.0,2.0,0.0,Thailand,1.0,1.0,False,Female,70_plus,3.0
,,2.0,2.0,2021,,,1.0,1.0,1,1,1.0,1.0,,,,,,59.0,2.0,1.0,4.0,2.0,1.0,2.0,2.0,4.0,,2.0,0.0,,Q2,1.0,1.0,2.0,2.0,1.0,,,2.0,,THA,1.0,58246340.0,4.0,1.0,2.0,,,2.0,,,0.273621738,1,1.0,2.0,2.0,,1.0,1,2.0,2.0,134349829,East Asia & Pacific (excluding high income),2.0,,2.0,,2.0,2.0,2.0,1.0,0.0,Thailand,1.0,,False,Female,50_59,1.0
2.0,,2.0,1.0,2021,,,0.0,2.0,2,1,1.0,1.0,1.0,,2.0,,,32.0,2.0,2.0,1.0,1.0,1.0,2.0,1.0,2.0,,1.0,1.0,,Q4,,2.0,2.0,2.0,2.0,,2.0,1.0,,THA,,58246340.0,4.0,1.0,1.0,,,2.0,,2.0,0.438726878,1,1.0,3.0,1.0,,1.0,1,1.0,1.0,173150323,East Asia & Pacific (excluding high income),2.0,1.0,2.0,,2.0,2.0,2.0,1.0,0.0,Thailand,1.0,,False,Male,30_39,2.0
2.0,,1.0,2.0,2021,,,1.0,2.0,1,1,1.0,1.0,1.0,2.0,,1.0,,46.0,2.0,3.0,1.0,1.0,1.0,1.0,1.0,2.0,,2.0,1.0,1.0,Q5 Highest,,1.0,2.0,2.0,2.0,2.0,2.0,2.0,,THA,,58246340.0,4.0,0.0,1.0,,2.0,1.0,,2.0,0.138056999,1,1.0,1.0,1.0,,1.0,1,1.0,1.0,142252671,East Asia & Pacific (excluding high income),1.0,1.0,2.0,,2.0,2.0,1.0,1.0,1.0,Thailand,1.0,,False,Female,40_49,3.0
2.0,,1.0,1.0,2021,,,1.0,1.0,2,1,1.0,1.0,1.0,1.0,,1.0,,35.0,1.0,3.0,1.0,1.0,1.0,1.0,1.0,1.0,,1.0,1.0,1.0,Q3,,1.0,2.0,1.0,2.0,1.0,2.0,1.0,,THA,2.0,58246340.0,4.0,1.0,1.0,,1.0,2.0,,2.0,0.287278596,1,1.0,3.0,1.0,,1.0,1,1.0,1.0,208033338,East Asia & Pacific (excluding high income),3.0,1.0,1.0,,2.0,2.0,2.0,1.0,1.0,Thailand,1.0,,False,Male,30_39,3.0
2.0,,3.0,1.0,2021,,,1.0,2.0,2,1,1.0,1.0,1.0,1.0,,3.0,,37.0,1.0,3.0,1.0,1.0,1.0,1.0,1.0,2.0,,1.0,1.0,1.0,Q4,,1.0,2.0,,1.0,1.0,2.0,1.0,,THA,,58246340.0,4.0,1.0,1.0,,2.0,1.0,,3.0,0.678697635,1,1.0,3.0,1.0,,1.0,1,1.0,1.0,200034630,East Asia & Pacific (excluding high income),6.0,3.0,2.0,,2.0,2.0,1.0,1.0,1.0,Thailand,1.0,,False,Male,30_39,3.0
,,1.0,2.0,2021,,,0.0,2.0,1,1,2.0,1.0,,,,,,60.0,2.0,1.0,4.0,4.0,1.0,2.0,2.0,3.0,,2.0,1.0,,Q1 Lowest,,1.0,2.0,,2.0,,,2.0,2.0,THA,,58246340.0,1.0,0.0,,,,2.0,1.0,,5.714441691,1,2.0,1.0,2.0,,2.0,1,2.0,2.0,204207994,East Asia & Pacific (excluding high income),1.0,,2.0,,2.0,1.0,,1.0,0.0,Thailand,1.0,,False,Female,60_69,1.0
,,1.0,2.0,2021,,,1.0,2.0,1,1,1.0,1.0,,,,,,50.0,1.0,3.0,4.0,1.0,1.0,1.0,1.0,5.0,,2.0,1.0,1.0,Q4,,1.0,2.0,3.0,2.0,,,1.0,,THA,,58246340.0,4.0,1.0,1.0,,,1.0,,,0.239457964,1,1.0,1.0,2.0,,1.0,1,1.0,1.0,188034371,East Asia & Pacific (excluding high income),1.0,2.0,2.0,,2.0,2.0,1.0,1.0,1.0,Thailand,1.0,,False,Female,50_59,3.0
,,1.0,1.0,2021,,,0.0,2.0,1,1,1.0,1.0,,,2.0,,,50.0,1.0,3.0,4.0,1.0,1.0,2.0,2.0,1.0,,2.0,1.0,,Q4,,2.0,2.0,,2.0,,,3.0,,THA,,58246340.0,4.0,1.0,2.0,,,2.0,,,0.519390247,1,1.0,3.0,2.0,,1.0,1,1.0,2.0,195173084,East Asia & Pacific (excluding high income),3.0,,2.0,,2.0,2.0,1.0,1.0,0.0,Thailand,3.0,,False,Female,50_59,3.0
,,2.0,2.0,2021,,,1.0,2.0,2,1,1.0,1.0,,,,,,25.0,2.0,2.0,4.0,2.0,1.0,2.0,1.0,2.0,,1.0,1.0,,Q3,1.0,2.0,1.0,1.0,1.0,,,,2.0,THA,,58246340.0,2.0,1.0,2.0,1.0,,1.0,2.0,,0.203900133,1,1.0,1.0,2.0,,1.0,1,1.0,2.0,170789180,East Asia & Pacific (excluding high income),1.0,,2.0,,2.0,1.0,2.0,1.0,1.0,Thailand,1.0,,False,Male,23_29,2.0
,,2.0,2.0,2021,,,1.0,1.0,1,1,1.0,1.0,,,,,,30.0,2.0,2.0,4.0,1.0,1.0,1.0,2.0,6.0,,1.0,1.0,1.0,Q1 Lowest,,1.0,1.0,3.0,1.0,,,2.0,,THA,2.0,58246340.0,4.0,1.0,1.0,,,1.0,,,0.138056999,1,1.0,1.0,2.0,,1.0,1,1.0,1.0,193890254,East Asia & Pacific (excluding high income),1.0,2.0,1.0,,2.0,2.0,2.0,1.0,1.0,Thailand,1.0,,False,Female,30_39,2.0
2.0,,1.0,1.0,2021,,,1.0,2.0,1,1,1.0,2.0,1.0,1.0,,1.0,,32.0,1.0,3.0,1.0,2.0,1.0,1.0,1.0,2.0,,1.0,1.0,1.0,Q5 Highest,1.0,,2.0,,2.0,1.0,2.0,1.0,,THA,,58246340.0,4.0,1.0,2.0,,2.0,,,1.0,0.60317635,1,1.0,3.0,1.0,,1.0,1,1.0,1.0,118922173,East Asia & Pacific (excluding high income),3.0,1.0,2.0,,2.0,2.0,2.0,1.0,1.0,Thailand,4.0,,False,Female,30_39,3.0
2.0,,1.0,1.0,2021,,,1.0,2.0,2,1,1.0,2.0,1.0,,,,,38.0,1.0,2.0,1.0,1.0,1.0,1.0,1.0,2.0,,1.0,1.0,1.0,Q4,,,1.0,2.0,1.0,,2.0,1.0,,THA,,58246340.0,4.0,1.0,2.0,,,,,1.0,0.461683808,1,1.0,3.0,1.0,,1.0,1,1.0,1.0,120893952,East Asia & Pacific (excluding high income),2.0,1.0,2.0,,2.0,2.0,1.0,1.0,1.0,Thailand,4.0,,False,Male,30_39,2.0
,,2.0,1.0,2021,,,0.0,2.0,2,1,1.0,1.0,,,,,,58.0,1.0,2.0,4.0,1.0,1.0,2.0,1.0,4.0,,1.0,1.0,,Q5 Highest,,1.0,2.0,2.0,2.0,,,1.0,,THA,,58246340.0,4.0,1.0,1.0,,,1.0,,,0.138056999,1,1.0,3.0,2.0,,1.0,1,1.0,1.0,190837325,East Asia & Pacific (excluding high income),3.0,2.0,2.0,,2.0,2.0,2.0,1.0,1.0,Thailand,1.0,,False,Male,50_59,2.0
,,2.0,2.0,2021,,,0.0,2.0,2,1,1.0,1.0,,,,,,48.0,2.0,2.0,4.0,4.0,1.0,2.0,2.0,2.0,,2.0,1.0,,Q4,,1.0,2.0,1.0,2.0,,,2.0,,THA,,58246340.0,4.0,0.0,,,,1.0,,,0.147007556,1,2.0,3.0,2.0,,1.0,1,1.0,2.0,154362285,East Asia & Pacific (excluding high income),3.0,,2.0,,2.0,2.0,,1.0,1.0,Thailand,1.0,,False,Male,40_49,2.0
2.0,,2.0,1.0,2021,,,1.0,2.0,2,1,1.0,1.0,1.0,1.0,,2.0,,30.0,2.0,3.0,1.0,1.0,1.0,1.0,1.0,1.0,,2.0,1.0,1.0,Q5 Highest,,1.0,2.0,1.0,2.0,1.0,2.0,1.0,,THA,,58246340.0,4.0,1.0,1.0,,2.0,1.0,,1.0,0.521688912,1,1.0,3.0,1.0,,1.0,1,1.0,1.0,130522522,East Asia & Pacific (excluding high income),2.0,1.0,2.0,,2.0,2.0,1.0,1.0,1.0,Thailand,1.0,,False,Male,30_39,3.0
1.0,,1.0,1.0,2021,,,1.0,2.0,2,1,1.0,2.0,1.0,,,,,38.0,2.0,3.0,1.0,2.0,1.0,1.0,1.0,2.0,,1.0,1.0,1.0,Q5 Highest,1.0,,1.0,1.0,2.0,,2.0,1.0,,THA,,58246340.0,4.0,1.0,2.0,,,,,2.0,0.190707121,1,1.0,1.0,1.0,,1.0,1,1.0,1.0,142791045,East Asia & Pacific (excluding high income),2.0,2.0,2.0,,2.0,2.0,2.0,1.0,0.0,Thailand,4.0,,False,Male,30_39,3.0
2.0,,2.0,2.0,2021,,,1.0,2.0,1,1,1.0,1.0,1.0,,,,,56.0,1.0,2.0,1.0,4.0,1.0,1.0,1.0,2.0,,1.0,1.0,1.0,Q4,,2.0,1.0,1.0,2.0,,2.0,2.0,,THA,,58246340.0,4.0,1.0,,,,1.0,,2.0,0.293032898,1,2.0,3.0,1.0,,1.0,1,1.0,1.0,147236194,East Asia & Pacific (excluding high income),3.0,1.0,2.0,,2.0,2.0,,1.0,1.0,Thailand,1.0,,False,Female,50_59,2.0
2.0,,,2.0,2021,,,0.0,2.0,2,1,1.0,1.0,1.0,1.0,,1.0,,20.0,1.0,2.0,1.0,1.0,1.0,2.0,1.0,3.0,,1.0,1.0,,Q4,,2.0,2.0,,2.0,1.0,2.0,1.0,,THA,,58246340.0,4.0,1.0,1.0,,2.0,1.0,,1.0,0.930097515,1,1.0,3.0,1.0,,1.0,2,1.0,1.0,198169827,East Asia & Pacific (excluding high income),1.0,3.0,2.0,,2.0,2.0,1.0,1.0,1.0,Thailand,1.0,,False,Male,18_22,2.0
2.0,,,1.0,2021,,,1.0,2.0,1,1,1.0,1.0,1.0,,,,,29.0,1.0,1.0,1.0,2.0,1.0,1.0,2.0,2.0,,2.0,1.0,1.0,Q3,1.0,1.0,2.0,3.0,1.0,,2.0,1.0,,THA,,58246340.0,4.0,1.0,2.0,,,1.0,,2.0,3.297034512,1,1.0,1.0,1.0,,1.0,2,1.0,1.0,119147073,East Asia & Pacific (excluding high income),1.0,3.0,2.0,,2.0,2.0,2.0,1.0,1.0,Thailand,1.0,,False,Female,23_29,1.0
2.0,,2.0,2.0,2021,,,1.0,2.0,1,1,1.0,1.0,1.0,1.0,,1.0,,32.0,2.0,3.0,1.0,1.0,1.0,1.0,1.0,2.0,,1.0,1.0,1.0,Q2,,1.0,2.0,1.0,2.0,1.0,2.0,2.0,,THA,,58246340.0,4.0,0.0,1.0,,1.0,3.0,,1.0,0.308541205,1,1.0,2.0,1.0,,1.0,1,1.0,1.0,186438704,East Asia & Pacific (excluding high income),1.0,3.0,2.0,,2.0,2.0,2.0,1.0,1.0,Thailand,1.0,,False,Female,30_39,3.0
2.0,,1.0,1.0,2021,,,1.0,2.0,2,1,1.0,1.0,1.0,1.0,,1.0,,43.0,2.0,3.0,1.0,1.0,1.0,1.0,1.0,6.0,,1.0,1.0,1.0,Q5 Highest,,1.0,1.0,,1.0,1.0,2.0,1.0,,THA,,58246340.0,4.0,1.0,1.0,,2.0,2.0,,2.0,0.138056999,1,1.0,3.0,1.0,,1.0,1,1.0,1.0,122256040,East Asia & Pacific (excluding high income),3.0,1.0,2.0,,1.0,2.0,2.0,1.0,1.0,Thailand,1.0,,False,Male,40_49,3.0
2.0,,1.0,1.0,2021,,,1.0,2.0,2,1,1.0,1.0,2.0,,,,,27.0,1.0,2.0,2.0,2.0,1.0,1.0,1.0,1.0,,1.0,1.0,1.0,Q5 Highest,1.0,1.0,2.0,3.0,2.0,,,1.0,,THA,,58246340.0,4.0,1.0,2.0,,,1.0,,2.0,0.334183898,1,1.0,1.0,1.0,,1.0,1,1.0,1.0,168018986,East Asia & Pacific (excluding high income),1.0,2.0,2.0,1.0,2.0,2.0,2.0,1.0,1.0,Thailand,1.0,,False,Male,23_29,2.0
,,1.0,2.0,2021,,,1.0,2.0,1,1,1.0,1.0,,2.0,,1.0,,20.0,1.0,3.0,4.0,4.0,1.0,2.0,1.0,2.0,,1.0,1.0,,Q3,,1.0,1.0,4.0,2.0,2.0,,1.0,,THA,,58246340.0,4.0,1.0,,,2.0,1.0,,,0.351986558,1,2.0,3.0,2.0,,1.0,1,1.0,1.0,180738983,East Asia & Pacific (excluding high income),2.0,1.0,2.0,,2.0,2.0,,2.0,1.0,Thailand,1.0,,False,Female,18_22,3.0
2.0,,1.0,1.0,2021,,,1.0,2.0,2,1,1.0,1.0,1.0,1.0,,1.0,,38.0,1.0,3.0,1.0,1.0,1.0,1.0,1.0,5.0,,2.0,1.0,1.0,Q5 Highest,,1.0,2.0,,2.0,2.0,2.0,1.0,,THA,,58246340.0,4.0,1.0,1.0,,2.0,1.0,,1.0,0.180142039,1,1.0,3.0,1.0,,1.0,1,1.0,1.0,155940035,East Asia & Pacific (excluding high income),2.0,3.0,2.0,,2.0,2.0,2.0,1.0,1.0,Thailand,1.0,,False,Male,30_39,3.0
2.0,,1.0,1.0,2021,,,1.0,1.0,2,1,1.0,2.0,1.0,,,,,53.0,1.0,1.0,1.0,4.0,1.0,2.0,2.0,2.0,,1.0,0.0,,Q5 Highest,,,1.0,,2.0,,2.0,2.0,,THA,2.0,58246340.0,4.0,1.0,,,,,,2.0,1.575159297,1,2.0,2.0,1.0,,2.0,1,2.0,2.0,177585068,East Asia & Pacific (excluding high income),1.0,,2.0,,2.0,2.0,,1.0,0.0,Thailand,4.0,,False,Male,50_59,1.0
2.0,,1.0,1.0,2021,,,1.0,2.0,1,1,1.0,1.0,2.0,,,,,40.0,1.0,3.0,2.0,2.0,1.0,2.0,2.0,2.0,,1.0,1.0,,Q3,1.0,1.0,1.0,2.0,1.0,,,3.0,,THA,,58246340.0,4.0,1.0,2.0,,,2.0,,2.0,0.421364891,1,1.0,2.0,1.0,,2.0,1,2.0,1.0,171667257,East Asia & Pacific (excluding high income),5.0,5.0,1.0,1.0,2.0,2.0,2.0,1.0,0.0,Thailand,1.0,,False,Female,40_49,3.0
,,,2.0,2021,,,0.0,2.0,1,1,1.0,2.0,,,,,,73.0,2.0,1.0,4.0,4.0,1.0,2.0,2.0,2.0,,2.0,0.0,,Q2,,1.0,2.0,,2.0,,,,,THA,,58246340.0,4.0,0.0,,,,2.0,,,5.693638854,1,2.0,2.0,2.0,,2.0,2,2.0,2.0,189495129,East Asia & Pacific (excluding high income),1.0,,2.0,,1.0,2.0,,2.0,0.0,Thailand,4.0,,False,Female,70_plus,1.0
,,2.0,1.0,2021,,,1.0,2.0,1,1,1.0,1.0,,,,,,44.0,1.0,3.0,4.0,4.0,1.0,1.0,2.0,2.0,,2.0,1.0,1.0,Q5 Highest,,1.0,2.0,,2.0,,,1.0,,THA,,58246340.0,4.0,1.0,,,,1.0,,,0.435446098,1,2.0,3.0,2.0,,1.0,1,1.0,2.0,118557805,East Asia & Pacific (excluding high income),3.0,,2.0,,2.0,2.0,,1.0,1.0,Thailand,1.0,,False,Female,40_49,3.0
2.0,,2.0,1.0,2021,,,0.0,2.0,1,1,1.0,1.0,1.0,,,,,47.0,1.0,3.0,1.0,2.0,1.0,1.0,1.0,2.0,,1.0,1.0,2.0,Q4,1.0,1.0,2.0,2.0,2.0,,2.0,2.0,,THA,,58246340.0,4.0,1.0,2.0,,,1.0,,2.0,0.182520916,1,1.0,4.0,1.0,,4.0,1,1.0,1.0,160661608,East Asia & Pacific (excluding high income),3.0,4.0,2.0,,2.0,2.0,2.0,1.0,1.0,Thailand,1.0,,False,Female,40_49,3.0
1.0,,,1.0,2021,,,1.0,1.0,2,1,1.0,1.0,1.0,1.0,,1.0,,44.0,1.0,3.0,1.0,1.0,1.0,1.0,1.0,3.0,,1.0,1.0,1.0,Q5 Highest,,1.0,1.0,,1.0,1.0,2.0,1.0,,THA,2.0,58246340.0,4.0,1.0,1.0,,1.0,1.0,,1.0,0.392985447,1,1.0,3.0,1.0,,1.0,2,1.0,1.0,156901309,East Asia & Pacific (excluding high income),3.0,1.0,2.0,,2.0,2.0,1.0,2.0,1.0,Thailand,1.0,,False,Male,40_49,3.0
2.0,,1.0,1.0,2021,,,0.0,2.0,1,1,1.0,1.0,1.0,,,,,35.0,1.0,3.0,1.0,2.0,1.0,2.0,2.0,5.0,,1.0,1.0,,Q2,1.0,1.0,2.0,1.0,2.0,,2.0,1.0,,THA,,58246340.0,4.0,1.0,2.0,,,1.0,,1.0,0.588550094,1,1.0,2.0,1.0,,1.0,1,1.0,1.0,120886504,East Asia & Pacific (excluding high income),1.0,2.0,2.0,,2.0,2.0,2.0,1.0,1.0,Thailand,1.0,,False,Female,30_39,3.0
,,2.0,2.0,2021,,,0.0,2.0,2,1,1.0,1.0,,,,,,65.0,2.0,1.0,4.0,4.0,1.0,2.0,2.0,2.0,,1.0,0.0,,Q2,,1.0,2.0,1.0,2.0,,,2.0,2.0,THA,,58246340.0,2.0,0.0,,1.0,,2.0,2.0,,5.714441691,1,2.0,2.0,2.0,,2.0,1,2.0,2.0,139957438,East Asia & Pacific (excluding high income),1.0,,2.0,,2.0,1.0,,1.0,0.0,Thailand,1.0,,False,Male,60_69,1.0
2.0,,,2.0,2021,,,1.0,2.0,1,1,1.0,1.0,2.0,,,,,38.0,1.0,1.0,2.0,4.0,1.0,2.0,2.0,2.0,,2.0,1.0,,Q2,,1.0,1.0,,2.0,,,2.0,,THA,,58246340.0,4.0,1.0,,,,2.0,,2.0,3.244280517,1,2.0,2.0,1.0,,1.0,2,1.0,2.0,126370210,East Asia & Pacific (excluding high income),1.0,,2.0,1.0,2.0,2.0,,1.0,0.0,Thailand,1.0,,False,Female,30_39,1.0
,,,2.0,2021,,,0.0,2.0,1,1,1.0,1.0,,,,,,21.0,1.0,2.0,4.0,1.0,1.0,2.0,1.0,2.0,,2.0,1.0,,Q5 Highest,,1.0,2.0,3.0,2.0,,,2.0,,THA,,58246340.0,4.0,1.0,1.0,,,1.0,,,0.475049587,1,1.0,2.0,2.0,,1.0,2,1.0,1.0,154718902,East Asia & Pacific (excluding high income),1.0,3.0,2.0,,2.0,2.0,2.0,1.0,1.0,Thailand,1.0,,False,Female,18_22,2.0
1.0,,1.0,1.0,2021,,,1.0,2.0,1,1,1.0,2.0,1.0,,,,,52.0,1.0,3.0,1.0,1.0,1.0,1.0,1.0,4.0,,2.0,1.0,1.0,Q5 Highest,,,2.0,,2.0,,2.0,1.0,,THA,,58246340.0,4.0,1.0,1.0,,,,,2.0,0.433741459,1,1.0,3.0,1.0,,1.0,1,1.0,1.0,177308155,East Asia & Pacific (excluding high income),3.0,2.0,2.0,,2.0,2.0,1.0,1.0,0.0,Thailand,4.0,,False,Female,50_59,3.0
2.0,,1.0,1.0,2021,,,1.0,1.0,1,1,1.0,1.0,1.0,,,,,42.0,1.0,2.0,1.0,1.0,1.0,1.0,1.0,2.0,,2.0,1.0,1.0,Q4,,1.0,1.0,3.0,1.0,,2.0,1.0,,THA,1.0,58246340.0,4.0,1.0,2.0,,,1.0,,1.0,0.406601167,1,1.0,3.0,1.0,,1.0,1,1.0,1.0,122946529,East Asia & Pacific (excluding high income),3.0,1.0,1.0,,2.0,2.0,1.0,1.0,1.0,Thailand,1.0,,False,Female,40_49,2.0
2.0,1.0,,2.0,2021,1.0,2.0,1.0,1.0,2,0,,2.0,2.0,,,,2.0,46.0,2.0,3.0,2.0,2.0,0.0,,2.0,6.0,2.0,1.0,0.0,,Q5 Highest,1.0,,1.0,3.0,2.0,,,,2.0,THA,1.0,58246340.0,2.0,1.0,2.0,1.0,,,2.0,2.0,0.3541925,0,1.0,2.0,1.0,1.0,,2,,2.0,191735202,East Asia & Pacific (excluding high income),1.0,,1.0,1.0,2.0,1.0,2.0,2.0,0.0,Thailand,4.0,1.0,False,Male,40_49,3.0
2.0,,2.0,1.0,2021,,,0.0,2.0,2,1,1.0,1.0,1.0,,,,,30.0,1.0,1.0,1.0,2.0,1.0,2.0,1.0,1.0,,2.0,1.0,,Q4,1.0,2.0,2.0,4.0,2.0,,2.0,1.0,,THA,,58246340.0,4.0,1.0,2.0,,,1.0,,1.0,1.415889505,1,1.0,2.0,1.0,,1.0,1,1.0,1.0,183441295,East Asia & Pacific (excluding high income),1.0,2.0,2.0,,2.0,2.0,2.0,1.0,1.0,Thailand,1.0,,False,Male,30_39,1.0
2.0,,1.0,1.0,2021,,,1.0,2.0,1,1,1.0,1.0,1.0,,,,,42.0,1.0,3.0,1.0,4.0,1.0,1.0,2.0,1.0,,2.0,1.0,1.0,Q4,,2.0,2.0,,2.0,,2.0,2.0,,THA,,58246340.0,4.0,1.0,,,,1.0,,2.0,0.270952417,1,2.0,3.0,1.0,,1.0,1,1.0,2.0,146021419,East Asia & Pacific (excluding high income),3.0,,2.0,,2.0,2.0,,1.0,1.0,Thailand,1.0,,False,Female,40_49,3.0
2.0,,2.0,1.0,2021,,,1.0,2.0,2,1,1.0,2.0,1.0,,,,,60.0,1.0,3.0,1.0,1.0,1.0,1.0,1.0,1.0,,2.0,1.0,1.0,Q5 Highest,,,2.0,,2.0,,2.0,1.0,1.0,THA,,58246340.0,1.0,1.0,1.0,,,,1.0,2.0,0.138056999,1,1.0,3.0,1.0,,1.0,1,1.0,1.0,166354332,East Asia & Pacific (excluding high income),3.0,3.0,2.0,,2.0,1.0,1.0,1.0,1.0,Thailand,4.0,,False,Male,60_69,3.0
2.0,,,2.0,2021,,,1.0,1.0,1,1,1.0,1.0,1.0,1.0,,1.0,,33.0,1.0,2.0,1.0,1.0,1.0,2.0,1.0,8.0,,1.0,1.0,,Q2,,1.0,1.0,3.0,2.0,1.0,2.0,1.0,,THA,1.0,58246340.0,4.0,1.0,1.0,,2.0,2.0,,1.0,5.714441691,1,1.0,,1.0,,1.0,2,1.0,1.0,155926710,East Asia & Pacific (excluding high income),,1.0,2.0,,2.0,2.0,2.0,1.0,1.0,Thailand,1.0,,False,Female,30_39,2.0
,,2.0,2.0,2021,,,1.0,2.0,2,1,1.0,1.0,,1.0,,1.0,,35.0,1.0,3.0,4.0,1.0,1.0,2.0,1.0,2.0,,1.0,1.0,,Q1 Lowest,,1.0,2.0,2.0,1.0,1.0,,1.0,,THA,,58246340.0,4.0,1.0,1.0,,2.0,1.0,,,0.241593867,1,1.0,1.0,2.0,,1.0,1,1.0,1.0,159783045,East Asia & Pacific (excluding high income),1.0,1.0,2.0,,2.0,2.0,1.0,1.0,1.0,Thailand,1.0,,False,Male,30_39,3.0
,,2.0,2.0,2021,,,1.0,2.0,1,1,1.0,1.0,,1.0,,,,27.0,2.0,1.0,4.0,4.0,1.0,2.0,2.0,2.0,,2.0,0.0,,Q2,,2.0,1.0,1.0,2.0,,,1.0,,THA,,58246340.0,4.0,0.0,,,,1.0,,,1.833394266,1,2.0,1.0,2.0,,1.0,1,1.0,2.0,142627757,East Asia & Pacific (excluding high income),1.0,,2.0,,2.0,2.0,,1.0,1.0,Thailand,1.0,,False,Female,23_29,1.0
2.0,,2.0,2.0,2021,,,1.0,2.0,1,1,1.0,1.0,1.0,1.0,,1.0,,29.0,2.0,3.0,1.0,4.0,1.0,1.0,1.0,1.0,,2.0,1.0,1.0,Q5 Highest,,1.0,2.0,1.0,1.0,1.0,2.0,1.0,,THA,,58246340.0,4.0,1.0,,,2.0,1.0,,1.0,0.161456091,1,2.0,3.0,1.0,,1.0,1,1.0,2.0,183728007,East Asia & Pacific (excluding high income),3.0,,2.0,,2.0,2.0,,1.0,1.0,Thailand,1.0,,False,Female,23_29,3.0
,,,1.0,2021,,,0.0,2.0,2,1,1.0,1.0,,1.0,,2.0,,42.0,1.0,3.0,4.0,1.0,1.0,2.0,1.0,3.0,,2.0,1.0,,Q5 Highest,,1.0,2.0,1.0,2.0,1.0,,1.0,1.0,THA,,58246340.0,1.0,1.0,1.0,,2.0,1.0,1.0,,0.422313498,1,1.0,3.0,2.0,,1.0,2,1.0,1.0,159730590,East Asia & Pacific (excluding high income),3.0,1.0,2.0,,2.0,1.0,1.0,1.0,1.0,Thailand,1.0,,False,Male,40_49,3.0
2.0,,,2.0,2021,,,1.0,2.0,2,1,2.0,1.0,1.0,,,,,,2.0,,1.0,1.0,1.0,1.0,1.0,4.0,,2.0,1.0,1.0,Q2,,1.0,1.0,3.0,1.0,,1.0,2.0,,THA,,58246340.0,4.0,0.0,1.0,,,2.0,,2.0,3.241324117,1,1.0,2.0,1.0,,1.0,2,1.0,1.0,118055510,East Asia & Pacific (excluding high income),2.0,3.0,1.0,,2.0,2.0,2.0,1.0,0.0,Thailand,1.0,,False,Male,,5.0
2.0,,,2.0,2021,,,1.0,2.0,2,1,1.0,2.0,1.0,2.0,,1.0,,20.0,2.0,1.0,1.0,2.0,1.0,2.0,2.0,2.0,,1.0,1.0,,Q2,1.0,,1.0,2.0,2.0,1.0,2.0,,,THA,,58246340.0,4.0,1.0,2.0,,2.0,,,2.0,2.858556672,1,1.0,1.0,1.0,,1.0,2,1.0,2.0,165834178,East Asia & Pacific (excluding high income),1.0,,2.0,,2.0,2.0,2.0,1.0,1.0,Thailand,4.0,,False,Male,18_22,1.0
,,1.0,2.0,2021,,,1.0,2.0,2,1,1.0,1.0,,,,,,67.0,2.0,3.0,4.0,3.0,1.0,1.0,1.0,5.0,,2.0,1.0,1.0,Q3,2.0,1.0,2.0,,2.0,,,1.0,,THA,,58246340.0,4.0,1.0,2.0,,,2.0,,,0.391657965,1,1.0,3.0,2.0,,1.0,1,1.0,1.0,114590580,East Asia & Pacific (excluding high income),3.0,3.0,2.0,,1.0,2.0,2.0,2.0,0.0,Thailand,1.0,,False,Male,60_69,3.0
,,2.0,2.0,2021,,,0.0,2.0,2,1,1.0,1.0,,1.0,,1.0,,53.0,1.0,1.0,4.0,4.0,1.0,1.0,2.0,4.0,,2.0,1.0,2.0,Q3,,2.0,2.0,,2.0,2.0,,1.0,,THA,,58246340.0,4.0,1.0,,,2.0,1.0,,,0.186518819,1,2.0,3.0,2.0,,1.0,1,1.0,1.0,158018681,East Asia & Pacific (excluding high income),3.0,1.0,2.0,,2.0,2.0,,1.0,1.0,Thailand,1.0,,False,Male,50_59,1.0
2.0,,1.0,2.0,2021,,,0.0,2.0,2,1,1.0,1.0,1.0,,,,,27.0,1.0,3.0,1.0,1.0,1.0,2.0,1.0,5.0,,1.0,1.0,,Q5 Highest,,1.0,2.0,,2.0,,2.0,2.0,1.0,THA,,58246340.0,1.0,1.0,1.0,,,1.0,1.0,1.0,0.205283208,1,1.0,3.0,1.0,,1.0,1,1.0,1.0,171458492,East Asia & Pacific (excluding high income),3.0,1.0,2.0,,2.0,1.0,1.0,1.0,1.0,Thailand,1.0,,False,Male,23_29,3.0
2.0,,,1.0,2021,,,1.0,2.0,1,1,1.0,1.0,1.0,1.0,,1.0,,38.0,1.0,3.0,1.0,1.0,1.0,1.0,1.0,1.0,,1.0,1.0,1.0,Q5 Highest,,1.0,2.0,1.0,2.0,1.0,2.0,1.0,,THA,,58246340.0,4.0,1.0,1.0,,2.0,1.0,,2.0,0.270952417,1,1.0,3.0,1.0,,1.0,2,1.0,1.0,133666339,East Asia & Pacific (excluding high income),3.0,1.0,2.0,,2.0,2.0,1.0,1.0,1.0,Thailand,1.0,,False,Female,30_39,3.0
2.0,,2.0,1.0,2021,,,1.0,2.0,1,1,1.0,1.0,1.0,,,,,35.0,1.0,3.0,1.0,1.0,1.0,1.0,1.0,2.0,,1.0,1.0,1.0,Q5 Highest,,1.0,2.0,2.0,2.0,,2.0,2.0,,THA,,58246340.0,4.0,1.0,2.0,,,2.0,,2.0,0.185880027,1,1.0,3.0,1.0,,1.0,1,1.0,1.0,167425484,East Asia & Pacific (excluding high income),3.0,3.0,2.0,,2.0,2.0,1.0,1.0,0.0,Thailand,1.0,,False,Female,30_39,3.0
,,1.0,,2024,,,0.0,,1,1,2.0,1.0,,,,,,64.0,2.0,1.0,4.0,4.0,1.0,,,2.0,,,0.0,2.0,Q1 Lowest,,1.0,2.0,3.0,2.0,,,2.0,,THA,,60882768.0,4.0,0.0,,,,2.0,,,0.288872145,1,2.0,1.0,2.0,,2.0,1,2.0,,111206042,East Asia & Pacific (excluding high income),3.0,,2.0,,1.0,2.0,,2.0,0.0,Thailand,1.0,,False,Female,60_69,1.0
,,1.0,,2024,,,1.0,,1,1,2.0,1.0,,,3.0,,,56.0,2.0,1.0,4.0,2.0,1.0,,,7.0,,,0.0,1.0,Q1 Lowest,,2.0,1.0,6.0,2.0,,,1.0,2.0,THA,1.0,60882768.0,2.0,1.0,2.0,,,2.0,2.0,,0.343204036,1,1.0,,2.0,,2.0,1,1.0,,111213880,East Asia & Pacific (excluding high income),3.0,,2.0,,2.0,1.0,2.0,1.0,0.0,Thailand,3.0,,False,Female,50_59,1.0
,,1.0,,2024,,,1.0,1.0,1,1,2.0,1.0,,,,,,42.0,1.0,2.0,4.0,1.0,1.0,,,5.0,,1.0,1.0,1.0,Q3,,1.0,2.0,5.0,2.0,,,1.0,2.0,THA,,60882768.0,1.0,1.0,1.0,,,2.0,1.0,,0.313957204,1,1.0,1.0,2.0,,1.0,1,1.0,,111282978,East Asia & Pacific (excluding high income),1.0,,2.0,,2.0,1.0,2.0,1.0,1.0,Thailand,1.0,,False,Female,40_49,2.0
,,2.0,,2024,,,1.0,,1,1,2.0,2.0,,,,,,54.0,2.0,1.0,4.0,4.0,1.0,,,2.0,,1.0,0.0,2.0,Q4,,,1.0,2.0,2.0,,,1.0,,THA,,60882768.0,4.0,0.0,,,,,,,1.840614134,1,2.0,1.0,2.0,,3.0,2,1.0,,111585123,East Asia & Pacific (excluding high income),1.0,,2.0,,2.0,2.0,,1.0,0.0,Thailand,4.0,,False,Female,50_59,1.0
,,2.0,,2024,,,0.0,,2,1,2.0,1.0,,,,,,75.0,2.0,1.0,4.0,4.0,1.0,,,1.0,,,0.0,1.0,Q2,,1.0,2.0,3.0,2.0,,,2.0,,THA,,60882768.0,4.0,0.0,,,,2.0,,,0.38608266,1,2.0,1.0,2.0,,2.0,1,3.0,,111649185,East Asia & Pacific (excluding high income),1.0,,2.0,,1.0,2.0,,2.0,0.0,Thailand,1.0,,False,Male,70_plus,1.0
2.0,,1.0,,2024,,,1.0,1.0,1,1,1.0,1.0,1.0,,2.0,,,22.0,1.0,2.0,1.0,1.0,1.0,,,1.0,,2.0,1.0,1.0,Q4,,2.0,1.0,4.0,2.0,,2.0,1.0,,THA,,60882768.0,4.0,1.0,1.0,,,2.0,,1.0,0.497649937,1,1.0,2.0,1.0,,2.0,1,2.0,,111650699,East Asia & Pacific (excluding high income),2.0,,2.0,,2.0,2.0,1.0,1.0,1.0,Thailand,3.0,,False,Female,18_22,2.0
,,1.0,,2024,,,0.0,,1,1,2.0,1.0,,,,,,75.0,2.0,1.0,4.0,2.0,1.0,,,8.0,,,0.0,2.0,Q3,,1.0,2.0,4.0,2.0,,,2.0,,THA,,60882768.0,4.0,0.0,2.0,,,2.0,,,0.135631464,1,1.0,,2.0,,2.0,2,2.0,,111673025,East Asia & Pacific (excluding high income),5.0,,2.0,,2.0,2.0,2.0,1.0,0.0,Thailand,1.0,,False,Female,70_plus,1.0
,,1.0,,2024,,,0.0,,1,1,2.0,2.0,,,,,,52.0,1.0,1.0,4.0,2.0,0.0,1.0,,2.0,,,0.0,1.0,Q4,,,2.0,1.0,2.0,,,2.0,,THA,,60882768.0,4.0,1.0,2.0,,,,,,0.562052545,1,1.0,3.0,2.0,,4.0,1,4.0,,111732480,East Asia & Pacific (excluding high income),3.0,,2.0,,2.0,2.0,2.0,1.0,0.0,Thailand,4.0,,False,Female,50_59,1.0
2.0,,2.0,,2024,,,1.0,,1,1,2.0,1.0,2.0,,,,,60.0,2.0,1.0,2.0,2.0,1.0,,,2.0,,,0.0,2.0,Q4,,1.0,1.0,4.0,2.0,,,2.0,1.0,THA,,60882768.0,1.0,0.0,2.0,,,2.0,1.0,2.0,0.988749998,1,1.0,1.0,1.0,,2.0,1,2.0,,111739114,East Asia & Pacific (excluding high income),1.0,,2.0,,2.0,1.0,2.0,1.0,1.0,Thailand,1.0,,False,Female,60_69,1.0
2.0,,2.0,,2024,,,1.0,,2,1,2.0,1.0,2.0,,,,,46.0,1.0,1.0,2.0,1.0,1.0,,,3.0,,,0.0,1.0,Q5 Highest,,1.0,2.0,4.0,1.0,,,1.0,,THA,,60882768.0,4.0,1.0,1.0,,,2.0,,2.0,1.980691936,1,1.0,2.0,1.0,,1.0,2,1.0,,111764704,East Asia & Pacific (excluding high income),4.0,,2.0,,2.0,2.0,1.0,1.0,0.0,Thailand,1.0,,False,Male,40_49,1.0
2.0,,2.0,,2024,,,1.0,1.0,2,1,2.0,2.0,1.0,,,,,17.0,2.0,1.0,1.0,4.0,1.0,,,2.0,,1.0,1.0,1.0,Q4,,,1.0,4.0,2.0,,3.0,2.0,,THA,,60882768.0,4.0,1.0,,,,,,2.0,1.209486247,1,2.0,3.0,1.0,,2.0,2,2.0,,111831894,East Asia & Pacific (excluding high income),4.0,,2.0,,2.0,2.0,,1.0,1.0,Thailand,4.0,,False,Male,17_or_less,1.0
2.0,,1.0,,2024,,,0.0,,2,1,2.0,1.0,2.0,,,,,72.0,2.0,1.0,2.0,4.0,1.0,,,1.0,,,0.0,2.0,Q1 Lowest,,1.0,2.0,4.0,2.0,,,2.0,,THA,,60882768.0,4.0,0.0,,,,2.0,,2.0,0.57912399,1,2.0,1.0,1.0,,2.0,2,3.0,,111859342,East Asia & Pacific (excluding high income),4.0,,2.0,,2.0,2.0,,1.0,0.0,Thailand,1.0,,False,Male,70_plus,1.0
2.0,,1.0,,2024,,,0.0,,1,1,2.0,2.0,1.0,,,,,53.0,1.0,1.0,1.0,2.0,1.0,,,1.0,,,0.0,1.0,Q5 Highest,,,2.0,1.0,2.0,,2.0,2.0,,THA,,60882768.0,4.0,1.0,2.0,,,,,2.0,1.523044361,1,1.0,3.0,1.0,,2.0,2,2.0,,112062893,East Asia & Pacific (excluding high income),4.0,,2.0,,2.0,2.0,2.0,1.0,0.0,Thailand,4.0,,False,Female,50_59,1.0
,,1.0,,2024,,,1.0,,2,1,2.0,2.0,,,,,,69.0,2.0,1.0,4.0,2.0,0.0,,,7.0,,,0.0,2.0,Q1 Lowest,,,2.0,4.0,2.0,,,2.0,,THA,,60882768.0,4.0,0.0,2.0,,,,,,1.251182398,1,1.0,,2.0,,2.0,1,2.0,,112066404,East Asia & Pacific (excluding high income),1.0,,2.0,,2.0,2.0,2.0,2.0,0.0,Thailand,4.0,,False,Male,60_69,1.0
,,1.0,,2024,,,0.0,1.0,1,1,2.0,1.0,,,,,,20.0,2.0,2.0,4.0,4.0,1.0,,,2.0,,,1.0,2.0,Q2,,1.0,2.0,4.0,2.0,,,2.0,1.0,THA,,60882768.0,1.0,1.0,,,,1.0,1.0,,2.195619204,1,2.0,2.0,2.0,,2.0,2,2.0,,112310027,East Asia & Pacific (excluding high income),4.0,,2.0,,2.0,1.0,,2.0,1.0,Thailand,1.0,,False,Female,18_22,2.0
2.0,,2.0,,2024,,,0.0,,1,1,2.0,2.0,2.0,,,,,52.0,2.0,2.0,2.0,4.0,0.0,,,5.0,,,0.0,2.0,Q3,,,2.0,3.0,2.0,,,2.0,,THA,,60882768.0,4.0,0.0,,,,,,2.0,0.457636728,1,2.0,1.0,1.0,,2.0,2,2.0,,112351969,East Asia & Pacific (excluding high income),2.0,,2.0,,2.0,2.0,,1.0,0.0,Thailand,4.0,,False,Female,50_59,2.0
,,1.0,,2024,,,1.0,,1,1,2.0,1.0,,,,,,74.0,2.0,1.0,4.0,2.0,1.0,1.0,,2.0,,,0.0,1.0,Q1 Lowest,,1.0,1.0,4.0,2.0,,,2.0,,THA,,60882768.0,4.0,1.0,2.0,,,2.0,,,0.142070207,1,1.0,2.0,2.0,,4.0,2,3.0,,112389819,East Asia & Pacific (excluding high income),2.0,,2.0,,2.0,2.0,2.0,2.0,0.0,Thailand,1.0,,False,Female,70_plus,1.0
,,2.0,,2024,,,0.0,,1,1,2.0,2.0,,,,,,56.0,4.0,1.0,4.0,1.0,1.0,4.0,,1.0,,,1.0,4.0,Q4,,,2.0,3.0,2.0,,,1.0,,THA,,60882768.0,4.0,1.0,1.0,,,,,,0.237617495,1,1.0,1.0,2.0,,6.0,2,6.0,,112501504,East Asia & Pacific (excluding high income),4.0,,2.0,,2.0,2.0,1.0,1.0,0.0,Thailand,4.0,,False,Female,50_59,1.0
2.0,,1.0,,2024,,,0.0,,1,1,2.0,2.0,1.0,,,,,52.0,2.0,1.0,1.0,2.0,1.0,,,2.0,,,0.0,1.0,Q5 Highest,,,2.0,1.0,2.0,,2.0,2.0,,THA,,60882768.0,4.0,0.0,2.0,,,,,2.0,0.73617497,1,1.0,2.0,1.0,,1.0,1,3.0,,112593007,East Asia & Pacific (excluding high income),2.0,,2.0,,2.0,2.0,2.0,1.0,0.0,Thailand,4.0,,False,Female,50_59,1.0
,,1.0,,2024,,,0.0,,2,1,2.0,1.0,,,,,,92.0,2.0,1.0,4.0,4.0,1.0,,,7.0,,,0.0,2.0,Q3,,1.0,2.0,1.0,2.0,,,2.0,,THA,,60882768.0,4.0,0.0,,,,2.0,,,0.402038313,1,2.0,,2.0,,2.0,1,2.0,,112703347,East Asia & Pacific (excluding high income),5.0,,2.0,,2.0,2.0,,2.0,0.0,Thailand,1.0,,False,Male,70_plus,1.0
2.0,,2.0,,2024,,,0.0,1.0,2,1,2.0,2.0,1.0,,,,,32.0,1.0,1.0,1.0,4.0,1.0,,,6.0,,,1.0,1.0,Q5 Highest,,1.0,2.0,6.0,2.0,,2.0,2.0,,THA,,60882768.0,4.0,1.0,,,,1.0,,1.0,0.67329594,1,2.0,3.0,1.0,,1.0,1,1.0,,112880476,East Asia & Pacific (excluding high income),4.0,,2.0,,1.0,2.0,,1.0,1.0,Thailand,4.0,,False,Male,30_39,1.0
2.0,,1.0,,2024,,,0.0,,1,1,2.0,2.0,1.0,,,,,49.0,1.0,3.0,1.0,1.0,1.0,4.0,,2.0,,1.0,1.0,4.0,Q4,,,2.0,4.0,2.0,,2.0,4.0,,THA,,60882768.0,4.0,1.0,1.0,,,,,2.0,0.455356881,1,1.0,2.0,1.0,,5.0,2,5.0,,112936638,East Asia & Pacific (excluding high income),4.0,,2.0,,2.0,2.0,1.0,1.0,0.0,Thailand,4.0,,False,Female,40_49,3.0
,1.0,,,2024,1.0,2.0,0.0,,2,0,,2.0,,,,,2.0,57.0,2.0,1.0,4.0,4.0,0.0,,,8.0,2.0,,0.0,,Q3,,,2.0,6.0,2.0,,,,,THA,,60882768.0,4.0,0.0,,,,,,,0.135631464,0,2.0,,2.0,2.0,,2,,,113014630,East Asia & Pacific (excluding high income),5.0,,2.0,,2.0,2.0,,2.0,0.0,Thailand,4.0,1.0,False,Male,50_59,1.0
,,2.0,,2024,,,0.0,,1,1,2.0,2.0,,,,,,74.0,2.0,1.0,4.0,2.0,0.0,,,7.0,,,0.0,2.0,Q1 Lowest,,,2.0,1.0,2.0,,,2.0,,THA,,60882768.0,4.0,0.0,2.0,,,,,,1.420683028,1,1.0,,2.0,,2.0,1,2.0,,113021807,East Asia & Pacific (excluding high income),1.0,,2.0,,2.0,2.0,2.0,1.0,0.0,Thailand,4.0,,False,Female,70_plus,1.0
,,1.0,,2024,,,0.0,1.0,1,1,2.0,2.0,,,,,,41.0,1.0,2.0,4.0,1.0,1.0,,,1.0,,,1.0,1.0,Q4,,,2.0,4.0,2.0,,,2.0,,THA,,60882768.0,4.0,1.0,1.0,,,,,,0.814749295,1,1.0,2.0,2.0,,1.0,1,1.0,,113135212,East Asia & Pacific (excluding high income),2.0,,2.0,,2.0,2.0,1.0,1.0,1.0,Thailand,4.0,,False,Female,40_49,2.0
,3.0,,,2024,2.0,1.0,0.0,,1,0,,2.0,,,,,2.0,73.0,2.0,1.0,4.0,2.0,0.0,,,2.0,3.0,,0.0,,Q5 Highest,,,2.0,7.0,2.0,,,,,THA,,60882768.0,4.0,1.0,2.0,,,,,,0.174598831,0,1.0,1.0,2.0,3.0,,2,,,113159804,East Asia & Pacific (excluding high income),3.0,,2.0,,2.0,2.0,2.0,2.0,0.0,Thailand,4.0,1.0,False,Female,70_plus,1.0
,,1.0,,2024,,,0.0,,2,1,2.0,2.0,,,,,,54.0,2.0,1.0,4.0,1.0,1.0,,,1.0,,1.0,1.0,1.0,Q5 Highest,,,2.0,5.0,2.0,,,1.0,,THA,,60882768.0,4.0,0.0,1.0,,,,,,1.208356907,1,1.0,3.0,2.0,,2.0,1,1.0,,113164016,East Asia & Pacific (excluding high income),4.0,,2.0,,2.0,2.0,1.0,1.0,0.0,Thailand,4.0,,False,Male,50_59,1.0
,,1.0,,2024,,,0.0,,2,1,2.0,2.0,,,,,,64.0,2.0,1.0,4.0,4.0,1.0,,,7.0,,,0.0,2.0,Q1 Lowest,,1.0,2.0,4.0,2.0,,,2.0,,THA,,60882768.0,4.0,0.0,,,,2.0,,,0.135631464,1,2.0,,2.0,,2.0,1,2.0,,113333409,East Asia & Pacific (excluding high income),5.0,,2.0,,1.0,2.0,,2.0,0.0,Thailand,4.0,,False,Male,60_69,1.0
2.0,,1.0,,2024,,,1.0,1.0,1,1,2.0,2.0,1.0,,,,,28.0,1.0,2.0,1.0,1.0,1.0,,,2.0,,1.0,1.0,1.0,Q5 Highest,,,1.0,4.0,2.0,,2.0,1.0,,THA,,60882768.0,4.0,1.0,1.0,,,,,2.0,2.322121231,1,1.0,2.0,1.0,,2.0,1,1.0,,113503533,East Asia & Pacific (excluding high income),4.0,,2.0,,2.0,2.0,1.0,1.0,1.0,Thailand,4.0,,False,Female,23_29,2.0
2.0,,1.0,,2024,,,1.0,,1,1,2.0,1.0,2.0,,,,,46.0,2.0,1.0,2.0,2.0,1.0,,,2.0,,2.0,0.0,2.0,Q1 Lowest,,1.0,1.0,5.0,2.0,,,2.0,2.0,THA,,60882768.0,1.0,0.0,2.0,,,2.0,1.0,2.0,2.67012468,1,1.0,1.0,1.0,,2.0,1,1.0,,113669111,East Asia & Pacific (excluding high income),2.0,,2.0,,2.0,1.0,2.0,1.0,0.0,Thailand,1.0,,False,Female,40_49,1.0
2.0,,1.0,,2024,,,1.0,1.0,1,1,1.0,1.0,1.0,,,,,35.0,1.0,3.0,1.0,4.0,1.0,,,3.0,,,1.0,1.0,Q2,,1.0,2.0,5.0,2.0,,1.0,1.0,1.0,THA,,60882768.0,1.0,1.0,,,,1.0,1.0,1.0,0.621931218,1,2.0,2.0,1.0,,2.0,1,2.0,,113704207,East Asia & Pacific (excluding high income),2.0,,2.0,,2.0,1.0,,1.0,1.0,Thailand,1.0,,False,Female,30_39,3.0
,,2.0,,2024,,,0.0,,1,1,2.0,2.0,,,,,,61.0,1.0,2.0,4.0,2.0,1.0,1.0,,5.0,,,0.0,1.0,Q2,,,2.0,1.0,2.0,,,2.0,1.0,THA,,60882768.0,1.0,1.0,2.0,,,,1.0,,0.135631464,1,1.0,3.0,2.0,,4.0,2,4.0,,113916887,East Asia & Pacific (excluding high income),2.0,,2.0,,2.0,1.0,2.0,1.0,1.0,Thailand,4.0,,False,Female,60_69,2.0
,,1.0,,2024,,,1.0,,1,1,1.0,2.0,,,,,,42.0,2.0,1.0,4.0,2.0,0.0,,,3.0,,,0.0,1.0,Q1 Lowest,,,1.0,5.0,2.0,,,1.0,,THA,,60882768.0,4.0,1.0,2.0,,,,,,1.607660963,1,1.0,1.0,2.0,,3.0,1,2.0,,113959856,East Asia & Pacific (excluding high income),3.0,,2.0,,2.0,2.0,2.0,1.0,0.0,Thailand,4.0,,False,Female,40_49,1.0
,,1.0,,2024,,,0.0,,1,1,2.0,1.0,,,,,,70.0,2.0,1.0,4.0,2.0,1.0,,,2.0,,,0.0,2.0,Q1 Lowest,,1.0,2.0,3.0,2.0,,,2.0,2.0,THA,,60882768.0,2.0,0.0,2.0,,,2.0,2.0,,0.135631464,1,1.0,2.0,2.0,,3.0,1,2.0,,114310042,East Asia & Pacific (excluding high income),1.0,,2.0,,2.0,1.0,2.0,1.0,0.0,Thailand,1.0,,False,Female,70_plus,1.0
,,1.0,,2024,,,1.0,,1,1,2.0,1.0,,,,,,78.0,2.0,1.0,4.0,2.0,1.0,,,7.0,,,0.0,2.0,Q1 Lowest,,1.0,1.0,1.0,2.0,,,2.0,,THA,,60882768.0,4.0,0.0,2.0,,,2.0,,,0.135631464,1,1.0,,2.0,,2.0,1,2.0,,114493588,East Asia & Pacific (excluding high income),1.0,,2.0,,1.0,2.0,2.0,2.0,0.0,Thailand,1.0,,False,Female,70_plus,1.0
2.0,,2.0,,2024,,,1.0,1.0,2,1,2.0,2.0,1.0,,,,,33.0,1.0,2.0,1.0,4.0,1.0,,,2.0,,,1.0,2.0,Q4,,,1.0,4.0,1.0,,1.0,1.0,,THA,2.0,60882768.0,4.0,1.0,,,,,,1.0,2.569006254,1,2.0,2.0,1.0,,2.0,1,2.0,,114649673,East Asia & Pacific (excluding high income),2.0,,2.0,,2.0,2.0,,1.0,1.0,Thailand,4.0,,False,Male,30_39,2.0
,,1.0,,2024,,,1.0,1.0,1,1,2.0,2.0,,,,,,38.0,1.0,2.0,4.0,1.0,1.0,,,1.0,,,1.0,2.0,Q4,,,2.0,4.0,1.0,,,1.0,,THA,2.0,60882768.0,4.0,1.0,1.0,,,,,,1.276358623,1,1.0,2.0,2.0,,6.0,2,2.0,,114745590,East Asia & Pacific (excluding high income),6.0,,2.0,,2.0,2.0,1.0,1.0,1.0,Thailand,4.0,,False,Female,30_39,2.0
,,2.0,,2024,,,1.0,,1,1,2.0,2.0,,,,,,44.0,2.0,1.0,4.0,1.0,1.0,,,2.0,,1.0,1.0,1.0,Q4,,,1.0,3.0,2.0,,,1.0,,THA,,60882768.0,4.0,0.0,1.0,,,,,,0.987777983,1,1.0,1.0,2.0,,2.0,1,1.0,,114758244,East Asia & Pacific (excluding high income),1.0,,2.0,,2.0,2.0,1.0,1.0,0.0,Thailand,4.0,,False,Female,40_49,1.0
,,1.0,,2024,,,1.0,1.0,2,1,2.0,2.0,,,,,,17.0,2.0,1.0,4.0,2.0,1.0,1.0,,4.0,,1.0,1.0,2.0,Q1 Lowest,,,1.0,4.0,2.0,,,2.0,,THA,,60882768.0,4.0,1.0,2.0,,,,,,0.647184838,1,1.0,2.0,2.0,,3.0,1,3.0,,114913301,East Asia & Pacific (excluding high income),2.0,,2.0,,2.0,2.0,2.0,1.0,1.0,Thailand,4.0,,False,Male,17_or_less,1.0
,,1.0,,2024,,,1.0,2.0,2,1,2.0,1.0,,,,,,25.0,1.0,3.0,4.0,1.0,1.0,,,1.0,,1.0,1.0,1.0,Q5 Highest,,1.0,2.0,2.0,1.0,,,1.0,,THA,,60882768.0,4.0,1.0,1.0,,,1.0,,,0.430984515,1,1.0,3.0,2.0,,1.0,2,1.0,,114932774,East Asia & Pacific (excluding high income),4.0,,1.0,,2.0,2.0,1.0,1.0,1.0,Thailand,1.0,,False,Male,23_29,3.0
,,2.0,,2024,,,0.0,,2,1,2.0,1.0,,,,,,56.0,2.0,1.0,4.0,4.0,1.0,1.0,,1.0,,,0.0,2.0,Q1 Lowest,,1.0,2.0,5.0,2.0,,,2.0,,THA,,60882768.0,4.0,0.0,,,,2.0,,,0.349015794,1,2.0,1.0,2.0,,4.0,2,4.0,,115085434,East Asia & Pacific (excluding high income),4.0,,2.0,,2.0,2.0,,2.0,0.0,Thailand,1.0,,False,Male,50_59,1.0
,,2.0,,2024,,,0.0,2.0,1,1,2.0,2.0,,,,,,57.0,2.0,1.0,4.0,1.0,1.0,,,2.0,,,1.0,2.0,Q5 Highest,,,2.0,1.0,2.0,,,2.0,,THA,,60882768.0,4.0,0.0,1.0,,,,,,0.391693801,1,1.0,2.0,2.0,,2.0,1,1.0,,115093871,East Asia & Pacific (excluding high income),2.0,,2.0,,2.0,2.0,2.0,2.0,1.0,Thailand,4.0,,False,Female,50_59,1.0
,1.0,,,2024,2.0,1.0,0.0,1.0,1,1,,1.0,,,2.0,,2.0,38.0,2.0,1.0,4.0,4.0,1.0,,,4.0,2.0,2.0,0.0,,Q5 Highest,,2.0,2.0,4.0,2.0,,,,,THA,,60882768.0,4.0,1.0,,,,2.0,,,0.329259328,0,2.0,1.0,2.0,1.0,,2,,,115292779,East Asia & Pacific (excluding high income),1.0,,2.0,,2.0,2.0,,1.0,1.0,Thailand,3.0,2.0,False,Female,30_39,1.0
,1.0,,,2024,2.0,1.0,0.0,,1,0,,1.0,,,2.0,,2.0,62.0,2.0,2.0,4.0,2.0,0.0,,,2.0,2.0,,0.0,,Q1 Lowest,,2.0,2.0,7.0,2.0,,,,,THA,,60882768.0,4.0,1.0,2.0,,,2.0,,,0.313344866,0,1.0,2.0,2.0,1.0,,2,,,115328225,East Asia & Pacific (excluding high income),4.0,,2.0,,2.0,2.0,2.0,1.0,0.0,Thailand,3.0,1.0,False,Female,60_69,2.0
2.0,,2.0,,2024,,,1.0,,1,1,2.0,1.0,1.0,,,,,16.0,1.0,2.0,1.0,4.0,1.0,,,1.0,,,1.0,2.0,Q3,,2.0,1.0,3.0,2.0,,2.0,1.0,2.0,THA,,60882768.0,2.0,1.0,,,,2.0,2.0,1.0,1.492949812,1,2.0,1.0,1.0,,1.0,2,1.0,,115416244,East Asia & Pacific (excluding high income),3.0,,2.0,,2.0,1.0,,1.0,1.0,Thailand,2.0,,False,Female,17_or_less,2.0
2.0,,,,2024,,,1.0,,2,1,,1.0,2.0,,,,,46.0,2.0,1.0,3.0,4.0,1.0,,,3.0,,1.0,0.0,,Q1 Lowest,,1.0,2.0,5.0,1.0,,,,2.0,THA,,60882768.0,3.0,0.0,,2.0,,2.0,2.0,2.0,1.042618296,1,2.0,1.0,1.0,,,2,,,115564758,East Asia & Pacific (excluding high income),2.0,,2.0,2.0,2.0,1.0,,1.0,0.0,Thailand,1.0,,False,Male,40_49,1.0
,,1.0,,2024,,,1.0,,2,1,2.0,1.0,,,,,,62.0,2.0,1.0,4.0,2.0,1.0,,,9.0,,,0.0,2.0,Q5 Highest,,1.0,1.0,4.0,1.0,,,2.0,,THA,,60882768.0,4.0,0.0,2.0,,,2.0,,,0.271262929,1,1.0,,2.0,,4.0,2,2.0,,115652463,East Asia & Pacific (excluding high income),4.0,,2.0,,2.0,2.0,2.0,1.0,0.0,Thailand,1.0,,False,Male,60_69,1.0
2.0,,1.0,,2024,,,0.0,,2,1,2.0,2.0,1.0,,,,,40.0,2.0,1.0,1.0,1.0,1.0,,,4.0,,2.0,1.0,1.0,Q3,,,2.0,4.0,2.0,,2.0,1.0,,THA,,60882768.0,4.0,0.0,1.0,,,,,2.0,3.424553462,1,1.0,3.0,1.0,,3.0,1,2.0,,115740620,East Asia & Pacific (excluding high income),2.0,,2.0,,2.0,2.0,1.0,1.0,0.0,Thailand,4.0,,False,Male,40_49,1.0
,,1.0,,2024,,,0.0,,1,1,2.0,1.0,,,,,,64.0,2.0,1.0,4.0,2.0,1.0,,,7.0,,,0.0,2.0,Q1 Lowest,,1.0,2.0,8.0,2.0,,,2.0,,THA,,60882768.0,4.0,0.0,2.0,,,2.0,,,0.83319522,1,1.0,,2.0,,2.0,2,3.0,,115750412,East Asia & Pacific (excluding high income),4.0,,2.0,,2.0,2.0,2.0,1.0,0.0,Thailand,1.0,,False,Female,60_69,1.0
,1.0,,,2024,2.0,2.0,0.0,,1,0,,2.0,,,,,2.0,15.0,2.0,1.0,4.0,4.0,0.0,,,2.0,2.0,,0.0,,Q2,,,2.0,5.0,2.0,,,,,THA,,60882768.0,4.0,0.0,,,,,,,3.424553462,0,2.0,2.0,2.0,2.0,,2,,,115875356,East Asia & Pacific (excluding high income),2.0,,2.0,,2.0,2.0,,2.0,0.0,Thailand,4.0,2.0,False,Female,17_or_less,1.0
,,1.0,,2024,,,1.0,1.0,2,1,2.0,1.0,,,,,,35.0,1.0,1.0,4.0,1.0,1.0,1.0,,4.0,,1.0,1.0,1.0,Q1 Lowest,,1.0,2.0,3.0,1.0,,,1.0,,THA,,60882768.0,4.0,1.0,1.0,,,2.0,,,1.681903377,1,1.0,2.0,2.0,,3.0,1,3.0,,115909159,East Asia & Pacific (excluding high income),2.0,,2.0,,2.0,2.0,2.0,1.0,1.0,Thailand,1.0,,False,Male,30_39,1.0
2.0,,1.0,,2024,,,1.0,,2,1,2.0,1.0,2.0,,,,,69.0,1.0,1.0,2.0,4.0,1.0,,,5.0,,,0.0,1.0,Q1 Lowest,,1.0,1.0,1.0,2.0,,,2.0,2.0,THA,,60882768.0,2.0,1.0,,,,2.0,2.0,2.0,0.38608266,1,2.0,1.0,1.0,,2.0,2,3.0,,116012712,East Asia & Pacific (excluding high income),3.0,,2.0,,1.0,1.0,,1.0,0.0,Thailand,1.0,,False,Male,60_69,1.0
,,1.0,,2024,,,1.0,,2,1,2.0,1.0,,,,,,58.0,2.0,1.0,4.0,4.0,1.0,,,4.0,,,1.0,2.0,Q4,,1.0,1.0,4.0,2.0,,,2.0,2.0,THA,1.0,60882768.0,2.0,1.0,,,,1.0,2.0,,0.404653863,1,2.0,1.0,2.0,,2.0,2,3.0,,116105814,East Asia & Pacific (excluding high income),4.0,,2.0,,1.0,1.0,,1.0,1.0,Thailand,1.0,,False,Male,50_59,1.0
2.0,,2.0,,2024,,,1.0,,1,1,2.0,2.0,2.0,,,,,48.0,1.0,1.0,1.0,1.0,1.0,,,1.0,,1.0,0.0,2.0,Q5 Highest,,,2.0,4.0,1.0,,1.0,2.0,2.0,THA,,60882768.0,1.0,1.0,1.0,1.0,,,2.0,1.0,1.333948925,1,1.0,2.0,1.0,,3.0,1,2.0,,116346176,East Asia & Pacific (excluding high income),1.0,,2.0,,2.0,1.0,1.0,1.0,1.0,Thailand,4.0,,False,Female,40_49,1.0
,,1.0,,2024,,,0.0,,2,1,2.0,1.0,,,,,,46.0,2.0,2.0,4.0,2.0,1.0,2.0,,2.0,,2.0,0.0,1.0,Q3,,1.0,2.0,3.0,2.0,,,2.0,2.0,THA,,60882768.0,2.0,1.0,2.0,,,2.0,2.0,,0.414365204,1,1.0,1.0,2.0,,3.0,1,4.0,,116359457,East Asia & Pacific (excluding high income),1.0,,2.0,,2.0,1.0,2.0,1.0,0.0,Thailand,1.0,,False,Male,40_49,2.0
2.0,,1.0,,2024,,,0.0,,2,1,2.0,2.0,2.0,,,,,45.0,2.0,1.0,2.0,2.0,0.0,2.0,,5.0,,,0.0,2.0,Q1 Lowest,,,2.0,4.0,2.0,,,2.0,,THA,,60882768.0,4.0,0.0,2.0,,,,,2.0,1.055211718,1,1.0,1.0,1.0,,3.0,1,3.0,,116382922,East Asia & Pacific (excluding high income),4.0,,2.0,,2.0,2.0,2.0,1.0,0.0,Thailand,4.0,,False,Male,40_49,1.0
1.0,,1.0,,2024,,,0.0,2.0,2,1,2.0,2.0,1.0,,,,,47.0,2.0,1.0,1.0,1.0,1.0,,,2.0,,1.0,1.0,2.0,Q4,,,2.0,5.0,2.0,,2.0,2.0,,THA,,60882768.0,4.0,0.0,1.0,,,,,2.0,0.510587354,1,1.0,3.0,1.0,,2.0,2,1.0,,116490869,East Asia & Pacific (excluding high income),1.0,,2.0,,2.0,2.0,2.0,1.0,1.0,Thailand,4.0,,False,Male,40_49,1.0
,,1.0,,2024,,,0.0,,2,1,2.0,1.0,,,,,,60.0,1.0,1.0,4.0,4.0,1.0,,,2.0,,,0.0,1.0,Q3,,1.0,2.0,1.0,2.0,,,2.0,,THA,,60882768.0,4.0,1.0,,,,2.0,,,2.40586066,1,2.0,2.0,2.0,,2.0,1,3.0,,116595262,East Asia & Pacific (excluding high income),2.0,,2.0,,2.0,2.0,,2.0,0.0,Thailand,1.0,,False,Male,60_69,1.0
,,2.0,,2024,,,0.0,,1,1,2.0,2.0,,,,,,58.0,2.0,1.0,4.0,2.0,0.0,,,1.0,,,0.0,1.0,Q5 Highest,,,2.0,3.0,2.0,,,1.0,2.0,THA,2.0,60882768.0,2.0,1.0,2.0,,,,2.0,,0.559899784,1,1.0,3.0,2.0,,2.0,1,1.0,,116599604,East Asia & Pacific (excluding high income),4.0,,2.0,,2.0,1.0,2.0,2.0,0.0,Thailand,4.0,,False,Female,50_59,1.0
,1.0,,,2024,2.0,2.0,0.0,,1,0,,2.0,,,,,2.0,63.0,2.0,1.0,4.0,4.0,0.0,,,2.0,2.0,,0.0,,Q1 Lowest,,,2.0,1.0,2.0,,,,,THA,,60882768.0,4.0,0.0,,,,,,,0.296876565,0,2.0,1.0,2.0,2.0,,2,,,116639159,East Asia & Pacific (excluding high income),4.0,,2.0,,2.0,2.0,,2.0,0.0,Thailand,4.0,2.0,False,Female,60_69,1.0
,,1.0,,2024,,,0.0,,1,1,2.0,1.0,,,,,,69.0,2.0,1.0,4.0,2.0,1.0,,,5.0,,,1.0,2.0,Q1 Lowest,,1.0,2.0,4.0,2.0,,,2.0,,THA,,60882768.0,4.0,0.0,2.0,,,2.0,,,3.424553462,1,1.0,1.0,2.0,,2.0,2,2.0,,116824749,East Asia & Pacific (excluding high income),3.0,,2.0,,2.0,2.0,2.0,1.0,0.0,Thailand,1.0,,False,Female,60_69,1.0
,,1.0,,2024,,,0.0,2.0,2,1,2.0,2.0,,,,,,47.0,2.0,2.0,4.0,2.0,1.0,,,2.0,,,0.0,1.0,Q2,,,2.0,8.0,2.0,,,2.0,,THA,,60882768.0,4.0,0.0,2.0,,,,,,1.241637588,1,1.0,2.0,2.0,,2.0,2,2.0,,116863718,East Asia & Pacific (excluding high income),4.0,,2.0,,2.0,2.0,2.0,1.0,1.0,Thailand,4.0,,False,Male,40_49,2.0
2.0,,2.0,,2024,,,1.0,,2,1,1.0,1.0,2.0,,,,,16.0,1.0,1.0,1.0,4.0,1.0,,,1.0,,,1.0,1.0,Q2,,2.0,1.0,5.0,2.0,,2.0,1.0,,THA,,60882768.0,4.0,1.0,,,,1.0,,1.0,2.892024885,1,2.0,2.0,1.0,,2.0,1,1.0,,116947839,East Asia & Pacific (excluding high income),4.0,,2.0,,2.0,2.0,,1.0,1.0,Thailand,1.0,,False,Male,17_or_less,1.0
2.0,,1.0,,2024,,,1.0,,1,1,2.0,1.0,1.0,,,,,20.0,2.0,2.0,1.0,1.0,1.0,,,4.0,,1.0,1.0,2.0,Q3,,1.0,1.0,4.0,1.0,,2.0,1.0,,THA,,60882768.0,4.0,0.0,1.0,,,2.0,,1.0,2.272175305,1,1.0,1.0,1.0,,2.0,2,1.0,,116952664,East Asia & Pacific (excluding high income),4.0,,1.0,,2.0,2.0,2.0,1.0,1.0,Thailand,1.0,,False,Female,18_22,2.0
,,1.0,,2024,,,0.0,,1,1,3.0,2.0,,,,,,48.0,2.0,1.0,4.0,4.0,0.0,2.0,,5.0,,,0.0,3.0,Q2,,,2.0,4.0,2.0,,,2.0,,THA,,60882768.0,4.0,0.0,,,,,,,0.160194247,1,2.0,1.0,2.0,,5.0,2,5.0,,116974224,East Asia & Pacific (excluding high income),4.0,,2.0,,2.0,2.0,,1.0,0.0,Thailand,4.0,,False,Female,40_49,1.0
,,1.0,,2024,,,1.0,1.0,2,1,2.0,2.0,,,,,,37.0,1.0,2.0,4.0,1.0,1.0,,,3.0,,,1.0,1.0,Q2,,,1.0,2.0,2.0,,,1.0,,THA,,60882768.0,4.0,1.0,1.0,,,,,,1.681903377,1,1.0,3.0,2.0,,1.0,1,1.0,,117284144,East Asia & Pacific (excluding high income),4.0,,2.0,,2.0,2.0,1.0,1.0,1.0,Thailand,4.0,,False,Male,30_39,2.0
2.0,,1.0,,2024,,,1.0,1.0,2,1,2.0,2.0,1.0,,,,,41.0,1.0,2.0,1.0,1.0,1.0,2.0,,5.0,,,0.0,1.0,Q5 Highest,,,2.0,2.0,2.0,,2.0,2.0,,THA,,60882768.0,4.0,1.0,1.0,,,,,2.0,0.538302898,1,1.0,3.0,1.0,,4.0,2,4.0,,117484141,East Asia & Pacific (excluding high income),4.0,,2.0,,2.0,2.0,1.0,1.0,0.0,Thailand,4.0,,False,Male,40_49,2.0
,,1.0,,2024,,,0.0,,1,1,2.0,1.0,,,,,,33.0,2.0,1.0,4.0,2.0,1.0,,,2.0,,,1.0,2.0,Q3,,1.0,2.0,4.0,2.0,,,2.0,,THA,,60882768.0,4.0,0.0,2.0,,,1.0,,,3.424553462,1,1.0,2.0,2.0,,2.0,2,2.0,,117687188,East Asia & Pacific (excluding high income),4.0,,2.0,,2.0,2.0,2.0,2.0,1.0,Thailand,1.0,,False,Female,30_39,1.0
,,1.0,,2024,,,1.0,,1,1,2.0,2.0,,,,,,53.0,1.0,2.0,4.0,4.0,1.0,,,1.0,,,0.0,2.0,Q3,,,2.0,1.0,1.0,,,1.0,,THA,,60882768.0,4.0,1.0,,,,,,,0.931220335,1,2.0,3.0,2.0,,1.0,1,1.0,,117722705,East Asia & Pacific (excluding high income),4.0,,2.0,,2.0,2.0,,1.0,0.0,Thailand,4.0,,False,Female,50_59,2.0
,,,,2024,,,0.0,,1,1,,1.0,,,,,,68.0,2.0,1.0,4.0,4.0,1.0,,,2.0,,,0.0,,Q2,,1.0,2.0,6.0,2.0,,,,2.0,THA,,60882768.0,2.0,0.0,,,,2.0,2.0,,0.135631464,1,2.0,4.0,2.0,,,2,,,117870327,East Asia & Pacific (excluding high income),4.0,,2.0,,2.0,1.0,,1.0,0.0,Thailand,1.0,,False,Female,60_69,1.0
,,1.0,,2024,,,0.0,,2,1,2.0,1.0,,,,,,67.0,1.0,1.0,4.0,4.0,1.0,,,2.0,,,0.0,1.0,Q3,,1.0,2.0,3.0,2.0,,,2.0,2.0,THA,2.0,60882768.0,2.0,1.0,,,,2.0,2.0,,0.22668224,1,2.0,2.0,2.0,,2.0,2,3.0,,117877694,East Asia & Pacific (excluding high income),2.0,,2.0,,2.0,1.0,,1.0,0.0,Thailand,1.0,,False,Male,60_69,1.0
,1.0,,,2024,1.0,2.0,1.0,,1,0,,2.0,,,,,1.0,60.0,2.0,1.0,4.0,2.0,0.0,,,2.0,2.0,,0.0,,Q4,,,2.0,1.0,2.0,,,,,THA,1.0,60882768.0,4.0,1.0,2.0,,,,,,0.962091207,0,1.0,1.0,2.0,2.0,,2,,,118053079,East Asia & Pacific (excluding high income),4.0,,2.0,,2.0,2.0,2.0,2.0,0.0,Thailand,4.0,1.0,False,Female,60_69,1.0
,,1.0,,2024,,,1.0,,1,1,2.0,1.0,,,,,,70.0,2.0,1.0,4.0,2.0,1.0,,,7.0,,,0.0,2.0,Q1 Lowest,,2.0,1.0,3.0,1.0,,,2.0,,THA,,60882768.0,4.0,0.0,2.0,,,2.0,,,0.42656637,1,1.0,,2.0,,2.0,1,2.0,,118092967,East Asia & Pacific (excluding high income),4.0,,2.0,,2.0,2.0,2.0,1.0,0.0,Thailand,2.0,,False,Female,70_plus,1.0
2.0,,2.0,,2024,,,0.0,,1,1,2.0,1.0,2.0,,1.0,,,66.0,2.0,1.0,2.0,2.0,1.0,,,2.0,,,1.0,2.0,Q2,,2.0,2.0,4.0,2.0,,,2.0,,THA,,60882768.0,4.0,0.0,2.0,,,2.0,,2.0,0.343204036,1,1.0,1.0,1.0,,2.0,1,2.0,,118095662,East Asia & Pacific (excluding high income),1.0,,2.0,,2.0,2.0,2.0,1.0,0.0,Thailand,1.0,,False,Female,60_69,1.0
,,1.0,,2024,,,1.0,,2,1,2.0,1.0,,,,,,82.0,2.0,1.0,4.0,2.0,1.0,,,1.0,,,0.0,1.0,Q1 Lowest,,1.0,2.0,4.0,2.0,,,2.0,,THA,,60882768.0,4.0,1.0,2.0,,,2.0,,,0.135631464,1,1.0,2.0,2.0,,2.0,1,2.0,,118240405,East Asia & Pacific (excluding high income),6.0,,2.0,,2.0,2.0,2.0,2.0,0.0,Thailand,1.0,,False,Male,70_plus,1.0
,,2.0,,2024,,,1.0,1.0,1,1,1.0,2.0,,,,,,49.0,1.0,1.0,4.0,1.0,1.0,,,1.0,,1.0,1.0,1.0,Q3,,,2.0,2.0,2.0,,,1.0,1.0,THA,,60882768.0,1.0,1.0,1.0,,,,1.0,,3.424553462,1,1.0,2.0,2.0,,1.0,1,1.0,,118315783,East Asia & Pacific (excluding high income),4.0,,2.0,,2.0,1.0,1.0,1.0,1.0,Thailand,4.0,,False,Female,40_49,1.0
2.0,,1.0,,2024,,,1.0,,1,1,2.0,1.0,2.0,,,,,51.0,1.0,1.0,2.0,2.0,1.0,,,8.0,,,0.0,1.0,Q2,,1.0,2.0,4.0,2.0,,,2.0,,THA,,60882768.0,4.0,1.0,2.0,,,2.0,,2.0,0.920307067,1,1.0,,1.0,,2.0,1,2.0,,118323091,East Asia & Pacific (excluding high income),5.0,,2.0,,2.0,2.0,2.0,1.0,0.0,Thailand,1.0,,False,Female,50_59,1.0
,4.0,,,2024,4.0,2.0,1.0,,2,0,,2.0,,,,,2.0,38.0,4.0,,4.0,2.0,0.0,,,2.0,2.0,,0.0,,Q4,,,1.0,4.0,2.0,,,,,THA,,60882768.0,4.0,0.0,2.0,,,,,,1.91981302,0,1.0,3.0,2.0,2.0,,4,,,118640054,East Asia & Pacific (excluding high income),6.0,,2.0,,2.0,2.0,2.0,1.0,0.0,Thailand,4.0,4.0,False,Male,30_39,
,,1.0,,2024,,,1.0,,1,1,2.0,2.0,,,,,,16.0,1.0,1.0,4.0,2.0,1.0,,,1.0,,2.0,1.0,1.0,Q1 Lowest,,,2.0,4.0,1.0,,,1.0,,THA,,60882768.0,4.0,1.0,2.0,,,,,,0.995299875,1,1.0,2.0,2.0,,2.0,1,3.0,,118693968,East Asia & Pacific (excluding high income),2.0,,1.0,,2.0,2.0,2.0,2.0,0.0,Thailand,4.0,,False,Female,17_or_less,1.0
,,1.0,,2024,,,1.0,,1,1,2.0,1.0,,,,,,56.0,1.0,1.0,4.0,1.0,1.0,1.0,,1.0,,1.0,1.0,1.0,Q3,,1.0,2.0,1.0,2.0,,,2.0,2.0,THA,,60882768.0,1.0,1.0,2.0,,,2.0,1.0,,0.135631464,1,1.0,1.0,2.0,,3.0,2,3.0,,118695893,East Asia & Pacific (excluding high income),4.0,,2.0,,1.0,1.0,1.0,2.0,0.0,Thailand,1.0,,False,Female,50_59,1.0
,,2.0,,2024,,,0.0,,2,1,2.0,1.0,,,,,,16.0,1.0,1.0,4.0,4.0,1.0,,,1.0,,,0.0,1.0,Q3,,1.0,2.0,4.0,2.0,,,1.0,,THA,,60882768.0,4.0,1.0,,,,2.0,,,1.35125991,1,2.0,3.0,2.0,,2.0,1,3.0,,118717172,East Asia & Pacific (excluding high income),2.0,,2.0,,2.0,2.0,,2.0,0.0,Thailand,1.0,,False,Male,17_or_less,1.0
1.0,,1.0,,2024,,,0.0,,1,1,2.0,1.0,1.0,,2.0,,,58.0,1.0,2.0,1.0,2.0,1.0,,,2.0,,,0.0,1.0,Q2,,2.0,2.0,1.0,2.0,,2.0,3.0,,THA,,60882768.0,4.0,1.0,2.0,,,2.0,,2.0,0.580528699,1,1.0,3.0,1.0,,2.0,2,2.0,,118966850,East Asia & Pacific (excluding high income),5.0,,2.0,,2.0,2.0,2.0,1.0,0.0,Thailand,3.0,,False,Female,50_59,2.0
,,1.0,,2024,,,1.0,,1,1,2.0,1.0,,,,,,68.0,1.0,1.0,4.0,2.0,1.0,,,2.0,,,0.0,1.0,Q4,,1.0,1.0,2.0,2.0,,,1.0,,THA,,60882768.0,4.0,1.0,2.0,,,2.0,,,1.849975983,1,1.0,2.0,2.0,,1.0,1,1.0,,119023560,East Asia & Pacific (excluding high income),2.0,,2.0,,2.0,2.0,2.0,1.0,0.0,Thailand,1.0,,False,Female,60_69,1.0
2.0,,1.0,,2024,,,1.0,1.0,1,1,2.0,1.0,2.0,,1.0,,,23.0,1.0,3.0,2.0,1.0,1.0,,,2.0,,1.0,1.0,1.0,Q1 Lowest,,2.0,1.0,3.0,2.0,,,1.0,,THA,,60882768.0,4.0,1.0,1.0,,,2.0,,2.0,1.911308871,1,1.0,2.0,1.0,,3.0,1,1.0,,119174539,East Asia & Pacific (excluding high income),5.0,,2.0,,2.0,2.0,1.0,1.0,1.0,Thailand,1.0,,False,Female,23_29,3.0
,,2.0,,2024,,,0.0,,1,1,2.0,1.0,,,2.0,,,60.0,2.0,1.0,4.0,2.0,0.0,,,7.0,,,1.0,2.0,Q5 Highest,,2.0,2.0,4.0,2.0,,,1.0,,THA,,60882768.0,4.0,0.0,2.0,,,2.0,,,0.216180312,1,1.0,,2.0,,1.0,1,1.0,,119391610,East Asia & Pacific (excluding high income),1.0,,2.0,,2.0,2.0,2.0,1.0,0.0,Thailand,3.0,,False,Female,60_69,1.0
2.0,,1.0,,2024,,,1.0,,1,1,2.0,2.0,1.0,,,,,57.0,2.0,1.0,1.0,4.0,1.0,,,2.0,,,1.0,1.0,Q5 Highest,,,2.0,4.0,2.0,,4.0,1.0,,THA,,60882768.0,4.0,0.0,,,,,,1.0,0.641394138,1,2.0,1.0,1.0,,2.0,1,1.0,,119499119,East Asia & Pacific (excluding high income),4.0,,2.0,,2.0,2.0,,1.0,1.0,Thailand,4.0,,False,Female,50_59,1.0
,,1.0,,2024,,,1.0,1.0,1,1,2.0,2.0,,,,,,52.0,1.0,3.0,4.0,1.0,1.0,,,5.0,,,1.0,1.0,Q3,,,2.0,4.0,2.0,,,1.0,,THA,,60882768.0,4.0,1.0,1.0,,,,,,0.283892467,1,1.0,3.0,2.0,,2.0,1,3.0,,119549444,East Asia & Pacific (excluding high income),2.0,,1.0,,2.0,2.0,2.0,1.0,1.0,Thailand,4.0,,False,Female,50_59,3.0
2.0,,1.0,,2024,,,1.0,,2,1,2.0,1.0,2.0,,,,,59.0,2.0,2.0,2.0,4.0,1.0,,,4.0,,,0.0,2.0,Q1 Lowest,,1.0,2.0,5.0,2.0,,,2.0,,THA,,60882768.0,4.0,0.0,,,,2.0,,2.0,0.562277255,1,2.0,1.0,1.0,,3.0,2,2.0,,119623270,East Asia & Pacific (excluding high income),2.0,,2.0,,2.0,2.0,,1.0,0.0,Thailand,1.0,,False,Male,50_59,2.0
,,1.0,,2024,,,0.0,,1,1,2.0,2.0,,,,,,70.0,1.0,1.0,4.0,4.0,0.0,,,1.0,,,0.0,1.0,Q5 Highest,,,2.0,8.0,2.0,,,2.0,,THA,,60882768.0,4.0,1.0,,,,,,,0.135631464,1,2.0,2.0,2.0,,2.0,2,4.0,,119686155,East Asia & Pacific (excluding high income),4.0,,2.0,,2.0,2.0,,2.0,0.0,Thailand,4.0,,False,Female,70_plus,1.0
,,1.0,,2024,,,0.0,,1,1,2.0,1.0,,,,,,77.0,2.0,1.0,4.0,4.0,1.0,,,2.0,,,0.0,2.0,Q2,,1.0,2.0,1.0,2.0,,,2.0,,THA,,60882768.0,4.0,0.0,,,,2.0,,,0.296876565,1,2.0,1.0,2.0,,2.0,1,3.0,,119801539,East Asia & Pacific (excluding high income),2.0,,2.0,,2.0,2.0,,2.0,0.0,Thailand,1.0,,False,Female,70_plus,1.0
,,1.0,,2024,,,0.0,,1,1,2.0,2.0,,,,,,85.0,2.0,1.0,4.0,4.0,1.0,,,7.0,,,0.0,2.0,Q2,,,2.0,1.0,2.0,,,2.0,,THA,,60882768.0,4.0,0.0,,,,,,,0.309145594,1,2.0,,2.0,,2.0,1,2.0,,119911434,East Asia & Pacific (excluding high income),5.0,,2.0,,2.0,2.0,,2.0,0.0,Thailand,4.0,,False,Female,70_plus,1.0
,,1.0,,2024,,,1.0,,2,1,2.0,1.0,,,2.0,,,54.0,2.0,1.0,4.0,2.0,0.0,2.0,,7.0,,,0.0,2.0,Q1 Lowest,,2.0,1.0,4.0,2.0,,,2.0,,THA,,60882768.0,4.0,0.0,2.0,,,2.0,,,0.456706777,1,1.0,,2.0,,4.0,2,4.0,,119942776,East Asia & Pacific (excluding high income),5.0,,2.0,,2.0,2.0,2.0,2.0,0.0,Thailand,3.0,,False,Male,50_59,1.0
,,1.0,,2024,,,0.0,1.0,1,1,2.0,2.0,,,,,,21.0,1.0,3.0,4.0,1.0,1.0,,,1.0,,1.0,1.0,1.0,Q5 Highest,,,2.0,2.0,2.0,,,1.0,,THA,,60882768.0,4.0,1.0,1.0,,,,,,1.114992752,1,1.0,3.0,2.0,,2.0,1,2.0,,119975954,East Asia & Pacific (excluding high income),1.0,,2.0,,2.0,2.0,1.0,1.0,1.0,Thailand,4.0,,False,Female,18_22,3.0
,,1.0,,2024,,,0.0,,2,1,2.0,2.0,,,,,,68.0,2.0,1.0,4.0,4.0,0.0,2.0,,8.0,,,0.0,1.0,Q1 Lowest,,,2.0,7.0,2.0,,,2.0,,THA,,60882768.0,4.0,0.0,,,,,,,0.832112895,1,2.0,,2.0,,4.0,1,4.0,,120026314,East Asia & Pacific (excluding high income),5.0,,2.0,,2.0,2.0,,2.0,0.0,Thailand,4.0,,False,Male,60_69,1.0
,,1.0,,2024,,,1.0,,1,1,2.0,1.0,,,,,,58.0,1.0,2.0,4.0,2.0,1.0,,,4.0,,,0.0,1.0,Q2,,1.0,2.0,4.0,1.0,,,1.0,2.0,THA,,60882768.0,1.0,1.0,2.0,,,2.0,1.0,,0.135631464,1,1.0,1.0,2.0,,3.0,1,2.0,,120196937,East Asia & Pacific (excluding high income),3.0,,2.0,,2.0,1.0,2.0,1.0,0.0,Thailand,1.0,,False,Female,50_59,2.0
2.0,,1.0,,2024,,,1.0,,2,1,2.0,2.0,1.0,,,,,51.0,2.0,1.0,1.0,2.0,1.0,,,4.0,,,1.0,1.0,Q5 Highest,,,2.0,1.0,2.0,,2.0,1.0,,THA,,60882768.0,4.0,0.0,2.0,,,,,2.0,0.734046451,1,1.0,2.0,1.0,,2.0,1,1.0,,120200205,East Asia & Pacific (excluding high income),2.0,,2.0,,2.0,2.0,2.0,2.0,0.0,Thailand,4.0,,False,Male,50_59,1.0
,,1.0,,2024,,,0.0,,2,1,2.0,1.0,,,,,,77.0,2.0,1.0,4.0,2.0,1.0,2.0,,5.0,,,0.0,2.0,Q1 Lowest,,1.0,2.0,4.0,2.0,,,2.0,2.0,THA,,60882768.0,2.0,0.0,2.0,,,2.0,2.0,,3.424553462,1,1.0,1.0,2.0,,4.0,2,4.0,,120216160,East Asia & Pacific (excluding high income),1.0,,2.0,,2.0,1.0,2.0,1.0,0.0,Thailand,1.0,,False,Male,70_plus,1.0
2.0,,1.0,,2024,,,1.0,,1,1,2.0,2.0,2.0,,,,,54.0,2.0,1.0,1.0,1.0,1.0,,,2.0,,1.0,1.0,1.0,Q3,,,2.0,3.0,1.0,,2.0,2.0,,THA,1.0,60882768.0,4.0,1.0,1.0,,,,,2.0,0.687733882,1,1.0,2.0,1.0,,2.0,1,1.0,,120230488,East Asia & Pacific (excluding high income),2.0,,2.0,1.0,2.0,2.0,1.0,1.0,0.0,Thailand,4.0,,False,Female,50_59,1.0
,,1.0,,2024,,,0.0,,2,1,2.0,1.0,,,,,,69.0,2.0,1.0,4.0,4.0,1.0,,,2.0,,,0.0,2.0,Q2,,1.0,2.0,5.0,2.0,,,2.0,,THA,,60882768.0,4.0,0.0,,,,2.0,,,1.785322828,1,2.0,1.0,2.0,,2.0,1,5.0,,120307084,East Asia & Pacific (excluding high income),4.0,,2.0,,2.0,2.0,,2.0,0.0,Thailand,1.0,,False,Male,60_69,1.0
2.0,,2.0,,2024,,,1.0,1.0,1,1,2.0,2.0,1.0,,,,,20.0,1.0,2.0,1.0,4.0,1.0,,,2.0,,2.0,1.0,1.0,Q5 Highest,,,1.0,4.0,2.0,,2.0,1.0,,THA,,60882768.0,4.0,1.0,,,,,,1.0,0.886806606,1,2.0,2.0,1.0,,1.0,1,1.0,,120311674,East Asia & Pacific (excluding high income),2.0,,2.0,,2.0,2.0,,2.0,1.0,Thailand,4.0,,False,Female,18_22,2.0
2.0,,1.0,,2024,,,0.0,,1,1,2.0,1.0,1.0,,,,,39.0,1.0,1.0,1.0,1.0,1.0,,,4.0,,1.0,1.0,1.0,Q3,,1.0,2.0,4.0,2.0,,2.0,1.0,,THA,,60882768.0,4.0,1.0,1.0,,,1.0,,3.0,0.969969158,1,1.0,3.0,1.0,,2.0,2,1.0,,120430835,East Asia & Pacific (excluding high income),6.0,,2.0,,2.0,2.0,2.0,1.0,1.0,Thailand,1.0,,False,Female,30_39,1.0
2.0,,1.0,,2024,,,0.0,,2,1,2.0,2.0,2.0,,,,,50.0,2.0,1.0,2.0,1.0,1.0,2.0,,3.0,,,0.0,1.0,Q4,,,2.0,5.0,2.0,,,1.0,2.0,THA,,60882768.0,1.0,0.0,2.0,,,,1.0,2.0,2.416713814,1,1.0,2.0,1.0,,4.0,1,4.0,,120564471,East Asia & Pacific (excluding high income),4.0,,2.0,,2.0,1.0,1.0,1.0,0.0,Thailand,4.0,,False,Male,50_59,1.0
,,1.0,,2024,,,0.0,,1,1,2.0,2.0,,,,,,67.0,2.0,1.0,4.0,2.0,0.0,,,2.0,,,0.0,2.0,Q1 Lowest,,,2.0,4.0,2.0,,,2.0,,THA,,60882768.0,4.0,1.0,2.0,,,,,,0.559899784,1,1.0,1.0,2.0,,2.0,1,2.0,,120624655,East Asia & Pacific (excluding high income),5.0,,2.0,,2.0,2.0,2.0,2.0,0.0,Thailand,4.0,,False,Female,60_69,1.0
2.0,,1.0,,2024,,,1.0,,1,1,2.0,2.0,1.0,,,,,45.0,1.0,1.0,1.0,1.0,1.0,,,1.0,,1.0,0.0,1.0,Q5 Highest,,,2.0,5.0,2.0,,2.0,1.0,,THA,,60882768.0,4.0,1.0,1.0,,,,,1.0,2.702376182,1,1.0,2.0,1.0,,1.0,1,1.0,,120663385,East Asia & Pacific (excluding high income),3.0,,2.0,,2.0,2.0,1.0,1.0,1.0,Thailand,4.0,,False,Female,40_49,1.0
1.0,,1.0,,2024,,,1.0,1.0,1,1,1.0,2.0,1.0,,,,,43.0,1.0,1.0,1.0,1.0,1.0,,,2.0,,1.0,1.0,1.0,Q4,,,1.0,4.0,2.0,,1.0,1.0,,THA,,60882768.0,4.0,1.0,1.0,,,,,1.0,0.242899541,1,1.0,2.0,1.0,,2.0,1,1.0,,120881598,East Asia & Pacific (excluding high income),1.0,,1.0,,2.0,2.0,1.0,1.0,1.0,Thailand,4.0,,False,Female,40_49,1.0
1.0,,1.0,,2024,,,0.0,,2,1,2.0,2.0,1.0,,,,,62.0,2.0,2.0,1.0,2.0,1.0,,,1.0,,,0.0,2.0,Q5 Highest,,,2.0,1.0,2.0,,2.0,1.0,2.0,THA,,60882768.0,2.0,0.0,2.0,,,,2.0,2.0,0.143544921,1,1.0,3.0,1.0,,2.0,1,2.0,,120953388,East Asia & Pacific (excluding high income),4.0,,2.0,,2.0,1.0,2.0,2.0,0.0,Thailand,4.0,,False,Male,60_69,2.0
2.0,,1.0,,2024,,,1.0,,1,1,2.0,1.0,2.0,,,,,22.0,2.0,2.0,2.0,1.0,1.0,,,5.0,,,1.0,2.0,Q2,,1.0,1.0,3.0,2.0,,,2.0,,THA,,60882768.0,4.0,0.0,1.0,,,1.0,,2.0,2.195619204,1,1.0,1.0,1.0,,2.0,1,1.0,,121037069,East Asia & Pacific (excluding high income),2.0,,2.0,,2.0,2.0,2.0,2.0,1.0,Thailand,1.0,,False,Female,18_22,2.0
,,1.0,,2024,,,1.0,,1,1,2.0,1.0,,,,,,66.0,2.0,1.0,4.0,2.0,1.0,,,5.0,,,0.0,2.0,Q3,,1.0,1.0,4.0,2.0,,,2.0,,THA,,60882768.0,4.0,0.0,2.0,,,2.0,,,0.135631464,1,1.0,2.0,2.0,,2.0,2,2.0,,121067830,East Asia & Pacific (excluding high income),5.0,,2.0,,1.0,2.0,2.0,2.0,0.0,Thailand,1.0,,False,Female,60_69,1.0
,,2.0,,2024,,,1.0,,1,1,2.0,2.0,,,,,,53.0,1.0,2.0,4.0,1.0,1.0,,,5.0,,,0.0,1.0,Q2,,2.0,2.0,3.0,2.0,,,1.0,1.0,THA,1.0,60882768.0,1.0,1.0,1.0,,,1.0,2.0,,0.727389092,1,1.0,2.0,2.0,,2.0,1,2.0,,121096376,East Asia & Pacific (excluding high income),1.0,,2.0,,1.0,1.0,2.0,1.0,1.0,Thailand,4.0,,False,Female,50_59,2.0
,2.0,,,2024,1.0,1.0,1.0,,2,0,,2.0,,,,,2.0,62.0,2.0,1.0,4.0,2.0,0.0,,,2.0,2.0,2.0,0.0,,Q4,,,1.0,2.0,2.0,,,,,THA,,60882768.0,4.0,0.0,2.0,,,,,,1.91039883,0,1.0,2.0,2.0,1.0,,2,,,121288783,East Asia & Pacific (excluding high income),4.0,,2.0,,2.0,2.0,2.0,1.0,0.0,Thailand,4.0,1.0,False,Male,60_69,1.0
2.0,,1.0,,2024,,,1.0,2.0,2,1,2.0,1.0,2.0,,1.0,,,39.0,2.0,1.0,2.0,4.0,1.0,,,2.0,,,0.0,2.0,Q2,,2.0,1.0,6.0,2.0,,,1.0,,THA,,60882768.0,4.0,0.0,,,,2.0,,2.0,1.392392715,1,2.0,2.0,1.0,,3.0,1,2.0,,121341764,East Asia & Pacific (excluding high income),4.0,,2.0,,2.0,2.0,,1.0,1.0,Thailand,1.0,,False,Male,30_39,1.0
,,1.0,,2024,,,0.0,,1,1,2.0,1.0,,,,,,75.0,2.0,1.0,4.0,4.0,1.0,,,2.0,,,0.0,2.0,Q1 Lowest,,1.0,2.0,4.0,2.0,,,3.0,,THA,,60882768.0,4.0,0.0,,,,2.0,,,0.288872145,1,2.0,1.0,2.0,,2.0,2,4.0,,121502835,East Asia & Pacific (excluding high income),2.0,,2.0,,2.0,2.0,,1.0,0.0,Thailand,1.0,,False,Female,70_plus,1.0
,,1.0,,2024,,,1.0,1.0,2,1,2.0,2.0,,,,,,49.0,1.0,3.0,4.0,1.0,1.0,,,4.0,,,1.0,1.0,Q1 Lowest,,,2.0,4.0,2.0,,,1.0,,THA,,60882768.0,4.0,1.0,1.0,,,,,,0.296091738,1,1.0,3.0,2.0,,1.0,1,1.0,,121746709,East Asia & Pacific (excluding high income),2.0,,2.0,,2.0,2.0,2.0,1.0,1.0,Thailand,4.0,,False,Male,40_49,3.0
,,1.0,,2024,,,1.0,,2,1,2.0,1.0,,,,,,47.0,1.0,1.0,4.0,1.0,1.0,1.0,,1.0,,,1.0,1.0,Q3,,1.0,2.0,4.0,1.0,,,1.0,,THA,,60882768.0,4.0,1.0,1.0,,,1.0,,,3.424553462,1,1.0,1.0,2.0,,3.0,4,3.0,,121777447,East Asia & Pacific (excluding high income),4.0,,2.0,,2.0,2.0,1.0,1.0,1.0,Thailand,1.0,,False,Male,40_49,1.0
,1.0,,,2024,2.0,1.0,0.0,,1,0,,2.0,,,,,1.0,28.0,2.0,2.0,4.0,2.0,0.0,,,2.0,1.0,,0.0,,Q3,,,2.0,5.0,2.0,,,,,THA,,60882768.0,4.0,1.0,2.0,,,,,,1.763907102,0,1.0,3.0,2.0,1.0,,2,,,121781703,East Asia & Pacific (excluding high income),4.0,,2.0,,2.0,2.0,2.0,2.0,0.0,Thailand,4.0,2.0,False,Female,23_29,2.0
2.0,,1.0,,2024,,,0.0,2.0,1,1,2.0,2.0,1.0,,,,,45.0,2.0,2.0,1.0,1.0,1.0,,,2.0,,1.0,1.0,2.0,Q4,,,2.0,4.0,2.0,,2.0,4.0,,THA,,60882768.0,4.0,1.0,1.0,,,,,2.0,0.278811913,1,1.0,2.0,1.0,,2.0,2,1.0,,121792174,East Asia & Pacific (excluding high income),5.0,,2.0,,2.0,2.0,2.0,1.0,1.0,Thailand,4.0,,False,Female,40_49,2.0
2.0,,,,2024,,,0.0,,1,1,,1.0,2.0,,,,,67.0,2.0,1.0,2.0,2.0,1.0,,,9.0,,,0.0,,Q2,,1.0,2.0,3.0,2.0,,,,,THA,2.0,60882768.0,4.0,1.0,2.0,,,2.0,,2.0,0.694698955,1,1.0,,1.0,,,2,,,121949628,East Asia & Pacific (excluding high income),6.0,,2.0,,2.0,2.0,2.0,1.0,0.0,Thailand,1.0,,False,Female,60_69,1.0
,,1.0,,2024,,,0.0,2.0,1,1,1.0,2.0,,,,,,34.0,2.0,1.0,4.0,1.0,1.0,,,2.0,,1.0,1.0,1.0,Q4,,,2.0,1.0,2.0,,,1.0,,THA,,60882768.0,4.0,1.0,1.0,,,,,,0.590961931,1,1.0,2.0,2.0,,3.0,1,1.0,,121982336,East Asia & Pacific (excluding high income),4.0,,1.0,,2.0,2.0,1.0,1.0,1.0,Thailand,4.0,,False,Female,30_39,1.0
2.0,,1.0,,2024,,,1.0,,2,1,2.0,2.0,1.0,,,,,40.0,1.0,1.0,1.0,1.0,1.0,,,3.0,,,1.0,1.0,Q2,,,1.0,4.0,2.0,,2.0,1.0,,THA,,60882768.0,4.0,1.0,1.0,,,,,2.0,3.424553462,1,1.0,1.0,1.0,,1.0,1,2.0,,122212654,East Asia & Pacific (excluding high income),4.0,,2.0,,2.0,2.0,2.0,1.0,0.0,Thailand,4.0,,False,Male,40_49,1.0
,1.0,,,2024,1.0,2.0,0.0,,1,0,,1.0,,,2.0,,1.0,71.0,2.0,1.0,4.0,2.0,0.0,,,5.0,2.0,,0.0,,Q2,,2.0,2.0,1.0,2.0,,,,,THA,,60882768.0,4.0,1.0,2.0,,,2.0,,,0.206097063,0,1.0,2.0,2.0,2.0,,2,,,122367702,East Asia & Pacific (excluding high income),4.0,,2.0,,1.0,2.0,2.0,2.0,0.0,Thailand,3.0,2.0,False,Female,70_plus,1.0
,,1.0,,2024,,,0.0,1.0,2,1,2.0,2.0,,,,,,18.0,1.0,1.0,4.0,2.0,1.0,1.0,,5.0,,1.0,1.0,1.0,Q3,,,2.0,4.0,2.0,,,1.0,,THA,,60882768.0,4.0,1.0,2.0,,,,,,1.81422937,1,1.0,2.0,2.0,,3.0,2,3.0,,122403016,East Asia & Pacific (excluding high income),2.0,,2.0,,2.0,2.0,2.0,1.0,1.0,Thailand,4.0,,False,Male,18_22,1.0
,,1.0,,2024,,,0.0,2.0,2,1,2.0,1.0,,,,,,45.0,1.0,1.0,4.0,4.0,0.0,2.0,,1.0,,,0.0,2.0,Q1 Lowest,,2.0,2.0,7.0,2.0,,,1.0,,THA,,60882768.0,4.0,1.0,,,,2.0,,,0.419370176,1,2.0,2.0,2.0,,3.0,2,3.0,,122644515,East Asia & Pacific (excluding high income),2.0,,2.0,,2.0,2.0,,1.0,0.0,Thailand,2.0,,False,Male,40_49,1.0
,,1.0,,2024,,,1.0,,2,1,2.0,2.0,,,,,,38.0,1.0,1.0,4.0,4.0,1.0,,,2.0,,,1.0,1.0,Q3,,,1.0,3.0,2.0,,,2.0,,THA,,60882768.0,4.0,1.0,,,,,,,3.424553462,1,2.0,1.0,2.0,,1.0,2,1.0,,122910631,East Asia & Pacific (excluding high income),1.0,,2.0,,2.0,2.0,,1.0,0.0,Thailand,4.0,,False,Male,30_39,1.0
,,1.0,,2024,,,0.0,,1,1,4.0,2.0,,,,,,35.0,4.0,2.0,4.0,1.0,1.0,,,2.0,,,1.0,4.0,Q3,,,2.0,4.0,2.0,,,4.0,,THA,,60882768.0,4.0,0.0,1.0,,,,,,0.913114857,1,1.0,2.0,2.0,,2.0,2,6.0,,122946951,East Asia & Pacific (excluding high income),4.0,,2.0,,2.0,2.0,2.0,1.0,0.0,Thailand,4.0,,False,Female,30_39,2.0
2.0,,1.0,,2024,,,1.0,,1,1,2.0,1.0,2.0,,,,,53.0,2.0,1.0,2.0,2.0,1.0,,,7.0,,2.0,0.0,2.0,Q1 Lowest,,1.0,1.0,1.0,2.0,,,2.0,,THA,,60882768.0,4.0,0.0,2.0,,,2.0,,2.0,0.801716758,1,1.0,,1.0,,2.0,1,2.0,,122998615,East Asia & Pacific (excluding high income),4.0,,2.0,,2.0,2.0,2.0,1.0,0.0,Thailand,1.0,,False,Female,50_59,1.0
,,1.0,,2024,,,1.0,1.0,1,1,2.0,2.0,,,,,,33.0,1.0,1.0,4.0,1.0,1.0,,,2.0,,1.0,1.0,1.0,Q4,,,1.0,4.0,1.0,,,1.0,,THA,1.0,60882768.0,4.0,1.0,1.0,,,,,,2.322121231,1,1.0,2.0,2.0,,2.0,1,1.0,,123021669,East Asia & Pacific (excluding high income),3.0,,1.0,,2.0,2.0,1.0,1.0,1.0,Thailand,4.0,,False,Female,30_39,1.0
,,2.0,,2024,,,0.0,,1,1,1.0,2.0,,,,,,33.0,1.0,2.0,4.0,3.0,1.0,,,1.0,,1.0,1.0,1.0,Q2,,,2.0,3.0,2.0,,,1.0,,THA,,60882768.0,4.0,1.0,2.0,,,,,,0.978301442,1,1.0,1.0,2.0,,1.0,1,1.0,,123063487,East Asia & Pacific (excluding high income),4.0,,2.0,,2.0,2.0,2.0,1.0,0.0,Thailand,4.0,,False,Female,30_39,2.0
2.0,,1.0,,2024,,,1.0,,1,1,1.0,2.0,1.0,,,,,48.0,1.0,2.0,1.0,1.0,1.0,,,1.0,,1.0,1.0,1.0,Q5 Highest,,,2.0,5.0,2.0,,2.0,1.0,,THA,,60882768.0,4.0,1.0,1.0,,,,,1.0,0.94246822,1,1.0,2.0,1.0,,2.0,1,1.0,,123244102,East Asia & Pacific (excluding high income),4.0,,2.0,,2.0,2.0,1.0,1.0,1.0,Thailand,4.0,,False,Female,40_49,2.0
1.0,,1.0,,2024,,,1.0,,2,1,2.0,2.0,1.0,,,,,27.0,1.0,3.0,1.0,1.0,1.0,,,2.0,,1.0,1.0,1.0,Q3,,,2.0,3.0,2.0,,2.0,1.0,,THA,,60882768.0,4.0,1.0,1.0,,,,,2.0,1.164560593,1,1.0,1.0,1.0,,2.0,1,1.0,,123251633,East Asia & Pacific (excluding high income),2.0,,2.0,,2.0,2.0,2.0,1.0,0.0,Thailand,4.0,,False,Male,23_29,3.0
,1.0,,,2024,2.0,2.0,0.0,,2,0,,1.0,,,2.0,,2.0,62.0,2.0,3.0,4.0,2.0,0.0,,,2.0,2.0,,0.0,,Q4,,2.0,2.0,1.0,2.0,,,,,THA,,60882768.0,4.0,0.0,2.0,,,2.0,,,0.497889098,0,1.0,3.0,2.0,2.0,,2,,,123479855,East Asia & Pacific (excluding high income),4.0,,2.0,,2.0,2.0,2.0,1.0,0.0,Thailand,3.0,2.0,False,Male,60_69,3.0
,,1.0,,2024,,,0.0,,2,1,2.0,1.0,,,,,,65.0,2.0,1.0,4.0,2.0,1.0,,,2.0,,,0.0,2.0,Q2,,1.0,2.0,4.0,2.0,,,2.0,,THA,,60882768.0,4.0,0.0,2.0,,,2.0,,,0.135631464,1,1.0,1.0,2.0,,2.0,1,2.0,,123503382,East Asia & Pacific (excluding high income),4.0,,2.0,,2.0,2.0,2.0,2.0,0.0,Thailand,1.0,,False,Male,60_69,1.0
,,1.0,,2024,,,0.0,,1,1,2.0,2.0,,,,,,61.0,1.0,1.0,4.0,2.0,0.0,,,3.0,,,0.0,1.0,Q5 Highest,,,2.0,1.0,2.0,,,1.0,2.0,THA,2.0,60882768.0,2.0,1.0,2.0,,,,2.0,,0.988749998,1,1.0,2.0,2.0,,2.0,2,2.0,,123604192,East Asia & Pacific (excluding high income),4.0,,2.0,,2.0,1.0,2.0,1.0,0.0,Thailand,4.0,,False,Female,60_69,1.0
2.0,2.0,,,2024,2.0,1.0,1.0,,1,0,,2.0,2.0,,,,2.0,57.0,2.0,1.0,2.0,2.0,0.0,,,2.0,2.0,,0.0,,Q1 Lowest,,,2.0,4.0,2.0,,,,,THA,,60882768.0,4.0,0.0,2.0,,,,,2.0,0.647578073,0,1.0,2.0,1.0,2.0,,2,,,123606351,East Asia & Pacific (excluding high income),6.0,,2.0,,2.0,2.0,2.0,1.0,0.0,Thailand,4.0,1.0,False,Female,50_59,1.0
,,2.0,,2024,,,1.0,,1,1,2.0,1.0,,,,,,31.0,1.0,1.0,4.0,2.0,1.0,1.0,,1.0,,,0.0,1.0,Q1 Lowest,,1.0,1.0,2.0,2.0,,,2.0,2.0,THA,,60882768.0,2.0,1.0,2.0,,,2.0,2.0,,3.424553462,1,1.0,1.0,2.0,,4.0,1,4.0,,123763370,East Asia & Pacific (excluding high income),2.0,,2.0,,2.0,1.0,2.0,1.0,0.0,Thailand,1.0,,False,Female,30_39,1.0
,,1.0,,2024,,,0.0,,2,1,1.0,1.0,,,,,,55.0,2.0,1.0,4.0,2.0,1.0,,,2.0,,1.0,0.0,1.0,Q2,,1.0,2.0,4.0,2.0,,,1.0,2.0,THA,,60882768.0,2.0,0.0,2.0,,,2.0,2.0,,1.23068801,1,1.0,1.0,2.0,,2.0,1,2.0,,123780801,East Asia & Pacific (excluding high income),1.0,,2.0,,2.0,1.0,2.0,2.0,0.0,Thailand,1.0,,False,Male,50_59,1.0
2.0,,1.0,,2024,,,1.0,1.0,1,1,1.0,2.0,1.0,,,,,40.0,1.0,3.0,1.0,1.0,1.0,,,4.0,,1.0,1.0,1.0,Q5 Highest,,,2.0,4.0,2.0,,1.0,1.0,,THA,,60882768.0,4.0,1.0,1.0,,,,,1.0,0.789484437,1,1.0,2.0,1.0,,1.0,1,1.0,,123801264,East Asia & Pacific (excluding high income),3.0,,2.0,,2.0,2.0,1.0,1.0,1.0,Thailand,4.0,,False,Female,40_49,3.0
,3.0,,,2024,2.0,2.0,0.0,,2,0,,2.0,,,,,2.0,72.0,2.0,2.0,4.0,2.0,0.0,,,2.0,2.0,,0.0,,Q1 Lowest,,,2.0,1.0,2.0,,,,,THA,,60882768.0,4.0,0.0,2.0,,,,,,0.271666261,0,1.0,1.0,2.0,2.0,,2,,,123856275,East Asia & Pacific (excluding high income),2.0,,2.0,,2.0,2.0,2.0,1.0,0.0,Thailand,4.0,1.0,False,Male,70_plus,2.0
,,1.0,,2024,,,1.0,1.0,1,1,2.0,2.0,,,,,,50.0,1.0,2.0,4.0,1.0,1.0,,,2.0,,1.0,1.0,1.0,Q5 Highest,,,1.0,4.0,2.0,,,1.0,,THA,2.0,60882768.0,4.0,1.0,1.0,,,,,,0.412837204,1,1.0,2.0,2.0,,2.0,1,1.0,,123964050,East Asia & Pacific (excluding high income),4.0,,2.0,,2.0,2.0,1.0,1.0,1.0,Thailand,4.0,,False,Female,50_59,2.0
,,2.0,,2024,,,1.0,,2,1,2.0,1.0,,,,,,75.0,2.0,1.0,4.0,2.0,1.0,,,5.0,,,0.0,2.0,Q1 Lowest,,1.0,2.0,1.0,2.0,,,2.0,,THA,,60882768.0,4.0,0.0,2.0,,,2.0,,,0.174507897,1,1.0,2.0,2.0,,2.0,2,2.0,,123984227,East Asia & Pacific (excluding high income),1.0,,2.0,,1.0,2.0,2.0,2.0,0.0,Thailand,1.0,,False,Male,70_plus,1.0
,,1.0,,2024,,,1.0,,2,1,2.0,1.0,,,,,,33.0,1.0,1.0,4.0,1.0,1.0,,,4.0,,,1.0,1.0,Q2,,1.0,1.0,5.0,1.0,,,1.0,2.0,THA,,60882768.0,2.0,1.0,1.0,,,1.0,2.0,,2.056867034,1,1.0,2.0,2.0,,3.0,1,2.0,,124029325,East Asia & Pacific (excluding high income),2.0,,2.0,,2.0,1.0,1.0,1.0,1.0,Thailand,1.0,,False,Male,30_39,1.0
,1.0,,,2024,1.0,1.0,0.0,,2,0,,2.0,,,,,1.0,65.0,1.0,3.0,4.0,4.0,0.0,,,2.0,3.0,,0.0,,Q5 Highest,,,2.0,3.0,2.0,,,,,THA,,60882768.0,4.0,1.0,,,,,,,0.281919369,0,2.0,2.0,2.0,1.0,,2,,,124120672,East Asia & Pacific (excluding high income),2.0,,2.0,,2.0,2.0,,2.0,0.0,Thailand,4.0,2.0,False,Male,60_69,3.0
2.0,,1.0,,2024,,,1.0,1.0,1,1,1.0,2.0,1.0,,,,,32.0,2.0,2.0,1.0,1.0,1.0,,,2.0,,1.0,0.0,2.0,Q3,,,2.0,3.0,2.0,,1.0,1.0,,THA,,60882768.0,4.0,1.0,1.0,,,,,1.0,2.372428302,1,1.0,3.0,1.0,,1.0,1,1.0,,124266784,East Asia & Pacific (excluding high income),2.0,,2.0,,2.0,2.0,1.0,1.0,1.0,Thailand,4.0,,False,Female,30_39,2.0
1.0,,1.0,,2024,,,1.0,,1,1,1.0,1.0,1.0,,,,,64.0,1.0,3.0,1.0,1.0,1.0,,,1.0,,2.0,1.0,1.0,Q5 Highest,,1.0,2.0,4.0,2.0,,2.0,1.0,,THA,,60882768.0,4.0,1.0,1.0,,,2.0,,2.0,0.341546087,1,1.0,3.0,1.0,,2.0,1,1.0,,124316208,East Asia & Pacific (excluding high income),2.0,,2.0,,1.0,2.0,1.0,2.0,0.0,Thailand,1.0,,False,Female,60_69,3.0
,,1.0,,2024,,,1.0,1.0,1,1,2.0,2.0,,,,,,42.0,1.0,2.0,4.0,2.0,1.0,,,2.0,,,1.0,1.0,Q4,,,1.0,4.0,2.0,,,1.0,,THA,,60882768.0,4.0,1.0,2.0,,,,,,1.362959318,1,1.0,2.0,2.0,,1.0,1,1.0,,124505821,East Asia & Pacific (excluding high income),3.0,,2.0,,2.0,2.0,2.0,2.0,1.0,Thailand,4.0,,False,Female,40_49,2.0
,,1.0,,2024,,,1.0,,1,1,2.0,2.0,,,,,,35.0,2.0,2.0,4.0,1.0,1.0,,,5.0,,,1.0,2.0,Q4,,,2.0,4.0,1.0,,,1.0,1.0,THA,,60882768.0,1.0,0.0,1.0,,,,1.0,,0.621931218,1,1.0,2.0,2.0,,1.0,2,1.0,,124582445,East Asia & Pacific (excluding high income),3.0,,2.0,,2.0,1.0,1.0,1.0,1.0,Thailand,4.0,,False,Female,30_39,2.0
2.0,1.0,,,2024,2.0,1.0,1.0,,2,0,,1.0,2.0,,2.0,,1.0,51.0,2.0,1.0,2.0,4.0,0.0,,,2.0,1.0,,0.0,,Q1 Lowest,,2.0,1.0,2.0,2.0,,,,2.0,THA,,60882768.0,2.0,1.0,,,,2.0,2.0,2.0,0.66550369,0,2.0,3.0,1.0,1.0,,2,,,124635345,East Asia & Pacific (excluding high income),3.0,,2.0,,2.0,1.0,,1.0,0.0,Thailand,3.0,1.0,False,Male,50_59,1.0
2.0,,1.0,,2024,,,0.0,2.0,2,1,2.0,2.0,1.0,,,,,62.0,2.0,1.0,1.0,1.0,1.0,,,2.0,,1.0,1.0,1.0,Q5 Highest,,,2.0,3.0,2.0,,1.0,1.0,,THA,,60882768.0,4.0,0.0,1.0,,,,,1.0,1.616716984,1,1.0,1.0,1.0,,1.0,1,1.0,,124644273,East Asia & Pacific (excluding high income),4.0,,2.0,,2.0,2.0,1.0,1.0,1.0,Thailand,4.0,,False,Male,60_69,1.0
2.0,,1.0,,2024,,,1.0,,1,1,2.0,1.0,2.0,,2.0,,,31.0,2.0,2.0,2.0,4.0,1.0,,,1.0,,1.0,0.0,2.0,Q2,,2.0,1.0,3.0,1.0,,,2.0,,THA,2.0,60882768.0,4.0,1.0,,,,2.0,,2.0,2.245569161,1,2.0,2.0,1.0,,3.0,2,1.0,,124780285,East Asia & Pacific (excluding high income),4.0,,2.0,,2.0,2.0,,1.0,0.0,Thailand,3.0,,False,Female,30_39,2.0
,,1.0,,2024,,,1.0,,1,1,2.0,2.0,,,,,,49.0,1.0,3.0,4.0,1.0,1.0,,,1.0,,1.0,1.0,1.0,Q2,,,2.0,4.0,1.0,,,2.0,,THA,,60882768.0,4.0,1.0,1.0,,,,,,0.619255807,1,1.0,1.0,2.0,,2.0,2,1.0,,125016290,East Asia & Pacific (excluding high income),4.0,,2.0,,2.0,2.0,2.0,1.0,0.0,Thailand,4.0,,False,Female,40_49,3.0
,,4.0,,2024,,,0.0,,1,1,2.0,4.0,,,,,,43.0,4.0,,5.0,4.0,0.0,4.0,,9.0,,,0.0,4.0,Q1 Lowest,,,2.0,8.0,2.0,,,2.0,,THA,,60882768.0,4.0,0.0,,,,,,,0.253129738,1,2.0,,4.0,,6.0,4,6.0,,125086736,East Asia & Pacific (excluding high income),6.0,,4.0,,2.0,2.0,,1.0,0.0,Thailand,5.0,,False,Female,40_49,
2.0,,1.0,,2024,,,0.0,2.0,2,1,2.0,1.0,2.0,,,,,45.0,1.0,2.0,2.0,4.0,1.0,,,4.0,,,0.0,1.0,Q4,,1.0,2.0,5.0,2.0,,,1.0,2.0,THA,,60882768.0,2.0,1.0,,,,2.0,2.0,2.0,0.553795609,1,2.0,3.0,1.0,,3.0,1,1.0,,125135217,East Asia & Pacific (excluding high income),4.0,,2.0,,2.0,1.0,,1.0,1.0,Thailand,1.0,,False,Male,40_49,2.0
,,1.0,,2024,,,0.0,,1,1,2.0,2.0,,,,,,66.0,2.0,1.0,4.0,2.0,0.0,,,7.0,,,0.0,2.0,Q1 Lowest,,,2.0,7.0,2.0,,,2.0,,THA,,60882768.0,4.0,0.0,2.0,,,,,,0.135631464,1,1.0,,2.0,,2.0,1,2.0,,125159571,East Asia & Pacific (excluding high income),5.0,,2.0,,2.0,2.0,2.0,2.0,0.0,Thailand,4.0,,False,Female,60_69,1.0
,,1.0,,2024,,,1.0,,1,1,2.0,1.0,,,,,,66.0,2.0,1.0,4.0,1.0,1.0,,,2.0,,1.0,1.0,2.0,Q5 Highest,,1.0,2.0,1.0,2.0,,,1.0,,THA,,60882768.0,4.0,0.0,1.0,,,1.0,,,0.135631464,1,1.0,2.0,2.0,,3.0,1,1.0,,125171155,East Asia & Pacific (excluding high income),5.0,,2.0,,2.0,2.0,2.0,1.0,1.0,Thailand,1.0,,False,Female,60_69,1.0
2.0,,1.0,,2024,,,1.0,,2,1,2.0,1.0,2.0,,,,,32.0,2.0,1.0,2.0,2.0,1.0,,,7.0,,,0.0,2.0,Q1 Lowest,,1.0,2.0,5.0,2.0,,,2.0,,THA,,60882768.0,4.0,0.0,2.0,,,2.0,,2.0,3.424553462,1,1.0,,1.0,,2.0,2,2.0,,125339275,East Asia & Pacific (excluding high income),3.0,,2.0,,1.0,2.0,2.0,1.0,0.0,Thailand,1.0,,False,Male,30_39,1.0
,,1.0,,2024,,,1.0,1.0,1,1,2.0,1.0,,,1.0,,,60.0,1.0,1.0,4.0,2.0,1.0,,,4.0,,,1.0,1.0,Q2,,2.0,2.0,4.0,1.0,,,1.0,,THA,,60882768.0,4.0,1.0,2.0,,,2.0,,,2.875685924,1,1.0,3.0,2.0,,1.0,1,1.0,,125378521,East Asia & Pacific (excluding high income),1.0,,2.0,,2.0,2.0,2.0,1.0,1.0,Thailand,1.0,,False,Female,60_69,1.0
1.0,,2.0,,2024,,,0.0,1.0,1,1,2.0,2.0,1.0,,,,,41.0,1.0,1.0,1.0,4.0,1.0,,,2.0,,,1.0,1.0,Q4,,,2.0,5.0,2.0,,2.0,1.0,,THA,,60882768.0,4.0,1.0,,,,,,2.0,2.044438978,1,2.0,2.0,1.0,,2.0,1,2.0,,125461425,East Asia & Pacific (excluding high income),4.0,,2.0,,2.0,2.0,,1.0,1.0,Thailand,4.0,,False,Female,40_49,1.0
,,1.0,,2024,,,0.0,,1,1,2.0,1.0,,,,,,66.0,2.0,1.0,4.0,3.0,1.0,,,7.0,,,0.0,2.0,Q1 Lowest,,1.0,2.0,3.0,2.0,,,2.0,,THA,,60882768.0,4.0,0.0,2.0,,,2.0,,,3.174248245,1,1.0,,2.0,,2.0,1,2.0,,125614959,East Asia & Pacific (excluding high income),5.0,,2.0,,2.0,2.0,2.0,1.0,0.0,Thailand,1.0,,False,Female,60_69,1.0
,,1.0,,2024,,,0.0,,2,1,2.0,2.0,,,,,,23.0,1.0,2.0,4.0,1.0,1.0,,,1.0,,,0.0,1.0,Q4,,,2.0,1.0,2.0,,,1.0,,THA,2.0,60882768.0,4.0,1.0,1.0,,,,,,2.515645954,1,1.0,3.0,2.0,,1.0,2,1.0,,125639493,East Asia & Pacific (excluding high income),4.0,,2.0,,2.0,2.0,1.0,1.0,0.0,Thailand,4.0,,False,Male,23_29,2.0
,,1.0,,2024,,,0.0,2.0,1,1,2.0,2.0,,,,,,20.0,2.0,1.0,4.0,4.0,1.0,1.0,,2.0,,,0.0,1.0,Q1 Lowest,,,2.0,7.0,2.0,,,1.0,,THA,,60882768.0,4.0,0.0,,,,,,,0.480318658,1,2.0,2.0,2.0,,4.0,2,3.0,,125663775,East Asia & Pacific (excluding high income),5.0,,2.0,,2.0,2.0,,2.0,1.0,Thailand,4.0,,False,Female,18_22,1.0
2.0,,,,2024,,,0.0,,1,1,,2.0,1.0,,,,,34.0,1.0,2.0,1.0,2.0,1.0,,,2.0,,,0.0,,Q5 Highest,,,2.0,4.0,2.0,,2.0,,,THA,,60882768.0,4.0,1.0,2.0,,,,,2.0,0.879458129,1,1.0,1.0,1.0,,,4,,,125687103,East Asia & Pacific (excluding high income),1.0,,2.0,,2.0,2.0,2.0,1.0,0.0,Thailand,4.0,,False,Female,30_39,2.0
2.0,,1.0,,2024,,,0.0,,1,1,2.0,2.0,1.0,,,,,44.0,1.0,1.0,1.0,2.0,1.0,,,1.0,,,0.0,1.0,Q3,,,2.0,1.0,2.0,,2.0,2.0,,THA,,60882768.0,4.0,1.0,2.0,,,,,2.0,3.424553462,1,1.0,2.0,1.0,,2.0,1,2.0,,125817418,East Asia & Pacific (excluding high income),4.0,,2.0,,2.0,2.0,2.0,1.0,0.0,Thailand,4.0,,False,Female,40_49,1.0
,,1.0,,2024,,,0.0,,2,1,2.0,1.0,,,,,,68.0,4.0,1.0,4.0,4.0,1.0,,,2.0,,,0.0,4.0,Q4,,1.0,2.0,3.0,2.0,,,4.0,2.0,THA,,60882768.0,2.0,0.0,,,,2.0,4.0,,0.842163696,1,2.0,2.0,2.0,,2.0,2,2.0,,126051004,East Asia & Pacific (excluding high income),5.0,,2.0,,2.0,1.0,,2.0,0.0,Thailand,1.0,,False,Male,60_69,1.0
2.0,,1.0,,2024,,,0.0,1.0,1,1,2.0,1.0,1.0,,,,,36.0,1.0,1.0,1.0,1.0,1.0,,,2.0,,2.0,1.0,2.0,Q3,,1.0,2.0,4.0,2.0,,1.0,1.0,,THA,,60882768.0,4.0,1.0,1.0,,,2.0,,1.0,0.658518656,1,1.0,2.0,1.0,,1.0,1,1.0,,126114767,East Asia & Pacific (excluding high income),1.0,,2.0,,2.0,2.0,1.0,1.0,1.0,Thailand,1.0,,False,Female,30_39,1.0
2.0,,1.0,,2024,,,1.0,1.0,1,1,2.0,2.0,1.0,,,,,53.0,1.0,2.0,1.0,1.0,1.0,,,2.0,,1.0,1.0,2.0,Q5 Highest,,,1.0,5.0,2.0,,2.0,1.0,1.0,THA,,60882768.0,1.0,1.0,1.0,,,,1.0,1.0,0.155073953,1,1.0,1.0,1.0,,1.0,2,1.0,,126187117,East Asia & Pacific (excluding high income),2.0,,2.0,,2.0,1.0,1.0,1.0,1.0,Thailand,4.0,,False,Female,50_59,2.0
2.0,,1.0,,2024,,,0.0,,2,1,2.0,1.0,2.0,,,,,56.0,1.0,1.0,2.0,4.0,1.0,1.0,,3.0,,,0.0,1.0,Q3,,1.0,2.0,4.0,2.0,,,2.0,,THA,,60882768.0,4.0,1.0,,,,2.0,,2.0,1.616716984,1,2.0,1.0,1.0,,4.0,1,4.0,,126468114,East Asia & Pacific (excluding high income),2.0,,2.0,,2.0,2.0,,1.0,0.0,Thailand,1.0,,False,Male,50_59,1.0
,1.0,,,2024,2.0,2.0,0.0,,1,0,,1.0,,,2.0,,1.0,71.0,2.0,1.0,4.0,4.0,0.0,,,5.0,1.0,,0.0,,Q4,,2.0,2.0,3.0,2.0,,,,,THA,,60882768.0,4.0,0.0,,,,2.0,,,0.402561242,0,2.0,1.0,2.0,1.0,,2,,,126581429,East Asia & Pacific (excluding high income),4.0,,2.0,,2.0,2.0,,2.0,0.0,Thailand,3.0,1.0,False,Female,70_plus,1.0
,,1.0,,2024,,,1.0,,1,1,2.0,1.0,,,,,,72.0,2.0,1.0,4.0,2.0,1.0,,,7.0,,,0.0,2.0,Q1 Lowest,,1.0,1.0,5.0,2.0,,,2.0,2.0,THA,,60882768.0,2.0,0.0,2.0,,,2.0,2.0,,0.135631464,1,1.0,,2.0,,2.0,1,2.0,,126660786,East Asia & Pacific (excluding high income),4.0,,2.0,,2.0,1.0,2.0,1.0,0.0,Thailand,1.0,,False,Female,70_plus,1.0
,,1.0,,2024,,,1.0,2.0,2,1,2.0,2.0,,,,,,38.0,1.0,3.0,4.0,1.0,1.0,,,1.0,,1.0,1.0,1.0,Q5 Highest,,,2.0,3.0,2.0,,,1.0,,THA,,60882768.0,4.0,1.0,1.0,,,,,,0.692598191,1,1.0,3.0,2.0,,1.0,1,1.0,,126708751,East Asia & Pacific (excluding high income),3.0,,2.0,,2.0,2.0,2.0,1.0,1.0,Thailand,4.0,,False,Male,30_39,3.0
2.0,,1.0,,2024,,,0.0,,1,1,2.0,2.0,2.0,,,,,58.0,2.0,1.0,2.0,2.0,0.0,1.0,,3.0,,,0.0,1.0,Q2,,,2.0,4.0,2.0,,,2.0,2.0,THA,,60882768.0,2.0,0.0,2.0,,,,2.0,2.0,0.477718088,1,1.0,1.0,1.0,,4.0,2,4.0,,126727645,East Asia & Pacific (excluding high income),1.0,,2.0,,2.0,1.0,2.0,1.0,0.0,Thailand,4.0,,False,Female,50_59,1.0
2.0,2.0,,,2024,2.0,2.0,0.0,,2,0,,2.0,2.0,,,,1.0,52.0,2.0,1.0,2.0,2.0,0.0,,,3.0,2.0,,0.0,,Q1 Lowest,,,2.0,4.0,2.0,,,,,THA,,60882768.0,4.0,0.0,2.0,,,,,2.0,2.110423436,0,1.0,1.0,1.0,2.0,,2,,,126968636,East Asia & Pacific (excluding high income),2.0,,2.0,,2.0,2.0,2.0,1.0,0.0,Thailand,4.0,1.0,False,Male,50_59,1.0
,,1.0,,2024,,,1.0,,1,1,2.0,2.0,,,,,,40.0,1.0,2.0,4.0,2.0,1.0,,,3.0,,1.0,1.0,2.0,Q5 Highest,,,2.0,4.0,2.0,,,1.0,,THA,,60882768.0,4.0,1.0,2.0,,,,,,0.84305081,1,1.0,2.0,2.0,,1.0,2,1.0,,126973601,East Asia & Pacific (excluding high income),1.0,,2.0,,2.0,2.0,2.0,1.0,0.0,Thailand,4.0,,False,Female,40_49,2.0
2.0,,2.0,,2024,,,1.0,1.0,2,1,1.0,2.0,1.0,,,,,58.0,1.0,3.0,1.0,2.0,1.0,,,4.0,,1.0,1.0,1.0,Q5 Highest,,,2.0,1.0,2.0,,1.0,1.0,,THA,2.0,60882768.0,4.0,1.0,2.0,,,,,1.0,0.644350964,1,1.0,3.0,1.0,,1.0,1,1.0,,127010057,East Asia & Pacific (excluding high income),4.0,,2.0,,2.0,2.0,2.0,1.0,1.0,Thailand,4.0,,False,Male,50_59,3.0
2.0,,1.0,,2024,,,0.0,,2,1,2.0,2.0,1.0,,,,,20.0,1.0,2.0,1.0,1.0,1.0,,,1.0,,1.0,1.0,1.0,Q5 Highest,,,2.0,1.0,2.0,,1.0,1.0,,THA,,60882768.0,4.0,1.0,1.0,,,,,1.0,1.450028121,1,1.0,3.0,1.0,,2.0,2,1.0,,127061150,East Asia & Pacific (excluding high income),3.0,,2.0,,2.0,2.0,1.0,1.0,1.0,Thailand,4.0,,False,Male,18_22,2.0
,,2.0,,2024,,,1.0,,1,1,2.0,1.0,,,,,,53.0,1.0,1.0,4.0,1.0,1.0,1.0,,2.0,,,0.0,1.0,Q4,,1.0,1.0,5.0,2.0,,,1.0,2.0,THA,,60882768.0,1.0,1.0,1.0,,,2.0,1.0,,0.444649642,1,1.0,1.0,2.0,,3.0,1,3.0,,127085182,East Asia & Pacific (excluding high income),4.0,,2.0,,2.0,1.0,1.0,2.0,0.0,Thailand,1.0,,False,Female,50_59,1.0
2.0,,2.0,,2024,,,1.0,1.0,2,1,2.0,2.0,4.0,,,,,37.0,2.0,1.0,3.0,4.0,0.0,4.0,,7.0,,,0.0,1.0,Q4,,,1.0,3.0,2.0,,,2.0,,THA,,60882768.0,4.0,1.0,,,,,,4.0,0.135631464,1,2.0,,1.0,,4.0,2,3.0,,127106742,East Asia & Pacific (excluding high income),6.0,,2.0,2.0,2.0,2.0,,1.0,0.0,Thailand,4.0,,False,Male,30_39,1.0
,,1.0,,2024,,,1.0,2.0,1,1,2.0,1.0,,,,,,20.0,1.0,2.0,4.0,1.0,1.0,,,2.0,,1.0,1.0,1.0,Q5 Highest,,1.0,1.0,5.0,1.0,,,2.0,,THA,,60882768.0,4.0,1.0,1.0,,,1.0,,,0.343048216,1,1.0,2.0,2.0,,1.0,2,1.0,,127202679,East Asia & Pacific (excluding high income),2.0,,1.0,,2.0,2.0,1.0,1.0,1.0,Thailand,1.0,,False,Female,18_22,2.0
,,1.0,,2024,,,1.0,,1,1,2.0,1.0,,,,,,56.0,2.0,1.0,4.0,4.0,1.0,1.0,,4.0,,1.0,0.0,1.0,Q3,,1.0,2.0,4.0,2.0,,,3.0,,THA,,60882768.0,4.0,0.0,,,,2.0,,,0.208586437,1,2.0,1.0,2.0,,3.0,1,3.0,,127244143,East Asia & Pacific (excluding high income),6.0,,2.0,,2.0,2.0,,1.0,0.0,Thailand,1.0,,False,Female,50_59,1.0
,,1.0,,2024,,,0.0,,2,1,2.0,1.0,,,,,,55.0,2.0,1.0,4.0,4.0,1.0,1.0,,1.0,,,0.0,1.0,Q3,,1.0,2.0,3.0,2.0,,,1.0,2.0,THA,2.0,60882768.0,1.0,1.0,,,,2.0,1.0,,0.500897406,1,2.0,1.0,2.0,,3.0,1,3.0,,127351771,East Asia & Pacific (excluding high income),4.0,,2.0,,1.0,1.0,,2.0,0.0,Thailand,1.0,,False,Male,50_59,1.0
,2.0,,,2024,2.0,2.0,0.0,,1,0,,2.0,,,,,1.0,77.0,2.0,1.0,4.0,2.0,0.0,,,2.0,1.0,,0.0,,Q1 Lowest,,,2.0,3.0,2.0,,,,,THA,,60882768.0,4.0,0.0,2.0,,,,,,0.135631464,0,1.0,1.0,2.0,2.0,,2,,,127409961,East Asia & Pacific (excluding high income),5.0,,2.0,,2.0,2.0,2.0,2.0,0.0,Thailand,4.0,2.0,False,Female,70_plus,1.0
,1.0,,,2024,2.0,2.0,0.0,,2,0,,2.0,,,,,3.0,15.0,2.0,1.0,4.0,4.0,0.0,,,9.0,3.0,,0.0,,Q4,,,2.0,4.0,2.0,,,,,THA,,60882768.0,4.0,0.0,,,,,,,1.209486247,0,2.0,,2.0,3.0,,2,,,127410896,East Asia & Pacific (excluding high income),6.0,,2.0,,2.0,2.0,,2.0,0.0,Thailand,4.0,1.0,False,Male,17_or_less,1.0
2.0,,1.0,,2024,,,0.0,1.0,2,1,2.0,2.0,2.0,,,,,27.0,1.0,1.0,1.0,1.0,1.0,,,5.0,,,1.0,1.0,Q5 Highest,,,2.0,3.0,2.0,,2.0,1.0,,THA,,60882768.0,4.0,1.0,1.0,,,,,1.0,1.261515595,1,1.0,3.0,1.0,,1.0,2,1.0,,127496042,East Asia & Pacific (excluding high income),2.0,,2.0,,2.0,2.0,2.0,1.0,1.0,Thailand,4.0,,False,Male,23_29,1.0
,,1.0,,2024,,,0.0,,1,1,2.0,1.0,,,2.0,,,57.0,1.0,3.0,4.0,1.0,1.0,,,2.0,,,0.0,1.0,Q4,,2.0,2.0,1.0,2.0,,,1.0,,THA,,60882768.0,4.0,1.0,1.0,,,2.0,,,0.447379307,1,1.0,3.0,2.0,,1.0,1,2.0,,127545329,East Asia & Pacific (excluding high income),2.0,,2.0,,2.0,2.0,1.0,1.0,0.0,Thailand,3.0,,False,Female,50_59,3.0
2.0,,1.0,,2024,,,1.0,,1,1,2.0,2.0,1.0,,,,,50.0,2.0,1.0,1.0,2.0,1.0,,,5.0,,,0.0,2.0,Q5 Highest,,,1.0,4.0,2.0,,2.0,1.0,,THA,,60882768.0,4.0,0.0,2.0,,,,,2.0,0.153763907,1,1.0,2.0,1.0,,1.0,2,1.0,,127586930,East Asia & Pacific (excluding high income),2.0,,2.0,,2.0,2.0,2.0,1.0,0.0,Thailand,4.0,,False,Female,50_59,1.0
1.0,,2.0,,2024,,,0.0,1.0,2,1,2.0,2.0,1.0,,,,,42.0,1.0,3.0,1.0,2.0,1.0,,,1.0,,,1.0,1.0,Q5 Highest,,,2.0,3.0,2.0,,2.0,1.0,,THA,,60882768.0,4.0,1.0,2.0,,,,,2.0,2.077794572,1,1.0,3.0,1.0,,2.0,2,1.0,,127781415,East Asia & Pacific (excluding high income),4.0,,2.0,,2.0,2.0,2.0,1.0,1.0,Thailand,4.0,,False,Male,40_49,3.0
2.0,,1.0,,2024,,,1.0,1.0,2,1,2.0,2.0,1.0,,,,,18.0,1.0,1.0,1.0,1.0,1.0,,,2.0,,1.0,1.0,2.0,Q5 Highest,,,1.0,4.0,2.0,,2.0,3.0,,THA,,60882768.0,4.0,1.0,1.0,,,,,1.0,1.698955551,1,1.0,2.0,1.0,,2.0,2,2.0,,127867615,East Asia & Pacific (excluding high income),5.0,,2.0,,2.0,2.0,2.0,1.0,1.0,Thailand,4.0,,False,Male,18_22,1.0
,,1.0,,2024,,,0.0,,1,1,2.0,1.0,,,,,,70.0,1.0,1.0,4.0,2.0,1.0,,,2.0,,,0.0,4.0,Q2,,1.0,2.0,4.0,2.0,,,2.0,,THA,,60882768.0,4.0,1.0,2.0,,,2.0,,,0.398592587,1,1.0,2.0,2.0,,2.0,2,2.0,,127928058,East Asia & Pacific (excluding high income),2.0,,2.0,,2.0,2.0,2.0,2.0,0.0,Thailand,1.0,,False,Female,70_plus,1.0
,1.0,,,2024,2.0,2.0,1.0,,1,0,,2.0,,,,,1.0,36.0,2.0,1.0,4.0,4.0,0.0,,,2.0,1.0,,0.0,,Q1 Lowest,,,1.0,1.0,2.0,,,,,THA,,60882768.0,4.0,0.0,,,,,,,2.448486546,0,2.0,2.0,2.0,2.0,,2,,,128042761,East Asia & Pacific (excluding high income),2.0,,2.0,,2.0,2.0,,2.0,0.0,Thailand,4.0,1.0,False,Female,30_39,1.0
,,1.0,,2024,,,0.0,,2,1,2.0,2.0,,,,,,62.0,1.0,2.0,4.0,1.0,1.0,,,2.0,,,1.0,1.0,Q4,,,2.0,3.0,2.0,,,1.0,,THA,,60882768.0,4.0,1.0,1.0,,,,,,0.978200781,1,1.0,2.0,2.0,,1.0,1,1.0,,128056290,East Asia & Pacific (excluding high income),3.0,,2.0,,2.0,2.0,1.0,1.0,0.0,Thailand,4.0,,False,Male,60_69,2.0
,1.0,,,2024,2.0,1.0,1.0,,1,0,,2.0,,,,,1.0,20.0,2.0,1.0,4.0,2.0,0.0,,,2.0,2.0,2.0,0.0,,Q1 Lowest,,,1.0,4.0,2.0,,,,2.0,THA,,60882768.0,2.0,0.0,2.0,,,,2.0,,1.581361418,0,1.0,1.0,2.0,2.0,,2,,,128074914,East Asia & Pacific (excluding high income),4.0,,2.0,,2.0,1.0,2.0,1.0,0.0,Thailand,4.0,2.0,False,Female,18_22,1.0
,,1.0,,2024,,,1.0,1.0,2,1,1.0,2.0,,,,,,18.0,2.0,2.0,4.0,1.0,1.0,,,2.0,,,1.0,1.0,Q4,,,2.0,5.0,2.0,,,2.0,,THA,,60882768.0,4.0,1.0,1.0,,,,,,0.647184838,1,1.0,1.0,2.0,,3.0,1,1.0,,128170443,East Asia & Pacific (excluding high income),3.0,,2.0,,2.0,2.0,1.0,1.0,1.0,Thailand,4.0,,False,Male,18_22,2.0
,,2.0,,2024,,,0.0,,2,1,2.0,2.0,,,,,,64.0,2.0,1.0,4.0,2.0,1.0,,,2.0,,,0.0,2.0,Q5 Highest,,,2.0,2.0,2.0,,,2.0,,THA,,60882768.0,4.0,0.0,2.0,,,,,,0.55474193,1,1.0,1.0,2.0,,2.0,2,4.0,,128371002,East Asia & Pacific (excluding high income),4.0,,2.0,,2.0,2.0,2.0,1.0,0.0,Thailand,4.0,,False,Male,60_69,1.0
,,1.0,,2024,,,0.0,,1,1,2.0,2.0,,,,,,79.0,2.0,1.0,4.0,2.0,0.0,,,2.0,,,0.0,2.0,Q1 Lowest,,,2.0,1.0,2.0,,,2.0,,THA,,60882768.0,4.0,0.0,2.0,,,,,,0.206097063,1,1.0,2.0,2.0,,2.0,1,2.0,,128425434,East Asia & Pacific (excluding high income),1.0,,2.0,,2.0,2.0,2.0,2.0,0.0,Thailand,4.0,,False,Female,70_plus,1.0
,,2.0,,2024,,,0.0,1.0,2,1,2.0,1.0,,,,,,26.0,1.0,2.0,4.0,1.0,1.0,1.0,,1.0,,,1.0,1.0,Q4,,1.0,2.0,4.0,2.0,,,1.0,2.0,THA,,60882768.0,2.0,1.0,1.0,,,2.0,2.0,,2.305606249,1,1.0,3.0,2.0,,3.0,2,3.0,,128654132,East Asia & Pacific (excluding high income),4.0,,2.0,,2.0,1.0,2.0,1.0,1.0,Thailand,1.0,,False,Male,23_29,2.0
,,1.0,,2024,,,1.0,1.0,1,1,1.0,2.0,,,,,,38.0,1.0,2.0,4.0,1.0,1.0,,,2.0,,1.0,1.0,1.0,Q5 Highest,,,1.0,1.0,2.0,,,1.0,,THA,,60882768.0,4.0,1.0,1.0,,,,,,0.638179311,1,1.0,3.0,2.0,,2.0,1,1.0,,128699684,East Asia & Pacific (excluding high income),4.0,,2.0,,2.0,2.0,1.0,1.0,1.0,Thailand,4.0,,False,Female,30_39,2.0
,,2.0,,2024,,,0.0,,1,1,2.0,1.0,,,2.0,,,26.0,1.0,3.0,4.0,1.0,1.0,,,3.0,,1.0,1.0,1.0,Q5 Highest,,2.0,2.0,3.0,2.0,,,1.0,,THA,,60882768.0,4.0,1.0,1.0,,,2.0,,,0.447741876,1,1.0,2.0,2.0,,1.0,2,1.0,,128718052,East Asia & Pacific (excluding high income),4.0,,2.0,,2.0,2.0,1.0,1.0,0.0,Thailand,3.0,,False,Female,23_29,3.0
,,1.0,,2024,,,0.0,,1,1,2.0,1.0,,,,,,64.0,2.0,1.0,4.0,2.0,1.0,,,2.0,,1.0,0.0,1.0,Q3,,1.0,2.0,4.0,2.0,,,2.0,,THA,,60882768.0,4.0,0.0,2.0,,,2.0,,,1.99127415,1,1.0,1.0,2.0,,2.0,1,2.0,,128795023,East Asia & Pacific (excluding high income),4.0,,2.0,,2.0,2.0,2.0,1.0,0.0,Thailand,1.0,,False,Female,60_69,1.0
2.0,,1.0,,2024,,,0.0,,1,1,2.0,2.0,2.0,,,,,47.0,1.0,1.0,2.0,2.0,1.0,,,9.0,,1.0,1.0,4.0,Q4,,,2.0,3.0,2.0,,,1.0,,THA,,60882768.0,4.0,1.0,2.0,,,,,2.0,0.679687665,1,1.0,,1.0,,6.0,1,1.0,,128951282,East Asia & Pacific (excluding high income),4.0,,2.0,,2.0,2.0,2.0,1.0,0.0,Thailand,4.0,,False,Female,40_49,1.0
2.0,,1.0,,2024,,,1.0,,2,1,1.0,2.0,1.0,,,,,39.0,1.0,2.0,1.0,1.0,1.0,,,3.0,,,1.0,1.0,Q4,,,2.0,1.0,2.0,,2.0,1.0,,THA,,60882768.0,4.0,1.0,1.0,,,,,1.0,1.490995435,1,1.0,3.0,1.0,,2.0,1,1.0,,129095543,East Asia & Pacific (excluding high income),6.0,,2.0,,2.0,2.0,1.0,1.0,1.0,Thailand,4.0,,False,Male,30_39,2.0
2.0,,1.0,,2024,,,1.0,,1,1,2.0,1.0,1.0,,,,,45.0,2.0,3.0,1.0,2.0,1.0,,,2.0,,1.0,1.0,2.0,Q3,,1.0,1.0,5.0,2.0,,1.0,1.0,,THA,,60882768.0,4.0,0.0,2.0,,,2.0,,1.0,0.683548798,1,1.0,2.0,1.0,,3.0,1,2.0,,129135214,East Asia & Pacific (excluding high income),4.0,,2.0,,2.0,2.0,2.0,1.0,1.0,Thailand,1.0,,False,Female,40_49,3.0
1.0,,1.0,,2024,,,0.0,1.0,1,1,2.0,1.0,1.0,,,,,37.0,1.0,3.0,1.0,1.0,1.0,,,1.0,,1.0,1.0,1.0,Q5 Highest,,1.0,2.0,4.0,2.0,,2.0,1.0,,THA,,60882768.0,4.0,1.0,1.0,,,1.0,,1.0,0.587421784,1,1.0,2.0,1.0,,1.0,1,1.0,,129166147,East Asia & Pacific (excluding high income),2.0,,2.0,,2.0,2.0,1.0,1.0,1.0,Thailand,1.0,,False,Female,30_39,3.0
,,1.0,,2024,,,0.0,2.0,1,1,2.0,1.0,,,,,,46.0,1.0,2.0,4.0,1.0,1.0,,,2.0,,,0.0,1.0,Q4,,1.0,2.0,4.0,2.0,,,2.0,,THA,,60882768.0,4.0,1.0,1.0,,,1.0,,,0.135631464,1,1.0,2.0,2.0,,3.0,1,2.0,,129220901,East Asia & Pacific (excluding high income),4.0,,2.0,,2.0,2.0,1.0,1.0,1.0,Thailand,1.0,,False,Female,40_49,2.0
,,2.0,,2024,,,0.0,,1,1,2.0,2.0,,,,,,67.0,2.0,1.0,4.0,2.0,0.0,,,5.0,,,0.0,2.0,Q1 Lowest,,,2.0,1.0,2.0,,,2.0,,THA,,60882768.0,4.0,0.0,2.0,,,,,,0.42656637,1,1.0,2.0,2.0,,2.0,1,2.0,,129261688,East Asia & Pacific (excluding high income),1.0,,2.0,,2.0,2.0,2.0,1.0,0.0,Thailand,4.0,,False,Female,60_69,1.0
,,1.0,,2024,,,0.0,,1,1,2.0,2.0,,,,,,58.0,1.0,1.0,4.0,4.0,0.0,2.0,,2.0,,,0.0,2.0,Q4,,,2.0,3.0,2.0,,,2.0,,THA,,60882768.0,4.0,1.0,,,,,,,0.312879656,1,2.0,2.0,2.0,,4.0,2,4.0,,129331751,East Asia & Pacific (excluding high income),5.0,,2.0,,2.0,2.0,,2.0,0.0,Thailand,4.0,,False,Female,50_59,1.0
1.0,,1.0,,2024,,,1.0,,1,1,2.0,1.0,1.0,,,,,61.0,1.0,1.0,1.0,1.0,1.0,1.0,,3.0,,1.0,1.0,1.0,Q4,,1.0,2.0,3.0,1.0,,2.0,1.0,2.0,THA,,60882768.0,2.0,1.0,2.0,,,2.0,2.0,2.0,0.236583034,1,1.0,2.0,1.0,,3.0,1,3.0,,129657533,East Asia & Pacific (excluding high income),4.0,,2.0,,2.0,1.0,1.0,1.0,0.0,Thailand,1.0,,False,Female,60_69,1.0
1.0,,1.0,,2024,,,1.0,1.0,2,1,2.0,2.0,1.0,,,,,25.0,1.0,2.0,1.0,1.0,1.0,,,2.0,,1.0,1.0,1.0,Q5 Highest,,,1.0,3.0,2.0,,2.0,1.0,,THA,,60882768.0,4.0,1.0,1.0,,,,,1.0,0.732108113,1,1.0,3.0,1.0,,2.0,1,2.0,,129663401,East Asia & Pacific (excluding high income),4.0,,2.0,,2.0,2.0,1.0,1.0,1.0,Thailand,4.0,,False,Male,23_29,2.0
,,1.0,,2024,,,0.0,,1,1,2.0,2.0,,,,,,50.0,2.0,2.0,4.0,4.0,1.0,,,2.0,,,0.0,2.0,Q5 Highest,,,2.0,5.0,2.0,,,2.0,,THA,,60882768.0,4.0,0.0,,,,,,,0.135631464,1,2.0,1.0,2.0,,2.0,1,1.0,,129701744,East Asia & Pacific (excluding high income),4.0,,2.0,,2.0,2.0,,2.0,0.0,Thailand,4.0,,False,Female,50_59,2.0
1.0,,1.0,,2024,,,0.0,,2,1,2.0,2.0,1.0,,,,,53.0,1.0,2.0,1.0,1.0,1.0,,,1.0,,1.0,1.0,1.0,Q5 Highest,,,2.0,4.0,2.0,,2.0,1.0,,THA,2.0,60882768.0,4.0,1.0,1.0,,,,,1.0,0.827758392,1,1.0,3.0,1.0,,2.0,1,1.0,,129817164,East Asia & Pacific (excluding high income),4.0,,2.0,,2.0,2.0,1.0,1.0,1.0,Thailand,4.0,,False,Male,50_59,2.0
2.0,,1.0,,2024,,,1.0,2.0,1,1,2.0,2.0,1.0,,,,,56.0,1.0,1.0,1.0,1.0,1.0,,,4.0,,,1.0,2.0,Q3,,,1.0,4.0,1.0,,2.0,1.0,,THA,,60882768.0,4.0,1.0,1.0,,,,,1.0,0.38341234,1,1.0,1.0,1.0,,1.0,2,1.0,,129824210,East Asia & Pacific (excluding high income),2.0,,2.0,,2.0,2.0,2.0,1.0,1.0,Thailand,4.0,,False,Female,50_59,1.0
2.0,,2.0,,2024,,,1.0,2.0,1,1,2.0,2.0,2.0,,,,,22.0,1.0,1.0,1.0,4.0,1.0,,,2.0,,1.0,1.0,1.0,Q5 Highest,,,1.0,4.0,2.0,,2.0,2.0,,THA,,60882768.0,4.0,1.0,,,,,,1.0,1.296053256,1,2.0,2.0,1.0,,1.0,1,1.0,,129863037,East Asia & Pacific (excluding high income),2.0,,2.0,,2.0,2.0,,1.0,1.0,Thailand,4.0,,False,Female,18_22,1.0
2.0,,1.0,,2024,,,1.0,1.0,1,1,1.0,2.0,1.0,,,,,44.0,1.0,2.0,1.0,1.0,1.0,,,4.0,,1.0,1.0,1.0,Q4,,,1.0,4.0,2.0,,2.0,1.0,,THA,,60882768.0,4.0,1.0,1.0,,,,,1.0,1.369672285,1,1.0,2.0,1.0,,2.0,1,1.0,,129898444,East Asia & Pacific (excluding high income),4.0,,2.0,,2.0,2.0,1.0,1.0,1.0,Thailand,4.0,,False,Female,40_49,2.0
,1.0,,,2024,2.0,2.0,0.0,,2,0,,2.0,,,,,1.0,57.0,2.0,1.0,4.0,2.0,0.0,,,7.0,2.0,,0.0,,Q3,,,2.0,8.0,2.0,,,,,THA,,60882768.0,4.0,0.0,2.0,,,,,,0.728139649,0,1.0,,2.0,2.0,,2,,,129928214,East Asia & Pacific (excluding high income),4.0,,2.0,,2.0,2.0,2.0,1.0,0.0,Thailand,4.0,1.0,False,Male,50_59,1.0
,,1.0,,2024,,,1.0,,1,1,2.0,2.0,,,,,,43.0,1.0,3.0,4.0,1.0,1.0,,,2.0,,,1.0,1.0,Q3,,,2.0,1.0,2.0,,,1.0,,THA,,60882768.0,4.0,1.0,1.0,,,,,,1.065140671,1,1.0,2.0,2.0,,1.0,1,1.0,,130051422,East Asia & Pacific (excluding high income),2.0,,2.0,,2.0,2.0,2.0,1.0,0.0,Thailand,4.0,,False,Female,40_49,3.0
,,1.0,,2024,,,1.0,,1,1,2.0,1.0,,,,,,76.0,2.0,1.0,4.0,2.0,1.0,,,2.0,,2.0,0.0,2.0,Q2,,1.0,1.0,4.0,2.0,,,2.0,2.0,THA,,60882768.0,2.0,0.0,2.0,,,2.0,2.0,,0.42656637,1,1.0,1.0,2.0,,2.0,1,2.0,,130055690,East Asia & Pacific (excluding high income),2.0,,2.0,,2.0,1.0,2.0,1.0,0.0,Thailand,1.0,,False,Female,70_plus,1.0
,,2.0,,2024,,,0.0,,1,1,2.0,2.0,,,,,,25.0,2.0,1.0,4.0,4.0,1.0,2.0,,7.0,,1.0,0.0,2.0,Q3,,,2.0,4.0,2.0,,,2.0,,THA,,60882768.0,4.0,0.0,,,,,,,3.424553462,1,2.0,,2.0,,4.0,2,4.0,,130209369,East Asia & Pacific (excluding high income),3.0,,2.0,,2.0,2.0,,2.0,0.0,Thailand,4.0,,False,Female,23_29,1.0
1.0,,1.0,,2024,,,0.0,,2,1,2.0,2.0,1.0,,,,,65.0,2.0,1.0,1.0,2.0,1.0,,,7.0,,1.0,0.0,2.0,Q4,,1.0,2.0,4.0,2.0,,2.0,1.0,,THA,,60882768.0,4.0,0.0,2.0,,,2.0,,2.0,0.498620887,1,1.0,,1.0,,2.0,1,1.0,,130225373,East Asia & Pacific (excluding high income),5.0,,2.0,,1.0,2.0,2.0,2.0,0.0,Thailand,4.0,,False,Male,60_69,1.0
,,,,2024,,,0.0,,2,1,,1.0,,,1.0,,,38.0,2.0,2.0,4.0,2.0,1.0,,,2.0,,,0.0,,Q3,,2.0,2.0,3.0,2.0,,,,2.0,THA,,60882768.0,2.0,0.0,2.0,,,2.0,2.0,,0.366643227,1,1.0,1.0,2.0,,,2,,,130668264,East Asia & Pacific (excluding high income),2.0,,2.0,,2.0,1.0,2.0,1.0,0.0,Thailand,1.0,,False,Male,30_39,2.0
,,1.0,,2024,,,0.0,,1,1,2.0,1.0,,,,,,69.0,2.0,1.0,4.0,2.0,1.0,,,7.0,,,0.0,2.0,Q1 Lowest,,1.0,2.0,4.0,2.0,,,2.0,,THA,,60882768.0,4.0,0.0,2.0,,,2.0,,,0.135631464,1,1.0,,2.0,,2.0,1,2.0,,130807747,East Asia & Pacific (excluding high income),1.0,,2.0,,2.0,2.0,2.0,2.0,0.0,Thailand,1.0,,False,Female,60_69,1.0
,,1.0,,2024,,,0.0,,1,1,2.0,1.0,,,,,,85.0,2.0,1.0,4.0,2.0,0.0,2.0,,7.0,,,0.0,2.0,Q1 Lowest,,2.0,2.0,3.0,2.0,,,2.0,,THA,,60882768.0,4.0,0.0,2.0,,,2.0,,,0.135631464,1,1.0,,2.0,,4.0,2,4.0,,130835147,East Asia & Pacific (excluding high income),5.0,,2.0,,2.0,2.0,2.0,2.0,0.0,Thailand,2.0,,False,Female,70_plus,1.0
2.0,,2.0,,2024,,,1.0,1.0,2,1,2.0,2.0,1.0,,,,,25.0,1.0,2.0,1.0,1.0,1.0,,,3.0,,,1.0,4.0,Q5 Highest,,,2.0,8.0,2.0,,2.0,4.0,,THA,,60882768.0,4.0,1.0,1.0,,,,,2.0,0.610660359,1,1.0,3.0,1.0,,2.0,2,1.0,,131318513,East Asia & Pacific (excluding high income),2.0,,2.0,,2.0,2.0,1.0,1.0,1.0,Thailand,4.0,,False,Male,23_29,2.0
,,2.0,,2024,,,1.0,,1,1,2.0,1.0,,,,,,23.0,1.0,1.0,4.0,1.0,1.0,,,2.0,,,1.0,1.0,Q2,,1.0,1.0,4.0,2.0,,,1.0,2.0,THA,,60882768.0,1.0,1.0,1.0,,,2.0,1.0,,1.566293145,1,1.0,1.0,2.0,,3.0,2,1.0,,131354412,East Asia & Pacific (excluding high income),1.0,,1.0,,2.0,1.0,2.0,2.0,0.0,Thailand,1.0,,False,Female,23_29,1.0
,,1.0,,2024,,,1.0,,1,1,2.0,1.0,,,2.0,,,37.0,2.0,2.0,4.0,1.0,1.0,,,2.0,,1.0,0.0,2.0,Q4,,2.0,2.0,4.0,1.0,,,1.0,,THA,,60882768.0,4.0,0.0,1.0,,,2.0,,,1.914537934,1,1.0,1.0,2.0,,3.0,1,2.0,,131414110,East Asia & Pacific (excluding high income),1.0,,1.0,,2.0,2.0,1.0,1.0,0.0,Thailand,3.0,,False,Female,30_39,2.0
,,1.0,,2024,,,0.0,,2,1,2.0,1.0,,,,,,77.0,2.0,1.0,4.0,2.0,1.0,,,7.0,,,0.0,2.0,Q1 Lowest,,1.0,2.0,5.0,2.0,,,2.0,,THA,,60882768.0,4.0,0.0,2.0,,,2.0,,,0.135631464,1,1.0,,2.0,,2.0,2,2.0,,131420510,East Asia & Pacific (excluding high income),5.0,,2.0,,2.0,2.0,2.0,2.0,0.0,Thailand,1.0,,False,Male,70_plus,1.0
2.0,,1.0,,2024,,,1.0,,2,1,2.0,1.0,1.0,,,,,40.0,1.0,1.0,1.0,1.0,1.0,1.0,,5.0,,1.0,1.0,1.0,Q2,,1.0,1.0,3.0,1.0,,2.0,1.0,1.0,THA,,60882768.0,1.0,1.0,1.0,,,2.0,1.0,1.0,0.830915352,1,1.0,2.0,1.0,,3.0,1,3.0,,131423363,East Asia & Pacific (excluding high income),2.0,,2.0,,2.0,1.0,1.0,1.0,1.0,Thailand,1.0,,False,Male,40_49,1.0
,,2.0,,2024,,,1.0,,1,1,2.0,2.0,,,,,,51.0,2.0,1.0,4.0,1.0,1.0,2.0,,4.0,,1.0,1.0,2.0,Q5 Highest,,,1.0,4.0,2.0,,,2.0,,THA,,60882768.0,4.0,0.0,1.0,,,,,,0.602739064,1,1.0,1.0,2.0,,3.0,1,3.0,,131436621,East Asia & Pacific (excluding high income),1.0,,1.0,,2.0,2.0,2.0,1.0,0.0,Thailand,4.0,,False,Female,50_59,1.0
1.0,,1.0,,2024,,,0.0,,2,1,2.0,1.0,1.0,,,,,63.0,2.0,1.0,1.0,4.0,1.0,,,3.0,,,0.0,2.0,Q4,,1.0,2.0,1.0,2.0,,2.0,3.0,,THA,,60882768.0,4.0,0.0,,,,2.0,,2.0,1.869889041,1,2.0,3.0,1.0,,2.0,1,2.0,,131457693,East Asia & Pacific (excluding high income),3.0,,2.0,,2.0,2.0,,1.0,0.0,Thailand,1.0,,False,Male,60_69,1.0
2.0,,1.0,,2024,,,1.0,1.0,2,1,1.0,2.0,1.0,,,,,32.0,1.0,2.0,1.0,1.0,1.0,,,2.0,,1.0,1.0,1.0,Q5 Highest,,,2.0,7.0,1.0,,2.0,2.0,,THA,,60882768.0,4.0,1.0,1.0,,,,,1.0,3.019877106,1,1.0,1.0,1.0,,2.0,1,1.0,,131879244,East Asia & Pacific (excluding high income),2.0,,1.0,,2.0,2.0,1.0,1.0,1.0,Thailand,4.0,,False,Male,30_39,2.0
2.0,,2.0,,2024,,,0.0,,2,1,2.0,2.0,2.0,,,,,38.0,2.0,1.0,2.0,2.0,1.0,,,1.0,,1.0,0.0,1.0,Q4,,,2.0,5.0,2.0,,,2.0,,THA,,60882768.0,4.0,0.0,2.0,,,,,2.0,1.659881548,1,1.0,3.0,1.0,,2.0,1,3.0,,131980389,East Asia & Pacific (excluding high income),4.0,,2.0,,2.0,2.0,2.0,1.0,0.0,Thailand,4.0,,False,Male,30_39,1.0
1.0,,1.0,,2024,,,1.0,,2,1,2.0,2.0,1.0,,,,,21.0,2.0,1.0,1.0,4.0,1.0,,,2.0,,,1.0,2.0,Q4,,,2.0,4.0,2.0,,2.0,1.0,,THA,,60882768.0,4.0,0.0,,,,,,2.0,0.842747033,1,2.0,2.0,1.0,,2.0,1,1.0,,132039921,East Asia & Pacific (excluding high income),4.0,,2.0,,2.0,2.0,,2.0,0.0,Thailand,4.0,,False,Male,18_22,1.0
,,1.0,,2024,,,1.0,,1,1,2.0,1.0,,,,,,70.0,2.0,1.0,4.0,2.0,1.0,,,2.0,,2.0,0.0,2.0,Q1 Lowest,,1.0,1.0,3.0,2.0,,,2.0,,THA,,60882768.0,4.0,0.0,2.0,,,2.0,,,0.284140415,1,1.0,1.0,2.0,,4.0,2,2.0,,132052676,East Asia & Pacific (excluding high income),1.0,,2.0,,2.0,2.0,2.0,1.0,0.0,Thailand,1.0,,False,Female,70_plus,1.0
,,,,2024,,,0.0,1.0,2,1,,2.0,,,,,,47.0,1.0,,4.0,1.0,1.0,,,1.0,,1.0,1.0,,Q1 Lowest,,,2.0,6.0,2.0,,,,,THA,,60882768.0,4.0,1.0,4.0,,,,,,0.462910443,1,1.0,3.0,2.0,,,4,,,132226211,East Asia & Pacific (excluding high income),4.0,,2.0,,2.0,2.0,1.0,1.0,0.0,Thailand,4.0,,False,Male,40_49,
,,1.0,,2024,,,0.0,,1,1,2.0,2.0,,,,,,84.0,2.0,2.0,4.0,2.0,1.0,,,2.0,,,0.0,2.0,Q5 Highest,,1.0,2.0,1.0,2.0,,,2.0,,THA,,60882768.0,4.0,0.0,2.0,,,2.0,,,0.645189068,1,1.0,3.0,2.0,,2.0,1,2.0,,132241247,East Asia & Pacific (excluding high income),4.0,,2.0,,1.0,2.0,2.0,2.0,0.0,Thailand,4.0,,False,Female,70_plus,2.0
2.0,,1.0,,2024,,,1.0,1.0,2,1,1.0,2.0,1.0,,,,,29.0,1.0,2.0,1.0,1.0,1.0,,,4.0,,1.0,1.0,1.0,Q5 Highest,,,2.0,1.0,2.0,,2.0,1.0,,THA,,60882768.0,4.0,1.0,1.0,,,,,1.0,0.846753606,1,1.0,3.0,1.0,,2.0,1,1.0,,132259687,East Asia & Pacific (excluding high income),4.0,,2.0,,2.0,2.0,1.0,1.0,1.0,Thailand,4.0,,False,Male,23_29,2.0
,,1.0,,2024,,,0.0,,1,1,2.0,1.0,,,,,,80.0,1.0,1.0,4.0,2.0,1.0,,,7.0,,,0.0,1.0,Q2,,1.0,2.0,1.0,2.0,,,1.0,,THA,,60882768.0,4.0,1.0,2.0,,,2.0,,,0.147023863,1,1.0,,2.0,,2.0,1,3.0,,132283044,East Asia & Pacific (excluding high income),2.0,,2.0,,2.0,2.0,2.0,1.0,0.0,Thailand,1.0,,False,Female,70_plus,1.0
2.0,,1.0,,2024,,,1.0,1.0,1,1,2.0,1.0,1.0,,,,,41.0,1.0,2.0,1.0,1.0,1.0,,,2.0,,,1.0,1.0,Q4,,1.0,1.0,5.0,2.0,,2.0,1.0,,THA,,60882768.0,4.0,1.0,1.0,,,1.0,,1.0,0.485799082,1,1.0,1.0,1.0,,2.0,1,1.0,,132372574,East Asia & Pacific (excluding high income),3.0,,2.0,,2.0,2.0,1.0,1.0,1.0,Thailand,1.0,,False,Female,40_49,2.0
,,1.0,,2024,,,0.0,,1,1,2.0,1.0,,,,,,62.0,2.0,1.0,4.0,2.0,1.0,,,2.0,,,0.0,2.0,Q1 Lowest,,1.0,2.0,3.0,2.0,,,1.0,,THA,,60882768.0,4.0,1.0,2.0,,,2.0,,,0.238859044,1,1.0,2.0,2.0,,2.0,2,2.0,,132551153,East Asia & Pacific (excluding high income),2.0,,2.0,,1.0,2.0,2.0,2.0,0.0,Thailand,1.0,,False,Female,60_69,1.0
,,2.0,,2024,,,0.0,,2,1,2.0,2.0,,,,,,17.0,2.0,2.0,4.0,4.0,0.0,,,2.0,,,0.0,2.0,Q3,,,2.0,5.0,2.0,,,2.0,,THA,,60882768.0,4.0,0.0,,,,,,,0.510118927,1,2.0,1.0,2.0,,1.0,2,2.0,,132683205,East Asia & Pacific (excluding high income),4.0,,2.0,,2.0,2.0,,2.0,0.0,Thailand,4.0,,False,Male,17_or_less,2.0
2.0,,1.0,,2024,,,1.0,2.0,1,1,2.0,1.0,1.0,,2.0,,,46.0,1.0,2.0,1.0,1.0,1.0,,,2.0,,1.0,1.0,1.0,Q5 Highest,,2.0,1.0,4.0,2.0,,1.0,1.0,,THA,2.0,60882768.0,4.0,1.0,1.0,,,2.0,,1.0,0.449922426,1,1.0,2.0,1.0,,1.0,1,1.0,,132772149,East Asia & Pacific (excluding high income),4.0,,2.0,,2.0,2.0,2.0,1.0,1.0,Thailand,3.0,,False,Female,40_49,2.0
2.0,,1.0,,2024,,,1.0,1.0,1,1,1.0,2.0,1.0,,,,,26.0,1.0,2.0,1.0,1.0,1.0,,,4.0,,,1.0,1.0,Q5 Highest,,,2.0,4.0,1.0,,2.0,1.0,,THA,,60882768.0,4.0,1.0,1.0,,,,,1.0,0.9391292,1,1.0,3.0,1.0,,1.0,1,2.0,,132774959,East Asia & Pacific (excluding high income),2.0,,1.0,,2.0,2.0,1.0,1.0,1.0,Thailand,4.0,,False,Female,23_29,2.0
,,1.0,,2024,,,0.0,,1,1,2.0,2.0,,,,,,52.0,1.0,2.0,4.0,1.0,1.0,,,2.0,,,1.0,1.0,Q5 Highest,,,2.0,7.0,2.0,,,1.0,,THA,,60882768.0,4.0,1.0,1.0,,,,,,0.368087485,1,1.0,2.0,2.0,,1.0,2,1.0,,132836198,East Asia & Pacific (excluding high income),6.0,,2.0,,2.0,2.0,2.0,1.0,0.0,Thailand,4.0,,False,Female,50_59,2.0
,,2.0,,2024,,,0.0,,2,1,2.0,1.0,,,,,,64.0,1.0,2.0,4.0,2.0,1.0,,,2.0,,2.0,0.0,1.0,Q2,,1.0,2.0,3.0,2.0,,,2.0,2.0,THA,,60882768.0,2.0,1.0,2.0,,,2.0,2.0,,0.839056837,1,1.0,2.0,2.0,,2.0,2,2.0,,133001004,East Asia & Pacific (excluding high income),1.0,,2.0,,2.0,1.0,2.0,1.0,0.0,Thailand,1.0,,False,Male,60_69,2.0
2.0,,1.0,,2024,,,1.0,,1,1,2.0,2.0,1.0,,,,,66.0,2.0,2.0,1.0,1.0,1.0,,,4.0,,,1.0,2.0,Q4,,,2.0,4.0,1.0,,2.0,1.0,1.0,THA,2.0,60882768.0,1.0,1.0,1.0,,,,2.0,2.0,0.135631464,1,1.0,1.0,1.0,,2.0,1,2.0,,133012139,East Asia & Pacific (excluding high income),2.0,,2.0,,2.0,1.0,1.0,1.0,1.0,Thailand,4.0,,False,Female,60_69,2.0
1.0,,1.0,,2024,,,0.0,,1,1,4.0,2.0,1.0,,,,,58.0,2.0,2.0,1.0,4.0,1.0,,,1.0,,,0.0,1.0,Q5 Highest,,,2.0,1.0,2.0,,4.0,4.0,,THA,,60882768.0,4.0,1.0,,,,,,2.0,0.171576898,1,2.0,3.0,1.0,,2.0,1,1.0,,133252588,East Asia & Pacific (excluding high income),4.0,,2.0,,2.0,2.0,,1.0,0.0,Thailand,4.0,,False,Female,50_59,2.0
,,1.0,,2024,,,0.0,,1,1,2.0,2.0,,,,,,45.0,1.0,1.0,4.0,4.0,1.0,,,3.0,,,1.0,4.0,Q5 Highest,,,2.0,3.0,2.0,,,4.0,,THA,2.0,60882768.0,4.0,1.0,,,,,,,0.368087485,1,2.0,2.0,2.0,,2.0,2,2.0,,133296336,East Asia & Pacific (excluding high income),3.0,,2.0,,2.0,2.0,,1.0,0.0,Thailand,4.0,,False,Female,40_49,1.0
1.0,,1.0,,2024,,,1.0,,1,1,1.0,2.0,1.0,,,,,39.0,2.0,3.0,1.0,1.0,1.0,,,2.0,,,1.0,2.0,Q2,,,1.0,4.0,2.0,,2.0,1.0,2.0,THA,,60882768.0,2.0,1.0,1.0,,,,2.0,2.0,1.511875762,1,1.0,2.0,1.0,,3.0,1,1.0,,133376805,East Asia & Pacific (excluding high income),2.0,,2.0,,2.0,1.0,1.0,1.0,0.0,Thailand,4.0,,False,Female,30_39,3.0
2.0,,1.0,,2024,,,1.0,,1,1,1.0,2.0,1.0,,,,,61.0,1.0,1.0,1.0,1.0,1.0,,,4.0,,,1.0,2.0,Q3,,,1.0,1.0,2.0,,2.0,1.0,,THA,,60882768.0,4.0,1.0,1.0,,,,,1.0,0.542458225,1,1.0,1.0,1.0,,2.0,1,1.0,,133624478,East Asia & Pacific (excluding high income),1.0,,2.0,,2.0,2.0,1.0,1.0,1.0,Thailand,4.0,,False,Female,60_69,1.0
,,1.0,,2024,,,1.0,,1,1,2.0,1.0,,,,,,67.0,2.0,1.0,4.0,2.0,1.0,,,5.0,,1.0,0.0,2.0,Q1 Lowest,,1.0,1.0,4.0,2.0,,,1.0,2.0,THA,2.0,60882768.0,2.0,1.0,2.0,,,2.0,2.0,,1.53364936,1,1.0,1.0,2.0,,2.0,1,2.0,,133657812,East Asia & Pacific (excluding high income),3.0,,2.0,,2.0,1.0,2.0,1.0,0.0,Thailand,1.0,,False,Female,60_69,1.0
2.0,,1.0,,2024,,,1.0,,2,1,2.0,2.0,2.0,,,,,42.0,2.0,2.0,2.0,2.0,1.0,,,2.0,,,0.0,2.0,Q3,,,1.0,4.0,2.0,,,2.0,2.0,THA,,60882768.0,2.0,0.0,2.0,,,,2.0,2.0,0.927564508,1,1.0,1.0,1.0,,2.0,2,2.0,,133691763,East Asia & Pacific (excluding high income),2.0,,2.0,,2.0,1.0,2.0,1.0,0.0,Thailand,4.0,,False,Male,40_49,2.0
,,1.0,,2024,,,0.0,,2,1,2.0,2.0,,,,,,60.0,2.0,2.0,4.0,2.0,0.0,,,5.0,,,0.0,1.0,Q3,,,2.0,3.0,2.0,,,2.0,,THA,,60882768.0,4.0,0.0,2.0,,,,,,0.227229446,1,1.0,4.0,2.0,,1.0,1,1.0,,133699251,East Asia & Pacific (excluding high income),4.0,,2.0,,2.0,2.0,2.0,2.0,0.0,Thailand,4.0,,False,Male,60_69,2.0
2.0,,1.0,,2024,,,1.0,1.0,2,1,2.0,1.0,1.0,,,,,18.0,1.0,2.0,1.0,1.0,1.0,,,2.0,,1.0,1.0,1.0,Q5 Highest,,1.0,1.0,2.0,2.0,,2.0,1.0,,THA,,60882768.0,4.0,1.0,1.0,,,1.0,,1.0,1.81422937,1,1.0,2.0,1.0,,1.0,2,1.0,,133728137,East Asia & Pacific (excluding high income),2.0,,2.0,,2.0,2.0,1.0,1.0,1.0,Thailand,1.0,,False,Male,18_22,2.0
2.0,,2.0,,2024,,,0.0,,2,1,2.0,2.0,2.0,,,,,28.0,1.0,2.0,2.0,2.0,1.0,,,2.0,,,0.0,1.0,Q5 Highest,,,2.0,3.0,2.0,,,1.0,2.0,THA,,60882768.0,1.0,1.0,2.0,,,,1.0,2.0,1.505014755,1,1.0,3.0,1.0,,2.0,1,3.0,,133841739,East Asia & Pacific (excluding high income),2.0,,2.0,,2.0,1.0,2.0,1.0,0.0,Thailand,4.0,,False,Male,23_29,2.0
,,1.0,,2024,,,0.0,,1,1,2.0,1.0,,,,,,76.0,1.0,1.0,4.0,2.0,1.0,,,7.0,,,0.0,1.0,Q4,,1.0,2.0,3.0,2.0,,,2.0,,THA,,60882768.0,4.0,1.0,2.0,,,2.0,,,0.135631464,1,1.0,,2.0,,2.0,1,2.0,,133844592,East Asia & Pacific (excluding high income),5.0,,2.0,,2.0,2.0,2.0,1.0,0.0,Thailand,1.0,,False,Female,70_plus,1.0
,,1.0,,2024,,,1.0,1.0,1,1,2.0,1.0,,,,,,30.0,2.0,2.0,4.0,1.0,1.0,,,2.0,,1.0,1.0,1.0,Q2,,1.0,1.0,5.0,2.0,,,1.0,,THA,,60882768.0,4.0,1.0,1.0,,,2.0,,,1.14720394,1,1.0,1.0,2.0,,2.0,1,1.0,,133855180,East Asia & Pacific (excluding high income),2.0,,2.0,,2.0,2.0,2.0,2.0,1.0,Thailand,1.0,,False,Female,30_39,2.0
,,1.0,,2024,,,1.0,,1,1,2.0,2.0,,,,,,54.0,2.0,1.0,4.0,4.0,0.0,,,5.0,,,0.0,1.0,Q4,,,2.0,1.0,1.0,,,1.0,,THA,,60882768.0,4.0,1.0,,,,,,,0.679687665,1,2.0,2.0,2.0,,2.0,2,2.0,,133912515,East Asia & Pacific (excluding high income),4.0,,2.0,,2.0,2.0,,1.0,0.0,Thailand,4.0,,False,Female,50_59,1.0
,,1.0,,2024,,,0.0,,1,1,2.0,2.0,,,,,,80.0,2.0,1.0,4.0,4.0,0.0,,,7.0,,,0.0,2.0,Q2,,,2.0,1.0,2.0,,,2.0,,THA,,60882768.0,4.0,0.0,,,,,,,0.135631464,1,2.0,,2.0,,1.0,1,4.0,,133956821,East Asia & Pacific (excluding high income),5.0,,2.0,,2.0,2.0,,2.0,0.0,Thailand,4.0,,False,Female,70_plus,1.0
,,2.0,,2024,,,1.0,,2,1,2.0,2.0,,,,,,54.0,1.0,1.0,4.0,2.0,1.0,,,2.0,,1.0,1.0,1.0,Q5 Highest,,,2.0,3.0,1.0,,,1.0,1.0,THA,2.0,60882768.0,1.0,1.0,2.0,,,,1.0,,3.424553462,1,1.0,2.0,2.0,,1.0,1,1.0,,134212661,East Asia & Pacific (excluding high income),2.0,,2.0,,2.0,1.0,2.0,1.0,1.0,Thailand,4.0,,False,Male,50_59,1.0
2.0,,1.0,,2024,,,0.0,4.0,2,1,2.0,2.0,1.0,,,,,32.0,4.0,2.0,1.0,4.0,1.0,4.0,,9.0,,,1.0,4.0,Q3,,,4.0,3.0,2.0,,2.0,4.0,,THA,,60882768.0,5.0,0.0,,,,,,2.0,0.610660359,1,2.0,,1.0,,6.0,2,6.0,,134227689,East Asia & Pacific (excluding high income),2.0,,2.0,,2.0,4.0,,1.0,1.0,Thailand,4.0,,False,Male,30_39,2.0
1.0,,1.0,,2024,,,1.0,,1,1,2.0,1.0,1.0,,,,,48.0,2.0,2.0,1.0,2.0,1.0,1.0,,8.0,,,1.0,2.0,Q3,,1.0,1.0,4.0,2.0,,2.0,1.0,,THA,,60882768.0,4.0,0.0,2.0,,,2.0,,2.0,0.351440634,1,1.0,,1.0,,5.0,1,3.0,,134263872,East Asia & Pacific (excluding high income),4.0,,2.0,,2.0,2.0,2.0,1.0,0.0,Thailand,1.0,,False,Female,40_49,2.0
1.0,,1.0,,2024,,,1.0,,2,1,2.0,2.0,1.0,,,,,64.0,1.0,2.0,1.0,2.0,1.0,,,1.0,,1.0,0.0,1.0,Q4,,1.0,2.0,3.0,1.0,,2.0,1.0,,THA,,60882768.0,4.0,1.0,2.0,,,2.0,,2.0,0.880844485,1,1.0,3.0,1.0,,2.0,1,1.0,,134381622,East Asia & Pacific (excluding high income),4.0,,2.0,,1.0,2.0,2.0,1.0,0.0,Thailand,4.0,,False,Male,60_69,2.0
,,1.0,,2024,,,0.0,,2,1,2.0,1.0,,,,,,65.0,2.0,2.0,4.0,4.0,1.0,,,7.0,,,0.0,2.0,Q1 Lowest,,1.0,2.0,4.0,2.0,,,1.0,,THA,,60882768.0,4.0,0.0,,,,2.0,,,0.135631464,1,2.0,,2.0,,2.0,1,2.0,,134415102,East Asia & Pacific (excluding high income),2.0,,2.0,,1.0,2.0,,1.0,0.0,Thailand,1.0,,False,Male,60_69,2.0
,,2.0,,2024,,,0.0,,1,1,2.0,2.0,,,,,,55.0,1.0,1.0,4.0,2.0,0.0,1.0,,2.0,,,0.0,1.0,Q4,,,2.0,1.0,2.0,,,1.0,,THA,,60882768.0,4.0,1.0,2.0,,,,,,1.243167421,1,1.0,3.0,2.0,,3.0,2,3.0,,134531264,East Asia & Pacific (excluding high income),1.0,,2.0,,2.0,2.0,2.0,1.0,0.0,Thailand,4.0,,False,Female,50_59,1.0
,,1.0,,2024,,,0.0,,1,1,2.0,1.0,,,,,,72.0,2.0,1.0,4.0,2.0,1.0,,,2.0,,,0.0,1.0,Q2,,1.0,2.0,7.0,2.0,,,2.0,,THA,,60882768.0,4.0,0.0,2.0,,,2.0,,,0.42656637,1,1.0,3.0,2.0,,2.0,3,2.0,,134591209,East Asia & Pacific (excluding high income),1.0,,2.0,,2.0,2.0,2.0,2.0,0.0,Thailand,1.0,,False,Female,70_plus,1.0
,,2.0,,2024,,,0.0,,1,1,2.0,2.0,,,,,,55.0,1.0,1.0,4.0,2.0,0.0,,,5.0,,,0.0,1.0,Q5 Highest,,,2.0,1.0,2.0,,,1.0,,THA,,60882768.0,4.0,1.0,2.0,,,,,,0.489664262,1,1.0,3.0,2.0,,2.0,1,2.0,,134636100,East Asia & Pacific (excluding high income),4.0,,2.0,,2.0,2.0,2.0,1.0,0.0,Thailand,4.0,,False,Female,50_59,1.0
2.0,,1.0,,2024,,,0.0,1.0,1,1,2.0,2.0,2.0,,,,,58.0,1.0,2.0,1.0,4.0,1.0,1.0,,9.0,,1.0,1.0,2.0,Q4,,,2.0,6.0,2.0,,2.0,2.0,,THA,,60882768.0,4.0,1.0,,,,,,1.0,0.195208259,1,2.0,,1.0,,3.0,1,3.0,,134636743,East Asia & Pacific (excluding high income),4.0,,2.0,,2.0,2.0,,1.0,1.0,Thailand,4.0,,False,Female,50_59,2.0
2.0,,1.0,,2024,,,0.0,1.0,2,1,2.0,2.0,1.0,,,,,55.0,1.0,2.0,1.0,1.0,1.0,,,1.0,,1.0,1.0,1.0,Q5 Highest,,,2.0,1.0,2.0,,2.0,1.0,,THA,,60882768.0,4.0,1.0,1.0,,,,,1.0,0.978200781,1,1.0,3.0,1.0,,2.0,1,1.0,,134674761,East Asia & Pacific (excluding high income),4.0,,2.0,,2.0,2.0,1.0,1.0,1.0,Thailand,4.0,,False,Male,50_59,2.0
,,1.0,,2024,,,1.0,,2,1,2.0,1.0,,,,,,65.0,1.0,1.0,4.0,2.0,1.0,,,2.0,,,0.0,2.0,Q2,,1.0,2.0,1.0,1.0,,,2.0,,THA,,60882768.0,4.0,1.0,2.0,,,2.0,,,0.728139649,1,1.0,1.0,2.0,,2.0,2,2.0,,134676086,East Asia & Pacific (excluding high income),2.0,,2.0,,2.0,2.0,2.0,2.0,0.0,Thailand,1.0,,False,Male,60_69,1.0
,,1.0,,2024,,,1.0,1.0,2,1,2.0,1.0,,,,,,47.0,1.0,1.0,4.0,4.0,1.0,1.0,,2.0,,,1.0,2.0,Q3,,1.0,1.0,4.0,2.0,,,1.0,,THA,,60882768.0,4.0,1.0,,,,2.0,,,1.677726294,1,2.0,1.0,2.0,,3.0,1,3.0,,134883293,East Asia & Pacific (excluding high income),1.0,,2.0,,2.0,2.0,,1.0,1.0,Thailand,1.0,,False,Male,40_49,1.0
2.0,,1.0,,2024,,,1.0,,2,1,2.0,2.0,1.0,,,,,36.0,1.0,1.0,1.0,1.0,1.0,,,2.0,,1.0,1.0,1.0,Q3,,,1.0,1.0,2.0,,2.0,1.0,,THA,,60882768.0,4.0,1.0,1.0,,,,,2.0,2.356848544,1,1.0,2.0,1.0,,2.0,1,1.0,,134950479,East Asia & Pacific (excluding high income),3.0,,2.0,,2.0,2.0,1.0,1.0,0.0,Thailand,4.0,,False,Male,30_39,1.0
2.0,,1.0,,2024,,,1.0,,2,1,2.0,1.0,2.0,,,,,62.0,2.0,1.0,2.0,2.0,1.0,,,7.0,,1.0,1.0,2.0,Q2,,1.0,2.0,4.0,1.0,,,2.0,,THA,,60882768.0,4.0,0.0,2.0,,,2.0,,2.0,2.771359282,1,1.0,,1.0,,2.0,1,2.0,,135041238,East Asia & Pacific (excluding high income),4.0,,2.0,,2.0,2.0,2.0,1.0,0.0,Thailand,1.0,,False,Male,60_69,1.0
2.0,,1.0,,2024,,,1.0,1.0,1,1,2.0,2.0,1.0,,,,,22.0,2.0,2.0,1.0,4.0,1.0,,,2.0,,,1.0,2.0,Q3,,,1.0,4.0,2.0,,4.0,2.0,,THA,,60882768.0,4.0,1.0,,,,,,1.0,1.53872457,1,2.0,1.0,1.0,,2.0,2,2.0,,135078751,East Asia & Pacific (excluding high income),3.0,,2.0,,2.0,2.0,,1.0,1.0,Thailand,4.0,,False,Female,18_22,2.0
,,1.0,,2024,,,0.0,1.0,2,1,1.0,2.0,,,,,,20.0,1.0,2.0,4.0,2.0,1.0,,,2.0,,,1.0,1.0,Q5 Highest,,,2.0,2.0,2.0,,,1.0,,THA,,60882768.0,4.0,1.0,2.0,,,,,,0.647184838,1,1.0,3.0,2.0,,2.0,1,1.0,,135079704,East Asia & Pacific (excluding high income),3.0,,2.0,,2.0,2.0,2.0,1.0,1.0,Thailand,4.0,,False,Male,18_22,2.0
,,2.0,,2024,,,1.0,,1,1,2.0,2.0,,,,,,49.0,2.0,1.0,4.0,2.0,1.0,,,9.0,,,0.0,1.0,Q4,,,2.0,2.0,1.0,,,2.0,2.0,THA,,60882768.0,1.0,1.0,2.0,,,,1.0,,1.202575137,1,1.0,,2.0,,3.0,1,2.0,,135127672,East Asia & Pacific (excluding high income),6.0,,2.0,,2.0,1.0,2.0,1.0,0.0,Thailand,4.0,,False,Female,40_49,1.0
,,2.0,,2024,,,0.0,,1,1,2.0,1.0,,,,,,75.0,1.0,1.0,4.0,4.0,1.0,,,2.0,,,0.0,1.0,Q3,,1.0,2.0,1.0,2.0,,,2.0,,THA,,60882768.0,4.0,1.0,,,,2.0,,,0.135631464,1,2.0,2.0,2.0,,2.0,2,2.0,,135152905,East Asia & Pacific (excluding high income),1.0,,2.0,,2.0,2.0,,1.0,0.0,Thailand,1.0,,False,Female,70_plus,1.0
,,1.0,,2024,,,0.0,,1,1,2.0,1.0,,,,,,60.0,1.0,1.0,4.0,4.0,1.0,,,2.0,,,0.0,1.0,Q2,,1.0,2.0,1.0,2.0,,,2.0,,THA,,60882768.0,4.0,1.0,,,,2.0,,,0.135631464,1,2.0,1.0,2.0,,2.0,1,2.0,,135188736,East Asia & Pacific (excluding high income),1.0,,2.0,,1.0,2.0,,1.0,0.0,Thailand,1.0,,False,Female,60_69,1.0
,,1.0,,2024,,,1.0,,1,1,2.0,2.0,,,,,,59.0,1.0,2.0,4.0,1.0,1.0,,,4.0,,,1.0,2.0,Q1 Lowest,,,2.0,1.0,1.0,,,1.0,2.0,THA,,60882768.0,2.0,1.0,1.0,,,,2.0,,0.387019133,1,1.0,2.0,2.0,,3.0,1,2.0,,135343516,East Asia & Pacific (excluding high income),4.0,,2.0,,2.0,1.0,2.0,1.0,0.0,Thailand,4.0,,False,Female,50_59,2.0
,,1.0,,2024,,,1.0,1.0,1,1,2.0,1.0,,,,,,52.0,1.0,1.0,4.0,2.0,1.0,,,2.0,,1.0,1.0,1.0,Q5 Highest,,1.0,1.0,1.0,1.0,,,1.0,2.0,THA,,60882768.0,2.0,1.0,2.0,,,2.0,2.0,,1.33506234,1,1.0,3.0,2.0,,1.0,1,1.0,,135372915,East Asia & Pacific (excluding high income),5.0,,2.0,,1.0,1.0,2.0,1.0,1.0,Thailand,1.0,,False,Female,50_59,1.0
,,1.0,,2024,,,1.0,,1,1,2.0,2.0,,,,,,65.0,1.0,1.0,4.0,2.0,0.0,1.0,,2.0,,,0.0,1.0,Q5 Highest,,,1.0,4.0,2.0,,,3.0,,THA,,60882768.0,4.0,1.0,2.0,,,,,,0.27227749,1,1.0,1.0,2.0,,4.0,2,3.0,,135397759,East Asia & Pacific (excluding high income),1.0,,2.0,,2.0,2.0,2.0,1.0,0.0,Thailand,4.0,,False,Female,60_69,1.0
2.0,,1.0,,2024,,,0.0,,1,1,2.0,1.0,1.0,,,,,65.0,1.0,2.0,1.0,2.0,1.0,,,2.0,,,0.0,1.0,Q3,,1.0,2.0,1.0,2.0,,2.0,2.0,,THA,,60882768.0,4.0,1.0,2.0,,,2.0,,2.0,0.349454168,1,1.0,2.0,1.0,,2.0,1,2.0,,135587116,East Asia & Pacific (excluding high income),2.0,,2.0,,2.0,2.0,2.0,1.0,0.0,Thailand,1.0,,False,Female,60_69,2.0
,,1.0,,2024,,,0.0,,2,1,2.0,2.0,,,,,,67.0,2.0,1.0,4.0,1.0,1.0,,,4.0,,,0.0,2.0,Q1 Lowest,,,2.0,1.0,2.0,,,1.0,1.0,THA,,60882768.0,1.0,0.0,1.0,,,,2.0,,0.55474193,1,1.0,1.0,2.0,,2.0,1,2.0,,135608365,East Asia & Pacific (excluding high income),3.0,,2.0,,2.0,1.0,1.0,1.0,1.0,Thailand,4.0,,False,Male,60_69,1.0
2.0,,1.0,,2024,,,0.0,,1,1,2.0,1.0,1.0,,,,,27.0,1.0,1.0,1.0,4.0,1.0,,,1.0,,,0.0,1.0,Q2,,1.0,2.0,4.0,2.0,,2.0,1.0,,THA,,60882768.0,4.0,1.0,,,,2.0,,1.0,1.940073747,1,2.0,2.0,1.0,,2.0,1,2.0,,135784610,East Asia & Pacific (excluding high income),2.0,,2.0,,2.0,2.0,,1.0,1.0,Thailand,1.0,,False,Female,23_29,1.0
,2.0,,,2024,2.0,2.0,0.0,,1,0,,2.0,,,,,2.0,68.0,2.0,1.0,4.0,4.0,0.0,,,2.0,2.0,,0.0,,Q2,,,2.0,3.0,2.0,,,,2.0,THA,,60882768.0,2.0,0.0,,,,,2.0,,0.219738162,0,2.0,2.0,2.0,2.0,,2,,,136107343,East Asia & Pacific (excluding high income),4.0,,2.0,,2.0,1.0,,1.0,0.0,Thailand,4.0,2.0,False,Female,60_69,1.0
2.0,,1.0,,2024,,,0.0,,1,1,2.0,1.0,2.0,,,,,56.0,2.0,1.0,2.0,2.0,1.0,,,3.0,,,0.0,1.0,Q3,,1.0,2.0,3.0,2.0,,,2.0,2.0,THA,,60882768.0,2.0,0.0,2.0,,,2.0,2.0,2.0,0.135631464,1,1.0,3.0,1.0,,2.0,2,2.0,,136447321,East Asia & Pacific (excluding high income),3.0,,2.0,,2.0,1.0,2.0,1.0,0.0,Thailand,1.0,,False,Female,50_59,1.0
,,1.0,,2024,,,0.0,2.0,1,1,2.0,2.0,,,,,,26.0,2.0,2.0,4.0,1.0,1.0,,,5.0,,1.0,1.0,2.0,Q2,,,2.0,5.0,2.0,,,1.0,,THA,,60882768.0,4.0,0.0,1.0,,,,,,2.570329026,1,1.0,3.0,2.0,,1.0,2,1.0,,136661647,East Asia & Pacific (excluding high income),5.0,,2.0,,2.0,2.0,1.0,1.0,1.0,Thailand,4.0,,False,Female,23_29,2.0
,,2.0,,2024,,,1.0,,1,1,2.0,2.0,,,,,,34.0,2.0,1.0,4.0,4.0,0.0,2.0,,1.0,,,0.0,2.0,Q2,,,1.0,4.0,2.0,,,2.0,2.0,THA,,60882768.0,2.0,0.0,,,,,2.0,,1.283827884,1,2.0,3.0,2.0,,4.0,1,4.0,,136805569,East Asia & Pacific (excluding high income),2.0,,2.0,,2.0,1.0,,1.0,0.0,Thailand,4.0,,False,Female,30_39,1.0
,,1.0,,2024,,,0.0,,2,1,2.0,1.0,,,,,,65.0,1.0,1.0,4.0,2.0,0.0,,,8.0,,,0.0,2.0,Q1 Lowest,,2.0,2.0,7.0,2.0,,,3.0,,THA,2.0,60882768.0,4.0,1.0,2.0,,,2.0,,,0.271262929,1,1.0,,2.0,,2.0,1,2.0,,136918147,East Asia & Pacific (excluding high income),1.0,,2.0,,2.0,2.0,2.0,1.0,0.0,Thailand,2.0,,False,Male,60_69,1.0
,,1.0,,2024,,,1.0,1.0,2,1,2.0,2.0,,,,,,36.0,1.0,2.0,4.0,1.0,1.0,,,4.0,,,1.0,1.0,Q4,,,2.0,4.0,1.0,,,1.0,,THA,,60882768.0,4.0,1.0,1.0,,,,,,0.547975732,1,1.0,3.0,2.0,,1.0,2,1.0,,136941442,East Asia & Pacific (excluding high income),1.0,,1.0,,2.0,2.0,1.0,1.0,1.0,Thailand,4.0,,False,Male,30_39,2.0
2.0,,2.0,,2024,,,1.0,,2,1,2.0,2.0,2.0,,,,,64.0,2.0,1.0,2.0,2.0,0.0,,,3.0,,,0.0,2.0,Q1 Lowest,,,1.0,4.0,2.0,,,2.0,,THA,,60882768.0,4.0,0.0,2.0,,,,,2.0,0.573605707,1,1.0,1.0,1.0,,4.0,1,2.0,,137080608,East Asia & Pacific (excluding high income),1.0,,2.0,,2.0,2.0,2.0,1.0,0.0,Thailand,4.0,,False,Male,60_69,1.0
,,3.0,,2024,,,1.0,1.0,1,1,1.0,2.0,,,,,,32.0,1.0,1.0,4.0,1.0,1.0,,,2.0,,,1.0,2.0,Q3,,,1.0,7.0,2.0,,,1.0,,THA,,60882768.0,4.0,1.0,1.0,,,,,,1.121941154,1,1.0,3.0,2.0,,1.0,1,3.0,,137316808,East Asia & Pacific (excluding high income),2.0,,2.0,,2.0,2.0,2.0,2.0,1.0,Thailand,4.0,,False,Female,30_39,1.0
,,1.0,,2024,,,1.0,,1,1,2.0,1.0,,,,,,51.0,2.0,1.0,4.0,2.0,1.0,1.0,,2.0,,,1.0,1.0,Q1 Lowest,,2.0,1.0,4.0,2.0,,,1.0,,THA,,60882768.0,4.0,0.0,2.0,,,2.0,,,1.290080262,1,1.0,2.0,2.0,,3.0,1,3.0,,137416878,East Asia & Pacific (excluding high income),2.0,,2.0,,2.0,2.0,2.0,2.0,0.0,Thailand,2.0,,False,Female,50_59,1.0
,,1.0,,2024,,,1.0,,2,1,2.0,2.0,,,,,,65.0,1.0,1.0,4.0,1.0,0.0,,,7.0,,,1.0,1.0,Q1 Lowest,,,2.0,3.0,1.0,,,1.0,,THA,,60882768.0,4.0,1.0,1.0,,,,,,2.425075476,1,1.0,,2.0,,2.0,1,3.0,,137474755,East Asia & Pacific (excluding high income),2.0,,2.0,,2.0,2.0,2.0,1.0,0.0,Thailand,4.0,,False,Male,60_69,1.0
,,1.0,,2024,,,0.0,,1,1,2.0,1.0,,,,,,68.0,2.0,1.0,4.0,2.0,1.0,,,2.0,,,1.0,1.0,Q4,,1.0,2.0,4.0,2.0,,,2.0,,THA,,60882768.0,4.0,1.0,2.0,,,2.0,,,0.641394138,1,1.0,2.0,2.0,,2.0,2,4.0,,137525698,East Asia & Pacific (excluding high income),3.0,,2.0,,2.0,2.0,2.0,1.0,0.0,Thailand,1.0,,False,Female,60_69,1.0
2.0,,1.0,,2024,,,1.0,,1,1,2.0,1.0,2.0,,,,,65.0,1.0,1.0,2.0,2.0,1.0,,,8.0,,,0.0,1.0,Q4,,1.0,2.0,4.0,1.0,,,1.0,,THA,,60882768.0,4.0,1.0,2.0,,,2.0,,2.0,0.236583034,1,1.0,,1.0,,2.0,1,2.0,,137589435,East Asia & Pacific (excluding high income),4.0,,2.0,,2.0,2.0,2.0,1.0,0.0,Thailand,1.0,,False,Female,60_69,1.0
,,1.0,,2024,,,0.0,1.0,1,1,2.0,2.0,,,,,,51.0,1.0,2.0,4.0,1.0,1.0,,,1.0,,1.0,1.0,1.0,Q5 Highest,,,2.0,3.0,2.0,,,2.0,,THA,,60882768.0,4.0,1.0,1.0,,,,,,0.94246822,1,1.0,3.0,2.0,,2.0,1,1.0,,137615280,East Asia & Pacific (excluding high income),4.0,,2.0,,2.0,2.0,1.0,1.0,1.0,Thailand,4.0,,False,Female,50_59,2.0
,,1.0,,2024,,,1.0,1.0,2,1,1.0,1.0,,,,,,63.0,1.0,2.0,4.0,1.0,1.0,,,1.0,,1.0,1.0,1.0,Q5 Highest,,1.0,2.0,3.0,2.0,,,1.0,,THA,,60882768.0,4.0,1.0,1.0,,,1.0,,,0.326066927,1,1.0,3.0,2.0,,2.0,1,1.0,,137931866,East Asia & Pacific (excluding high income),4.0,,2.0,,1.0,2.0,1.0,2.0,1.0,Thailand,1.0,,False,Male,60_69,2.0
2.0,,1.0,,2024,,,0.0,,1,1,2.0,1.0,2.0,,,,,72.0,1.0,1.0,2.0,2.0,1.0,,,1.0,,,0.0,1.0,Q1 Lowest,,1.0,2.0,3.0,2.0,,,2.0,,THA,,60882768.0,4.0,1.0,2.0,,,2.0,,2.0,0.345363758,1,1.0,1.0,1.0,,2.0,1,2.0,,138027371,East Asia & Pacific (excluding high income),3.0,,2.0,,2.0,2.0,2.0,1.0,0.0,Thailand,1.0,,False,Female,70_plus,1.0
2.0,,1.0,,2024,,,0.0,,1,1,2.0,2.0,1.0,,,,,48.0,2.0,1.0,1.0,2.0,1.0,,,4.0,,2.0,0.0,2.0,Q5 Highest,,,2.0,4.0,2.0,,2.0,1.0,,THA,,60882768.0,4.0,0.0,2.0,,,,,2.0,0.602739064,1,1.0,1.0,1.0,,2.0,1,2.0,,138046622,East Asia & Pacific (excluding high income),1.0,,2.0,,2.0,2.0,2.0,1.0,0.0,Thailand,4.0,,False,Female,40_49,1.0
,,1.0,,2024,,,0.0,,2,1,2.0,1.0,,,,,,65.0,2.0,1.0,4.0,2.0,1.0,,,4.0,,,0.0,1.0,Q1 Lowest,,1.0,2.0,2.0,2.0,,,2.0,,THA,,60882768.0,4.0,1.0,2.0,,,2.0,,,1.239466202,1,1.0,1.0,2.0,,2.0,2,3.0,,138073272,East Asia & Pacific (excluding high income),4.0,,2.0,,1.0,2.0,2.0,2.0,0.0,Thailand,1.0,,False,Male,60_69,1.0
1.0,,1.0,,2024,,,0.0,,1,1,2.0,1.0,1.0,,,,,27.0,1.0,2.0,1.0,4.0,1.0,,,1.0,,1.0,1.0,1.0,Q3,,1.0,2.0,6.0,2.0,,2.0,1.0,,THA,,60882768.0,4.0,1.0,,,,2.0,,2.0,2.838386143,1,2.0,3.0,1.0,,2.0,1,2.0,,138323362,East Asia & Pacific (excluding high income),4.0,,2.0,,2.0,2.0,,1.0,0.0,Thailand,1.0,,False,Female,23_29,2.0
,,1.0,,2024,,,0.0,,2,1,2.0,1.0,,,,,,64.0,2.0,1.0,4.0,2.0,1.0,,,8.0,,,0.0,2.0,Q1 Lowest,,1.0,2.0,3.0,2.0,,,2.0,,THA,2.0,60882768.0,4.0,1.0,2.0,,,2.0,,,0.135631464,1,1.0,,2.0,,2.0,2,2.0,,138496368,East Asia & Pacific (excluding high income),2.0,,2.0,,2.0,2.0,2.0,1.0,0.0,Thailand,1.0,,False,Male,60_69,1.0
,,1.0,,2024,,,0.0,1.0,1,1,2.0,2.0,,,,,,46.0,1.0,1.0,4.0,4.0,1.0,1.0,,3.0,,,1.0,2.0,Q2,,,2.0,4.0,2.0,,,1.0,,THA,2.0,60882768.0,4.0,1.0,,,,,,,0.446593874,1,2.0,1.0,2.0,,3.0,1,3.0,,138619472,East Asia & Pacific (excluding high income),1.0,,2.0,,2.0,2.0,,1.0,1.0,Thailand,4.0,,False,Female,40_49,1.0
,2.0,,,2024,2.0,1.0,0.0,,2,0,,2.0,,,,,2.0,22.0,2.0,2.0,4.0,4.0,0.0,,,1.0,1.0,,0.0,,Q4,,,2.0,2.0,2.0,,,,,THA,,60882768.0,4.0,0.0,,,,,,,3.314163978,0,2.0,2.0,2.0,2.0,,4,,,138698114,East Asia & Pacific (excluding high income),4.0,,2.0,,2.0,2.0,,2.0,0.0,Thailand,4.0,2.0,False,Male,18_22,2.0
,2.0,,,2024,2.0,2.0,0.0,,1,0,,2.0,,,,,2.0,36.0,2.0,1.0,4.0,2.0,0.0,,,2.0,2.0,,0.0,,Q5 Highest,,,2.0,3.0,2.0,,,,,THA,2.0,60882768.0,4.0,1.0,2.0,,,,,,1.186865286,0,1.0,2.0,2.0,1.0,,2,,,138964256,East Asia & Pacific (excluding high income),4.0,,2.0,,2.0,2.0,2.0,1.0,0.0,Thailand,4.0,1.0,False,Female,30_39,1.0
2.0,,1.0,,2024,,,0.0,,2,1,2.0,1.0,2.0,,,,,71.0,2.0,1.0,2.0,2.0,1.0,,,8.0,,,0.0,2.0,Q1 Lowest,,1.0,2.0,4.0,2.0,,,2.0,,THA,,60882768.0,4.0,0.0,2.0,,,2.0,,2.0,0.135631464,1,1.0,,1.0,,2.0,2,2.0,,138982340,East Asia & Pacific (excluding high income),3.0,,2.0,,2.0,2.0,2.0,1.0,0.0,Thailand,1.0,,False,Male,70_plus,1.0
,,1.0,,2024,,,0.0,,1,1,2.0,1.0,,,,,,58.0,2.0,1.0,4.0,2.0,1.0,,,7.0,,,0.0,2.0,Q1 Lowest,,1.0,2.0,5.0,2.0,,,2.0,,THA,,60882768.0,4.0,0.0,2.0,,,2.0,,,2.131024542,1,1.0,,2.0,,2.0,1,2.0,,138995960,East Asia & Pacific (excluding high income),6.0,,2.0,,2.0,2.0,2.0,1.0,0.0,Thailand,1.0,,False,Female,50_59,1.0
,,1.0,,2024,,,0.0,,1,1,2.0,1.0,,,,,,72.0,2.0,1.0,4.0,2.0,1.0,,,2.0,,,0.0,2.0,Q2,,1.0,2.0,3.0,2.0,,,2.0,,THA,,60882768.0,4.0,0.0,2.0,,,2.0,,,0.477718088,1,1.0,2.0,2.0,,2.0,2,2.0,,139070425,East Asia & Pacific (excluding high income),2.0,,2.0,,2.0,2.0,2.0,1.0,0.0,Thailand,1.0,,False,Female,70_plus,1.0
,1.0,,,2024,1.0,2.0,1.0,,1,0,,2.0,,,,,1.0,18.0,2.0,1.0,4.0,4.0,0.0,,,2.0,2.0,,0.0,,Q2,,,1.0,4.0,2.0,,,,,THA,,60882768.0,4.0,0.0,,,,,,,1.667857371,0,2.0,1.0,2.0,1.0,,2,,,139178431,East Asia & Pacific (excluding high income),1.0,,2.0,,2.0,2.0,,1.0,0.0,Thailand,4.0,1.0,False,Female,18_22,1.0
,1.0,,,2024,1.0,1.0,0.0,,2,0,,2.0,,,,,2.0,52.0,2.0,1.0,4.0,2.0,0.0,,,5.0,2.0,,0.0,,Q5 Highest,,,2.0,1.0,2.0,,,,,THA,,60882768.0,4.0,1.0,2.0,,,,,,0.937140734,0,1.0,3.0,2.0,2.0,,2,,,139189995,East Asia & Pacific (excluding high income),5.0,,2.0,,2.0,2.0,2.0,1.0,0.0,Thailand,4.0,2.0,False,Male,50_59,1.0
,,1.0,,2024,,,0.0,,2,1,2.0,2.0,,,,,,75.0,1.0,1.0,4.0,4.0,0.0,,,2.0,,,0.0,2.0,Q5 Highest,,,2.0,4.0,2.0,,,2.0,,THA,,60882768.0,4.0,1.0,,,,,,,0.135631464,1,2.0,2.0,2.0,,2.0,2,4.0,,139352973,East Asia & Pacific (excluding high income),3.0,,2.0,,2.0,2.0,,2.0,0.0,Thailand,4.0,,False,Male,70_plus,1.0
,,2.0,,2024,,,0.0,,1,1,2.0,1.0,,,,,,73.0,1.0,1.0,4.0,4.0,1.0,,,5.0,,,0.0,2.0,Q1 Lowest,,1.0,2.0,1.0,2.0,,,2.0,2.0,THA,,60882768.0,2.0,1.0,,,,2.0,2.0,,0.42656637,1,2.0,2.0,2.0,,2.0,2,2.0,,139402600,East Asia & Pacific (excluding high income),5.0,,2.0,,2.0,1.0,,2.0,0.0,Thailand,1.0,,False,Female,70_plus,1.0
,,1.0,,2024,,,1.0,1.0,1,1,2.0,1.0,,,,,,49.0,2.0,1.0,4.0,1.0,1.0,,,7.0,,1.0,0.0,2.0,Q3,,1.0,1.0,4.0,2.0,,,1.0,,THA,,60882768.0,4.0,1.0,1.0,,,2.0,,,2.495020656,1,1.0,,2.0,,2.0,1,1.0,,139640840,East Asia & Pacific (excluding high income),1.0,,2.0,,2.0,2.0,1.0,1.0,1.0,Thailand,1.0,,False,Female,40_49,1.0
2.0,,1.0,,2024,,,1.0,,1,1,2.0,1.0,1.0,,,,,61.0,1.0,2.0,1.0,1.0,1.0,,,9.0,,,1.0,4.0,Q5 Highest,,1.0,2.0,4.0,1.0,,2.0,1.0,,THA,,60882768.0,4.0,1.0,1.0,,,2.0,,2.0,0.247735421,1,1.0,,1.0,,2.0,1,2.0,,139688198,East Asia & Pacific (excluding high income),6.0,,2.0,,2.0,2.0,1.0,1.0,0.0,Thailand,1.0,,False,Female,60_69,2.0
2.0,,1.0,,2024,,,0.0,1.0,2,1,2.0,2.0,2.0,,,,,47.0,1.0,1.0,3.0,1.0,1.0,2.0,,2.0,,,1.0,2.0,Q5 Highest,,,2.0,5.0,2.0,,,2.0,,THA,2.0,60882768.0,4.0,1.0,2.0,,,,,2.0,0.456171107,1,1.0,2.0,1.0,,6.0,1,4.0,,139810751,East Asia & Pacific (excluding high income),4.0,,2.0,2.0,2.0,2.0,1.0,1.0,1.0,Thailand,4.0,,False,Male,40_49,1.0
1.0,,1.0,,2024,,,0.0,1.0,2,1,2.0,1.0,1.0,,,,,42.0,1.0,2.0,1.0,1.0,1.0,,,1.0,,,1.0,1.0,Q5 Highest,,1.0,2.0,3.0,2.0,,1.0,2.0,,THA,,60882768.0,4.0,1.0,1.0,,,3.0,,1.0,0.829940774,1,1.0,1.0,1.0,,2.0,2,1.0,,139895290,East Asia & Pacific (excluding high income),4.0,,2.0,,1.0,2.0,1.0,1.0,1.0,Thailand,1.0,,False,Male,40_49,2.0
1.0,,1.0,,2024,,,1.0,,1,1,2.0,2.0,1.0,,,,,58.0,1.0,3.0,1.0,1.0,1.0,,,2.0,,1.0,1.0,1.0,Q4,,,1.0,4.0,2.0,,1.0,1.0,,THA,2.0,60882768.0,4.0,1.0,1.0,,,,,1.0,0.553518069,1,1.0,2.0,1.0,,2.0,1,1.0,,139957337,East Asia & Pacific (excluding high income),3.0,,2.0,,2.0,2.0,2.0,1.0,1.0,Thailand,4.0,,False,Female,50_59,3.0
,,1.0,,2024,,,1.0,1.0,1,1,2.0,1.0,,,,,,32.0,2.0,2.0,4.0,1.0,1.0,,,2.0,,1.0,1.0,2.0,Q2,,1.0,1.0,3.0,2.0,,,1.0,,THA,,60882768.0,4.0,1.0,1.0,,,2.0,,,1.662827025,1,1.0,1.0,2.0,,3.0,2,1.0,,139976116,East Asia & Pacific (excluding high income),2.0,,2.0,,2.0,2.0,2.0,1.0,1.0,Thailand,1.0,,False,Female,30_39,2.0
,,2.0,,2024,,,0.0,,1,1,2.0,1.0,,,,,,72.0,2.0,1.0,4.0,2.0,1.0,,,2.0,,,0.0,2.0,Q4,,1.0,2.0,1.0,2.0,,,2.0,,THA,,60882768.0,4.0,0.0,2.0,,,2.0,,,0.135631464,1,1.0,1.0,2.0,,2.0,1,2.0,,139992120,East Asia & Pacific (excluding high income),1.0,,2.0,,2.0,2.0,2.0,2.0,0.0,Thailand,1.0,,False,Female,70_plus,1.0
,,1.0,,2024,,,0.0,,1,1,2.0,1.0,,,,,,74.0,2.0,1.0,4.0,2.0,1.0,,,7.0,,,0.0,2.0,Q1 Lowest,,1.0,2.0,6.0,2.0,,,2.0,,THA,,60882768.0,4.0,0.0,2.0,,,2.0,,,0.135631464,1,1.0,,2.0,,4.0,2,1.0,,140398309,East Asia & Pacific (excluding high income),4.0,,2.0,,1.0,2.0,2.0,2.0,0.0,Thailand,1.0,,False,Female,70_plus,1.0
2.0,,1.0,,2024,,,1.0,,2,1,2.0,1.0,2.0,,,,,54.0,2.0,1.0,2.0,2.0,1.0,2.0,,3.0,,,0.0,1.0,Q3,,1.0,1.0,4.0,1.0,,,2.0,2.0,THA,,60882768.0,2.0,0.0,2.0,,,2.0,2.0,2.0,1.042618296,1,1.0,2.0,1.0,,4.0,1,4.0,,140469470,East Asia & Pacific (excluding high income),2.0,,2.0,,2.0,1.0,2.0,1.0,0.0,Thailand,1.0,,False,Male,50_59,1.0
,,2.0,,2024,,,0.0,,2,1,2.0,1.0,,,,,,84.0,2.0,1.0,4.0,2.0,1.0,2.0,,8.0,,,0.0,1.0,Q1 Lowest,,1.0,2.0,3.0,2.0,,,2.0,,THA,,60882768.0,4.0,0.0,2.0,,,2.0,,,0.562277255,1,1.0,,2.0,,4.0,2,4.0,,140652235,East Asia & Pacific (excluding high income),4.0,,2.0,,2.0,2.0,2.0,2.0,0.0,Thailand,1.0,,False,Male,70_plus,1.0
,,1.0,,2024,,,0.0,,1,1,2.0,1.0,,,,,,67.0,4.0,1.0,4.0,2.0,1.0,,,1.0,,,0.0,1.0,Q5 Highest,,1.0,2.0,8.0,2.0,,,4.0,,THA,,60882768.0,4.0,1.0,2.0,,,2.0,,,0.135631464,1,1.0,3.0,2.0,,1.0,4,1.0,,140714550,East Asia & Pacific (excluding high income),4.0,,2.0,,2.0,2.0,2.0,1.0,0.0,Thailand,1.0,,False,Female,60_69,1.0
2.0,,1.0,,2024,,,1.0,1.0,2,1,2.0,1.0,1.0,,,,,25.0,1.0,2.0,1.0,1.0,1.0,,,4.0,,,1.0,1.0,Q3,,1.0,2.0,1.0,2.0,,1.0,1.0,,THA,,60882768.0,4.0,1.0,1.0,,,1.0,,1.0,2.287439117,1,1.0,2.0,1.0,,2.0,1,3.0,,140715263,East Asia & Pacific (excluding high income),2.0,,2.0,,2.0,2.0,1.0,1.0,1.0,Thailand,1.0,,False,Male,23_29,2.0
,,1.0,,2024,,,0.0,,1,1,2.0,2.0,,,,,,74.0,1.0,1.0,4.0,2.0,1.0,,,2.0,,,0.0,1.0,Q5 Highest,,1.0,2.0,1.0,2.0,,,2.0,,THA,,60882768.0,4.0,1.0,2.0,,,2.0,,,2.875685924,1,1.0,2.0,2.0,,2.0,2,2.0,,140720281,East Asia & Pacific (excluding high income),1.0,,2.0,,1.0,2.0,2.0,2.0,0.0,Thailand,4.0,,False,Female,70_plus,1.0
,,1.0,,2024,,,0.0,,2,1,2.0,1.0,,,,,,65.0,2.0,1.0,4.0,4.0,1.0,,,2.0,,,0.0,2.0,Q2,,1.0,2.0,2.0,2.0,,,3.0,2.0,THA,,60882768.0,2.0,0.0,,,,2.0,2.0,,1.285851678,1,2.0,2.0,2.0,,2.0,1,3.0,,141087917,East Asia & Pacific (excluding high income),1.0,,2.0,,2.0,1.0,,1.0,0.0,Thailand,1.0,,False,Male,60_69,1.0
2.0,,1.0,,2024,,,0.0,,1,1,2.0,2.0,1.0,,,,,43.0,2.0,2.0,1.0,4.0,1.0,,,2.0,,,0.0,2.0,Q2,,,2.0,5.0,2.0,,2.0,1.0,,THA,,60882768.0,4.0,0.0,,,,,,2.0,0.738115893,1,2.0,1.0,1.0,,1.0,1,2.0,,141162607,East Asia & Pacific (excluding high income),1.0,,2.0,,2.0,2.0,,1.0,0.0,Thailand,4.0,,False,Female,40_49,2.0
,,1.0,,2024,,,0.0,,2,1,2.0,1.0,,,,,,72.0,2.0,1.0,4.0,2.0,1.0,,,7.0,,,1.0,2.0,Q1 Lowest,,1.0,2.0,4.0,2.0,,,2.0,,THA,,60882768.0,4.0,0.0,2.0,,,2.0,,,0.619733101,1,1.0,,2.0,,3.0,1,2.0,,141287316,East Asia & Pacific (excluding high income),1.0,,2.0,,2.0,2.0,2.0,1.0,0.0,Thailand,1.0,,False,Male,70_plus,1.0
2.0,,,,2024,,,0.0,1.0,1,1,,1.0,1.0,,,,,19.0,1.0,1.0,1.0,4.0,1.0,,,5.0,,,1.0,,Q2,,1.0,2.0,7.0,2.0,,2.0,,,THA,,60882768.0,4.0,1.0,,,,1.0,,1.0,0.756760119,1,2.0,1.0,1.0,,,2,,,141422508,East Asia & Pacific (excluding high income),5.0,,2.0,,2.0,2.0,,1.0,1.0,Thailand,1.0,,False,Female,18_22,1.0
1.0,,1.0,,2024,,,1.0,1.0,1,1,2.0,2.0,1.0,,,,,31.0,1.0,2.0,1.0,4.0,1.0,,,2.0,,1.0,1.0,1.0,Q4,,,1.0,1.0,1.0,,2.0,1.0,,THA,,60882768.0,4.0,1.0,,,,,,1.0,1.688853949,1,2.0,2.0,1.0,,1.0,2,1.0,,141435536,East Asia & Pacific (excluding high income),3.0,,1.0,,2.0,2.0,,1.0,1.0,Thailand,4.0,,False,Female,30_39,2.0
,2.0,,,2024,2.0,2.0,1.0,,1,0,,2.0,,,,,1.0,18.0,2.0,2.0,4.0,2.0,0.0,,,2.0,2.0,,0.0,,Q1 Lowest,,,1.0,4.0,2.0,,,,,THA,,60882768.0,4.0,0.0,2.0,,,,,,1.306404406,0,1.0,2.0,2.0,2.0,,2,,,141745302,East Asia & Pacific (excluding high income),1.0,,2.0,,2.0,2.0,2.0,1.0,0.0,Thailand,4.0,1.0,False,Female,18_22,2.0
,2.0,,,2024,2.0,2.0,0.0,,2,0,,2.0,,,,,2.0,50.0,2.0,1.0,4.0,2.0,0.0,,,2.0,2.0,,0.0,,Q1 Lowest,,,2.0,4.0,2.0,,,,,THA,,60882768.0,4.0,1.0,2.0,,,,,,1.074172953,0,1.0,3.0,2.0,2.0,,2,,,141839533,East Asia & Pacific (excluding high income),4.0,,2.0,,2.0,2.0,2.0,1.0,0.0,Thailand,4.0,2.0,False,Male,50_59,1.0
1.0,,1.0,,2024,,,0.0,1.0,2,1,2.0,2.0,1.0,,,,,50.0,2.0,2.0,1.0,4.0,1.0,,,8.0,,,1.0,2.0,Q5 Highest,,,2.0,6.0,2.0,,2.0,1.0,2.0,THA,,60882768.0,2.0,1.0,,,,,2.0,1.0,0.231281354,1,2.0,,1.0,,1.0,1,1.0,,142131722,East Asia & Pacific (excluding high income),4.0,,2.0,,2.0,1.0,,1.0,1.0,Thailand,4.0,,False,Male,50_59,2.0
,,1.0,,2024,,,0.0,,1,1,2.0,2.0,,,,,,58.0,2.0,1.0,4.0,2.0,0.0,,,5.0,,,0.0,2.0,Q1 Lowest,,,2.0,4.0,2.0,,,2.0,2.0,THA,,60882768.0,2.0,0.0,2.0,,,,2.0,,2.131024542,1,1.0,1.0,2.0,,4.0,1,2.0,,142173440,East Asia & Pacific (excluding high income),3.0,,2.0,,2.0,1.0,2.0,1.0,0.0,Thailand,4.0,,False,Female,50_59,1.0
2.0,,1.0,,2024,,,0.0,1.0,1,1,2.0,1.0,1.0,,2.0,,,32.0,1.0,1.0,1.0,1.0,1.0,,,1.0,,,1.0,2.0,Q4,,2.0,2.0,3.0,2.0,,2.0,1.0,,THA,,60882768.0,4.0,1.0,1.0,,,2.0,,2.0,0.970036873,1,1.0,3.0,1.0,,1.0,1,1.0,,142179546,East Asia & Pacific (excluding high income),2.0,,2.0,,2.0,2.0,1.0,1.0,1.0,Thailand,3.0,,False,Female,30_39,1.0
,,1.0,,2024,,,0.0,,1,1,2.0,2.0,,,,,,77.0,2.0,1.0,4.0,4.0,0.0,,,7.0,,,0.0,1.0,Q1 Lowest,,,2.0,1.0,2.0,,,2.0,,THA,,60882768.0,4.0,0.0,,,,,,,0.135631464,1,2.0,,2.0,,2.0,2,2.0,,142532480,East Asia & Pacific (excluding high income),5.0,,2.0,,3.0,2.0,,1.0,0.0,Thailand,4.0,,False,Female,70_plus,1.0
,,1.0,,2024,,,1.0,,1,1,2.0,1.0,,,,,,62.0,1.0,2.0,4.0,2.0,1.0,,,2.0,,,1.0,2.0,Q1 Lowest,,1.0,2.0,1.0,1.0,,,2.0,,THA,,60882768.0,4.0,1.0,2.0,,,2.0,,,0.495470843,1,1.0,1.0,2.0,,2.0,1,2.0,,142556435,East Asia & Pacific (excluding high income),1.0,,2.0,,2.0,2.0,2.0,2.0,0.0,Thailand,1.0,,False,Female,60_69,2.0
,,2.0,,2024,,,0.0,1.0,1,1,2.0,2.0,,,,,,18.0,1.0,1.0,4.0,1.0,1.0,,,1.0,,1.0,1.0,1.0,Q5 Highest,,,2.0,3.0,2.0,,,1.0,,THA,,60882768.0,4.0,1.0,1.0,,,,,,0.465014568,1,1.0,3.0,2.0,,2.0,2,2.0,,142817248,East Asia & Pacific (excluding high income),2.0,,2.0,,2.0,2.0,1.0,2.0,1.0,Thailand,4.0,,False,Female,18_22,1.0
,,1.0,,2024,,,0.0,,1,1,2.0,1.0,,,,,,67.0,2.0,1.0,4.0,2.0,1.0,,,2.0,,1.0,0.0,2.0,Q4,,1.0,2.0,4.0,2.0,,,2.0,,THA,,60882768.0,4.0,0.0,2.0,,,2.0,,,0.320697069,1,1.0,1.0,2.0,,2.0,1,2.0,,142819460,East Asia & Pacific (excluding high income),3.0,,2.0,,2.0,2.0,2.0,1.0,0.0,Thailand,1.0,,False,Female,60_69,1.0
2.0,,,,2024,,,1.0,,2,1,,1.0,2.0,,,,,38.0,2.0,1.0,1.0,2.0,1.0,,,2.0,,,0.0,,Q4,,1.0,1.0,1.0,2.0,,2.0,,,THA,,60882768.0,4.0,0.0,2.0,,,2.0,,1.0,0.324874109,1,1.0,1.0,1.0,,,2,,,142938051,East Asia & Pacific (excluding high income),1.0,,2.0,,2.0,2.0,2.0,1.0,1.0,Thailand,1.0,,False,Male,30_39,1.0
2.0,,2.0,,2024,,,0.0,,1,1,2.0,2.0,2.0,,,,,42.0,2.0,1.0,2.0,1.0,1.0,1.0,,3.0,,,0.0,1.0,Q5 Highest,,,2.0,1.0,2.0,,,2.0,,THA,,60882768.0,4.0,1.0,2.0,,,,,2.0,0.393064592,1,1.0,2.0,1.0,,4.0,1,3.0,,142939980,East Asia & Pacific (excluding high income),5.0,,2.0,,2.0,2.0,1.0,1.0,0.0,Thailand,4.0,,False,Female,40_49,1.0
,,1.0,,2024,,,1.0,,1,1,2.0,1.0,,,,,,84.0,1.0,1.0,4.0,2.0,1.0,,,2.0,,1.0,0.0,1.0,Q1 Lowest,,1.0,1.0,6.0,2.0,,,2.0,,THA,,60882768.0,4.0,1.0,2.0,,,2.0,,,0.208743243,1,1.0,3.0,2.0,,2.0,1,2.0,,143109969,East Asia & Pacific (excluding high income),4.0,,2.0,,2.0,2.0,2.0,2.0,0.0,Thailand,1.0,,False,Female,70_plus,1.0
,,1.0,,2024,,,0.0,,1,1,2.0,1.0,,,,,,58.0,1.0,1.0,4.0,2.0,1.0,,,5.0,,,0.0,1.0,Q1 Lowest,,1.0,2.0,2.0,2.0,,,1.0,2.0,THA,,60882768.0,2.0,1.0,2.0,,,2.0,2.0,,0.710341514,1,1.0,1.0,2.0,,2.0,2,4.0,,143375602,East Asia & Pacific (excluding high income),3.0,,2.0,,2.0,1.0,2.0,1.0,0.0,Thailand,1.0,,False,Female,50_59,1.0
,,2.0,,2024,,,0.0,2.0,1,1,2.0,3.0,,,,,,15.0,2.0,1.0,4.0,2.0,1.0,,,1.0,,,1.0,1.0,Q4,,,2.0,4.0,2.0,,,2.0,,THA,,60882768.0,4.0,0.0,2.0,,,,,,0.686096432,1,1.0,2.0,2.0,,2.0,2,3.0,,143382280,East Asia & Pacific (excluding high income),3.0,,2.0,,2.0,2.0,2.0,2.0,1.0,Thailand,5.0,,False,Female,17_or_less,1.0
,,1.0,,2024,,,1.0,,1,1,2.0,2.0,,,,,,59.0,2.0,2.0,4.0,1.0,1.0,,,4.0,,,1.0,2.0,Q2,,,2.0,2.0,1.0,,,1.0,1.0,THA,2.0,60882768.0,1.0,1.0,1.0,,,,2.0,,0.495470843,1,1.0,2.0,2.0,,2.0,1,1.0,,143385979,East Asia & Pacific (excluding high income),1.0,,2.0,,2.0,1.0,1.0,1.0,1.0,Thailand,4.0,,False,Female,50_59,2.0
,,1.0,,2024,,,0.0,,2,1,2.0,1.0,,,,,,69.0,2.0,1.0,4.0,2.0,1.0,,,2.0,,,0.0,2.0,Q1 Lowest,,1.0,2.0,1.0,2.0,,,2.0,,THA,,60882768.0,4.0,0.0,2.0,,,2.0,,,0.57912399,1,1.0,1.0,2.0,,2.0,2,2.0,,143657444,East Asia & Pacific (excluding high income),2.0,,2.0,,1.0,2.0,2.0,1.0,0.0,Thailand,1.0,,False,Male,60_69,1.0
,,1.0,,2024,,,0.0,,1,1,2.0,2.0,,,,,,73.0,2.0,1.0,4.0,4.0,0.0,,,2.0,,,0.0,1.0,Q1 Lowest,,,2.0,7.0,2.0,,,1.0,,THA,,60882768.0,4.0,0.0,,,,,,,0.286873942,1,2.0,1.0,2.0,,2.0,1,3.0,,143721375,East Asia & Pacific (excluding high income),2.0,,2.0,,2.0,2.0,,1.0,0.0,Thailand,4.0,,False,Female,70_plus,1.0
1.0,,1.0,,2024,,,1.0,1.0,2,1,2.0,2.0,1.0,,,,,54.0,1.0,1.0,1.0,1.0,1.0,,,2.0,,1.0,1.0,1.0,Q5 Highest,,,2.0,5.0,2.0,,2.0,1.0,,THA,,60882768.0,4.0,1.0,1.0,,,,,1.0,0.432125595,1,1.0,3.0,1.0,,2.0,1,2.0,,143971181,East Asia & Pacific (excluding high income),4.0,,2.0,,2.0,2.0,1.0,1.0,1.0,Thailand,4.0,,False,Male,50_59,1.0
,1.0,,,2024,1.0,2.0,0.0,,1,0,,1.0,,,2.0,,2.0,85.0,2.0,1.0,4.0,4.0,0.0,,,7.0,2.0,,0.0,,Q1 Lowest,,3.0,2.0,3.0,2.0,,,,,THA,,60882768.0,4.0,0.0,,,,2.0,,,0.230242505,0,2.0,,2.0,2.0,,2,,,144118042,East Asia & Pacific (excluding high income),4.0,,2.0,,2.0,2.0,,2.0,0.0,Thailand,3.0,2.0,False,Female,70_plus,1.0
,,1.0,,2024,,,1.0,,2,1,2.0,1.0,,,,,,63.0,2.0,1.0,4.0,2.0,1.0,,,2.0,,,1.0,2.0,Q1 Lowest,,1.0,2.0,4.0,2.0,,,2.0,,THA,,60882768.0,4.0,0.0,2.0,,,2.0,,,0.135631464,1,1.0,1.0,2.0,,2.0,2,2.0,,144186715,East Asia & Pacific (excluding high income),1.0,,2.0,,2.0,2.0,2.0,2.0,0.0,Thailand,1.0,,False,Male,60_69,1.0
,,2.0,,2024,,,0.0,,1,1,2.0,1.0,,,2.0,,,49.0,2.0,2.0,4.0,2.0,0.0,2.0,,2.0,,,0.0,2.0,Q3,,2.0,2.0,4.0,2.0,,,2.0,,THA,,60882768.0,4.0,0.0,2.0,,,2.0,,,0.320962037,1,1.0,1.0,2.0,,4.0,2,4.0,,144402912,East Asia & Pacific (excluding high income),1.0,,2.0,,2.0,2.0,2.0,1.0,0.0,Thailand,3.0,,False,Female,40_49,2.0
2.0,,2.0,,2024,,,0.0,1.0,2,1,2.0,2.0,1.0,,,,,17.0,1.0,1.0,1.0,4.0,1.0,,,1.0,,,1.0,1.0,Q4,,,2.0,4.0,2.0,,2.0,1.0,,THA,,60882768.0,4.0,1.0,,,,,,2.0,1.209486247,1,2.0,2.0,1.0,,1.0,1,1.0,,144492504,East Asia & Pacific (excluding high income),3.0,,2.0,,2.0,2.0,,1.0,1.0,Thailand,4.0,,False,Male,17_or_less,1.0
2.0,,1.0,,2024,,,0.0,,1,1,2.0,2.0,1.0,,,,,40.0,2.0,1.0,1.0,1.0,1.0,,,3.0,,1.0,1.0,1.0,Q5 Highest,,,2.0,5.0,2.0,,1.0,1.0,,THA,,60882768.0,4.0,1.0,1.0,,,,,1.0,3.424553462,1,1.0,2.0,1.0,,6.0,1,1.0,,144788991,East Asia & Pacific (excluding high income),4.0,,2.0,,2.0,2.0,1.0,1.0,1.0,Thailand,4.0,,False,Female,40_49,1.0
2.0,,,,2024,,,0.0,,2,1,,2.0,1.0,,,,,44.0,2.0,1.0,1.0,4.0,1.0,,,5.0,,1.0,0.0,,Q4,,,2.0,4.0,2.0,,2.0,,,THA,,60882768.0,4.0,0.0,,,,,,2.0,0.927564508,1,2.0,1.0,1.0,,,2,,,144815906,East Asia & Pacific (excluding high income),1.0,,2.0,,2.0,2.0,,1.0,0.0,Thailand,4.0,,False,Male,40_49,1.0
2.0,,1.0,,2024,,,1.0,,1,1,2.0,1.0,1.0,,,,,52.0,1.0,1.0,1.0,2.0,1.0,,,2.0,,1.0,0.0,2.0,Q2,,1.0,1.0,4.0,2.0,,2.0,1.0,,THA,,60882768.0,4.0,1.0,2.0,,,2.0,,2.0,3.424553462,1,1.0,2.0,1.0,,2.0,2,3.0,,144851781,East Asia & Pacific (excluding high income),1.0,,2.0,,1.0,2.0,2.0,1.0,0.0,Thailand,1.0,,False,Female,50_59,1.0
2.0,,1.0,,2024,,,1.0,,2,1,2.0,1.0,2.0,,,,,66.0,2.0,1.0,2.0,4.0,1.0,,,2.0,,,0.0,2.0,Q3,,1.0,2.0,3.0,1.0,,,2.0,2.0,THA,,60882768.0,2.0,0.0,,,,2.0,2.0,2.0,1.285851678,1,2.0,2.0,1.0,,2.0,1,2.0,,144893819,East Asia & Pacific (excluding high income),2.0,,2.0,,2.0,1.0,,1.0,0.0,Thailand,1.0,,False,Male,60_69,1.0
2.0,,1.0,,2024,,,0.0,,1,1,2.0,1.0,2.0,,2.0,,,54.0,1.0,1.0,2.0,2.0,0.0,,,4.0,,,0.0,1.0,Q3,,2.0,2.0,1.0,2.0,,,2.0,,THA,,60882768.0,4.0,1.0,2.0,,,2.0,,2.0,0.72061025,1,1.0,3.0,1.0,,2.0,1,3.0,,144939886,East Asia & Pacific (excluding high income),2.0,,2.0,,2.0,2.0,2.0,1.0,0.0,Thailand,3.0,,False,Female,50_59,1.0
2.0,,1.0,,2024,,,0.0,1.0,2,1,2.0,2.0,1.0,,,,,47.0,1.0,3.0,1.0,1.0,1.0,,,1.0,,1.0,1.0,1.0,Q5 Highest,,,2.0,1.0,2.0,,2.0,1.0,,THA,,60882768.0,4.0,1.0,1.0,,,,,1.0,0.743537384,1,1.0,3.0,1.0,,2.0,1,1.0,,144960536,East Asia & Pacific (excluding high income),4.0,,2.0,,2.0,2.0,1.0,2.0,1.0,Thailand,4.0,,False,Male,40_49,3.0
,,1.0,,2024,,,1.0,1.0,1,1,2.0,1.0,,,,,,40.0,1.0,3.0,4.0,1.0,1.0,,,2.0,,1.0,1.0,1.0,Q3,,1.0,1.0,5.0,2.0,,,1.0,,THA,,60882768.0,4.0,1.0,1.0,,,2.0,,,0.90221729,1,1.0,1.0,2.0,,1.0,1,1.0,,145079983,East Asia & Pacific (excluding high income),2.0,,2.0,,2.0,2.0,2.0,1.0,1.0,Thailand,1.0,,False,Female,40_49,3.0
,,,,2024,,,0.0,,2,1,,1.0,,,,,,65.0,2.0,1.0,4.0,4.0,1.0,,,7.0,,,0.0,,Q1 Lowest,,1.0,2.0,5.0,2.0,,,,,THA,,60882768.0,4.0,0.0,,,,2.0,,,0.135631464,1,2.0,,2.0,,,2,,,145093411,East Asia & Pacific (excluding high income),1.0,,2.0,,2.0,2.0,,2.0,0.0,Thailand,1.0,,False,Male,60_69,1.0
,,1.0,,2024,,,0.0,,1,1,2.0,1.0,,,,,,70.0,2.0,1.0,4.0,1.0,1.0,,,2.0,,,0.0,2.0,Q4,,1.0,2.0,6.0,2.0,,,2.0,2.0,THA,,60882768.0,2.0,0.0,2.0,,,2.0,2.0,,0.503966111,1,1.0,2.0,2.0,,2.0,1,1.0,,145144631,East Asia & Pacific (excluding high income),2.0,,2.0,,2.0,1.0,1.0,1.0,0.0,Thailand,1.0,,False,Female,70_plus,1.0
,,1.0,,2024,,,0.0,,1,1,2.0,2.0,,,,,,78.0,2.0,1.0,4.0,4.0,1.0,,,2.0,,,0.0,2.0,Q4,,,2.0,4.0,2.0,,,2.0,,THA,,60882768.0,4.0,0.0,,,,,,,0.441071588,1,2.0,3.0,2.0,,4.0,1,2.0,,145212109,East Asia & Pacific (excluding high income),4.0,,2.0,,2.0,2.0,,2.0,0.0,Thailand,4.0,,False,Female,70_plus,1.0
,,2.0,,2024,,,1.0,1.0,2,1,1.0,2.0,,,,,,27.0,1.0,2.0,4.0,1.0,1.0,,,5.0,,1.0,1.0,1.0,Q5 Highest,,,2.0,7.0,2.0,,,1.0,1.0,THA,,60882768.0,1.0,1.0,1.0,,,,1.0,,0.454827199,1,1.0,3.0,2.0,,1.0,1,1.0,,145232482,East Asia & Pacific (excluding high income),4.0,,2.0,,2.0,1.0,1.0,1.0,1.0,Thailand,4.0,,False,Male,23_29,2.0
2.0,,1.0,,2024,,,1.0,1.0,2,1,1.0,2.0,1.0,,,,,31.0,2.0,3.0,1.0,1.0,1.0,,,2.0,,1.0,1.0,1.0,Q5 Highest,,,1.0,1.0,2.0,,2.0,1.0,,THA,,60882768.0,4.0,1.0,1.0,,,,,1.0,0.836648027,1,1.0,2.0,1.0,,2.0,2,1.0,,145242034,East Asia & Pacific (excluding high income),4.0,,2.0,,2.0,2.0,1.0,1.0,1.0,Thailand,4.0,,False,Male,30_39,3.0
,,2.0,,2024,,,0.0,1.0,2,1,2.0,2.0,,,,,,18.0,1.0,2.0,4.0,4.0,1.0,,,2.0,,,0.0,1.0,Q5 Highest,,,2.0,6.0,2.0,,,1.0,,THA,,60882768.0,4.0,1.0,,,,,,,1.209486247,1,2.0,2.0,2.0,,1.0,2,1.0,,145461208,East Asia & Pacific (excluding high income),2.0,,2.0,,2.0,2.0,,2.0,1.0,Thailand,4.0,,False,Male,18_22,2.0
,1.0,,,2024,2.0,1.0,0.0,,2,0,,2.0,,,,,1.0,64.0,2.0,1.0,4.0,4.0,0.0,,,2.0,1.0,2.0,0.0,,Q1 Lowest,,,2.0,1.0,2.0,,,,,THA,,60882768.0,4.0,1.0,,,,,,,1.239466202,0,2.0,2.0,2.0,1.0,,2,,,145524718,East Asia & Pacific (excluding high income),2.0,,2.0,,2.0,2.0,,1.0,0.0,Thailand,4.0,2.0,False,Male,60_69,1.0
2.0,,1.0,,2024,,,1.0,1.0,2,1,2.0,1.0,1.0,,,,,29.0,1.0,2.0,1.0,1.0,1.0,,,3.0,,,1.0,1.0,Q2,,1.0,1.0,4.0,1.0,,2.0,2.0,2.0,THA,,60882768.0,2.0,1.0,1.0,,,1.0,2.0,1.0,2.076654795,1,1.0,1.0,1.0,,4.0,2,1.0,,145793508,East Asia & Pacific (excluding high income),4.0,,2.0,,1.0,1.0,1.0,1.0,1.0,Thailand,1.0,,False,Male,23_29,2.0
2.0,1.0,,,2024,1.0,2.0,0.0,,2,0,,2.0,2.0,,,,2.0,48.0,2.0,1.0,2.0,4.0,0.0,,,3.0,2.0,,0.0,,Q4,,,2.0,4.0,2.0,,,,,THA,,60882768.0,4.0,0.0,,,,,,2.0,0.990345968,0,2.0,3.0,1.0,2.0,,2,,,145838070,East Asia & Pacific (excluding high income),2.0,,2.0,,2.0,2.0,,1.0,0.0,Thailand,4.0,1.0,False,Male,40_49,1.0
,,2.0,,2024,,,0.0,,2,1,2.0,2.0,,,,,,37.0,1.0,1.0,4.0,1.0,1.0,,,1.0,,1.0,1.0,1.0,Q5 Highest,,,2.0,3.0,2.0,,,1.0,,THA,,60882768.0,4.0,1.0,1.0,,,,,,1.712783454,1,1.0,2.0,2.0,,1.0,2,1.0,,146165176,East Asia & Pacific (excluding high income),4.0,,2.0,,2.0,2.0,1.0,1.0,0.0,Thailand,4.0,,False,Male,30_39,1.0
,,1.0,,2024,,,1.0,1.0,1,1,1.0,2.0,,,,,,41.0,1.0,3.0,4.0,1.0,1.0,,,3.0,,1.0,1.0,1.0,Q5 Highest,,,1.0,5.0,2.0,,,1.0,2.0,THA,,60882768.0,1.0,1.0,1.0,,,,1.0,,3.424553462,1,1.0,2.0,2.0,,1.0,2,1.0,,146276808,East Asia & Pacific (excluding high income),4.0,,2.0,,2.0,1.0,1.0,1.0,1.0,Thailand,4.0,,False,Female,40_49,3.0
,,,,2024,,,0.0,,2,1,,2.0,,,,,,70.0,2.0,1.0,4.0,2.0,0.0,,,7.0,,,0.0,,Q1 Lowest,,,2.0,1.0,2.0,,,,2.0,THA,,60882768.0,1.0,0.0,2.0,1.0,,,2.0,,0.234535512,1,1.0,,2.0,,,2,,,146370678,East Asia & Pacific (excluding high income),5.0,,2.0,,2.0,1.0,2.0,1.0,0.0,Thailand,4.0,,False,Male,70_plus,1.0
,,1.0,,2024,,,1.0,2.0,1,1,2.0,2.0,,,,,,27.0,1.0,3.0,4.0,4.0,1.0,,,1.0,,,1.0,1.0,Q2,,,2.0,2.0,1.0,,,2.0,,THA,,60882768.0,4.0,1.0,,,,,,,0.994210948,1,2.0,2.0,2.0,,2.0,2,2.0,,146390997,East Asia & Pacific (excluding high income),4.0,,1.0,,2.0,2.0,,1.0,1.0,Thailand,4.0,,False,Female,23_29,3.0
,,2.0,,2024,,,0.0,,1,1,2.0,1.0,,,,,,56.0,2.0,1.0,4.0,2.0,1.0,,,7.0,,,0.0,2.0,Q4,,1.0,2.0,1.0,2.0,,,2.0,2.0,THA,,60882768.0,2.0,0.0,2.0,,,2.0,2.0,,0.494374999,1,1.0,,2.0,,2.0,1,2.0,,146413434,East Asia & Pacific (excluding high income),1.0,,2.0,,2.0,1.0,2.0,2.0,0.0,Thailand,1.0,,False,Female,50_59,1.0
1.0,,1.0,,2024,,,1.0,2.0,1,1,1.0,1.0,1.0,,,,,32.0,2.0,1.0,1.0,1.0,1.0,,,3.0,,,1.0,2.0,Q2,,1.0,1.0,4.0,2.0,,2.0,1.0,,THA,,60882768.0,4.0,0.0,1.0,,,2.0,,2.0,3.424553462,1,1.0,2.0,1.0,,2.0,1,1.0,,146533765,East Asia & Pacific (excluding high income),1.0,,1.0,,2.0,2.0,2.0,1.0,1.0,Thailand,1.0,,False,Female,30_39,1.0
,,1.0,,2024,,,1.0,,1,1,2.0,2.0,,,,,,45.0,2.0,3.0,4.0,1.0,1.0,,,2.0,,1.0,1.0,2.0,Q4,,,1.0,4.0,2.0,,,1.0,,THA,1.0,60882768.0,4.0,1.0,1.0,,,,,,0.224961213,1,1.0,1.0,2.0,,1.0,2,1.0,,146764521,East Asia & Pacific (excluding high income),1.0,,1.0,,2.0,2.0,2.0,1.0,0.0,Thailand,4.0,,False,Female,40_49,3.0
1.0,,1.0,,2024,,,0.0,,2,1,2.0,2.0,1.0,,,,,59.0,2.0,1.0,1.0,4.0,1.0,,,8.0,,,0.0,2.0,Q4,,,2.0,1.0,2.0,,2.0,2.0,,THA,,60882768.0,4.0,0.0,,,,,,2.0,0.47030481,1,2.0,,1.0,,2.0,2,2.0,,146853946,East Asia & Pacific (excluding high income),2.0,,2.0,,2.0,2.0,,1.0,0.0,Thailand,4.0,,False,Male,50_59,1.0
,2.0,,,2024,1.0,2.0,0.0,1.0,1,1,,2.0,,,,,2.0,60.0,1.0,2.0,4.0,2.0,1.0,,,9.0,2.0,,0.0,,Q5 Highest,,,2.0,8.0,2.0,,,,,THA,,60882768.0,4.0,1.0,2.0,,,,,,0.135631464,0,1.0,,2.0,2.0,,2,,,147032086,East Asia & Pacific (excluding high income),3.0,,2.0,,2.0,2.0,2.0,2.0,1.0,Thailand,4.0,2.0,False,Female,60_69,2.0
,,1.0,,2024,,,1.0,,1,1,2.0,1.0,,,,,,43.0,2.0,1.0,4.0,2.0,1.0,1.0,,4.0,,,0.0,1.0,Q4,,1.0,1.0,4.0,1.0,,,2.0,,THA,2.0,60882768.0,4.0,1.0,2.0,,,2.0,,,0.267720034,1,1.0,1.0,2.0,,3.0,1,3.0,,147112191,East Asia & Pacific (excluding high income),4.0,,2.0,,2.0,2.0,2.0,1.0,0.0,Thailand,1.0,,False,Female,40_49,1.0
,,2.0,,2024,,,0.0,,1,1,2.0,1.0,,,,,,70.0,2.0,1.0,4.0,4.0,1.0,,,2.0,,1.0,0.0,1.0,Q1 Lowest,,1.0,2.0,1.0,2.0,,,1.0,,THA,,60882768.0,4.0,0.0,,,,1.0,,,0.300320386,1,2.0,2.0,2.0,,2.0,1,3.0,,147598402,East Asia & Pacific (excluding high income),6.0,,2.0,,2.0,2.0,,2.0,1.0,Thailand,1.0,,False,Female,70_plus,1.0
2.0,,1.0,,2024,,,1.0,,2,1,2.0,1.0,1.0,,,,,29.0,1.0,3.0,1.0,1.0,1.0,,,3.0,,,1.0,2.0,Q5 Highest,,1.0,1.0,4.0,1.0,,1.0,1.0,,THA,,60882768.0,4.0,1.0,1.0,,,1.0,,1.0,0.846753606,1,1.0,2.0,1.0,,2.0,1,2.0,,147667093,East Asia & Pacific (excluding high income),2.0,,1.0,,2.0,2.0,1.0,1.0,1.0,Thailand,1.0,,False,Male,23_29,3.0
,,1.0,,2024,,,0.0,,1,1,2.0,1.0,,,,,,69.0,2.0,1.0,4.0,2.0,1.0,,,2.0,,,0.0,2.0,Q4,,1.0,2.0,4.0,2.0,,,2.0,2.0,THA,,60882768.0,2.0,0.0,2.0,,,2.0,2.0,,0.135631464,1,1.0,2.0,2.0,,2.0,1,2.0,,147951442,East Asia & Pacific (excluding high income),4.0,,2.0,,2.0,1.0,2.0,1.0,0.0,Thailand,1.0,,False,Female,60_69,1.0
,,1.0,,2024,,,0.0,,1,1,2.0,2.0,,,,,,49.0,1.0,2.0,4.0,1.0,1.0,1.0,,1.0,,1.0,1.0,1.0,Q2,,,2.0,3.0,2.0,,,1.0,2.0,THA,,60882768.0,2.0,1.0,1.0,,,,2.0,,0.244591453,1,1.0,3.0,2.0,,3.0,1,3.0,,148017665,East Asia & Pacific (excluding high income),4.0,,2.0,,2.0,1.0,2.0,1.0,0.0,Thailand,4.0,,False,Female,40_49,2.0
2.0,,1.0,,2024,,,1.0,1.0,2,1,1.0,2.0,1.0,,,,,35.0,1.0,2.0,1.0,1.0,1.0,,,2.0,,1.0,1.0,1.0,Q5 Highest,,,1.0,3.0,1.0,,1.0,1.0,,THA,,60882768.0,4.0,1.0,1.0,,,,,1.0,0.572780198,1,1.0,1.0,1.0,,1.0,2,1.0,,148078695,East Asia & Pacific (excluding high income),2.0,,2.0,,2.0,2.0,1.0,1.0,1.0,Thailand,4.0,,False,Male,30_39,2.0
,,2.0,,2024,,,0.0,,1,1,2.0,1.0,,,,,,65.0,2.0,1.0,4.0,4.0,1.0,,,2.0,,,0.0,2.0,Q3,,1.0,2.0,4.0,2.0,,,2.0,,THA,,60882768.0,4.0,0.0,,,,2.0,,,0.135631464,1,2.0,1.0,2.0,,2.0,1,2.0,,148285081,East Asia & Pacific (excluding high income),1.0,,2.0,,1.0,2.0,,2.0,0.0,Thailand,1.0,,False,Female,60_69,1.0
2.0,,1.0,,2024,,,0.0,1.0,2,1,2.0,2.0,1.0,,,,,27.0,1.0,2.0,1.0,1.0,1.0,,,2.0,,,1.0,1.0,Q5 Highest,,,2.0,4.0,2.0,,2.0,1.0,,THA,,60882768.0,4.0,1.0,1.0,,,,,2.0,0.781781512,1,1.0,2.0,1.0,,1.0,2,1.0,,148344670,East Asia & Pacific (excluding high income),4.0,,2.0,,2.0,2.0,1.0,1.0,1.0,Thailand,4.0,,False,Male,23_29,2.0
1.0,,1.0,,2024,,,1.0,2.0,2,1,2.0,1.0,1.0,,,,,32.0,2.0,3.0,1.0,1.0,1.0,,,2.0,,,1.0,1.0,Q3,,1.0,1.0,4.0,2.0,,2.0,1.0,,THA,,60882768.0,4.0,1.0,1.0,,,2.0,,2.0,1.201668744,1,1.0,2.0,1.0,,1.0,2,2.0,,148500735,East Asia & Pacific (excluding high income),3.0,,2.0,,2.0,2.0,1.0,1.0,1.0,Thailand,1.0,,False,Male,30_39,3.0
,,2.0,,2024,,,1.0,,1,1,2.0,1.0,,,,,,45.0,1.0,1.0,4.0,1.0,1.0,,,2.0,,2.0,1.0,2.0,Q4,,1.0,1.0,4.0,2.0,,,1.0,,THA,,60882768.0,4.0,1.0,1.0,,,2.0,,,0.752123667,1,1.0,2.0,2.0,,2.0,2,2.0,,148568224,East Asia & Pacific (excluding high income),1.0,,2.0,,2.0,2.0,2.0,2.0,0.0,Thailand,1.0,,False,Female,40_49,1.0
2.0,,1.0,,2024,,,1.0,,1,1,2.0,1.0,2.0,,,,,55.0,2.0,1.0,2.0,4.0,1.0,1.0,,2.0,,,0.0,2.0,Q2,,1.0,1.0,4.0,2.0,,,2.0,,THA,,60882768.0,4.0,0.0,,,,2.0,,2.0,0.135631464,1,2.0,2.0,1.0,,4.0,1,4.0,,148829187,East Asia & Pacific (excluding high income),1.0,,2.0,,2.0,2.0,,1.0,0.0,Thailand,1.0,,False,Female,50_59,1.0
1.0,,1.0,,2024,,,1.0,1.0,2,1,1.0,1.0,1.0,,,,,47.0,1.0,2.0,1.0,1.0,1.0,,,3.0,,,1.0,1.0,Q5 Highest,,1.0,2.0,3.0,1.0,,2.0,1.0,,THA,1.0,60882768.0,4.0,1.0,1.0,,,1.0,,1.0,1.655516784,1,1.0,2.0,1.0,,2.0,1,1.0,,148845267,East Asia & Pacific (excluding high income),2.0,,1.0,,2.0,2.0,1.0,1.0,1.0,Thailand,1.0,,False,Male,40_49,2.0
,,1.0,,2024,,,1.0,,2,1,2.0,1.0,,,,,,63.0,2.0,1.0,4.0,2.0,1.0,,,2.0,,1.0,1.0,1.0,Q3,,1.0,2.0,3.0,2.0,,,1.0,,THA,,60882768.0,4.0,1.0,2.0,,,2.0,,,0.404653863,1,1.0,3.0,2.0,,2.0,2,2.0,,148990563,East Asia & Pacific (excluding high income),4.0,,2.0,,2.0,2.0,2.0,2.0,0.0,Thailand,1.0,,False,Male,60_69,1.0
2.0,,2.0,,2024,,,1.0,1.0,1,1,2.0,2.0,1.0,,,,,18.0,1.0,1.0,1.0,4.0,1.0,1.0,,2.0,,,1.0,1.0,Q5 Highest,,,1.0,4.0,2.0,,2.0,1.0,,THA,,60882768.0,4.0,1.0,,,,,,2.0,1.70699133,1,2.0,2.0,1.0,,3.0,1,3.0,,149018438,East Asia & Pacific (excluding high income),1.0,,2.0,,2.0,2.0,,2.0,1.0,Thailand,4.0,,False,Female,18_22,1.0
,,1.0,,2024,,,1.0,,1,1,2.0,2.0,,,,,,40.0,2.0,1.0,4.0,2.0,0.0,,,2.0,,,0.0,1.0,Q2,,,1.0,4.0,2.0,,,1.0,2.0,THA,,60882768.0,2.0,0.0,2.0,,,,2.0,,0.713246652,1,1.0,2.0,2.0,,2.0,2,2.0,,149039645,East Asia & Pacific (excluding high income),4.0,,2.0,,2.0,1.0,2.0,2.0,0.0,Thailand,4.0,,False,Female,40_49,1.0
2.0,,2.0,,2024,,,0.0,1.0,2,1,2.0,2.0,1.0,,,,,36.0,4.0,2.0,1.0,1.0,1.0,1.0,,9.0,,,1.0,4.0,Q3,,,4.0,8.0,2.0,,2.0,4.0,,THA,,60882768.0,4.0,1.0,1.0,,,,,2.0,3.424553462,1,1.0,,1.0,,6.0,2,6.0,,149108561,East Asia & Pacific (excluding high income),5.0,,2.0,,2.0,2.0,1.0,1.0,1.0,Thailand,4.0,,False,Male,30_39,2.0
1.0,,2.0,,2024,,,1.0,,2,1,2.0,2.0,1.0,,,,,54.0,1.0,2.0,1.0,1.0,1.0,,,3.0,,,1.0,1.0,Q3,,,1.0,1.0,1.0,,4.0,1.0,,THA,,60882768.0,4.0,1.0,1.0,,,,,1.0,0.19996721,1,1.0,5.0,1.0,,1.0,2,1.0,,149157174,East Asia & Pacific (excluding high income),3.0,,2.0,,2.0,2.0,1.0,1.0,1.0,Thailand,4.0,,False,Male,50_59,2.0
2.0,,2.0,,2024,,,0.0,,2,1,2.0,2.0,1.0,,,,,20.0,1.0,2.0,1.0,1.0,1.0,,,1.0,,1.0,1.0,1.0,Q5 Highest,,,2.0,4.0,2.0,,2.0,1.0,1.0,THA,,60882768.0,1.0,1.0,1.0,,,,1.0,1.0,2.588739352,1,1.0,2.0,1.0,,1.0,2,1.0,,149386686,East Asia & Pacific (excluding high income),4.0,,1.0,,2.0,1.0,1.0,1.0,1.0,Thailand,4.0,,False,Male,18_22,2.0
,,1.0,,2024,,,0.0,,2,1,2.0,1.0,,,,,,85.0,2.0,1.0,4.0,2.0,1.0,,,7.0,,,0.0,2.0,Q2,,1.0,2.0,1.0,2.0,,,2.0,,THA,,60882768.0,4.0,0.0,2.0,,,2.0,,,0.135631464,1,1.0,,2.0,,2.0,1,2.0,,149409659,East Asia & Pacific (excluding high income),5.0,,2.0,,2.0,2.0,2.0,1.0,0.0,Thailand,1.0,,False,Male,70_plus,1.0
2.0,,1.0,,2024,,,0.0,,2,1,2.0,1.0,2.0,,,,,67.0,1.0,1.0,2.0,2.0,1.0,,,1.0,,,0.0,2.0,Q2,,1.0,2.0,1.0,2.0,,,1.0,2.0,THA,,60882768.0,2.0,1.0,2.0,,,2.0,2.0,2.0,0.310631912,1,1.0,1.0,1.0,,2.0,1,2.0,,149425403,East Asia & Pacific (excluding high income),4.0,,2.0,,2.0,1.0,2.0,1.0,0.0,Thailand,1.0,,False,Male,60_69,1.0
,,1.0,,2024,,,0.0,,1,1,2.0,1.0,,,,,,59.0,1.0,1.0,4.0,2.0,1.0,,,2.0,,,0.0,2.0,Q2,,1.0,2.0,4.0,2.0,,,2.0,2.0,THA,2.0,60882768.0,2.0,1.0,2.0,,,2.0,2.0,,0.42656637,1,1.0,2.0,2.0,,2.0,1,3.0,,149702239,East Asia & Pacific (excluding high income),5.0,,2.0,,2.0,1.0,2.0,2.0,0.0,Thailand,1.0,,False,Female,50_59,1.0
,,1.0,,2024,,,1.0,,1,1,2.0,1.0,,,,,,46.0,2.0,1.0,4.0,4.0,1.0,2.0,,2.0,,2.0,0.0,2.0,Q5 Highest,,1.0,1.0,5.0,2.0,,,2.0,,THA,,60882768.0,4.0,0.0,,,,2.0,,,0.135631464,1,2.0,2.0,2.0,,3.0,2,3.0,,149783545,East Asia & Pacific (excluding high income),2.0,,2.0,,2.0,2.0,,1.0,0.0,Thailand,1.0,,False,Female,40_49,1.0
,1.0,,,2024,2.0,1.0,1.0,,1,0,,2.0,,,,,2.0,55.0,2.0,3.0,4.0,2.0,0.0,,,4.0,2.0,,0.0,,Q3,,,2.0,3.0,2.0,,,,,THA,,60882768.0,4.0,0.0,2.0,,,,,,0.24246213,0,1.0,1.0,2.0,1.0,,2,,,150029495,East Asia & Pacific (excluding high income),4.0,,2.0,,2.0,2.0,2.0,1.0,0.0,Thailand,4.0,1.0,False,Female,50_59,3.0
2.0,,2.0,,2024,,,0.0,4.0,2,1,2.0,1.0,1.0,,,,,36.0,4.0,1.0,1.0,1.0,1.0,4.0,,2.0,,,1.0,4.0,Q4,,1.0,2.0,3.0,2.0,,2.0,1.0,,THA,,60882768.0,4.0,1.0,1.0,,,1.0,,2.0,1.16463717,1,1.0,3.0,1.0,,6.0,1,6.0,,150092065,East Asia & Pacific (excluding high income),4.0,,2.0,,2.0,2.0,2.0,1.0,1.0,Thailand,1.0,,False,Male,30_39,1.0
2.0,,1.0,,2024,,,1.0,1.0,1,1,2.0,1.0,1.0,,2.0,,,16.0,1.0,1.0,1.0,4.0,1.0,,,2.0,,,1.0,2.0,Q4,,2.0,1.0,4.0,2.0,,2.0,1.0,,THA,,60882768.0,4.0,1.0,,,,2.0,,1.0,0.512711224,1,2.0,1.0,1.0,,2.0,1,2.0,,150182478,East Asia & Pacific (excluding high income),2.0,,2.0,,2.0,2.0,,1.0,1.0,Thailand,3.0,,False,Female,17_or_less,1.0
1.0,,1.0,,2024,,,0.0,1.0,1,1,2.0,2.0,1.0,,,,,44.0,1.0,3.0,1.0,1.0,1.0,,,2.0,,,1.0,1.0,Q4,,,2.0,1.0,2.0,,2.0,1.0,,THA,,60882768.0,4.0,1.0,1.0,,,,,1.0,1.174843568,1,1.0,3.0,1.0,,2.0,2,1.0,,150270102,East Asia & Pacific (excluding high income),4.0,,2.0,,2.0,2.0,1.0,1.0,1.0,Thailand,4.0,,False,Female,40_49,3.0
2.0,,2.0,,2024,,,0.0,1.0,2,1,2.0,2.0,2.0,,,,,21.0,1.0,2.0,2.0,1.0,1.0,,,2.0,,2.0,1.0,1.0,Q4,,,2.0,4.0,2.0,,,2.0,2.0,THA,,60882768.0,1.0,1.0,1.0,,,,1.0,2.0,0.892256132,1,1.0,1.0,1.0,,2.0,2,2.0,,150309924,East Asia & Pacific (excluding high income),2.0,,2.0,,2.0,1.0,2.0,1.0,1.0,Thailand,4.0,,False,Male,18_22,2.0
,,1.0,,2024,,,0.0,,2,1,2.0,2.0,,,,,,64.0,2.0,1.0,4.0,1.0,1.0,,,2.0,,,0.0,2.0,Q2,,,2.0,1.0,2.0,,,2.0,,THA,,60882768.0,4.0,0.0,2.0,,,,,,0.518362526,1,1.0,1.0,2.0,,2.0,1,2.0,,150349161,East Asia & Pacific (excluding high income),2.0,,2.0,,2.0,2.0,1.0,1.0,0.0,Thailand,4.0,,False,Male,60_69,1.0
2.0,,1.0,,2024,,,0.0,,1,1,2.0,1.0,1.0,,,,,85.0,1.0,,1.0,2.0,1.0,,,2.0,,,1.0,1.0,Q2,,1.0,2.0,4.0,2.0,,2.0,2.0,,THA,,60882768.0,4.0,1.0,2.0,,,2.0,,2.0,0.245257566,1,1.0,1.0,1.0,,2.0,1,2.0,,150351101,East Asia & Pacific (excluding high income),4.0,,2.0,,2.0,2.0,2.0,1.0,0.0,Thailand,1.0,,False,Female,70_plus,
2.0,2.0,,,2024,2.0,2.0,1.0,2.0,2,0,,2.0,2.0,,,,2.0,28.0,2.0,1.0,2.0,2.0,0.0,,,2.0,1.0,2.0,0.0,,Q5 Highest,,,1.0,3.0,2.0,,,,,THA,,60882768.0,4.0,0.0,2.0,,,,,2.0,0.610660359,0,1.0,3.0,1.0,1.0,,2,,,150363869,East Asia & Pacific (excluding high income),3.0,,2.0,,2.0,2.0,2.0,1.0,0.0,Thailand,4.0,2.0,False,Male,23_29,1.0
,,,,2024,,,0.0,,1,1,,1.0,,,,,,57.0,2.0,1.0,4.0,2.0,1.0,,,1.0,,2.0,0.0,,Q2,,1.0,2.0,1.0,2.0,,,,2.0,THA,,60882768.0,2.0,1.0,2.0,,,2.0,2.0,,0.216555199,1,1.0,2.0,2.0,,,2,,,150588953,East Asia & Pacific (excluding high income),4.0,,2.0,,2.0,1.0,2.0,1.0,0.0,Thailand,1.0,,False,Female,50_59,1.0
2.0,,2.0,,2024,,,1.0,,1,1,2.0,2.0,1.0,,,,,31.0,2.0,2.0,1.0,2.0,1.0,2.0,,3.0,,,0.0,4.0,Q3,,,1.0,8.0,2.0,,2.0,2.0,,THA,,60882768.0,4.0,0.0,2.0,,,,,2.0,0.155509829,1,1.0,3.0,1.0,,4.0,1,6.0,,150686371,East Asia & Pacific (excluding high income),1.0,,2.0,,2.0,2.0,2.0,2.0,0.0,Thailand,4.0,,False,Female,30_39,2.0
,,1.0,,2024,,,0.0,,2,1,2.0,2.0,,,,,,44.0,2.0,1.0,4.0,2.0,1.0,,,2.0,,1.0,0.0,1.0,Q5 Highest,,,2.0,4.0,2.0,,,3.0,,THA,,60882768.0,4.0,0.0,2.0,,,,,,2.489822322,1,1.0,3.0,2.0,,1.0,2,1.0,,150755097,East Asia & Pacific (excluding high income),3.0,,2.0,,2.0,2.0,2.0,1.0,0.0,Thailand,4.0,,False,Male,40_49,1.0
,,1.0,,2024,,,0.0,,2,1,2.0,1.0,,,,,,70.0,2.0,1.0,4.0,2.0,1.0,,,8.0,,,0.0,2.0,Q2,,1.0,2.0,4.0,2.0,,,2.0,,THA,,60882768.0,4.0,0.0,2.0,,,2.0,,,0.135631464,1,1.0,,2.0,,2.0,2,2.0,,151090474,East Asia & Pacific (excluding high income),4.0,,2.0,,2.0,2.0,2.0,2.0,0.0,Thailand,1.0,,False,Male,70_plus,1.0
1.0,,2.0,,2024,,,0.0,,2,1,2.0,1.0,2.0,,,,,55.0,1.0,1.0,2.0,4.0,1.0,,,1.0,,,0.0,1.0,Q3,,1.0,2.0,3.0,2.0,,,2.0,,THA,,60882768.0,4.0,1.0,,,,2.0,,2.0,0.135631464,1,2.0,1.0,1.0,,2.0,1,2.0,,151109380,East Asia & Pacific (excluding high income),1.0,,2.0,,2.0,2.0,,1.0,0.0,Thailand,1.0,,False,Male,50_59,1.0
2.0,,1.0,,2024,,,1.0,1.0,2,1,2.0,1.0,2.0,,,,,42.0,2.0,1.0,2.0,4.0,1.0,,,8.0,,1.0,1.0,2.0,Q2,,1.0,2.0,3.0,2.0,,,2.0,,THA,,60882768.0,4.0,1.0,,,,2.0,,2.0,3.404935421,1,2.0,,1.0,,2.0,1,1.0,,151186357,East Asia & Pacific (excluding high income),5.0,,2.0,,2.0,2.0,,1.0,1.0,Thailand,1.0,,False,Male,40_49,1.0
2.0,,1.0,,2024,,,1.0,,2,1,2.0,1.0,1.0,,,,,51.0,1.0,2.0,1.0,2.0,1.0,,,1.0,,2.0,0.0,1.0,Q4,,1.0,1.0,4.0,2.0,,2.0,2.0,,THA,,60882768.0,4.0,1.0,2.0,,,2.0,,1.0,0.805331095,1,1.0,3.0,1.0,,2.0,1,1.0,,151251455,East Asia & Pacific (excluding high income),4.0,,2.0,,2.0,2.0,2.0,1.0,1.0,Thailand,1.0,,False,Male,50_59,2.0
2.0,,1.0,,2024,,,0.0,,1,1,2.0,2.0,2.0,,,,,26.0,2.0,1.0,2.0,4.0,0.0,2.0,,3.0,,,0.0,2.0,Q1 Lowest,,,2.0,4.0,2.0,,,2.0,,THA,,60882768.0,4.0,0.0,,,,,,2.0,1.10855135,1,2.0,3.0,1.0,,3.0,2,3.0,,151259276,East Asia & Pacific (excluding high income),3.0,,2.0,,2.0,2.0,,1.0,0.0,Thailand,4.0,,False,Female,23_29,1.0
,,,,2024,,,0.0,,1,1,,1.0,,,2.0,,,65.0,3.0,1.0,4.0,1.0,1.0,,,5.0,,2.0,0.0,,Q1 Lowest,1.0,2.0,2.0,2.0,2.0,,,,2.0,THA,,60882768.0,2.0,1.0,2.0,,,2.0,2.0,,0.639849554,1,1.0,1.0,2.0,,,2,,,151285345,East Asia & Pacific (excluding high income),2.0,,2.0,,2.0,1.0,1.0,1.0,0.0,Thailand,3.0,,False,Female,60_69,1.0
,,1.0,,2024,,,0.0,,2,1,2.0,2.0,,,,,,53.0,1.0,1.0,4.0,4.0,0.0,1.0,,2.0,,,0.0,2.0,Q1 Lowest,,,2.0,3.0,2.0,,,2.0,,THA,2.0,60882768.0,4.0,1.0,,,,,,,1.563927445,1,2.0,1.0,2.0,,3.0,1,3.0,,151324942,East Asia & Pacific (excluding high income),2.0,,2.0,,2.0,2.0,,1.0,0.0,Thailand,4.0,,False,Male,50_59,1.0
,2.0,,,2024,2.0,2.0,0.0,,1,0,,2.0,,,2.0,,2.0,67.0,2.0,1.0,4.0,2.0,0.0,,,1.0,1.0,,0.0,,Q5 Highest,,2.0,2.0,3.0,2.0,,,,,THA,,60882768.0,4.0,1.0,2.0,,,2.0,,,0.135631464,0,1.0,1.0,2.0,2.0,,2,,,151352185,East Asia & Pacific (excluding high income),5.0,,2.0,,1.0,2.0,2.0,1.0,0.0,Thailand,4.0,1.0,False,Female,60_69,1.0
,,1.0,,2024,,,0.0,,1,1,2.0,1.0,,,,,,62.0,1.0,1.0,4.0,2.0,1.0,,,2.0,,,0.0,1.0,Q1 Lowest,,1.0,2.0,1.0,2.0,,,2.0,,THA,,60882768.0,4.0,1.0,2.0,,,2.0,,,0.144380606,1,1.0,1.0,2.0,,2.0,1,2.0,,151430322,East Asia & Pacific (excluding high income),2.0,,2.0,,1.0,2.0,2.0,1.0,0.0,Thailand,1.0,,False,Female,60_69,1.0
,,1.0,,2024,,,1.0,,2,1,1.0,2.0,,,,,,55.0,1.0,1.0,4.0,4.0,1.0,,,4.0,,,0.0,2.0,Q2,,,1.0,1.0,2.0,,,2.0,,THA,2.0,60882768.0,4.0,1.0,,,,,,,1.616716984,1,2.0,1.0,2.0,,2.0,1,1.0,,151548244,East Asia & Pacific (excluding high income),3.0,,2.0,,2.0,2.0,,1.0,0.0,Thailand,4.0,,False,Male,50_59,1.0
2.0,,1.0,,2024,,,0.0,,1,1,2.0,2.0,1.0,,,,,21.0,2.0,2.0,1.0,1.0,1.0,,,8.0,,,1.0,2.0,Q4,,,2.0,5.0,2.0,,2.0,3.0,,THA,,60882768.0,4.0,0.0,1.0,,,,,2.0,1.114992752,1,1.0,,1.0,,2.0,2,2.0,,151568024,East Asia & Pacific (excluding high income),3.0,,2.0,,2.0,2.0,2.0,1.0,0.0,Thailand,4.0,,False,Female,18_22,2.0
2.0,,2.0,,2024,,,0.0,,2,1,2.0,2.0,2.0,,,,,48.0,1.0,1.0,2.0,3.0,0.0,,,5.0,,,0.0,1.0,Q3,,,2.0,1.0,2.0,,,2.0,,THA,,60882768.0,4.0,1.0,2.0,,,,,2.0,3.424553462,1,1.0,2.0,1.0,,4.0,1,1.0,,151665460,East Asia & Pacific (excluding high income),4.0,,2.0,,2.0,2.0,2.0,1.0,0.0,Thailand,4.0,,False,Male,40_49,1.0
,,1.0,,2024,,,1.0,,1,1,2.0,2.0,,,,,,37.0,4.0,3.0,4.0,1.0,1.0,,,2.0,,1.0,1.0,1.0,Q5 Highest,,,1.0,4.0,2.0,,,3.0,,THA,,60882768.0,4.0,0.0,1.0,,,,,,1.241776945,1,1.0,2.0,2.0,,2.0,1,2.0,,151682400,East Asia & Pacific (excluding high income),4.0,,2.0,,2.0,2.0,1.0,1.0,0.0,Thailand,4.0,,False,Female,30_39,3.0
,,1.0,,2024,,,1.0,,1,1,2.0,1.0,,,,,,72.0,1.0,1.0,4.0,2.0,1.0,,,2.0,,,0.0,1.0,Q1 Lowest,,1.0,1.0,3.0,2.0,,,2.0,,THA,,60882768.0,4.0,1.0,2.0,,,2.0,,,0.135631464,1,1.0,1.0,2.0,,2.0,1,2.0,,152062133,East Asia & Pacific (excluding high income),2.0,,2.0,,2.0,2.0,2.0,1.0,0.0,Thailand,1.0,,False,Female,70_plus,1.0
2.0,,1.0,,2024,,,1.0,,1,1,2.0,2.0,1.0,,,,,40.0,1.0,2.0,1.0,1.0,1.0,,,1.0,,,1.0,2.0,Q3,,,1.0,5.0,2.0,,2.0,1.0,,THA,,60882768.0,4.0,1.0,1.0,,,,,2.0,1.686101619,1,1.0,2.0,1.0,,2.0,2,2.0,,152070566,East Asia & Pacific (excluding high income),2.0,,2.0,,2.0,2.0,1.0,1.0,0.0,Thailand,4.0,,False,Female,40_49,2.0
2.0,,1.0,,2024,,,0.0,,2,1,2.0,1.0,2.0,,,,,72.0,2.0,1.0,2.0,4.0,1.0,1.0,,2.0,,,0.0,2.0,Q1 Lowest,,2.0,2.0,1.0,2.0,,,1.0,,THA,,60882768.0,4.0,0.0,,,,2.0,,2.0,1.668243197,1,2.0,2.0,1.0,,5.0,1,5.0,,152306817,East Asia & Pacific (excluding high income),1.0,,2.0,,2.0,2.0,,1.0,0.0,Thailand,2.0,,False,Male,70_plus,1.0
,,1.0,,2024,,,1.0,1.0,1,1,2.0,1.0,,,,,,38.0,2.0,1.0,4.0,1.0,1.0,,,4.0,,2.0,1.0,2.0,Q4,,2.0,2.0,4.0,2.0,,,1.0,,THA,,60882768.0,4.0,1.0,1.0,,,1.0,,,2.586963108,1,1.0,2.0,2.0,,1.0,1,3.0,,152318096,East Asia & Pacific (excluding high income),2.0,,1.0,,2.0,2.0,1.0,1.0,1.0,Thailand,1.0,,False,Female,30_39,1.0
,,1.0,,2024,,,1.0,,2,1,2.0,2.0,,,,,,60.0,2.0,1.0,4.0,4.0,0.0,,,2.0,,,0.0,1.0,Q2,,,2.0,4.0,2.0,,,1.0,,THA,,60882768.0,4.0,0.0,,,,,,,0.245933319,1,2.0,2.0,2.0,,2.0,1,3.0,,152575027,East Asia & Pacific (excluding high income),4.0,,2.0,,2.0,2.0,,1.0,0.0,Thailand,4.0,,False,Male,60_69,1.0
,,2.0,,2024,,,0.0,1.0,2,1,2.0,2.0,,,,,,19.0,1.0,2.0,4.0,4.0,1.0,,,2.0,,1.0,1.0,1.0,Q5 Highest,,,2.0,7.0,2.0,,,2.0,,THA,,60882768.0,4.0,1.0,,,,,,,1.450028121,1,2.0,2.0,2.0,,1.0,2,1.0,,152588251,East Asia & Pacific (excluding high income),6.0,,2.0,,2.0,2.0,,2.0,1.0,Thailand,4.0,,False,Male,18_22,2.0
,4.0,,,2024,2.0,3.0,0.0,,1,0,,2.0,,,,,4.0,49.0,4.0,1.0,4.0,4.0,0.0,,,7.0,4.0,,0.0,,Q5 Highest,,,2.0,1.0,2.0,,,,,THA,,60882768.0,4.0,0.0,,,,,,,0.338952295,0,2.0,,2.0,4.0,,2,,,152616074,East Asia & Pacific (excluding high income),5.0,,2.0,,2.0,2.0,,2.0,0.0,Thailand,4.0,3.0,False,Female,40_49,1.0
,,2.0,,2024,,,0.0,2.0,1,1,2.0,1.0,,,,,,39.0,2.0,3.0,4.0,4.0,1.0,,,5.0,,,1.0,2.0,Q5 Highest,,1.0,2.0,4.0,2.0,,,1.0,,THA,,60882768.0,4.0,0.0,,,,2.0,,,0.913801297,1,2.0,2.0,2.0,,2.0,2,2.0,,152828830,East Asia & Pacific (excluding high income),2.0,,2.0,,2.0,2.0,,1.0,1.0,Thailand,1.0,,False,Female,30_39,3.0
,,1.0,,2024,,,0.0,,2,1,2.0,1.0,,,,,,70.0,2.0,1.0,4.0,4.0,1.0,,,7.0,,,0.0,2.0,Q2,,1.0,2.0,2.0,2.0,,,2.0,2.0,THA,,60882768.0,2.0,0.0,,,,2.0,2.0,,0.310631912,1,2.0,,2.0,,2.0,2,2.0,,152850614,East Asia & Pacific (excluding high income),3.0,,2.0,,1.0,1.0,,2.0,0.0,Thailand,1.0,,False,Male,70_plus,1.0
1.0,,1.0,,2024,,,0.0,,1,1,2.0,1.0,1.0,,2.0,,,36.0,1.0,1.0,1.0,1.0,1.0,1.0,,4.0,,1.0,1.0,2.0,Q5 Highest,,2.0,2.0,4.0,2.0,,2.0,1.0,,THA,,60882768.0,4.0,1.0,1.0,,,2.0,,1.0,1.276358623,1,1.0,1.0,1.0,,3.0,1,3.0,,152935932,East Asia & Pacific (excluding high income),3.0,,2.0,,2.0,2.0,1.0,1.0,1.0,Thailand,3.0,,False,Female,30_39,1.0
,1.0,,,2024,1.0,2.0,0.0,,1,0,,2.0,,,,,2.0,47.0,2.0,1.0,4.0,2.0,0.0,,,2.0,2.0,,0.0,,Q5 Highest,,,2.0,4.0,2.0,,,,,THA,2.0,60882768.0,4.0,1.0,2.0,,,,,,0.954751767,0,1.0,2.0,2.0,2.0,,2,,,153057935,East Asia & Pacific (excluding high income),4.0,,2.0,,2.0,2.0,2.0,2.0,0.0,Thailand,4.0,1.0,False,Female,40_49,1.0
,,1.0,,2024,,,0.0,,2,1,2.0,1.0,,,,,,71.0,2.0,1.0,4.0,2.0,1.0,,,7.0,,,0.0,2.0,Q1 Lowest,,1.0,2.0,4.0,2.0,,,2.0,,THA,,60882768.0,4.0,0.0,2.0,,,2.0,,,0.135631464,1,1.0,,2.0,,2.0,1,2.0,,153121849,East Asia & Pacific (excluding high income),2.0,,2.0,,2.0,2.0,2.0,2.0,0.0,Thailand,1.0,,False,Male,70_plus,1.0
,,1.0,,2024,,,1.0,,2,1,2.0,1.0,,,,,,78.0,2.0,1.0,4.0,4.0,1.0,,,2.0,,,0.0,2.0,Q1 Lowest,,1.0,1.0,6.0,2.0,,,2.0,,THA,,60882768.0,4.0,0.0,,,,2.0,,,0.561442464,1,2.0,2.0,2.0,,2.0,2,2.0,,153146309,East Asia & Pacific (excluding high income),4.0,,2.0,,2.0,2.0,,2.0,0.0,Thailand,1.0,,False,Male,70_plus,1.0
,,1.0,,2024,,,0.0,,2,1,2.0,2.0,,,,,,72.0,2.0,1.0,4.0,4.0,0.0,,,2.0,,,0.0,2.0,Q3,,,2.0,7.0,2.0,,,2.0,2.0,THA,,60882768.0,2.0,0.0,,,,,2.0,,0.660633363,1,2.0,2.0,2.0,,2.0,1,2.0,,153265018,East Asia & Pacific (excluding high income),1.0,,2.0,,2.0,1.0,,1.0,0.0,Thailand,4.0,,False,Male,70_plus,1.0
,,2.0,,2024,,,0.0,,2,1,2.0,1.0,,,,,,82.0,2.0,1.0,4.0,4.0,1.0,,,1.0,,,0.0,2.0,Q1 Lowest,,1.0,2.0,1.0,2.0,,,2.0,,THA,,60882768.0,4.0,0.0,,,,2.0,,,0.57912399,1,2.0,1.0,2.0,,2.0,2,2.0,,153267862,East Asia & Pacific (excluding high income),4.0,,2.0,,2.0,2.0,,2.0,0.0,Thailand,1.0,,False,Male,70_plus,1.0
1.0,,1.0,,2024,,,1.0,,1,1,2.0,1.0,1.0,,,,,48.0,2.0,3.0,1.0,1.0,1.0,,,5.0,,1.0,1.0,2.0,Q2,,1.0,2.0,4.0,1.0,,1.0,1.0,2.0,THA,,60882768.0,2.0,1.0,1.0,,,2.0,2.0,1.0,0.683548798,1,1.0,2.0,1.0,,3.0,2,1.0,,153319181,East Asia & Pacific (excluding high income),4.0,,2.0,,2.0,1.0,1.0,1.0,1.0,Thailand,1.0,,False,Female,40_49,3.0
,,,,2024,,,0.0,,1,1,,2.0,,,1.0,,,46.0,2.0,1.0,4.0,4.0,1.0,,,2.0,,,0.0,,Q1 Lowest,,2.0,2.0,3.0,2.0,,,,,THA,,60882768.0,4.0,0.0,,,,2.0,,,0.328152472,1,2.0,1.0,2.0,,,2,,,153449834,East Asia & Pacific (excluding high income),4.0,,2.0,,1.0,2.0,,1.0,0.0,Thailand,4.0,,False,Female,40_49,1.0
,,1.0,,2024,,,1.0,,2,1,2.0,2.0,,,,,,50.0,1.0,1.0,4.0,4.0,0.0,,,2.0,,,0.0,1.0,Q2,,,2.0,3.0,2.0,,,2.0,,THA,,60882768.0,4.0,1.0,,,,,,,0.945956497,1,2.0,2.0,2.0,,2.0,1,2.0,,153553454,East Asia & Pacific (excluding high income),5.0,,2.0,,2.0,2.0,,1.0,0.0,Thailand,4.0,,False,Male,50_59,1.0
,1.0,,,2024,2.0,2.0,0.0,,1,0,,2.0,,,,,2.0,35.0,2.0,2.0,4.0,2.0,0.0,,,2.0,2.0,,0.0,,Q3,,,2.0,1.0,2.0,,,,2.0,THA,,60882768.0,2.0,0.0,2.0,,,,2.0,,0.502737759,0,1.0,3.0,2.0,2.0,,2,,,153613131,East Asia & Pacific (excluding high income),4.0,,2.0,,2.0,1.0,2.0,2.0,0.0,Thailand,4.0,2.0,False,Female,30_39,2.0
2.0,,2.0,,2024,,,0.0,,1,1,2.0,1.0,2.0,,,,,50.0,1.0,2.0,1.0,1.0,1.0,,,3.0,,1.0,1.0,1.0,Q3,,1.0,2.0,1.0,2.0,,1.0,1.0,,THA,,60882768.0,4.0,1.0,1.0,,,2.0,,1.0,0.506239568,1,1.0,2.0,1.0,,2.0,1,1.0,,153770089,East Asia & Pacific (excluding high income),1.0,,2.0,,2.0,2.0,2.0,1.0,1.0,Thailand,1.0,,False,Female,50_59,2.0
,,2.0,,2024,,,0.0,,1,1,2.0,2.0,,,,,,65.0,2.0,2.0,4.0,2.0,1.0,2.0,,5.0,,,0.0,1.0,Q5 Highest,,1.0,2.0,3.0,2.0,,,2.0,,THA,,60882768.0,4.0,1.0,2.0,,,2.0,,,0.135631464,1,1.0,2.0,2.0,,4.0,2,4.0,,153784420,East Asia & Pacific (excluding high income),5.0,,2.0,,1.0,2.0,2.0,1.0,0.0,Thailand,4.0,,False,Female,60_69,2.0
,4.0,,,2024,2.0,2.0,0.0,,2,0,,1.0,,,,,2.0,66.0,2.0,1.0,4.0,4.0,0.0,,,2.0,3.0,,0.0,,Q3,,2.0,2.0,7.0,2.0,,,,,THA,,60882768.0,4.0,0.0,,,,2.0,,,0.485426433,0,2.0,2.0,2.0,3.0,,2,,,153801895,East Asia & Pacific (excluding high income),1.0,,2.0,,2.0,2.0,,2.0,0.0,Thailand,2.0,2.0,False,Male,60_69,1.0
,,1.0,,2024,,,1.0,,2,1,2.0,1.0,,,1.0,,,55.0,2.0,1.0,4.0,2.0,1.0,2.0,,2.0,,,1.0,2.0,Q1 Lowest,,2.0,1.0,4.0,2.0,,,2.0,2.0,THA,,60882768.0,2.0,0.0,2.0,,,2.0,2.0,,1.91039883,1,1.0,1.0,2.0,,4.0,2,4.0,,153838126,East Asia & Pacific (excluding high income),1.0,,2.0,,2.0,1.0,2.0,1.0,0.0,Thailand,1.0,,False,Male,50_59,1.0
,,2.0,,2024,,,0.0,,1,1,2.0,2.0,,,,,,60.0,2.0,1.0,4.0,4.0,0.0,1.0,,9.0,,,0.0,4.0,Q4,,,2.0,4.0,2.0,,,4.0,,THA,,60882768.0,4.0,0.0,,,,,,,0.19258143,1,2.0,,2.0,,3.0,2,3.0,,154029113,East Asia & Pacific (excluding high income),2.0,,2.0,,2.0,2.0,,2.0,0.0,Thailand,4.0,,False,Female,60_69,1.0
,,,,2024,,,0.0,1.0,1,1,,2.0,,,,,,71.0,3.0,1.0,4.0,1.0,1.0,,,9.0,,,0.0,,Q2,,,2.0,3.0,2.0,,,,,THA,,60882768.0,4.0,1.0,1.0,,,,,,0.718921481,1,1.0,,2.0,,,2,,,154093030,East Asia & Pacific (excluding high income),6.0,,2.0,,2.0,2.0,1.0,1.0,1.0,Thailand,4.0,,False,Female,70_plus,1.0
2.0,,2.0,,2024,,,1.0,,1,1,2.0,2.0,2.0,,,,,54.0,1.0,1.0,2.0,1.0,1.0,,,8.0,,,0.0,1.0,Q2,,,2.0,5.0,2.0,,,1.0,,THA,,60882768.0,4.0,1.0,2.0,,,,,2.0,0.564441793,1,1.0,,1.0,,1.0,1,1.0,,154189655,East Asia & Pacific (excluding high income),5.0,,2.0,,2.0,2.0,1.0,1.0,0.0,Thailand,4.0,,False,Female,50_59,1.0
,,1.0,,2024,,,0.0,,2,1,2.0,1.0,,,,,,72.0,2.0,1.0,4.0,4.0,1.0,,,2.0,,,0.0,2.0,Q1 Lowest,,1.0,2.0,5.0,2.0,,,2.0,,THA,,60882768.0,4.0,0.0,,,,2.0,,,0.842163696,1,2.0,1.0,2.0,,2.0,1,2.0,,154260326,East Asia & Pacific (excluding high income),5.0,,2.0,,2.0,2.0,,2.0,0.0,Thailand,1.0,,False,Male,70_plus,1.0
2.0,,1.0,,2024,,,1.0,,1,1,2.0,1.0,2.0,,,,,59.0,2.0,1.0,2.0,2.0,1.0,,,1.0,,,0.0,2.0,Q2,,1.0,2.0,4.0,1.0,,,2.0,,THA,2.0,60882768.0,4.0,1.0,2.0,,,2.0,,2.0,0.55546348,1,1.0,2.0,1.0,,2.0,1,2.0,,154539863,East Asia & Pacific (excluding high income),4.0,,2.0,,2.0,2.0,2.0,1.0,0.0,Thailand,1.0,,False,Female,50_59,1.0
2.0,,1.0,,2024,,,1.0,1.0,1,1,1.0,1.0,1.0,,,,,40.0,1.0,3.0,1.0,1.0,1.0,,,4.0,,1.0,1.0,1.0,Q3,,1.0,2.0,5.0,1.0,,1.0,1.0,,THA,,60882768.0,4.0,1.0,1.0,,,1.0,,1.0,2.086121773,1,1.0,2.0,1.0,,2.0,1,1.0,,154559636,East Asia & Pacific (excluding high income),4.0,,2.0,,2.0,2.0,1.0,1.0,1.0,Thailand,1.0,,False,Female,40_49,3.0
2.0,,2.0,,2024,,,0.0,,2,1,2.0,1.0,1.0,,,,,59.0,2.0,1.0,1.0,2.0,1.0,,,3.0,,1.0,0.0,1.0,Q2,,1.0,2.0,4.0,2.0,,2.0,1.0,,THA,,60882768.0,4.0,0.0,2.0,,,2.0,,2.0,1.285851678,1,1.0,3.0,1.0,,2.0,1,3.0,,154604808,East Asia & Pacific (excluding high income),1.0,,2.0,,2.0,2.0,2.0,1.0,0.0,Thailand,1.0,,False,Male,50_59,1.0
2.0,,2.0,,2024,,,1.0,4.0,1,1,2.0,2.0,1.0,,,,,48.0,4.0,2.0,1.0,1.0,1.0,,,4.0,,,1.0,1.0,Q4,,,1.0,5.0,2.0,,2.0,1.0,,THA,,60882768.0,4.0,1.0,1.0,,,,,2.0,0.636501178,1,1.0,2.0,1.0,,2.0,4,1.0,,154627955,East Asia & Pacific (excluding high income),5.0,,1.0,,2.0,2.0,2.0,1.0,1.0,Thailand,4.0,,False,Female,40_49,2.0
,,1.0,,2024,,,0.0,,1,1,2.0,1.0,,,,,,72.0,1.0,1.0,4.0,2.0,1.0,,,1.0,,,0.0,1.0,Q1 Lowest,,1.0,2.0,4.0,2.0,,,1.0,,THA,,60882768.0,4.0,1.0,2.0,,,2.0,,,0.988749998,1,1.0,3.0,2.0,,2.0,1,1.0,,154661573,East Asia & Pacific (excluding high income),2.0,,2.0,,2.0,2.0,2.0,2.0,0.0,Thailand,1.0,,False,Female,70_plus,1.0
2.0,,1.0,,2024,,,1.0,,1,1,2.0,2.0,1.0,,,,,46.0,1.0,1.0,1.0,1.0,1.0,,,3.0,,,1.0,2.0,Q2,,,1.0,1.0,2.0,,2.0,1.0,1.0,THA,,60882768.0,1.0,1.0,1.0,,,,2.0,1.0,1.218910289,1,1.0,2.0,1.0,,2.0,2,1.0,,154662609,East Asia & Pacific (excluding high income),1.0,,2.0,,2.0,1.0,2.0,1.0,1.0,Thailand,4.0,,False,Female,40_49,1.0
1.0,,1.0,,2024,,,0.0,1.0,2,1,2.0,1.0,1.0,,,,,74.0,1.0,1.0,1.0,2.0,1.0,1.0,,4.0,,,1.0,1.0,Q1 Lowest,,1.0,2.0,4.0,2.0,,2.0,1.0,,THA,,60882768.0,4.0,1.0,2.0,,,2.0,,2.0,0.951744659,1,1.0,2.0,1.0,,3.0,1,3.0,,154906701,East Asia & Pacific (excluding high income),1.0,,2.0,,2.0,2.0,2.0,1.0,1.0,Thailand,1.0,,False,Male,70_plus,1.0
1.0,,1.0,,2024,,,1.0,2.0,1,1,2.0,2.0,1.0,,,,,48.0,2.0,1.0,1.0,1.0,1.0,,,2.0,,1.0,1.0,2.0,Q5 Highest,,,1.0,7.0,1.0,,2.0,1.0,,THA,,60882768.0,4.0,0.0,1.0,,,,,1.0,0.16419676,1,1.0,1.0,1.0,,2.0,1,1.0,,155075269,East Asia & Pacific (excluding high income),2.0,,2.0,,2.0,2.0,2.0,1.0,1.0,Thailand,4.0,,False,Female,40_49,1.0
2.0,,1.0,,2024,,,0.0,,1,1,2.0,1.0,1.0,,,,,35.0,2.0,3.0,1.0,1.0,1.0,,,5.0,,,1.0,2.0,Q5 Highest,,2.0,2.0,1.0,2.0,,1.0,1.0,1.0,THA,,60882768.0,1.0,0.0,1.0,,,1.0,2.0,2.0,0.413925648,1,1.0,1.0,1.0,,2.0,1,2.0,,155141648,East Asia & Pacific (excluding high income),1.0,,2.0,,2.0,1.0,2.0,1.0,1.0,Thailand,1.0,,False,Female,30_39,3.0
,,1.0,,2024,,,1.0,,2,1,2.0,1.0,,,,,,61.0,1.0,1.0,4.0,2.0,1.0,1.0,,7.0,,,0.0,2.0,Q2,,1.0,2.0,4.0,2.0,,,1.0,2.0,THA,,60882768.0,1.0,1.0,2.0,,,2.0,1.0,,0.63679961,1,1.0,,2.0,,3.0,1,3.0,,155196374,East Asia & Pacific (excluding high income),2.0,,2.0,,2.0,1.0,2.0,1.0,0.0,Thailand,1.0,,False,Male,60_69,1.0
,,1.0,,2024,,,0.0,,2,1,2.0,2.0,,,,,,60.0,1.0,1.0,4.0,2.0,0.0,,,5.0,,,0.0,2.0,Q2,,,2.0,4.0,2.0,,,2.0,,THA,,60882768.0,4.0,1.0,2.0,,,,,,0.38608266,1,1.0,1.0,2.0,,2.0,1,2.0,,155257167,East Asia & Pacific (excluding high income),3.0,,2.0,,2.0,2.0,2.0,1.0,0.0,Thailand,4.0,,False,Male,60_69,1.0
,,1.0,,2024,,,1.0,2.0,1,1,2.0,2.0,,,,,,44.0,1.0,2.0,4.0,1.0,1.0,,,2.0,,1.0,1.0,1.0,Q5 Highest,,,1.0,4.0,2.0,,,1.0,,THA,,60882768.0,4.0,1.0,1.0,,,,,,1.362959318,1,1.0,2.0,2.0,,2.0,1,1.0,,155518871,East Asia & Pacific (excluding high income),4.0,,2.0,,2.0,2.0,1.0,1.0,1.0,Thailand,4.0,,False,Female,40_49,2.0
,,1.0,,2024,,,1.0,,2,1,2.0,1.0,,,,,,30.0,1.0,1.0,4.0,1.0,1.0,1.0,,2.0,,,1.0,1.0,Q2,,1.0,2.0,3.0,1.0,,,1.0,1.0,THA,,60882768.0,1.0,1.0,1.0,,,3.0,1.0,,3.424553462,1,1.0,2.0,2.0,,3.0,1,3.0,,155677478,East Asia & Pacific (excluding high income),2.0,,2.0,,2.0,1.0,1.0,1.0,1.0,Thailand,1.0,,False,Male,30_39,1.0
1.0,,2.0,,2024,,,1.0,,1,1,1.0,2.0,1.0,,,,,46.0,2.0,3.0,1.0,4.0,1.0,,,2.0,,,1.0,2.0,Q5 Highest,,,1.0,4.0,2.0,,2.0,1.0,,THA,,60882768.0,4.0,0.0,,,,,,2.0,0.29293856,1,2.0,2.0,1.0,,2.0,1,1.0,,155721506,East Asia & Pacific (excluding high income),1.0,,2.0,,2.0,2.0,,1.0,0.0,Thailand,4.0,,False,Female,40_49,3.0
,,1.0,,2024,,,1.0,,2,1,2.0,1.0,,,,,,77.0,1.0,1.0,4.0,2.0,1.0,,,4.0,,,1.0,1.0,Q1 Lowest,,1.0,2.0,1.0,2.0,,,2.0,,THA,,60882768.0,4.0,1.0,2.0,,,2.0,,,0.55474193,1,1.0,1.0,2.0,,2.0,1,1.0,,155893814,East Asia & Pacific (excluding high income),1.0,,2.0,,2.0,2.0,2.0,2.0,0.0,Thailand,1.0,,False,Male,70_plus,1.0
,,1.0,,2024,,,0.0,,2,1,2.0,2.0,,,,,,65.0,2.0,2.0,4.0,2.0,1.0,1.0,,1.0,,,0.0,1.0,Q1 Lowest,,,2.0,1.0,2.0,,,2.0,,THA,,60882768.0,4.0,1.0,2.0,,,,,,0.151121493,1,1.0,2.0,2.0,,3.0,1,4.0,,156030767,East Asia & Pacific (excluding high income),4.0,,2.0,,2.0,2.0,2.0,1.0,0.0,Thailand,4.0,,False,Male,60_69,2.0
,,1.0,,2024,,,1.0,1.0,1,1,2.0,2.0,,,,,,58.0,2.0,2.0,4.0,1.0,1.0,,,5.0,,,1.0,1.0,Q4,,,2.0,4.0,1.0,,,1.0,,THA,,60882768.0,4.0,1.0,1.0,,,,,,0.223689653,1,1.0,1.0,2.0,,1.0,2,1.0,,156145205,East Asia & Pacific (excluding high income),4.0,,2.0,,2.0,2.0,1.0,1.0,1.0,Thailand,4.0,,False,Female,50_59,2.0
,,,,2024,,,0.0,,1,1,,1.0,,,,,,72.0,2.0,1.0,4.0,2.0,1.0,,,5.0,,,0.0,,Q4,,1.0,2.0,4.0,2.0,,,,,THA,,60882768.0,4.0,0.0,2.0,,,2.0,,,0.373266523,1,1.0,1.0,2.0,,,2,,,156159423,East Asia & Pacific (excluding high income),4.0,,2.0,,2.0,2.0,2.0,1.0,0.0,Thailand,1.0,,False,Female,70_plus,1.0
,1.0,,,2024,2.0,2.0,0.0,,1,0,,2.0,,,,,1.0,50.0,2.0,1.0,4.0,4.0,0.0,,,1.0,1.0,,0.0,,Q2,,,2.0,3.0,2.0,,,,,THA,,60882768.0,4.0,0.0,,,,,,,0.448927322,0,2.0,1.0,2.0,1.0,,2,,,156173207,East Asia & Pacific (excluding high income),2.0,,2.0,,2.0,2.0,,2.0,0.0,Thailand,4.0,1.0,False,Female,50_59,1.0
,,1.0,,2024,,,1.0,,1,1,2.0,2.0,,,,,,28.0,2.0,1.0,4.0,1.0,1.0,,,7.0,,,1.0,2.0,Q2,,,1.0,4.0,2.0,,,1.0,,THA,,60882768.0,4.0,0.0,1.0,,,,,,3.424553462,1,1.0,,2.0,,2.0,1,2.0,,156177990,East Asia & Pacific (excluding high income),1.0,,2.0,,2.0,2.0,1.0,1.0,0.0,Thailand,4.0,,False,Female,23_29,1.0
,,1.0,,2024,,,0.0,,2,1,2.0,1.0,,,,,,60.0,1.0,1.0,4.0,2.0,1.0,,,7.0,,,0.0,1.0,Q1 Lowest,,1.0,2.0,3.0,2.0,,,2.0,,THA,,60882768.0,4.0,1.0,2.0,,,2.0,,,0.561442464,1,1.0,,2.0,,2.0,1,2.0,,156197004,East Asia & Pacific (excluding high income),3.0,,2.0,,2.0,2.0,2.0,1.0,0.0,Thailand,1.0,,False,Male,60_69,1.0
2.0,,1.0,,2024,,,1.0,,1,1,2.0,2.0,1.0,,,,,56.0,1.0,1.0,1.0,4.0,1.0,,,2.0,,1.0,1.0,1.0,Q2,,,2.0,4.0,2.0,,4.0,1.0,,THA,,60882768.0,4.0,1.0,,,,,,2.0,1.864751131,1,2.0,2.0,1.0,,2.0,1,2.0,,156254045,East Asia & Pacific (excluding high income),4.0,,2.0,,2.0,2.0,,1.0,0.0,Thailand,4.0,,False,Female,50_59,1.0
,,1.0,,2024,,,1.0,,1,1,2.0,1.0,,,2.0,,,66.0,1.0,1.0,4.0,2.0,1.0,,,2.0,,,0.0,2.0,Q1 Lowest,,2.0,1.0,1.0,2.0,,,2.0,2.0,THA,2.0,60882768.0,2.0,1.0,2.0,,,2.0,2.0,,0.31115681,1,1.0,2.0,2.0,,2.0,1,2.0,,156299234,East Asia & Pacific (excluding high income),4.0,,2.0,,1.0,1.0,2.0,1.0,0.0,Thailand,3.0,,False,Female,60_69,1.0
2.0,,1.0,,2024,,,0.0,,2,1,2.0,2.0,1.0,,,,,29.0,1.0,2.0,1.0,4.0,1.0,,,2.0,,2.0,1.0,2.0,Q4,,,2.0,4.0,2.0,,2.0,2.0,,THA,,60882768.0,4.0,1.0,,,,,,2.0,3.387014425,1,2.0,3.0,1.0,,2.0,1,1.0,,156420221,East Asia & Pacific (excluding high income),4.0,,2.0,,2.0,2.0,,1.0,0.0,Thailand,4.0,,False,Male,23_29,2.0
2.0,,1.0,,2024,,,0.0,1.0,2,1,2.0,1.0,1.0,,2.0,,,45.0,1.0,3.0,1.0,1.0,1.0,,,3.0,,,1.0,1.0,Q4,,2.0,2.0,4.0,2.0,,2.0,1.0,2.0,THA,,60882768.0,1.0,1.0,1.0,,,2.0,1.0,2.0,1.816553071,1,1.0,3.0,1.0,,2.0,1,3.0,,156637908,East Asia & Pacific (excluding high income),4.0,,2.0,,2.0,1.0,1.0,1.0,1.0,Thailand,3.0,,False,Male,40_49,3.0
,,1.0,,2024,,,1.0,1.0,2,1,2.0,2.0,,,,,,53.0,2.0,1.0,4.0,1.0,1.0,,,2.0,,,1.0,1.0,Q5 Highest,,,1.0,2.0,2.0,,,1.0,1.0,THA,,60882768.0,1.0,1.0,1.0,,,,1.0,,2.393685743,1,1.0,3.0,2.0,,2.0,1,1.0,,156771600,East Asia & Pacific (excluding high income),4.0,,2.0,,2.0,1.0,1.0,1.0,1.0,Thailand,4.0,,False,Male,50_59,1.0
,,1.0,,2024,,,0.0,2.0,1,1,2.0,1.0,,,,,,53.0,2.0,1.0,4.0,2.0,1.0,,,7.0,,2.0,0.0,2.0,Q4,,1.0,2.0,4.0,2.0,,,1.0,,THA,,60882768.0,4.0,0.0,2.0,,,1.0,,,1.30566269,1,1.0,,2.0,,3.0,2,2.0,,156863844,East Asia & Pacific (excluding high income),1.0,,2.0,,2.0,2.0,2.0,2.0,1.0,Thailand,1.0,,False,Female,50_59,1.0
2.0,,2.0,,2024,,,0.0,,1,1,2.0,1.0,2.0,,,,,44.0,1.0,1.0,2.0,2.0,1.0,1.0,,2.0,,,0.0,1.0,Q5 Highest,,1.0,2.0,4.0,2.0,,,2.0,,THA,,60882768.0,4.0,1.0,2.0,,,2.0,,2.0,0.222336984,1,1.0,2.0,1.0,,3.0,1,3.0,,156894890,East Asia & Pacific (excluding high income),3.0,,2.0,,2.0,2.0,2.0,1.0,0.0,Thailand,1.0,,False,Female,40_49,1.0
1.0,,2.0,,2024,,,0.0,,2,1,2.0,2.0,2.0,,,,,25.0,1.0,2.0,2.0,2.0,1.0,,,2.0,,,1.0,1.0,Q4,,,2.0,4.0,2.0,,,1.0,2.0,THA,,60882768.0,2.0,1.0,2.0,,,,2.0,2.0,1.164560593,1,1.0,2.0,1.0,,2.0,2,1.0,,157052195,East Asia & Pacific (excluding high income),2.0,,2.0,,2.0,1.0,2.0,1.0,0.0,Thailand,4.0,,False,Male,23_29,2.0
,,1.0,,2024,,,0.0,,1,1,2.0,1.0,,,,,,58.0,2.0,1.0,4.0,2.0,1.0,,,2.0,,,1.0,2.0,Q1 Lowest,,1.0,2.0,4.0,2.0,,,2.0,,THA,,60882768.0,4.0,0.0,2.0,,,2.0,,,0.639849554,1,1.0,1.0,2.0,,2.0,1,3.0,,157153386,East Asia & Pacific (excluding high income),2.0,,2.0,,2.0,2.0,2.0,1.0,0.0,Thailand,1.0,,False,Female,50_59,1.0
,,2.0,,2024,,,0.0,,1,1,2.0,2.0,,,,,,76.0,2.0,1.0,4.0,2.0,0.0,,,7.0,,,0.0,2.0,Q1 Lowest,,,2.0,3.0,2.0,,,2.0,2.0,THA,,60882768.0,2.0,0.0,2.0,,,,2.0,,0.345363758,1,1.0,,2.0,,2.0,2,2.0,,157330482,East Asia & Pacific (excluding high income),2.0,,2.0,,2.0,1.0,2.0,2.0,0.0,Thailand,4.0,,False,Female,70_plus,1.0
2.0,,1.0,,2024,,,0.0,,1,1,2.0,1.0,2.0,,,,,52.0,2.0,1.0,2.0,2.0,1.0,,,8.0,,,1.0,2.0,Q1 Lowest,,1.0,2.0,4.0,2.0,,,2.0,,THA,,60882768.0,4.0,0.0,2.0,,,2.0,,2.0,0.135631464,1,1.0,,1.0,,3.0,1,2.0,,157377561,East Asia & Pacific (excluding high income),3.0,,2.0,,2.0,2.0,2.0,1.0,0.0,Thailand,1.0,,False,Female,50_59,1.0
,,2.0,,2024,,,0.0,,2,1,2.0,1.0,,,,,,18.0,1.0,1.0,4.0,4.0,1.0,,,4.0,,1.0,1.0,1.0,Q2,,1.0,2.0,5.0,2.0,,,2.0,,THA,,60882768.0,4.0,1.0,,,,2.0,,,1.000157657,1,2.0,1.0,2.0,,3.0,1,2.0,,157407306,East Asia & Pacific (excluding high income),2.0,,2.0,,2.0,2.0,,2.0,0.0,Thailand,1.0,,False,Male,18_22,1.0
,,1.0,,2024,,,1.0,,2,1,2.0,2.0,,,,,,54.0,1.0,1.0,4.0,4.0,0.0,1.0,,5.0,,2.0,0.0,1.0,Q1 Lowest,,,1.0,4.0,2.0,,,2.0,,THA,,60882768.0,4.0,1.0,,,,,,,3.424553462,1,2.0,1.0,2.0,,3.0,1,4.0,,157517466,East Asia & Pacific (excluding high income),2.0,,2.0,,2.0,2.0,,1.0,0.0,Thailand,4.0,,False,Male,50_59,1.0
2.0,,2.0,,2024,,,1.0,1.0,1,1,2.0,2.0,4.0,,,,,45.0,2.0,2.0,3.0,1.0,1.0,1.0,,1.0,,1.0,1.0,4.0,Q4,,,1.0,2.0,4.0,,,1.0,1.0,THA,,60882768.0,1.0,1.0,1.0,,,,1.0,4.0,0.656787039,1,1.0,2.0,1.0,,6.0,1,6.0,,157552793,East Asia & Pacific (excluding high income),1.0,,2.0,4.0,2.0,1.0,1.0,1.0,1.0,Thailand,4.0,,False,Female,40_49,2.0
,1.0,,,2024,1.0,2.0,1.0,2.0,1,1,,2.0,,,,,2.0,19.0,2.0,1.0,4.0,4.0,1.0,,,2.0,2.0,,1.0,,Q1 Lowest,,,1.0,1.0,2.0,,,,2.0,THA,,60882768.0,2.0,0.0,,,,,2.0,,3.424553462,0,2.0,2.0,2.0,2.0,,2,,,157935023,East Asia & Pacific (excluding high income),3.0,,2.0,,2.0,1.0,,2.0,1.0,Thailand,4.0,2.0,False,Female,18_22,1.0
2.0,1.0,,,2024,2.0,2.0,0.0,,2,0,,2.0,2.0,,,,2.0,34.0,2.0,1.0,2.0,2.0,0.0,,,8.0,2.0,,0.0,,Q1 Lowest,,,2.0,1.0,2.0,,,,,THA,,60882768.0,4.0,0.0,2.0,,,,,2.0,3.424553462,0,1.0,,1.0,2.0,,2,,,158065059,East Asia & Pacific (excluding high income),5.0,,2.0,,2.0,2.0,2.0,1.0,0.0,Thailand,4.0,1.0,False,Male,30_39,1.0
2.0,,1.0,,2024,,,1.0,,2,1,2.0,1.0,2.0,,,,,63.0,1.0,1.0,2.0,2.0,0.0,1.0,,5.0,,,1.0,1.0,Q3,,2.0,2.0,1.0,2.0,,,1.0,,THA,,60882768.0,4.0,1.0,2.0,,,2.0,,2.0,0.38608266,1,1.0,1.0,1.0,,3.0,1,3.0,,158335182,East Asia & Pacific (excluding high income),3.0,,2.0,,1.0,2.0,2.0,1.0,0.0,Thailand,2.0,,False,Male,60_69,1.0
,,1.0,,2024,,,0.0,,1,1,2.0,1.0,,,,,,75.0,2.0,1.0,4.0,2.0,1.0,,,5.0,,,0.0,2.0,Q4,,1.0,2.0,1.0,2.0,,,3.0,,THA,,60882768.0,4.0,0.0,2.0,,,2.0,,,0.320697069,1,1.0,1.0,2.0,,2.0,1,2.0,,158381241,East Asia & Pacific (excluding high income),1.0,,2.0,,2.0,2.0,2.0,2.0,0.0,Thailand,1.0,,False,Female,70_plus,1.0
,1.0,,,2024,1.0,2.0,0.0,,2,0,,3.0,,,,,2.0,38.0,4.0,2.0,4.0,2.0,0.0,,,2.0,2.0,,0.0,,Q4,,,2.0,1.0,2.0,,,,,THA,,60882768.0,4.0,0.0,2.0,,,,,,2.192744983,0,1.0,3.0,2.0,2.0,,4,,,158559996,East Asia & Pacific (excluding high income),1.0,,2.0,,2.0,2.0,2.0,1.0,0.0,Thailand,5.0,2.0,False,Male,30_39,2.0
2.0,,1.0,,2024,,,1.0,,1,1,2.0,1.0,2.0,,,,,70.0,1.0,1.0,2.0,2.0,1.0,,,1.0,,,0.0,1.0,Q5 Highest,,1.0,2.0,7.0,2.0,,,2.0,2.0,THA,2.0,60882768.0,2.0,1.0,2.0,,,2.0,2.0,2.0,0.38341234,1,1.0,2.0,1.0,,2.0,1,2.0,,158646176,East Asia & Pacific (excluding high income),4.0,,2.0,,2.0,1.0,2.0,1.0,0.0,Thailand,1.0,,False,Female,70_plus,1.0
2.0,,2.0,,2024,,,0.0,,1,1,2.0,1.0,2.0,,,,,55.0,1.0,1.0,2.0,2.0,1.0,,,2.0,,1.0,0.0,2.0,Q5 Highest,,1.0,2.0,1.0,2.0,,,2.0,,THA,,60882768.0,4.0,1.0,2.0,,,2.0,,2.0,1.3275161,1,1.0,2.0,1.0,,3.0,1,2.0,,158693403,East Asia & Pacific (excluding high income),1.0,,2.0,,2.0,2.0,2.0,1.0,0.0,Thailand,1.0,,False,Female,50_59,1.0
2.0,,2.0,,2024,,,0.0,2.0,2,1,2.0,2.0,1.0,,,,,31.0,1.0,3.0,1.0,4.0,1.0,,,2.0,,,1.0,2.0,Q3,,,2.0,1.0,2.0,,2.0,2.0,,THA,,60882768.0,4.0,1.0,,,,,,2.0,2.92843245,1,2.0,3.0,1.0,,2.0,2,2.0,,158776884,East Asia & Pacific (excluding high income),4.0,,2.0,,2.0,2.0,,1.0,1.0,Thailand,4.0,,False,Male,30_39,3.0
2.0,,1.0,,2024,,,1.0,1.0,2,1,2.0,1.0,2.0,,,,,27.0,1.0,2.0,1.0,4.0,1.0,,,2.0,,,1.0,1.0,Q3,,1.0,1.0,4.0,2.0,,2.0,1.0,,THA,,60882768.0,4.0,1.0,,,,2.0,,1.0,0.454827199,1,2.0,2.0,1.0,,2.0,2,2.0,,158804412,East Asia & Pacific (excluding high income),2.0,,2.0,,2.0,2.0,,1.0,1.0,Thailand,1.0,,False,Male,23_29,2.0
,,1.0,,2024,,,1.0,,1,1,2.0,1.0,,,,,,52.0,2.0,2.0,4.0,4.0,1.0,,,1.0,,,0.0,2.0,Q1 Lowest,,1.0,2.0,3.0,2.0,,,1.0,,THA,1.0,60882768.0,4.0,1.0,,,,2.0,,,0.175720317,1,2.0,2.0,2.0,,2.0,1,1.0,,159143635,East Asia & Pacific (excluding high income),4.0,,2.0,,2.0,2.0,,2.0,0.0,Thailand,1.0,,False,Female,50_59,2.0
2.0,,1.0,,2024,,,1.0,,1,1,2.0,2.0,2.0,,,,,53.0,1.0,1.0,2.0,2.0,1.0,2.0,,1.0,,2.0,0.0,2.0,Q5 Highest,,,2.0,1.0,2.0,,,1.0,2.0,THA,1.0,60882768.0,2.0,1.0,2.0,,,,2.0,2.0,0.153763907,1,1.0,3.0,1.0,,3.0,1,3.0,,159191394,East Asia & Pacific (excluding high income),4.0,,2.0,,2.0,1.0,2.0,1.0,0.0,Thailand,4.0,,False,Female,50_59,1.0
2.0,,1.0,,2024,,,0.0,,2,1,1.0,2.0,1.0,,,,,39.0,1.0,2.0,1.0,1.0,1.0,,,1.0,,1.0,1.0,2.0,Q5 Highest,,,2.0,1.0,2.0,,2.0,2.0,,THA,,60882768.0,4.0,1.0,1.0,,,,,1.0,0.816591451,1,1.0,3.0,1.0,,3.0,2,1.0,,159217753,East Asia & Pacific (excluding high income),4.0,,2.0,,2.0,2.0,1.0,1.0,1.0,Thailand,4.0,,False,Male,30_39,2.0
2.0,,2.0,,2024,,,1.0,,2,1,2.0,1.0,2.0,,,,,34.0,1.0,1.0,2.0,4.0,1.0,1.0,,2.0,,,0.0,2.0,Q1 Lowest,,1.0,2.0,1.0,2.0,,,1.0,2.0,THA,,60882768.0,2.0,1.0,,,,2.0,2.0,2.0,3.424553462,1,2.0,1.0,1.0,,3.0,1,3.0,,159225660,East Asia & Pacific (excluding high income),1.0,,2.0,,2.0,1.0,,1.0,0.0,Thailand,1.0,,False,Male,30_39,1.0
,,1.0,,2024,,,0.0,,2,1,2.0,2.0,,,,,,54.0,1.0,2.0,4.0,2.0,1.0,,,1.0,,,0.0,1.0,Q5 Highest,,1.0,2.0,6.0,2.0,,,1.0,,THA,,60882768.0,4.0,1.0,2.0,,,2.0,,,0.297574187,1,1.0,3.0,2.0,,2.0,1,2.0,,159283606,East Asia & Pacific (excluding high income),2.0,,2.0,,1.0,2.0,2.0,2.0,0.0,Thailand,4.0,,False,Male,50_59,2.0
,,1.0,,2024,,,1.0,,1,1,2.0,2.0,,,,,,60.0,1.0,1.0,4.0,2.0,1.0,,,4.0,,1.0,0.0,2.0,Q2,,,1.0,2.0,1.0,,,1.0,,THA,,60882768.0,4.0,1.0,2.0,,,,,,0.268374161,1,1.0,1.0,2.0,,1.0,2,2.0,,159347725,East Asia & Pacific (excluding high income),4.0,,2.0,,2.0,2.0,2.0,1.0,0.0,Thailand,4.0,,False,Female,60_69,1.0
2.0,,2.0,,2024,,,0.0,,1,1,2.0,1.0,1.0,,,,,20.0,2.0,1.0,1.0,4.0,1.0,1.0,,2.0,,,1.0,2.0,Q1 Lowest,,1.0,2.0,4.0,2.0,,2.0,2.0,,THA,,60882768.0,4.0,0.0,,,,2.0,,1.0,3.424553462,1,2.0,1.0,1.0,,4.0,2,4.0,,159385093,East Asia & Pacific (excluding high income),1.0,,2.0,,2.0,2.0,,1.0,1.0,Thailand,1.0,,False,Female,18_22,1.0
2.0,,1.0,,2024,,,1.0,,1,1,2.0,1.0,1.0,,,,,50.0,2.0,3.0,1.0,2.0,1.0,,,5.0,,2.0,1.0,3.0,Q2,,1.0,2.0,3.0,1.0,,2.0,1.0,2.0,THA,,60882768.0,2.0,1.0,2.0,,,2.0,2.0,1.0,0.4079102,1,1.0,2.0,1.0,,3.0,2,1.0,,159526101,East Asia & Pacific (excluding high income),5.0,,1.0,,2.0,1.0,2.0,1.0,1.0,Thailand,1.0,,False,Female,50_59,3.0
2.0,,1.0,,2024,,,0.0,,1,1,2.0,2.0,2.0,,,,,35.0,1.0,1.0,3.0,1.0,1.0,,,2.0,,,1.0,2.0,Q3,,,2.0,4.0,2.0,,,1.0,,THA,,60882768.0,4.0,1.0,1.0,,,,,2.0,1.276358623,1,1.0,2.0,1.0,,2.0,2,1.0,,159600257,East Asia & Pacific (excluding high income),2.0,,2.0,2.0,2.0,2.0,1.0,2.0,0.0,Thailand,4.0,,False,Female,30_39,1.0
,,1.0,,2024,,,1.0,1.0,1,1,2.0,1.0,,,,,,24.0,2.0,2.0,4.0,1.0,1.0,,,2.0,,,1.0,2.0,Q2,,1.0,1.0,4.0,2.0,,,2.0,,THA,,60882768.0,4.0,1.0,1.0,,,2.0,,,0.686096432,1,1.0,1.0,2.0,,2.0,2,2.0,,159626609,East Asia & Pacific (excluding high income),1.0,,2.0,,2.0,2.0,1.0,2.0,1.0,Thailand,1.0,,False,Female,23_29,2.0
2.0,,2.0,,2024,,,0.0,,2,1,2.0,1.0,2.0,,,,,21.0,2.0,1.0,2.0,4.0,1.0,1.0,,3.0,,,1.0,2.0,Q2,,1.0,2.0,4.0,2.0,,,2.0,,THA,,60882768.0,4.0,0.0,,,,2.0,,2.0,3.424553462,1,2.0,1.0,1.0,,4.0,2,4.0,,159869695,East Asia & Pacific (excluding high income),1.0,,2.0,,2.0,2.0,,1.0,0.0,Thailand,1.0,,False,Male,18_22,1.0
2.0,,,,2024,,,0.0,,2,1,,2.0,1.0,,,,,51.0,2.0,1.0,1.0,1.0,1.0,,,2.0,,,0.0,,Q5 Highest,1.0,,2.0,4.0,2.0,,2.0,,,THA,,60882768.0,4.0,0.0,1.0,,,,,2.0,0.181294952,1,1.0,2.0,1.0,,,2,,,159896311,East Asia & Pacific (excluding high income),4.0,,2.0,,2.0,2.0,2.0,1.0,0.0,Thailand,4.0,,False,Male,50_59,1.0
,,1.0,,2024,,,0.0,,1,1,2.0,1.0,,,,,,59.0,1.0,1.0,4.0,1.0,1.0,,,1.0,,2.0,0.0,2.0,Q3,,1.0,2.0,1.0,2.0,,,2.0,,THA,,60882768.0,4.0,1.0,2.0,,,2.0,,,0.353591045,1,1.0,2.0,2.0,,3.0,1,2.0,,159920040,East Asia & Pacific (excluding high income),2.0,,2.0,,2.0,2.0,1.0,1.0,0.0,Thailand,1.0,,False,Female,50_59,1.0
2.0,,1.0,,2024,,,0.0,,1,1,2.0,1.0,2.0,,,,,65.0,2.0,1.0,2.0,2.0,1.0,,,2.0,,,0.0,2.0,Q1 Lowest,,1.0,2.0,3.0,2.0,,,2.0,,THA,,60882768.0,4.0,0.0,2.0,,,2.0,,2.0,0.312879656,1,1.0,3.0,1.0,,2.0,2,1.0,,159962083,East Asia & Pacific (excluding high income),2.0,,2.0,,2.0,2.0,2.0,1.0,0.0,Thailand,1.0,,False,Female,60_69,1.0
,,,,2024,,,0.0,,1,1,,1.0,,,,,,65.0,2.0,1.0,4.0,4.0,1.0,,,2.0,,,0.0,,Q1 Lowest,,1.0,2.0,3.0,2.0,,,,,THA,,60882768.0,4.0,0.0,,,,2.0,,,0.143436971,1,2.0,1.0,2.0,,,2,,,159969102,East Asia & Pacific (excluding high income),3.0,,2.0,,1.0,2.0,,1.0,0.0,Thailand,1.0,,False,Female,60_69,1.0
2.0,,1.0,,2024,,,0.0,,2,1,2.0,1.0,1.0,,,,,65.0,2.0,1.0,1.0,2.0,1.0,,,9.0,,,0.0,1.0,Q3,,1.0,2.0,4.0,2.0,,2.0,2.0,,THA,,60882768.0,4.0,0.0,2.0,,,2.0,,2.0,0.903443559,1,1.0,,1.0,,2.0,1,2.0,,159990462,East Asia & Pacific (excluding high income),4.0,,2.0,,2.0,2.0,2.0,1.0,0.0,Thailand,1.0,,False,Male,60_69,1.0
,,1.0,,2024,,,1.0,2.0,1,1,2.0,2.0,,,,,,49.0,2.0,1.0,4.0,1.0,1.0,,,2.0,,,1.0,2.0,Q4,,,1.0,4.0,2.0,,,1.0,,THA,,60882768.0,4.0,0.0,1.0,,,,,,0.139405956,1,1.0,1.0,2.0,,1.0,2,1.0,,160066548,East Asia & Pacific (excluding high income),1.0,,2.0,,2.0,2.0,2.0,1.0,0.0,Thailand,4.0,,False,Female,40_49,1.0
,1.0,,,2024,1.0,2.0,0.0,,2,0,,2.0,,,,,2.0,17.0,1.0,1.0,4.0,4.0,0.0,,,2.0,2.0,,0.0,,Q5 Highest,,,2.0,7.0,2.0,,,,,THA,,60882768.0,4.0,1.0,,,,,,,2.265274069,0,2.0,4.0,2.0,2.0,,2,,,160109400,East Asia & Pacific (excluding high income),1.0,,2.0,,2.0,2.0,,2.0,0.0,Thailand,4.0,2.0,False,Male,17_or_less,1.0
2.0,,1.0,,2024,,,1.0,,1,1,2.0,1.0,2.0,,,,,22.0,2.0,1.0,2.0,4.0,1.0,,,7.0,,,1.0,2.0,Q1 Lowest,,1.0,1.0,3.0,2.0,,,2.0,2.0,THA,,60882768.0,2.0,0.0,,,,2.0,2.0,2.0,3.424553462,1,2.0,,1.0,,2.0,1,2.0,,160154801,East Asia & Pacific (excluding high income),1.0,,2.0,,2.0,1.0,,2.0,0.0,Thailand,1.0,,False,Female,18_22,1.0
2.0,,1.0,,2024,,,0.0,1.0,2,1,2.0,2.0,1.0,,,,,18.0,1.0,2.0,1.0,4.0,1.0,,,3.0,,,1.0,1.0,Q4,,,2.0,3.0,2.0,,2.0,1.0,,THA,,60882768.0,4.0,1.0,,,,,,1.0,1.132637034,1,2.0,2.0,1.0,,2.0,2,2.0,,160161242,East Asia & Pacific (excluding high income),1.0,,2.0,,2.0,2.0,,1.0,1.0,Thailand,4.0,,False,Male,18_22,2.0
,,2.0,,2024,,,1.0,,1,1,4.0,2.0,,,,,,52.0,2.0,1.0,4.0,4.0,0.0,,,2.0,,,0.0,1.0,Q5 Highest,,,1.0,3.0,2.0,,,4.0,,THA,,60882768.0,4.0,1.0,,,,,,,1.217100621,1,2.0,2.0,2.0,,1.0,1,1.0,,160211186,East Asia & Pacific (excluding high income),2.0,,2.0,,2.0,2.0,,1.0,0.0,Thailand,4.0,,False,Female,50_59,1.0
2.0,,1.0,,2024,,,0.0,,2,1,2.0,1.0,2.0,,1.0,,,33.0,1.0,1.0,2.0,4.0,1.0,,,2.0,,,1.0,1.0,Q2,,2.0,2.0,3.0,2.0,,,1.0,,THA,,60882768.0,4.0,1.0,,,,2.0,,2.0,1.801973199,1,2.0,3.0,1.0,,2.0,1,3.0,,160321467,East Asia & Pacific (excluding high income),4.0,,2.0,,2.0,2.0,,1.0,0.0,Thailand,1.0,,False,Male,30_39,1.0
,,1.0,,2024,,,0.0,1.0,2,1,2.0,2.0,,,,,,38.0,1.0,1.0,4.0,1.0,1.0,,,2.0,,,1.0,1.0,Q3,,,2.0,2.0,2.0,,,1.0,1.0,THA,,60882768.0,1.0,1.0,1.0,,,,1.0,,3.424553462,1,1.0,3.0,2.0,,2.0,1,3.0,,160341286,East Asia & Pacific (excluding high income),3.0,,1.0,,2.0,1.0,1.0,1.0,1.0,Thailand,4.0,,False,Male,30_39,1.0
,,1.0,,2024,,,0.0,,2,1,2.0,1.0,,,1.0,,,89.0,2.0,1.0,4.0,2.0,1.0,,,2.0,,,0.0,2.0,Q2,,2.0,2.0,4.0,2.0,,,2.0,,THA,,60882768.0,4.0,0.0,2.0,,,2.0,,,0.903443559,1,1.0,2.0,2.0,,2.0,1,2.0,,160351689,East Asia & Pacific (excluding high income),1.0,,2.0,,2.0,2.0,2.0,2.0,0.0,Thailand,1.0,,False,Male,70_plus,1.0
,,2.0,,2024,,,0.0,,1,1,2.0,2.0,,,,,,29.0,2.0,1.0,4.0,4.0,1.0,,,6.0,,,1.0,1.0,Q2,,,2.0,8.0,2.0,,,2.0,2.0,THA,,60882768.0,2.0,0.0,,,,,2.0,,0.346404843,1,2.0,3.0,2.0,,3.0,2,1.0,,160420105,East Asia & Pacific (excluding high income),1.0,,2.0,,2.0,1.0,,1.0,0.0,Thailand,4.0,,False,Female,23_29,1.0
,,,,2024,,,0.0,,1,1,,1.0,,,,,,67.0,2.0,1.0,4.0,2.0,1.0,,,7.0,,,0.0,,Q1 Lowest,,1.0,2.0,1.0,2.0,,,,,THA,,60882768.0,4.0,0.0,2.0,,,2.0,,,0.135631464,1,1.0,,2.0,,,2,,,160488179,East Asia & Pacific (excluding high income),5.0,,2.0,,2.0,2.0,2.0,1.0,0.0,Thailand,1.0,,False,Female,60_69,1.0
,,2.0,,2024,,,0.0,,1,1,2.0,2.0,,,,,,16.0,2.0,1.0,4.0,4.0,0.0,,,2.0,,,0.0,2.0,Q1 Lowest,,,2.0,5.0,2.0,,,1.0,,THA,,60882768.0,4.0,0.0,,,,,,,1.492949812,1,2.0,2.0,2.0,,2.0,2,2.0,,160604155,East Asia & Pacific (excluding high income),1.0,,2.0,,2.0,2.0,,2.0,0.0,Thailand,4.0,,False,Female,17_or_less,1.0
2.0,,1.0,,2024,,,1.0,1.0,2,1,2.0,2.0,2.0,,,,,26.0,2.0,1.0,2.0,4.0,1.0,,,2.0,,2.0,1.0,2.0,Q5 Highest,,,2.0,4.0,1.0,,,1.0,,THA,,60882768.0,4.0,1.0,,,,,,2.0,3.424553462,1,2.0,3.0,1.0,,2.0,1,1.0,,160729919,East Asia & Pacific (excluding high income),5.0,,2.0,,2.0,2.0,,1.0,1.0,Thailand,4.0,,False,Male,23_29,1.0
,,1.0,,2024,,,0.0,,1,1,2.0,2.0,,,,,,68.0,2.0,1.0,4.0,2.0,0.0,,,2.0,,,0.0,2.0,Q1 Lowest,,,2.0,1.0,2.0,,,2.0,,THA,,60882768.0,4.0,0.0,2.0,,,,,,0.312879656,1,1.0,2.0,2.0,,2.0,1,5.0,,160741123,East Asia & Pacific (excluding high income),5.0,,2.0,,2.0,2.0,2.0,1.0,0.0,Thailand,4.0,,False,Female,60_69,1.0
2.0,,1.0,,2024,,,1.0,1.0,1,1,2.0,2.0,1.0,,,,,20.0,1.0,1.0,1.0,1.0,1.0,,,1.0,,1.0,1.0,1.0,Q4,,,1.0,4.0,2.0,,2.0,1.0,,THA,,60882768.0,4.0,1.0,1.0,,,,,2.0,0.512711224,1,1.0,1.0,1.0,,1.0,1,1.0,,160799168,East Asia & Pacific (excluding high income),2.0,,2.0,,2.0,2.0,1.0,2.0,1.0,Thailand,4.0,,False,Female,18_22,1.0
,,1.0,,2024,,,1.0,,1,1,2.0,1.0,,,,,,48.0,2.0,1.0,4.0,2.0,1.0,,,7.0,,,0.0,2.0,Q2,,1.0,2.0,3.0,1.0,,,2.0,,THA,,60882768.0,4.0,0.0,2.0,,,2.0,,,0.269584833,1,1.0,,2.0,,2.0,2,2.0,,160831089,East Asia & Pacific (excluding high income),2.0,,2.0,,1.0,2.0,2.0,1.0,0.0,Thailand,1.0,,False,Female,40_49,1.0
,,1.0,,2024,,,1.0,1.0,1,1,2.0,2.0,,,,,,19.0,1.0,1.0,4.0,4.0,1.0,,,2.0,,,1.0,1.0,Q3,,,1.0,5.0,2.0,,,1.0,,THA,,60882768.0,4.0,1.0,,,,,,,2.123168391,1,2.0,1.0,2.0,,1.0,2,1.0,,161024504,East Asia & Pacific (excluding high income),4.0,,2.0,,2.0,2.0,,2.0,1.0,Thailand,4.0,,False,Female,18_22,1.0
,,1.0,,2024,,,0.0,,1,1,2.0,1.0,,,,,,60.0,2.0,1.0,4.0,2.0,1.0,2.0,,7.0,,,0.0,2.0,Q1 Lowest,,1.0,2.0,1.0,2.0,,,2.0,,THA,,60882768.0,4.0,0.0,2.0,,,2.0,,,0.135631464,1,1.0,,2.0,,4.0,2,3.0,,161205525,East Asia & Pacific (excluding high income),1.0,,2.0,,2.0,2.0,2.0,2.0,0.0,Thailand,1.0,,False,Female,60_69,1.0
,,1.0,,2024,,,0.0,,1,1,1.0,1.0,,,,,,60.0,1.0,1.0,4.0,2.0,1.0,,,2.0,,1.0,0.0,1.0,Q4,,1.0,2.0,1.0,2.0,,,1.0,2.0,THA,,60882768.0,1.0,1.0,2.0,,,2.0,1.0,,0.135631464,1,1.0,3.0,2.0,,2.0,1,2.0,,161335380,East Asia & Pacific (excluding high income),4.0,,2.0,,2.0,1.0,2.0,1.0,0.0,Thailand,1.0,,False,Female,60_69,1.0
,,2.0,,2024,,,0.0,,1,1,2.0,4.0,,,,,,80.0,2.0,1.0,5.0,5.0,0.0,2.0,,7.0,,,0.0,2.0,Q1 Lowest,,,2.0,3.0,2.0,,,4.0,,THA,,60882768.0,4.0,0.0,,,,,,,0.288872145,1,4.0,,4.0,,4.0,2,4.0,,161364349,East Asia & Pacific (excluding high income),2.0,,2.0,,2.0,2.0,,2.0,0.0,Thailand,5.0,,False,Female,70_plus,1.0
2.0,2.0,,,2024,2.0,4.0,0.0,,2,0,,2.0,2.0,,,,2.0,38.0,2.0,2.0,2.0,2.0,0.0,,,1.0,2.0,,0.0,,Q3,,,2.0,6.0,2.0,,,,,THA,,60882768.0,4.0,0.0,2.0,,,,,2.0,2.125018739,0,1.0,3.0,1.0,2.0,,2,,,161417863,East Asia & Pacific (excluding high income),6.0,,2.0,,2.0,2.0,2.0,1.0,0.0,Thailand,4.0,2.0,False,Male,30_39,2.0
1.0,,1.0,,2024,,,1.0,,1,1,2.0,2.0,1.0,,,,,38.0,1.0,1.0,1.0,1.0,1.0,,,2.0,,1.0,1.0,2.0,Q4,,,1.0,4.0,2.0,,2.0,1.0,,THA,,60882768.0,4.0,1.0,1.0,,,,,2.0,2.417312734,1,1.0,1.0,1.0,,2.0,2,2.0,,161611108,East Asia & Pacific (excluding high income),2.0,,2.0,,2.0,2.0,1.0,1.0,0.0,Thailand,4.0,,False,Female,30_39,1.0
,,1.0,,2024,,,0.0,,1,1,2.0,1.0,,,,,,68.0,1.0,1.0,4.0,2.0,1.0,,,5.0,,2.0,0.0,1.0,Q1 Lowest,,1.0,2.0,6.0,2.0,,,2.0,,THA,,60882768.0,4.0,1.0,2.0,,,2.0,,,0.206097063,1,1.0,3.0,2.0,,2.0,1,2.0,,161618108,East Asia & Pacific (excluding high income),1.0,,2.0,,2.0,2.0,2.0,2.0,0.0,Thailand,1.0,,False,Female,60_69,1.0
2.0,,1.0,,2024,,,1.0,1.0,1,1,1.0,2.0,1.0,,,,,50.0,1.0,2.0,1.0,1.0,1.0,,,3.0,,1.0,1.0,1.0,Q5 Highest,,,2.0,3.0,2.0,,2.0,1.0,,THA,2.0,60882768.0,4.0,1.0,1.0,,,,,1.0,0.356941458,1,1.0,3.0,1.0,,2.0,1,1.0,,161685583,East Asia & Pacific (excluding high income),4.0,,2.0,,2.0,2.0,1.0,1.0,1.0,Thailand,4.0,,False,Female,50_59,2.0
,,1.0,,2024,,,1.0,,1,1,2.0,1.0,,,,,,58.0,2.0,1.0,4.0,2.0,1.0,,,7.0,,,0.0,2.0,Q2,,1.0,1.0,1.0,2.0,,,2.0,,THA,,60882768.0,4.0,0.0,2.0,,,2.0,,,0.37370484,1,1.0,,2.0,,2.0,1,2.0,,161996562,East Asia & Pacific (excluding high income),6.0,,1.0,,2.0,2.0,2.0,1.0,0.0,Thailand,1.0,,False,Female,50_59,1.0
2.0,,1.0,,2024,,,1.0,,2,1,2.0,1.0,2.0,,,,,60.0,2.0,1.0,2.0,4.0,1.0,,,7.0,,,0.0,2.0,Q1 Lowest,,1.0,2.0,4.0,2.0,,,2.0,2.0,THA,,60882768.0,2.0,0.0,,,,2.0,2.0,2.0,1.27359922,1,2.0,,1.0,,2.0,1,2.0,,162067631,East Asia & Pacific (excluding high income),1.0,,2.0,,2.0,1.0,,1.0,0.0,Thailand,1.0,,False,Male,60_69,1.0
2.0,,1.0,,2024,,,0.0,,1,1,2.0,2.0,2.0,,,,,42.0,2.0,2.0,3.0,1.0,0.0,,,8.0,,,0.0,2.0,Q2,,,2.0,7.0,2.0,,,1.0,,THA,,60882768.0,4.0,0.0,1.0,,,,,2.0,1.458613702,1,1.0,,1.0,,2.0,1,1.0,,162291755,East Asia & Pacific (excluding high income),6.0,,2.0,2.0,2.0,2.0,2.0,1.0,0.0,Thailand,4.0,,False,Female,40_49,2.0
,,1.0,,2024,,,1.0,1.0,1,1,2.0,2.0,,,,,,30.0,1.0,2.0,4.0,4.0,1.0,,,5.0,,1.0,1.0,1.0,Q2,,,1.0,4.0,2.0,,,1.0,1.0,THA,,60882768.0,1.0,1.0,,,,,1.0,,2.269689388,1,2.0,1.0,2.0,,1.0,2,1.0,,162497116,East Asia & Pacific (excluding high income),4.0,,2.0,,2.0,1.0,,1.0,1.0,Thailand,4.0,,False,Female,30_39,2.0
2.0,,1.0,,2024,,,0.0,2.0,2,1,2.0,1.0,2.0,,,,,45.0,2.0,1.0,2.0,4.0,1.0,,,4.0,,,1.0,2.0,Q4,,1.0,2.0,4.0,2.0,,,2.0,,THA,,60882768.0,4.0,0.0,,,,2.0,,2.0,0.730939276,1,2.0,1.0,1.0,,1.0,2,1.0,,162945213,East Asia & Pacific (excluding high income),2.0,,1.0,,2.0,2.0,,1.0,1.0,Thailand,1.0,,False,Male,40_49,1.0
,,2.0,,2024,,,0.0,,1,1,2.0,2.0,,,,,,57.0,1.0,1.0,4.0,2.0,1.0,1.0,,2.0,,,0.0,1.0,Q1 Lowest,,,2.0,4.0,2.0,,,1.0,,THA,,60882768.0,4.0,1.0,2.0,,,,,,0.641394138,1,1.0,3.0,2.0,,6.0,2,6.0,,163180085,East Asia & Pacific (excluding high income),3.0,,2.0,,2.0,2.0,2.0,2.0,0.0,Thailand,4.0,,False,Female,50_59,1.0
,,1.0,,2024,,,0.0,,1,1,2.0,2.0,,,,,,56.0,1.0,1.0,4.0,4.0,1.0,,,2.0,,1.0,0.0,1.0,Q5 Highest,,,2.0,1.0,2.0,,,1.0,,THA,2.0,60882768.0,4.0,1.0,,,,,,,0.320697069,1,2.0,2.0,2.0,,1.0,1,1.0,,163214008,East Asia & Pacific (excluding high income),4.0,,2.0,,2.0,2.0,,1.0,0.0,Thailand,4.0,,False,Female,50_59,1.0
,1.0,,,2024,1.0,2.0,0.0,,2,0,,2.0,,,,,2.0,45.0,2.0,1.0,4.0,2.0,0.0,,,2.0,2.0,1.0,0.0,,Q4,,,2.0,4.0,2.0,,,,,THA,,60882768.0,4.0,1.0,2.0,,,,,,3.424553462,0,1.0,2.0,2.0,2.0,,2,,,163316790,East Asia & Pacific (excluding high income),5.0,,2.0,,2.0,2.0,2.0,1.0,0.0,Thailand,4.0,2.0,False,Male,40_49,1.0
,,1.0,,2024,,,0.0,,2,1,2.0,2.0,,,,,,47.0,2.0,1.0,4.0,4.0,0.0,2.0,,2.0,,,0.0,2.0,Q1 Lowest,,,2.0,3.0,2.0,,,2.0,,THA,,60882768.0,4.0,0.0,,,,,,,1.007489496,1,2.0,1.0,2.0,,4.0,1,4.0,,163384697,East Asia & Pacific (excluding high income),2.0,,2.0,,2.0,2.0,,2.0,0.0,Thailand,4.0,,False,Male,40_49,1.0
,,,,2024,,,0.0,,1,1,,2.0,,,,,,54.0,2.0,1.0,4.0,1.0,1.0,,,2.0,,,0.0,,Q5 Highest,1.0,,2.0,1.0,2.0,,,,2.0,THA,,60882768.0,1.0,0.0,2.0,,,,1.0,,0.836953874,1,1.0,3.0,2.0,,,2,,,163449128,East Asia & Pacific (excluding high income),3.0,,2.0,,2.0,1.0,1.0,2.0,0.0,Thailand,4.0,,False,Female,50_59,1.0
2.0,,1.0,,2024,,,0.0,1.0,2,1,2.0,2.0,1.0,,,,,28.0,2.0,2.0,1.0,1.0,1.0,,,1.0,,1.0,1.0,1.0,Q4,,,2.0,4.0,2.0,,4.0,1.0,,THA,,60882768.0,4.0,1.0,1.0,,,,,2.0,1.322821922,1,1.0,3.0,1.0,,2.0,2,1.0,,163468371,East Asia & Pacific (excluding high income),5.0,,2.0,,2.0,2.0,2.0,1.0,1.0,Thailand,4.0,,False,Male,23_29,2.0
,1.0,,,2024,2.0,2.0,1.0,2.0,1,1,,1.0,,,2.0,,2.0,16.0,2.0,1.0,4.0,4.0,1.0,,,2.0,2.0,,1.0,,Q1 Lowest,,2.0,1.0,1.0,2.0,,,,,THA,,60882768.0,4.0,0.0,,,,2.0,,,1.99059975,0,2.0,2.0,2.0,2.0,,2,,,163509923,East Asia & Pacific (excluding high income),1.0,,2.0,,2.0,2.0,,1.0,1.0,Thailand,3.0,2.0,False,Female,17_or_less,1.0
2.0,,2.0,,2024,,,0.0,,2,1,2.0,2.0,1.0,,,,,50.0,2.0,1.0,1.0,1.0,1.0,,,5.0,,,1.0,2.0,Q5 Highest,,,2.0,1.0,2.0,,2.0,1.0,,THA,,60882768.0,4.0,0.0,1.0,,,,,1.0,1.91476475,1,1.0,3.0,1.0,,2.0,1,1.0,,163766705,East Asia & Pacific (excluding high income),4.0,,2.0,,2.0,2.0,1.0,1.0,1.0,Thailand,4.0,,False,Male,50_59,1.0
,,,,2024,,,1.0,,1,1,,1.0,,,2.0,,,45.0,2.0,1.0,4.0,1.0,1.0,,,2.0,,,0.0,,Q4,1.0,2.0,1.0,4.0,1.0,,,,,THA,,60882768.0,4.0,0.0,1.0,,,2.0,,,1.205478128,1,1.0,1.0,2.0,,,2,,,163815027,East Asia & Pacific (excluding high income),2.0,,1.0,,2.0,2.0,1.0,1.0,0.0,Thailand,3.0,,False,Female,40_49,1.0
2.0,,1.0,,2024,,,0.0,,2,1,2.0,1.0,2.0,,,,,68.0,2.0,1.0,2.0,4.0,1.0,,,4.0,,,0.0,2.0,Q2,,1.0,2.0,4.0,2.0,,,2.0,,THA,,60882768.0,4.0,0.0,,,,2.0,,2.0,0.38608266,1,2.0,2.0,1.0,,2.0,1,2.0,,164074329,East Asia & Pacific (excluding high income),1.0,,2.0,,2.0,2.0,,1.0,0.0,Thailand,1.0,,False,Male,60_69,1.0
2.0,1.0,,,2024,1.0,2.0,1.0,,2,0,,2.0,2.0,,,,2.0,24.0,2.0,2.0,2.0,2.0,0.0,,,1.0,2.0,,0.0,,Q5 Highest,,,2.0,2.0,2.0,,,,,THA,,60882768.0,4.0,1.0,2.0,,,,,2.0,0.629967708,0,1.0,2.0,1.0,2.0,,2,,,164111247,East Asia & Pacific (excluding high income),2.0,,2.0,,2.0,2.0,2.0,1.0,0.0,Thailand,4.0,2.0,False,Male,23_29,2.0
,,1.0,,2024,,,1.0,,1,1,2.0,2.0,,,,,,55.0,2.0,2.0,4.0,4.0,1.0,,,2.0,,,1.0,2.0,Q3,,,1.0,4.0,2.0,,,1.0,,THA,,60882768.0,4.0,0.0,,,,,,,0.223689653,1,2.0,1.0,2.0,,1.0,2,1.0,,164349419,East Asia & Pacific (excluding high income),2.0,,2.0,,2.0,2.0,,1.0,0.0,Thailand,4.0,,False,Female,50_59,2.0
,,1.0,,2024,,,1.0,,1,1,2.0,1.0,,,,,,74.0,2.0,1.0,4.0,2.0,1.0,,,2.0,,,0.0,2.0,Q2,,2.0,1.0,4.0,2.0,,,2.0,,THA,,60882768.0,4.0,0.0,2.0,,,2.0,,,0.288872145,1,1.0,1.0,2.0,,2.0,1,2.0,,164372378,East Asia & Pacific (excluding high income),4.0,,2.0,,2.0,2.0,2.0,2.0,0.0,Thailand,2.0,,False,Female,70_plus,1.0
2.0,,1.0,,2024,,,1.0,1.0,2,1,2.0,2.0,2.0,,,,,49.0,1.0,2.0,1.0,1.0,1.0,,,5.0,,,1.0,1.0,Q3,,,2.0,4.0,2.0,,2.0,1.0,1.0,THA,,60882768.0,1.0,1.0,1.0,,,,1.0,1.0,0.834810769,1,1.0,2.0,1.0,,1.0,1,1.0,,164401997,East Asia & Pacific (excluding high income),4.0,,2.0,,2.0,1.0,1.0,1.0,1.0,Thailand,4.0,,False,Male,40_49,2.0
2.0,,1.0,,2024,,,1.0,,1,1,2.0,2.0,1.0,,,,,30.0,2.0,3.0,1.0,4.0,1.0,,,2.0,,,1.0,2.0,Q4,,,1.0,4.0,2.0,,2.0,2.0,,THA,,60882768.0,4.0,0.0,,,,,,2.0,1.330426471,1,2.0,1.0,1.0,,2.0,2,2.0,,164491646,East Asia & Pacific (excluding high income),2.0,,1.0,,2.0,2.0,,1.0,0.0,Thailand,4.0,,False,Female,30_39,3.0
,,1.0,,2024,,,1.0,,1,1,2.0,2.0,,,,,,42.0,2.0,1.0,4.0,2.0,1.0,,,2.0,,,1.0,2.0,Q5 Highest,,,2.0,5.0,2.0,,,1.0,,THA,,60882768.0,4.0,1.0,2.0,,,,,,0.279546999,1,1.0,2.0,2.0,,1.0,1,1.0,,164774446,East Asia & Pacific (excluding high income),1.0,,1.0,,2.0,2.0,2.0,1.0,0.0,Thailand,4.0,,False,Female,40_49,1.0
,,1.0,,2024,,,0.0,,2,1,2.0,1.0,,,,,,65.0,2.0,1.0,4.0,2.0,1.0,,,7.0,,1.0,0.0,2.0,Q2,,1.0,2.0,1.0,2.0,,,2.0,,THA,,60882768.0,4.0,0.0,2.0,,,2.0,,,2.064026519,1,1.0,,2.0,,2.0,1,2.0,,164894100,East Asia & Pacific (excluding high income),2.0,,2.0,,2.0,2.0,2.0,1.0,0.0,Thailand,1.0,,False,Male,60_69,1.0
,,1.0,,2024,,,0.0,1.0,2,1,2.0,2.0,,,,,,49.0,1.0,2.0,4.0,1.0,1.0,1.0,,5.0,,,1.0,1.0,Q5 Highest,,,2.0,2.0,2.0,,,1.0,,THA,,60882768.0,4.0,1.0,1.0,,,,,,0.417405385,1,1.0,2.0,2.0,,3.0,1,3.0,,164916510,East Asia & Pacific (excluding high income),4.0,,2.0,,2.0,2.0,2.0,1.0,1.0,Thailand,4.0,,False,Male,40_49,2.0
,,2.0,,2024,,,0.0,2.0,2,1,2.0,4.0,,,,,,17.0,2.0,1.0,4.0,4.0,1.0,4.0,,9.0,,,1.0,1.0,Q2,,,2.0,5.0,4.0,,,2.0,,THA,,60882768.0,4.0,0.0,,,,,,,2.418972494,1,2.0,,2.0,,6.0,2,6.0,,164917179,East Asia & Pacific (excluding high income),6.0,,2.0,,2.0,2.0,,2.0,1.0,Thailand,5.0,,False,Male,17_or_less,1.0
,,2.0,,2024,,,1.0,,2,1,2.0,1.0,,,2.0,,,69.0,2.0,1.0,4.0,4.0,0.0,,,2.0,,,0.0,2.0,Q1 Lowest,,2.0,1.0,4.0,2.0,,,2.0,,THA,,60882768.0,4.0,0.0,,,,2.0,,,1.616716984,1,2.0,1.0,2.0,,3.0,1,2.0,,164983460,East Asia & Pacific (excluding high income),1.0,,2.0,,1.0,2.0,,2.0,0.0,Thailand,3.0,,False,Male,60_69,1.0
,,1.0,,2024,,,1.0,1.0,2,1,2.0,1.0,,,,,,32.0,2.0,2.0,5.0,5.0,1.0,1.0,,9.0,,,1.0,2.0,Q4,,1.0,1.0,7.0,2.0,,,2.0,,THA,,60882768.0,4.0,1.0,,,,2.0,,,0.661410961,1,4.0,,4.0,,3.0,1,6.0,,165104202,East Asia & Pacific (excluding high income),6.0,,2.0,,2.0,2.0,,2.0,1.0,Thailand,1.0,,False,Male,30_39,2.0
2.0,,1.0,,2024,,,0.0,,2,1,2.0,2.0,2.0,,,,,59.0,1.0,1.0,2.0,2.0,0.0,1.0,,1.0,,,0.0,1.0,Q3,,,2.0,1.0,2.0,,,2.0,,THA,,60882768.0,4.0,1.0,2.0,,,,,2.0,0.581200079,1,1.0,2.0,1.0,,3.0,1,3.0,,165131884,East Asia & Pacific (excluding high income),4.0,,2.0,,2.0,2.0,2.0,1.0,0.0,Thailand,4.0,,False,Male,50_59,1.0
1.0,,1.0,,2024,,,0.0,2.0,1,1,2.0,1.0,1.0,,,,,63.0,1.0,1.0,1.0,1.0,1.0,,,5.0,,,0.0,2.0,Q5 Highest,,1.0,2.0,1.0,2.0,,1.0,1.0,,THA,,60882768.0,4.0,1.0,1.0,,,1.0,,1.0,0.641394138,1,1.0,1.0,1.0,,2.0,1,2.0,,165157598,East Asia & Pacific (excluding high income),2.0,,2.0,,1.0,2.0,1.0,1.0,1.0,Thailand,1.0,,False,Female,60_69,1.0
,,1.0,,2024,,,1.0,,2,1,2.0,1.0,,,,,,17.0,2.0,1.0,4.0,1.0,1.0,1.0,,2.0,,,1.0,2.0,Q3,,2.0,1.0,3.0,2.0,,,1.0,,THA,,60882768.0,4.0,1.0,1.0,,,1.0,,,1.941554514,1,1.0,1.0,2.0,,3.0,2,3.0,,165178595,East Asia & Pacific (excluding high income),1.0,,2.0,,2.0,2.0,2.0,2.0,1.0,Thailand,1.0,,False,Male,17_or_less,1.0
,,2.0,,2024,,,0.0,,2,1,2.0,2.0,,,,,,48.0,1.0,2.0,4.0,2.0,1.0,,,1.0,,,0.0,1.0,Q4,,,2.0,1.0,2.0,,,2.0,2.0,THA,,60882768.0,1.0,1.0,2.0,,,,1.0,,0.652082246,1,1.0,3.0,2.0,,2.0,1,2.0,,165210351,East Asia & Pacific (excluding high income),4.0,,2.0,,2.0,1.0,2.0,1.0,0.0,Thailand,4.0,,False,Male,40_49,2.0
,,2.0,,2024,,,1.0,2.0,1,1,2.0,2.0,,,,,,22.0,2.0,2.0,4.0,1.0,1.0,,,2.0,,1.0,1.0,2.0,Q5 Highest,,,1.0,4.0,2.0,,,1.0,,THA,,60882768.0,4.0,0.0,1.0,,,,,,0.648026628,1,1.0,2.0,2.0,,1.0,1,1.0,,165215993,East Asia & Pacific (excluding high income),4.0,,2.0,,2.0,2.0,1.0,2.0,1.0,Thailand,4.0,,False,Female,18_22,2.0
,,1.0,,2024,,,0.0,1.0,1,1,2.0,2.0,,,,,,39.0,1.0,3.0,4.0,1.0,1.0,,,2.0,,,1.0,1.0,Q4,,,2.0,5.0,2.0,,,1.0,,THA,2.0,60882768.0,4.0,1.0,1.0,,,,,,1.174843568,1,1.0,2.0,2.0,,1.0,2,1.0,,165296447,East Asia & Pacific (excluding high income),1.0,,2.0,,2.0,2.0,1.0,1.0,1.0,Thailand,4.0,,False,Female,30_39,3.0
2.0,,1.0,,2024,,,1.0,,2,1,2.0,2.0,1.0,,,,,29.0,2.0,2.0,1.0,1.0,1.0,,,5.0,,1.0,0.0,1.0,Q5 Highest,,,1.0,3.0,2.0,,4.0,1.0,,THA,,60882768.0,4.0,1.0,1.0,,,,,1.0,0.732108113,1,1.0,2.0,1.0,,2.0,1,1.0,,165389032,East Asia & Pacific (excluding high income),4.0,,2.0,,2.0,2.0,1.0,2.0,1.0,Thailand,4.0,,False,Male,23_29,2.0
2.0,1.0,,,2024,2.0,1.0,1.0,,1,0,,2.0,2.0,,,,2.0,27.0,2.0,1.0,2.0,2.0,0.0,,,2.0,2.0,,0.0,,Q5 Highest,,,1.0,4.0,2.0,,,,,THA,,60882768.0,4.0,0.0,2.0,,,,,2.0,1.45505531,0,1.0,2.0,1.0,2.0,,2,,,165486242,East Asia & Pacific (excluding high income),4.0,,2.0,,2.0,2.0,2.0,1.0,0.0,Thailand,4.0,2.0,False,Female,23_29,1.0
,,1.0,,2024,,,0.0,,2,1,2.0,2.0,,,,,,59.0,2.0,1.0,4.0,2.0,0.0,1.0,,2.0,,,0.0,2.0,Q1 Lowest,,,2.0,1.0,2.0,,,2.0,2.0,THA,,60882768.0,2.0,0.0,2.0,,,,2.0,,0.446330707,1,1.0,2.0,2.0,,3.0,1,3.0,,165495039,East Asia & Pacific (excluding high income),1.0,,2.0,,2.0,1.0,2.0,1.0,0.0,Thailand,4.0,,False,Male,50_59,1.0
,,1.0,,2024,,,1.0,,1,1,2.0,2.0,,,,,,50.0,2.0,1.0,4.0,1.0,1.0,,,5.0,,,1.0,2.0,Q2,,,1.0,4.0,2.0,,,1.0,,THA,,60882768.0,4.0,0.0,1.0,,,,,,3.424553462,1,1.0,1.0,2.0,,3.0,1,2.0,,165528058,East Asia & Pacific (excluding high income),1.0,,2.0,,2.0,2.0,2.0,2.0,0.0,Thailand,4.0,,False,Female,50_59,1.0
2.0,,1.0,,2024,,,0.0,,2,1,2.0,2.0,1.0,,,,,62.0,2.0,1.0,1.0,2.0,1.0,,,3.0,,,1.0,2.0,Q3,,,2.0,3.0,2.0,,2.0,2.0,,THA,,60882768.0,4.0,0.0,2.0,,,,,2.0,0.135631464,1,1.0,2.0,1.0,,2.0,2,3.0,,165575869,East Asia & Pacific (excluding high income),1.0,,2.0,,2.0,2.0,2.0,1.0,0.0,Thailand,4.0,,False,Male,60_69,1.0
2.0,,2.0,,2024,,,0.0,1.0,2,1,2.0,1.0,1.0,,,,,20.0,1.0,2.0,1.0,4.0,1.0,,,3.0,,1.0,1.0,2.0,Q3,,1.0,2.0,3.0,2.0,,2.0,1.0,,THA,,60882768.0,4.0,1.0,,,,1.0,,1.0,1.81422937,1,2.0,2.0,1.0,,2.0,2,1.0,,165765208,East Asia & Pacific (excluding high income),1.0,,2.0,,2.0,2.0,,1.0,1.0,Thailand,1.0,,False,Male,18_22,2.0
2.0,,1.0,,2024,,,0.0,,1,1,2.0,1.0,2.0,,,,,57.0,2.0,1.0,2.0,2.0,1.0,2.0,,2.0,,,0.0,1.0,Q4,,1.0,2.0,1.0,2.0,,,2.0,,THA,,60882768.0,4.0,0.0,2.0,,,2.0,,2.0,0.268374161,1,1.0,2.0,1.0,,4.0,2,4.0,,165769251,East Asia & Pacific (excluding high income),4.0,,2.0,,2.0,2.0,2.0,1.0,0.0,Thailand,1.0,,False,Female,50_59,1.0
2.0,,1.0,,2024,,,0.0,,1,1,2.0,1.0,1.0,,2.0,,,29.0,1.0,2.0,1.0,2.0,1.0,,,2.0,,,1.0,1.0,Q3,,2.0,2.0,4.0,2.0,,1.0,2.0,,THA,,60882768.0,4.0,1.0,2.0,,,2.0,,1.0,0.382082398,1,1.0,1.0,1.0,,1.0,1,1.0,,165824293,East Asia & Pacific (excluding high income),1.0,,2.0,,2.0,2.0,2.0,1.0,1.0,Thailand,3.0,,False,Female,23_29,2.0
,,1.0,,2024,,,0.0,,1,1,2.0,1.0,,,,,,91.0,2.0,1.0,4.0,4.0,1.0,,,9.0,,,0.0,2.0,Q1 Lowest,,1.0,2.0,3.0,2.0,,,2.0,,THA,,60882768.0,4.0,0.0,,,,2.0,,,0.208586437,1,2.0,,2.0,,2.0,2,3.0,,165955819,East Asia & Pacific (excluding high income),6.0,,2.0,,2.0,2.0,,2.0,0.0,Thailand,1.0,,False,Female,70_plus,1.0
,,1.0,,2024,,,1.0,,2,1,1.0,2.0,,,,,,81.0,1.0,1.0,4.0,1.0,1.0,,,2.0,,,0.0,1.0,Q1 Lowest,,,2.0,1.0,2.0,,,1.0,,THA,2.0,60882768.0,4.0,1.0,2.0,,,,,,0.561442464,1,1.0,1.0,2.0,,2.0,1,2.0,,166030715,East Asia & Pacific (excluding high income),2.0,,2.0,,2.0,2.0,1.0,1.0,0.0,Thailand,4.0,,False,Male,70_plus,1.0
1.0,,1.0,,2024,,,0.0,,2,1,2.0,1.0,2.0,,,,,57.0,2.0,1.0,2.0,2.0,1.0,,,1.0,,2.0,1.0,2.0,Q4,,2.0,2.0,2.0,2.0,,,2.0,2.0,THA,,60882768.0,3.0,0.0,2.0,2.0,,2.0,2.0,2.0,0.22668224,1,1.0,1.0,1.0,,2.0,1,5.0,,166074626,East Asia & Pacific (excluding high income),5.0,,2.0,,2.0,1.0,2.0,1.0,0.0,Thailand,2.0,,False,Male,50_59,1.0
,,1.0,,2024,,,0.0,,2,1,2.0,1.0,,,,,,78.0,1.0,1.0,4.0,4.0,1.0,,,2.0,,,0.0,1.0,Q2,,1.0,2.0,3.0,2.0,,,2.0,2.0,THA,,60882768.0,2.0,1.0,,,,2.0,2.0,,0.38608266,1,2.0,1.0,2.0,,2.0,1,3.0,,166212764,East Asia & Pacific (excluding high income),2.0,,2.0,,2.0,1.0,,1.0,0.0,Thailand,1.0,,False,Male,70_plus,1.0
,,,,2024,,,0.0,,2,1,,1.0,,,,,,70.0,2.0,1.0,4.0,2.0,1.0,,,7.0,,,0.0,,Q1 Lowest,,1.0,2.0,3.0,2.0,,,,2.0,THA,,60882768.0,2.0,0.0,2.0,,,2.0,2.0,,0.55474193,1,1.0,,2.0,,,2,,,166379601,East Asia & Pacific (excluding high income),1.0,,2.0,,2.0,1.0,2.0,2.0,0.0,Thailand,1.0,,False,Male,70_plus,1.0
,,,,2024,,,0.0,,1,1,,1.0,,,,,,67.0,2.0,1.0,4.0,2.0,1.0,,,2.0,,2.0,0.0,,Q2,,1.0,2.0,1.0,2.0,,,,,THA,,60882768.0,4.0,0.0,2.0,,,2.0,,,0.294047726,1,1.0,2.0,2.0,,,2,,,166707395,East Asia & Pacific (excluding high income),2.0,,2.0,,2.0,2.0,2.0,1.0,0.0,Thailand,1.0,,False,Female,60_69,1.0
,,1.0,,2024,,,0.0,,1,1,2.0,2.0,,,,,,68.0,1.0,3.0,4.0,2.0,0.0,1.0,,8.0,,,0.0,1.0,Q5 Highest,,,2.0,7.0,2.0,,,2.0,,THA,,60882768.0,4.0,1.0,2.0,,,,,,0.148767314,1,1.0,,2.0,,3.0,2,3.0,,166718338,East Asia & Pacific (excluding high income),4.0,,2.0,,2.0,2.0,2.0,1.0,0.0,Thailand,4.0,,False,Female,60_69,3.0
,,2.0,,2024,,,1.0,,2,1,2.0,1.0,,,,,,65.0,2.0,1.0,4.0,2.0,1.0,,,2.0,,,0.0,2.0,Q4,,1.0,1.0,3.0,2.0,,,2.0,2.0,THA,,60882768.0,1.0,0.0,2.0,,,2.0,1.0,,0.38608266,1,1.0,1.0,2.0,,2.0,2,2.0,,166742565,East Asia & Pacific (excluding high income),4.0,,2.0,,2.0,1.0,2.0,1.0,0.0,Thailand,1.0,,False,Male,60_69,1.0
2.0,,1.0,,2024,,,1.0,2.0,2,1,2.0,1.0,1.0,,,,,47.0,2.0,2.0,1.0,2.0,1.0,,,3.0,,1.0,0.0,1.0,Q3,,1.0,2.0,5.0,2.0,,2.0,1.0,,THA,,60882768.0,4.0,1.0,2.0,,,2.0,,2.0,0.974585702,1,1.0,2.0,1.0,,3.0,1,2.0,,166744770,East Asia & Pacific (excluding high income),3.0,,2.0,,2.0,2.0,2.0,1.0,1.0,Thailand,1.0,,False,Male,40_49,2.0
,,2.0,,2024,,,1.0,,1,1,2.0,1.0,,,,,,46.0,2.0,2.0,4.0,2.0,1.0,,,2.0,,1.0,0.0,1.0,Q3,,1.0,1.0,2.0,2.0,,,1.0,2.0,THA,,60882768.0,2.0,1.0,2.0,,,2.0,2.0,,0.501415778,1,1.0,2.0,2.0,,3.0,1,2.0,,167122035,East Asia & Pacific (excluding high income),2.0,,2.0,,2.0,1.0,2.0,1.0,0.0,Thailand,1.0,,False,Female,40_49,2.0
2.0,,1.0,,2024,,,0.0,1.0,2,1,1.0,2.0,1.0,,,,,32.0,1.0,2.0,1.0,1.0,1.0,,,2.0,,1.0,1.0,1.0,Q5 Highest,,,2.0,3.0,2.0,,1.0,1.0,,THA,2.0,60882768.0,4.0,1.0,1.0,,,,,1.0,1.67133345,1,1.0,3.0,1.0,,2.0,1,3.0,,167259590,East Asia & Pacific (excluding high income),1.0,,2.0,,2.0,2.0,1.0,1.0,1.0,Thailand,4.0,,False,Male,30_39,2.0
2.0,,2.0,,2024,,,0.0,2.0,2,1,2.0,2.0,1.0,,,,,17.0,1.0,1.0,1.0,4.0,1.0,,,2.0,,1.0,1.0,1.0,Q5 Highest,,,2.0,3.0,2.0,,2.0,2.0,,THA,,60882768.0,4.0,1.0,,,,,,2.0,0.647184838,1,2.0,1.0,1.0,,2.0,2,1.0,,167372466,East Asia & Pacific (excluding high income),4.0,,2.0,,2.0,2.0,,1.0,1.0,Thailand,4.0,,False,Male,17_or_less,1.0
,,2.0,,2024,,,0.0,2.0,1,1,2.0,2.0,,,,,,48.0,1.0,1.0,4.0,2.0,0.0,,,1.0,,,0.0,1.0,Q3,,,2.0,1.0,2.0,,,1.0,,THA,,60882768.0,4.0,1.0,2.0,,,,,,0.564441793,1,1.0,2.0,2.0,,2.0,1,2.0,,167401021,East Asia & Pacific (excluding high income),1.0,,2.0,,2.0,2.0,2.0,1.0,0.0,Thailand,4.0,,False,Female,40_49,1.0
,,2.0,,2024,,,0.0,,2,1,2.0,2.0,,,,,,55.0,2.0,1.0,4.0,2.0,1.0,1.0,,5.0,,,0.0,2.0,Q1 Lowest,,,2.0,4.0,2.0,,,2.0,,THA,,60882768.0,4.0,0.0,2.0,,,,,,0.151977796,1,1.0,1.0,2.0,,4.0,1,4.0,,167462655,East Asia & Pacific (excluding high income),5.0,,2.0,,2.0,2.0,2.0,2.0,0.0,Thailand,4.0,,False,Male,50_59,1.0
2.0,,1.0,,2024,,,0.0,,2,1,2.0,2.0,1.0,,,,,36.0,1.0,1.0,1.0,1.0,1.0,,,2.0,,1.0,1.0,4.0,Q4,,,2.0,4.0,2.0,,2.0,1.0,,THA,,60882768.0,4.0,1.0,1.0,,,,,2.0,3.086994131,1,1.0,2.0,1.0,,2.0,2,1.0,,167625069,East Asia & Pacific (excluding high income),5.0,,2.0,,2.0,2.0,2.0,1.0,0.0,Thailand,4.0,,False,Male,30_39,1.0
,,1.0,,2024,,,0.0,,1,1,2.0,2.0,,,,,,48.0,2.0,3.0,4.0,4.0,1.0,,,5.0,,,1.0,2.0,Q5 Highest,,,2.0,4.0,2.0,,,1.0,,THA,,60882768.0,4.0,1.0,,,,,,,0.178470729,1,2.0,1.0,2.0,,2.0,1,1.0,,167712938,East Asia & Pacific (excluding high income),1.0,,2.0,,2.0,2.0,,2.0,0.0,Thailand,4.0,,False,Female,40_49,3.0
,,1.0,,2024,,,1.0,,2,1,2.0,1.0,,,,,,62.0,2.0,2.0,4.0,1.0,1.0,,,2.0,,1.0,1.0,1.0,Q5 Highest,,1.0,1.0,3.0,2.0,,,1.0,,THA,,60882768.0,4.0,0.0,1.0,,,2.0,,,0.135631464,1,1.0,3.0,2.0,,1.0,1,1.0,,168062472,East Asia & Pacific (excluding high income),2.0,,2.0,,2.0,2.0,1.0,2.0,0.0,Thailand,1.0,,False,Male,60_69,2.0
2.0,,1.0,,2024,,,1.0,,1,1,2.0,1.0,1.0,,,,,60.0,1.0,1.0,1.0,4.0,1.0,,,4.0,,1.0,0.0,1.0,Q2,,1.0,1.0,1.0,2.0,,2.0,2.0,,THA,,60882768.0,4.0,1.0,,,,2.0,,2.0,1.587124122,1,2.0,1.0,1.0,,2.0,2,2.0,,168262088,East Asia & Pacific (excluding high income),1.0,,2.0,,2.0,2.0,,1.0,0.0,Thailand,1.0,,False,Female,60_69,1.0
2.0,,1.0,,2024,,,1.0,,1,1,2.0,1.0,2.0,,,,,65.0,1.0,1.0,2.0,2.0,1.0,,,2.0,,,0.0,2.0,Q3,,1.0,1.0,2.0,2.0,,,2.0,2.0,THA,,60882768.0,1.0,1.0,2.0,,,2.0,1.0,2.0,0.494374999,1,1.0,2.0,1.0,,2.0,2,2.0,,168270209,East Asia & Pacific (excluding high income),3.0,,2.0,,1.0,1.0,2.0,1.0,0.0,Thailand,1.0,,False,Female,60_69,1.0
,,2.0,,2024,,,0.0,,1,1,2.0,1.0,,,,,,55.0,2.0,1.0,4.0,2.0,1.0,1.0,,5.0,,,1.0,2.0,Q3,,1.0,2.0,4.0,2.0,,,1.0,,THA,,60882768.0,4.0,0.0,2.0,,,2.0,,,0.236583034,1,1.0,1.0,2.0,,4.0,1,4.0,,168479264,East Asia & Pacific (excluding high income),1.0,,2.0,,2.0,2.0,2.0,2.0,0.0,Thailand,1.0,,False,Female,50_59,1.0
2.0,,1.0,,2024,,,0.0,,1,1,2.0,2.0,2.0,,,,,29.0,2.0,3.0,1.0,1.0,1.0,,,5.0,,,1.0,2.0,Q4,,,2.0,4.0,2.0,,2.0,1.0,,THA,,60882768.0,4.0,0.0,1.0,,,,,1.0,1.241863635,1,1.0,1.0,1.0,,2.0,1,1.0,,168620446,East Asia & Pacific (excluding high income),1.0,,2.0,,2.0,2.0,2.0,1.0,1.0,Thailand,4.0,,False,Female,23_29,3.0
,,1.0,,2024,,,0.0,,1,1,2.0,1.0,,,,,,67.0,2.0,1.0,4.0,2.0,1.0,,,1.0,,,0.0,2.0,Q1 Lowest,,1.0,2.0,1.0,2.0,,,2.0,,THA,,60882768.0,4.0,0.0,2.0,,,2.0,,,0.206097063,1,1.0,1.0,2.0,,2.0,2,2.0,,168701953,East Asia & Pacific (excluding high income),2.0,,2.0,,1.0,2.0,2.0,1.0,0.0,Thailand,1.0,,False,Female,60_69,1.0
,,1.0,,2024,,,1.0,,2,1,2.0,2.0,,,,,,74.0,2.0,1.0,4.0,2.0,0.0,,,2.0,,,0.0,2.0,Q1 Lowest,,,1.0,4.0,2.0,,,2.0,,THA,,60882768.0,4.0,0.0,2.0,,,,,,0.135631464,1,1.0,1.0,2.0,,2.0,1,3.0,,168960990,East Asia & Pacific (excluding high income),4.0,,2.0,,2.0,2.0,2.0,2.0,0.0,Thailand,4.0,,False,Male,70_plus,1.0
,,2.0,,2024,,,0.0,,1,1,2.0,2.0,,,,,,56.0,1.0,1.0,4.0,1.0,1.0,,,4.0,,1.0,1.0,1.0,Q2,,,2.0,1.0,2.0,,,1.0,,THA,,60882768.0,4.0,1.0,1.0,,,,,,1.587124122,1,1.0,3.0,2.0,,1.0,1,1.0,,169046177,East Asia & Pacific (excluding high income),4.0,,2.0,,2.0,2.0,2.0,1.0,0.0,Thailand,4.0,,False,Female,50_59,1.0
,,1.0,,2024,,,1.0,,1,1,2.0,1.0,,,,,,67.0,2.0,1.0,4.0,2.0,1.0,,,7.0,,,0.0,2.0,Q1 Lowest,,1.0,1.0,4.0,2.0,,,2.0,,THA,,60882768.0,4.0,0.0,2.0,,,2.0,,,0.42656637,1,1.0,,2.0,,2.0,1,2.0,,169100531,East Asia & Pacific (excluding high income),2.0,,2.0,,2.0,2.0,2.0,2.0,0.0,Thailand,1.0,,False,Female,60_69,1.0
2.0,,1.0,,2024,,,1.0,,2,1,2.0,1.0,1.0,,,,,39.0,1.0,1.0,1.0,2.0,1.0,,,2.0,,1.0,1.0,1.0,Q5 Highest,,1.0,2.0,5.0,2.0,,2.0,2.0,,THA,,60882768.0,4.0,1.0,2.0,,,1.0,,2.0,0.829940774,1,1.0,3.0,1.0,,1.0,2,1.0,,169152334,East Asia & Pacific (excluding high income),3.0,,2.0,,2.0,2.0,2.0,1.0,1.0,Thailand,1.0,,False,Male,30_39,1.0
1.0,,1.0,,2024,,,1.0,,2,1,2.0,1.0,1.0,,2.0,,,21.0,1.0,1.0,1.0,1.0,1.0,,,2.0,,,1.0,2.0,Q4,,2.0,2.0,4.0,1.0,,1.0,1.0,,THA,,60882768.0,4.0,1.0,1.0,,,2.0,,1.0,3.424553462,1,1.0,2.0,1.0,,2.0,2,1.0,,169341741,East Asia & Pacific (excluding high income),3.0,,1.0,,2.0,2.0,1.0,1.0,1.0,Thailand,3.0,,False,Male,18_22,1.0
,,1.0,,2024,,,0.0,,1,1,2.0,1.0,,,,,,75.0,2.0,1.0,4.0,2.0,1.0,,,2.0,,,0.0,2.0,Q3,,1.0,2.0,1.0,2.0,,,2.0,,THA,,60882768.0,4.0,0.0,2.0,,,2.0,,,0.135631464,1,1.0,1.0,2.0,,2.0,1,2.0,,169375397,East Asia & Pacific (excluding high income),1.0,,2.0,,2.0,2.0,2.0,1.0,0.0,Thailand,1.0,,False,Female,70_plus,1.0
,,1.0,,2024,,,0.0,,1,1,2.0,2.0,,,,,,52.0,2.0,3.0,4.0,1.0,1.0,,,2.0,,1.0,1.0,1.0,Q4,,,2.0,4.0,2.0,,,1.0,,THA,,60882768.0,4.0,0.0,1.0,,,,,,0.590556328,1,1.0,3.0,2.0,,1.0,1,1.0,,169454578,East Asia & Pacific (excluding high income),4.0,,2.0,,2.0,2.0,1.0,1.0,0.0,Thailand,4.0,,False,Female,50_59,3.0
,,1.0,,2024,,,0.0,,1,1,2.0,1.0,,,,,,70.0,2.0,1.0,4.0,4.0,1.0,,,7.0,,,0.0,2.0,Q1 Lowest,,1.0,2.0,6.0,2.0,,,2.0,,THA,,60882768.0,4.0,0.0,,,,2.0,,,0.55546348,1,2.0,,2.0,,2.0,1,2.0,,169600026,East Asia & Pacific (excluding high income),5.0,,2.0,,1.0,2.0,,2.0,0.0,Thailand,1.0,,False,Female,70_plus,1.0
,,1.0,,2024,,,1.0,,2,1,2.0,2.0,,,,,,53.0,2.0,3.0,4.0,2.0,1.0,,,3.0,,1.0,1.0,1.0,Q4,,,2.0,3.0,2.0,,,1.0,,THA,,60882768.0,4.0,1.0,2.0,,,,,,1.225663054,1,1.0,2.0,2.0,,1.0,1,1.0,,169617002,East Asia & Pacific (excluding high income),1.0,,2.0,,2.0,2.0,2.0,1.0,0.0,Thailand,4.0,,False,Male,50_59,3.0
,,2.0,,2024,,,0.0,,1,1,2.0,2.0,,,,,,49.0,1.0,1.0,4.0,1.0,1.0,,,1.0,,,1.0,2.0,Q5 Highest,,,2.0,1.0,2.0,,,2.0,,THA,,60882768.0,4.0,1.0,1.0,,,,,,0.368087485,1,1.0,3.0,2.0,,2.0,2,1.0,,169872961,East Asia & Pacific (excluding high income),4.0,,2.0,,2.0,2.0,2.0,1.0,0.0,Thailand,4.0,,False,Female,40_49,1.0
,2.0,,,2024,1.0,2.0,0.0,,2,0,,2.0,,,,,2.0,31.0,2.0,1.0,4.0,2.0,0.0,,,5.0,2.0,,0.0,,Q5 Highest,,,2.0,1.0,2.0,,,,,THA,,60882768.0,4.0,1.0,2.0,,,,,,0.454827199,0,1.0,2.0,2.0,2.0,,2,,,169907746,East Asia & Pacific (excluding high income),2.0,,2.0,,2.0,2.0,2.0,1.0,0.0,Thailand,4.0,2.0,False,Male,30_39,1.0
,,1.0,,2024,,,0.0,,1,1,2.0,2.0,,,,,,23.0,2.0,1.0,4.0,2.0,1.0,1.0,,2.0,,1.0,0.0,1.0,Q2,,,2.0,4.0,2.0,,,2.0,,THA,,60882768.0,4.0,0.0,2.0,,,,,,0.960637316,1,1.0,1.0,2.0,,6.0,2,6.0,,170003486,East Asia & Pacific (excluding high income),6.0,,2.0,,2.0,2.0,2.0,1.0,0.0,Thailand,4.0,,False,Female,23_29,1.0
2.0,,1.0,,2024,,,1.0,,1,1,2.0,2.0,1.0,,,,,53.0,2.0,2.0,1.0,1.0,1.0,1.0,,2.0,,1.0,1.0,2.0,Q5 Highest,,,2.0,4.0,1.0,,1.0,1.0,,THA,,60882768.0,4.0,0.0,1.0,,,,,1.0,0.148864625,1,1.0,1.0,1.0,,6.0,1,6.0,,170066650,East Asia & Pacific (excluding high income),6.0,,2.0,,2.0,2.0,1.0,1.0,1.0,Thailand,4.0,,False,Female,50_59,2.0
2.0,,2.0,,2024,,,0.0,,1,1,2.0,2.0,1.0,,,,,33.0,1.0,3.0,1.0,1.0,1.0,,,1.0,,1.0,1.0,1.0,Q5 Highest,,,2.0,3.0,2.0,,2.0,2.0,,THA,,60882768.0,4.0,1.0,1.0,,,,,1.0,2.024825047,1,1.0,3.0,1.0,,2.0,1,1.0,,170342318,East Asia & Pacific (excluding high income),4.0,,2.0,,2.0,2.0,1.0,1.0,1.0,Thailand,4.0,,False,Female,30_39,3.0
2.0,,2.0,,2024,,,0.0,2.0,2,1,2.0,2.0,1.0,,,,,33.0,2.0,1.0,1.0,1.0,1.0,,,2.0,,,1.0,1.0,Q2,,,2.0,4.0,2.0,,2.0,2.0,,THA,,60882768.0,4.0,1.0,1.0,,,,,1.0,2.076654795,1,1.0,2.0,1.0,,2.0,1,1.0,,170414841,East Asia & Pacific (excluding high income),4.0,,2.0,,2.0,2.0,2.0,1.0,1.0,Thailand,4.0,,False,Male,30_39,1.0
2.0,,1.0,,2024,,,0.0,,1,1,2.0,1.0,2.0,,,,,20.0,1.0,1.0,2.0,2.0,1.0,,,2.0,,,0.0,1.0,Q3,,1.0,2.0,5.0,2.0,,,2.0,,THA,,60882768.0,4.0,1.0,2.0,,,2.0,,2.0,1.136087653,1,1.0,2.0,1.0,,2.0,2,1.0,,170431192,East Asia & Pacific (excluding high income),5.0,,2.0,,2.0,2.0,2.0,1.0,0.0,Thailand,1.0,,False,Female,18_22,1.0
,,,,2024,,,1.0,,1,1,,1.0,,,,,,55.0,2.0,2.0,4.0,1.0,1.0,,,4.0,,1.0,0.0,,Q1 Lowest,1.0,1.0,2.0,3.0,1.0,,,,,THA,,60882768.0,4.0,1.0,1.0,,,1.0,,,0.405604548,1,1.0,1.0,2.0,,,4,,,170638065,East Asia & Pacific (excluding high income),4.0,,1.0,,1.0,2.0,2.0,1.0,1.0,Thailand,1.0,,False,Female,50_59,2.0
2.0,,1.0,,2024,,,1.0,1.0,1,1,2.0,2.0,1.0,,,,,46.0,1.0,3.0,1.0,1.0,1.0,,,3.0,,,1.0,1.0,Q5 Highest,,,1.0,3.0,1.0,,2.0,1.0,,THA,,60882768.0,4.0,1.0,1.0,,,,,2.0,0.814863526,1,1.0,3.0,1.0,,2.0,2,1.0,,170740997,East Asia & Pacific (excluding high income),4.0,,1.0,,2.0,2.0,1.0,1.0,1.0,Thailand,4.0,,False,Female,40_49,3.0
,,1.0,,2024,,,1.0,,1,1,2.0,1.0,,,,,,30.0,1.0,1.0,4.0,4.0,1.0,,,5.0,,,1.0,1.0,Q3,,1.0,1.0,1.0,2.0,,,1.0,,THA,,60882768.0,4.0,1.0,,,,2.0,,,2.567655768,1,2.0,1.0,2.0,,2.0,1,1.0,,170792291,East Asia & Pacific (excluding high income),4.0,,2.0,,2.0,2.0,,1.0,0.0,Thailand,1.0,,False,Female,30_39,1.0
,2.0,,,2024,1.0,2.0,0.0,,2,0,,2.0,,,,,2.0,49.0,2.0,1.0,4.0,2.0,0.0,,,2.0,2.0,,0.0,,Q4,,,2.0,3.0,2.0,,,,,THA,,60882768.0,4.0,0.0,2.0,,,,,,0.848995482,0,1.0,2.0,2.0,2.0,,2,,,170879803,East Asia & Pacific (excluding high income),3.0,,2.0,,2.0,2.0,2.0,1.0,0.0,Thailand,4.0,2.0,False,Male,40_49,1.0
2.0,,1.0,,2024,,,0.0,,1,1,2.0,1.0,1.0,,,,,67.0,2.0,1.0,1.0,2.0,1.0,,,2.0,,,0.0,2.0,Q3,,1.0,2.0,4.0,2.0,,2.0,1.0,,THA,,60882768.0,4.0,0.0,2.0,,,2.0,,2.0,0.135631464,1,1.0,2.0,1.0,,1.0,1,1.0,,170940620,East Asia & Pacific (excluding high income),2.0,,2.0,,1.0,2.0,2.0,1.0,0.0,Thailand,1.0,,False,Female,60_69,1.0
,,1.0,,2024,,,1.0,,1,1,2.0,1.0,,,2.0,,,48.0,1.0,1.0,4.0,2.0,0.0,,,4.0,,,0.0,2.0,Q3,,2.0,2.0,4.0,1.0,,,2.0,2.0,THA,,60882768.0,2.0,1.0,2.0,,,2.0,2.0,,1.858321468,1,1.0,1.0,2.0,,2.0,1,2.0,,171155552,East Asia & Pacific (excluding high income),4.0,,2.0,,2.0,1.0,2.0,1.0,0.0,Thailand,3.0,,False,Female,40_49,1.0
,,1.0,,2024,,,1.0,1.0,1,1,2.0,1.0,,,,,,35.0,1.0,2.0,4.0,1.0,1.0,,,4.0,,,1.0,2.0,Q1 Lowest,,1.0,1.0,4.0,1.0,,,1.0,,THA,,60882768.0,4.0,1.0,1.0,,,2.0,,,0.638928709,1,1.0,1.0,2.0,,2.0,1,2.0,,171394565,East Asia & Pacific (excluding high income),1.0,,2.0,,2.0,2.0,1.0,1.0,1.0,Thailand,1.0,,False,Female,30_39,2.0
2.0,,1.0,,2024,,,0.0,,1,1,2.0,1.0,2.0,,,,,66.0,2.0,1.0,2.0,4.0,1.0,,,7.0,,,0.0,2.0,Q2,,1.0,2.0,1.0,2.0,,,2.0,,THA,,60882768.0,4.0,0.0,,,,2.0,,2.0,0.38516286,1,2.0,,1.0,,2.0,2,2.0,,171429292,East Asia & Pacific (excluding high income),3.0,,2.0,,2.0,2.0,,1.0,0.0,Thailand,1.0,,False,Female,60_69,1.0
,,1.0,,2024,,,0.0,,1,1,2.0,2.0,,,,,,53.0,2.0,1.0,4.0,2.0,0.0,,,2.0,,2.0,0.0,2.0,Q3,,,2.0,4.0,2.0,,,1.0,,THA,,60882768.0,4.0,0.0,2.0,,,,,,3.424553462,1,1.0,1.0,2.0,,2.0,1,3.0,,171537332,East Asia & Pacific (excluding high income),4.0,,2.0,,2.0,2.0,2.0,1.0,0.0,Thailand,4.0,,False,Female,50_59,1.0
,3.0,,,2024,2.0,2.0,0.0,,1,0,,2.0,,,,,2.0,71.0,2.0,1.0,4.0,2.0,0.0,,,8.0,3.0,,0.0,,Q1 Lowest,,,2.0,7.0,2.0,,,,,THA,,60882768.0,4.0,1.0,2.0,,,,,,0.135631464,0,1.0,,2.0,3.0,,2,,,171600209,East Asia & Pacific (excluding high income),5.0,,2.0,,2.0,2.0,2.0,2.0,0.0,Thailand,4.0,2.0,False,Female,70_plus,1.0
,,1.0,,2024,,,0.0,,1,1,2.0,2.0,,,,,,48.0,2.0,1.0,4.0,1.0,1.0,1.0,,2.0,,,0.0,1.0,Q2,,,2.0,4.0,2.0,,,2.0,,THA,,60882768.0,4.0,1.0,2.0,,,,,,1.603433515,1,1.0,1.0,2.0,,3.0,1,3.0,,172046909,East Asia & Pacific (excluding high income),3.0,,2.0,,2.0,2.0,1.0,1.0,0.0,Thailand,4.0,,False,Female,40_49,1.0
,,1.0,,2024,,,0.0,,1,1,2.0,1.0,,,,,,65.0,2.0,1.0,4.0,4.0,1.0,,,2.0,,,0.0,2.0,Q2,,1.0,2.0,4.0,2.0,,,2.0,,THA,,60882768.0,4.0,0.0,,,,2.0,,,0.83319522,1,2.0,1.0,2.0,,2.0,2,2.0,,172261660,East Asia & Pacific (excluding high income),2.0,,2.0,,2.0,2.0,,1.0,0.0,Thailand,1.0,,False,Female,60_69,1.0
2.0,,1.0,,2024,,,0.0,1.0,2,1,2.0,1.0,1.0,,,,,24.0,1.0,2.0,1.0,4.0,1.0,,,2.0,,1.0,1.0,2.0,Q2,,1.0,2.0,4.0,2.0,,2.0,1.0,,THA,,60882768.0,4.0,1.0,,,,2.0,,1.0,0.90083994,1,2.0,2.0,1.0,,1.0,2,1.0,,172424271,East Asia & Pacific (excluding high income),2.0,,2.0,,2.0,2.0,,1.0,1.0,Thailand,1.0,,False,Male,23_29,2.0
,2.0,,,2024,1.0,2.0,0.0,,1,0,,2.0,,,,,2.0,20.0,2.0,2.0,4.0,4.0,0.0,,,1.0,2.0,,0.0,,Q3,,,2.0,8.0,2.0,,,,,THA,,60882768.0,4.0,1.0,,,,,,,2.229985505,0,2.0,3.0,2.0,2.0,,2,,,173018752,East Asia & Pacific (excluding high income),1.0,,2.0,,2.0,2.0,,1.0,0.0,Thailand,4.0,2.0,False,Female,18_22,2.0
2.0,,1.0,,2024,,,0.0,,2,1,2.0,2.0,1.0,,,,,32.0,2.0,2.0,1.0,4.0,1.0,,,5.0,,,0.0,2.0,Q2,,,2.0,3.0,2.0,,2.0,1.0,,THA,,60882768.0,4.0,0.0,,,,,,1.0,1.441651193,1,2.0,1.0,1.0,,2.0,2,2.0,,173132196,East Asia & Pacific (excluding high income),2.0,,2.0,,2.0,2.0,,1.0,1.0,Thailand,4.0,,False,Male,30_39,2.0
,,,,2024,,,1.0,,1,1,,1.0,,,,,,76.0,2.0,1.0,4.0,2.0,1.0,,,7.0,,,0.0,,Q1 Lowest,,1.0,1.0,4.0,2.0,,,,,THA,,60882768.0,4.0,1.0,2.0,,,2.0,,,0.42656637,1,1.0,,2.0,,,2,,,173181109,East Asia & Pacific (excluding high income),2.0,,2.0,,2.0,2.0,2.0,2.0,0.0,Thailand,1.0,,False,Female,70_plus,1.0
,,1.0,,2024,,,0.0,,2,1,2.0,1.0,,,,,,72.0,2.0,1.0,4.0,2.0,1.0,,,2.0,,,0.0,2.0,Q4,,1.0,2.0,8.0,2.0,,,2.0,,THA,,60882768.0,4.0,0.0,2.0,,,2.0,,,0.562277255,1,1.0,1.0,2.0,,1.0,2,1.0,,173346433,East Asia & Pacific (excluding high income),5.0,,2.0,,2.0,2.0,2.0,1.0,0.0,Thailand,1.0,,False,Male,70_plus,1.0
,,2.0,,2024,,,1.0,2.0,2,1,1.0,2.0,,,,,,54.0,1.0,3.0,4.0,1.0,1.0,,,1.0,,,1.0,1.0,Q5 Highest,,,2.0,7.0,2.0,,,1.0,,THA,,60882768.0,4.0,1.0,1.0,,,,,,0.268443698,1,1.0,3.0,2.0,,1.0,1,2.0,,173433964,East Asia & Pacific (excluding high income),3.0,,2.0,,2.0,2.0,1.0,2.0,1.0,Thailand,4.0,,False,Male,50_59,3.0
2.0,,2.0,,2024,,,1.0,2.0,1,1,2.0,2.0,1.0,,,,,17.0,1.0,1.0,1.0,2.0,1.0,,,2.0,,,1.0,1.0,Q3,,,1.0,5.0,2.0,,2.0,1.0,,THA,2.0,60882768.0,4.0,1.0,2.0,,,,,2.0,0.930029135,1,1.0,1.0,1.0,,2.0,2,1.0,,173442387,East Asia & Pacific (excluding high income),4.0,,2.0,,2.0,2.0,2.0,2.0,1.0,Thailand,4.0,,False,Female,17_or_less,1.0
2.0,,1.0,,2024,,,1.0,,1,1,2.0,2.0,2.0,,,,,53.0,2.0,1.0,2.0,3.0,0.0,1.0,,9.0,,2.0,0.0,1.0,Q2,,,1.0,3.0,2.0,,,2.0,,THA,,60882768.0,4.0,0.0,2.0,,,,,2.0,0.652831345,1,1.0,,1.0,,3.0,1,3.0,,173452446,East Asia & Pacific (excluding high income),1.0,,2.0,,2.0,2.0,2.0,1.0,0.0,Thailand,4.0,,False,Female,50_59,1.0
2.0,,1.0,,2024,,,0.0,,1,1,2.0,1.0,1.0,,,,,60.0,1.0,2.0,1.0,1.0,1.0,,,1.0,,,1.0,2.0,Q4,,1.0,2.0,6.0,2.0,,2.0,1.0,,THA,,60882768.0,4.0,1.0,1.0,,,2.0,,1.0,0.223689653,1,1.0,3.0,1.0,,1.0,1,1.0,,173608224,East Asia & Pacific (excluding high income),4.0,,2.0,,2.0,2.0,2.0,1.0,1.0,Thailand,1.0,,False,Female,60_69,2.0
,,1.0,,2024,,,0.0,,1,1,2.0,1.0,,,,,,83.0,2.0,1.0,4.0,2.0,1.0,,,7.0,,,0.0,2.0,Q2,,1.0,2.0,6.0,2.0,,,2.0,,THA,,60882768.0,4.0,0.0,2.0,,,2.0,,,0.38341234,1,1.0,,2.0,,2.0,1,3.0,,173662832,East Asia & Pacific (excluding high income),5.0,,2.0,,2.0,2.0,2.0,2.0,0.0,Thailand,1.0,,False,Female,70_plus,1.0
,,1.0,,2024,,,0.0,,2,1,2.0,1.0,,,,,,69.0,2.0,1.0,4.0,4.0,1.0,,,2.0,,,0.0,2.0,Q2,,1.0,2.0,4.0,2.0,,,2.0,,THA,,60882768.0,4.0,0.0,,,,2.0,,,0.842163696,1,2.0,2.0,2.0,,2.0,1,2.0,,173678091,East Asia & Pacific (excluding high income),4.0,,2.0,,2.0,2.0,,2.0,0.0,Thailand,1.0,,False,Male,60_69,1.0
2.0,,1.0,,2024,,,1.0,1.0,2,1,2.0,2.0,1.0,,,,,27.0,1.0,2.0,1.0,1.0,1.0,,,2.0,,2.0,1.0,2.0,Q5 Highest,,,1.0,4.0,2.0,,2.0,1.0,,THA,,60882768.0,4.0,1.0,1.0,,,,,1.0,1.967793621,1,1.0,3.0,1.0,,2.0,1,1.0,,173794944,East Asia & Pacific (excluding high income),2.0,,1.0,,2.0,2.0,1.0,1.0,1.0,Thailand,4.0,,False,Male,23_29,2.0
1.0,,2.0,,2024,,,0.0,,2,1,2.0,1.0,1.0,,,,,35.0,1.0,2.0,1.0,4.0,1.0,,,5.0,,1.0,1.0,1.0,Q5 Highest,,1.0,2.0,1.0,2.0,,1.0,1.0,2.0,THA,,60882768.0,2.0,1.0,,,,1.0,2.0,1.0,0.415457676,1,2.0,2.0,1.0,,2.0,1,2.0,,173949175,East Asia & Pacific (excluding high income),4.0,,2.0,,2.0,1.0,,1.0,1.0,Thailand,1.0,,False,Male,30_39,2.0
2.0,,1.0,,2024,,,0.0,,2,1,2.0,2.0,1.0,,,,,28.0,1.0,3.0,1.0,4.0,1.0,,,2.0,,,1.0,1.0,Q5 Highest,,,2.0,3.0,2.0,,2.0,1.0,1.0,THA,,60882768.0,1.0,1.0,,,,,1.0,1.0,2.487136239,1,2.0,2.0,1.0,,2.0,1,1.0,,174117446,East Asia & Pacific (excluding high income),1.0,,2.0,,2.0,1.0,,1.0,1.0,Thailand,4.0,,False,Male,23_29,3.0
,,2.0,,2024,,,0.0,,1,1,2.0,2.0,,,,,,19.0,2.0,2.0,4.0,2.0,0.0,,,4.0,,,0.0,2.0,Q3,,,2.0,5.0,2.0,,,1.0,2.0,THA,,60882768.0,2.0,1.0,2.0,,,,2.0,,0.960637316,1,1.0,1.0,2.0,,2.0,2,2.0,,174225436,East Asia & Pacific (excluding high income),3.0,,2.0,,2.0,1.0,2.0,2.0,0.0,Thailand,4.0,,False,Female,18_22,2.0
,,1.0,,2024,,,0.0,,2,1,2.0,1.0,,,,,,79.0,2.0,1.0,4.0,2.0,1.0,,,7.0,,1.0,0.0,2.0,Q5 Highest,,1.0,2.0,3.0,2.0,,,2.0,2.0,THA,,60882768.0,2.0,0.0,2.0,,,2.0,2.0,,0.446330707,1,1.0,,2.0,,2.0,1,2.0,,174424368,East Asia & Pacific (excluding high income),1.0,,2.0,,2.0,1.0,2.0,1.0,0.0,Thailand,1.0,,False,Male,70_plus,1.0
2.0,,1.0,,2024,,,1.0,1.0,1,1,2.0,2.0,1.0,,,,,35.0,1.0,1.0,1.0,1.0,1.0,,,5.0,,,1.0,2.0,Q5 Highest,,,1.0,4.0,2.0,,3.0,2.0,,THA,,60882768.0,4.0,1.0,1.0,,,,,1.0,0.658518656,1,1.0,1.0,1.0,,2.0,2,1.0,,174488977,East Asia & Pacific (excluding high income),3.0,,2.0,,2.0,2.0,2.0,1.0,1.0,Thailand,4.0,,False,Female,30_39,1.0
,,1.0,,2024,,,1.0,,1,1,2.0,2.0,,,,,,48.0,2.0,1.0,4.0,4.0,1.0,,,4.0,,1.0,1.0,2.0,Q5 Highest,,,1.0,4.0,2.0,,,1.0,,THA,,60882768.0,4.0,0.0,,,,,,,0.180975073,1,2.0,1.0,2.0,,3.0,2,1.0,,174503607,East Asia & Pacific (excluding high income),2.0,,2.0,,2.0,2.0,,1.0,0.0,Thailand,4.0,,False,Female,40_49,1.0
1.0,,1.0,,2024,,,1.0,,2,1,2.0,2.0,1.0,,,,,54.0,2.0,2.0,1.0,1.0,1.0,,,2.0,,1.0,1.0,2.0,Q4,,,2.0,2.0,2.0,,1.0,1.0,1.0,THA,,60882768.0,1.0,0.0,1.0,,,,1.0,1.0,0.228521128,1,1.0,1.0,1.0,,2.0,1,1.0,,174504815,East Asia & Pacific (excluding high income),2.0,,2.0,,2.0,1.0,1.0,1.0,1.0,Thailand,4.0,,False,Male,50_59,2.0
2.0,1.0,,,2024,1.0,2.0,0.0,,1,0,,2.0,2.0,,,,1.0,44.0,2.0,2.0,2.0,2.0,0.0,,,3.0,2.0,,0.0,,Q3,,,2.0,1.0,2.0,,,,,THA,,60882768.0,4.0,1.0,2.0,,,,,2.0,0.638179311,0,1.0,3.0,1.0,2.0,,2,,,174707052,East Asia & Pacific (excluding high income),3.0,,2.0,,2.0,2.0,2.0,1.0,0.0,Thailand,4.0,2.0,False,Female,40_49,2.0
,,2.0,,2024,,,1.0,,2,1,2.0,2.0,,,,,,44.0,1.0,2.0,4.0,1.0,1.0,1.0,,5.0,,1.0,1.0,1.0,Q5 Highest,,,2.0,2.0,2.0,,,1.0,1.0,THA,,60882768.0,1.0,1.0,1.0,,,,2.0,,0.318925442,1,1.0,3.0,2.0,,3.0,1,3.0,,174732565,East Asia & Pacific (excluding high income),2.0,,2.0,,2.0,1.0,2.0,1.0,1.0,Thailand,4.0,,False,Male,40_49,2.0
2.0,,2.0,,2024,,,0.0,2.0,2,1,2.0,2.0,1.0,,,,,48.0,2.0,1.0,1.0,2.0,1.0,1.0,,2.0,,,1.0,2.0,Q5 Highest,,,2.0,4.0,2.0,,1.0,2.0,,THA,,60882768.0,4.0,0.0,2.0,,,,,2.0,0.19359578,1,1.0,1.0,1.0,,3.0,1,3.0,,174742478,East Asia & Pacific (excluding high income),4.0,,2.0,,2.0,2.0,2.0,1.0,0.0,Thailand,4.0,,False,Male,40_49,1.0
2.0,,1.0,,2024,,,1.0,2.0,2,1,2.0,1.0,2.0,,,,,48.0,1.0,1.0,2.0,2.0,1.0,2.0,,2.0,,,0.0,2.0,Q3,,1.0,1.0,4.0,2.0,,,2.0,,THA,,60882768.0,4.0,1.0,2.0,,,2.0,,2.0,1.788771212,1,1.0,1.0,1.0,,3.0,2,3.0,,174795038,East Asia & Pacific (excluding high income),1.0,,2.0,,2.0,2.0,2.0,1.0,1.0,Thailand,1.0,,False,Male,40_49,1.0
1.0,,1.0,,2024,,,0.0,,1,1,2.0,1.0,1.0,,,,,53.0,1.0,2.0,1.0,2.0,1.0,,,2.0,,,0.0,1.0,Q2,,1.0,2.0,4.0,2.0,,2.0,1.0,,THA,,60882768.0,4.0,1.0,2.0,,,2.0,,2.0,0.244591453,1,1.0,2.0,1.0,,2.0,1,2.0,,174797330,East Asia & Pacific (excluding high income),2.0,,2.0,,2.0,2.0,2.0,1.0,0.0,Thailand,1.0,,False,Female,50_59,2.0
,,1.0,,2024,,,1.0,,1,1,2.0,1.0,,,,,,67.0,2.0,1.0,4.0,2.0,1.0,,,2.0,,,1.0,2.0,Q2,,1.0,1.0,4.0,2.0,,,2.0,,THA,,60882768.0,4.0,0.0,2.0,,,2.0,,,0.135631464,1,1.0,2.0,2.0,,1.0,1,3.0,,174835454,East Asia & Pacific (excluding high income),4.0,,2.0,,2.0,2.0,2.0,2.0,0.0,Thailand,1.0,,False,Female,60_69,1.0
2.0,,1.0,,2024,,,1.0,,2,1,2.0,2.0,1.0,,,,,35.0,1.0,3.0,1.0,1.0,1.0,,,2.0,,,1.0,1.0,Q5 Highest,,,1.0,6.0,2.0,,2.0,1.0,,THA,,60882768.0,4.0,1.0,1.0,,,,,1.0,3.424553462,1,1.0,3.0,1.0,,2.0,2,1.0,,175020258,East Asia & Pacific (excluding high income),4.0,,2.0,,2.0,2.0,1.0,2.0,1.0,Thailand,4.0,,False,Male,30_39,3.0
2.0,,1.0,,2024,,,0.0,2.0,1,1,2.0,2.0,1.0,,,,,53.0,1.0,3.0,1.0,1.0,1.0,,,1.0,,1.0,1.0,1.0,Q5 Highest,,,2.0,1.0,2.0,,2.0,1.0,,THA,,60882768.0,4.0,1.0,2.0,,,,,2.0,0.135631464,1,1.0,3.0,1.0,,2.0,1,1.0,,175169992,East Asia & Pacific (excluding high income),3.0,,2.0,,2.0,2.0,1.0,1.0,1.0,Thailand,4.0,,False,Female,50_59,3.0
,,1.0,,2024,,,1.0,1.0,1,1,1.0,2.0,,,,,,54.0,1.0,2.0,4.0,1.0,1.0,,,5.0,,,1.0,1.0,Q4,,,2.0,8.0,2.0,,,1.0,,THA,,60882768.0,4.0,1.0,1.0,,,,,,0.322472854,1,1.0,2.0,2.0,,1.0,1,1.0,,175471023,East Asia & Pacific (excluding high income),3.0,,2.0,,2.0,2.0,2.0,1.0,1.0,Thailand,4.0,,False,Female,50_59,2.0
2.0,,1.0,,2024,,,1.0,2.0,2,1,1.0,2.0,1.0,,,,,37.0,1.0,3.0,1.0,1.0,1.0,,,4.0,,1.0,1.0,1.0,Q4,,,1.0,5.0,1.0,,2.0,1.0,,THA,,60882768.0,4.0,1.0,1.0,,,,,2.0,1.385196381,1,1.0,2.0,1.0,,2.0,2,1.0,,175543439,East Asia & Pacific (excluding high income),2.0,,1.0,,2.0,2.0,2.0,1.0,1.0,Thailand,4.0,,False,Male,30_39,3.0
,,1.0,,2024,,,1.0,,2,1,2.0,1.0,,,,,,70.0,2.0,1.0,4.0,2.0,1.0,,,7.0,,,0.0,2.0,Q1 Lowest,,1.0,1.0,4.0,2.0,,,1.0,,THA,,60882768.0,4.0,0.0,2.0,,,2.0,,,0.135631464,1,1.0,,2.0,,2.0,1,2.0,,175721817,East Asia & Pacific (excluding high income),2.0,,2.0,,1.0,2.0,2.0,1.0,0.0,Thailand,1.0,,False,Male,70_plus,1.0
,,2.0,,2024,,,1.0,,1,1,2.0,1.0,,,,,,56.0,1.0,1.0,4.0,1.0,1.0,,,2.0,,,1.0,1.0,Q3,,1.0,1.0,3.0,2.0,,,1.0,,THA,,60882768.0,4.0,1.0,1.0,,,2.0,,,0.477718088,1,1.0,2.0,2.0,,1.0,1,1.0,,175802507,East Asia & Pacific (excluding high income),4.0,,1.0,,2.0,2.0,2.0,1.0,0.0,Thailand,1.0,,False,Female,50_59,1.0
,1.0,,,2024,1.0,2.0,0.0,,2,0,,2.0,,,,,2.0,53.0,2.0,1.0,4.0,4.0,0.0,,,2.0,2.0,,0.0,,Q4,,,2.0,5.0,2.0,,,,2.0,THA,,60882768.0,2.0,0.0,,,,,2.0,,1.563927445,0,2.0,2.0,2.0,1.0,,2,,,175969795,East Asia & Pacific (excluding high income),4.0,,2.0,,2.0,1.0,,1.0,0.0,Thailand,4.0,1.0,False,Male,50_59,1.0
,,2.0,,2024,,,1.0,1.0,2,1,1.0,1.0,,,1.0,,,32.0,1.0,2.0,4.0,1.0,1.0,,,5.0,,1.0,0.0,1.0,Q3,,2.0,2.0,4.0,2.0,,,1.0,,THA,,60882768.0,4.0,1.0,1.0,,,2.0,,,3.085300551,1,1.0,3.0,2.0,,3.0,1,2.0,,175972425,East Asia & Pacific (excluding high income),4.0,,1.0,,2.0,2.0,1.0,2.0,1.0,Thailand,1.0,,False,Male,30_39,2.0
,,2.0,,2024,,,0.0,,1,1,2.0,2.0,,,,,,42.0,1.0,2.0,4.0,1.0,1.0,,,2.0,,1.0,1.0,1.0,Q3,,,2.0,2.0,2.0,,,2.0,,THA,,60882768.0,4.0,1.0,1.0,,,,,,2.187920552,1,1.0,2.0,2.0,,1.0,1,1.0,,175997071,East Asia & Pacific (excluding high income),2.0,,2.0,,2.0,2.0,1.0,1.0,0.0,Thailand,4.0,,False,Female,40_49,2.0
,,1.0,,2024,,,1.0,,2,1,2.0,1.0,,,,,,25.0,1.0,1.0,4.0,1.0,1.0,,,4.0,,1.0,1.0,1.0,Q3,,1.0,1.0,3.0,2.0,,,1.0,1.0,THA,,60882768.0,1.0,1.0,1.0,,,2.0,1.0,,1.307034707,1,1.0,2.0,2.0,,3.0,1,2.0,,176034737,East Asia & Pacific (excluding high income),1.0,,2.0,,2.0,1.0,1.0,1.0,1.0,Thailand,1.0,,False,Male,23_29,1.0
,,1.0,,2024,,,1.0,,2,1,2.0,2.0,,,,,,82.0,2.0,2.0,4.0,4.0,1.0,,,2.0,,2.0,0.0,2.0,Q5 Highest,,1.0,1.0,3.0,2.0,,,2.0,,THA,,60882768.0,4.0,0.0,,,,2.0,,,0.346950907,1,2.0,2.0,2.0,,2.0,1,2.0,,176066331,East Asia & Pacific (excluding high income),2.0,,2.0,,1.0,2.0,,1.0,0.0,Thailand,4.0,,False,Male,70_plus,2.0
,,2.0,,2024,,,1.0,,2,1,2.0,2.0,,,,,,24.0,1.0,3.0,4.0,2.0,1.0,,,2.0,,,1.0,1.0,Q5 Highest,,,1.0,1.0,2.0,,,1.0,,THA,,60882768.0,4.0,1.0,2.0,,,,,,1.851218565,1,1.0,2.0,2.0,,1.0,1,1.0,,176077478,East Asia & Pacific (excluding high income),2.0,,2.0,,2.0,2.0,2.0,1.0,0.0,Thailand,4.0,,False,Male,23_29,3.0
2.0,,1.0,,2024,,,1.0,,2,1,2.0,1.0,2.0,,,,,60.0,2.0,1.0,2.0,2.0,1.0,,,2.0,,,0.0,2.0,Q4,,1.0,2.0,3.0,1.0,,,2.0,,THA,,60882768.0,4.0,0.0,2.0,,,2.0,,2.0,2.571703356,1,1.0,2.0,1.0,,2.0,1,4.0,,176271169,East Asia & Pacific (excluding high income),4.0,,2.0,,2.0,2.0,2.0,1.0,0.0,Thailand,1.0,,False,Male,60_69,1.0
,2.0,,,2024,2.0,1.0,0.0,,1,0,,2.0,,,2.0,,2.0,63.0,2.0,1.0,4.0,2.0,0.0,,,7.0,2.0,,0.0,,Q2,,2.0,2.0,1.0,2.0,,,,,THA,,60882768.0,4.0,0.0,2.0,,,2.0,,,0.135631464,0,1.0,,2.0,2.0,,2,,,176439168,East Asia & Pacific (excluding high income),1.0,,2.0,,1.0,2.0,2.0,1.0,0.0,Thailand,4.0,1.0,False,Female,60_69,1.0
1.0,,1.0,,2024,,,0.0,,2,1,1.0,2.0,1.0,,,,,60.0,1.0,3.0,1.0,1.0,1.0,,,1.0,,1.0,1.0,1.0,Q5 Highest,,1.0,2.0,6.0,2.0,,2.0,1.0,,THA,,60882768.0,4.0,1.0,1.0,,,1.0,,1.0,0.224223842,1,1.0,3.0,1.0,,2.0,1,1.0,,176468455,East Asia & Pacific (excluding high income),4.0,,2.0,,1.0,2.0,1.0,1.0,1.0,Thailand,4.0,,False,Male,60_69,3.0
,,1.0,,2024,,,1.0,,1,1,2.0,1.0,,,,,,64.0,2.0,1.0,4.0,2.0,1.0,,,5.0,,,1.0,1.0,Q5 Highest,,1.0,1.0,7.0,2.0,,,2.0,,THA,,60882768.0,4.0,1.0,2.0,,,2.0,,,0.135631464,1,1.0,3.0,2.0,,1.0,1,1.0,,176546357,East Asia & Pacific (excluding high income),1.0,,2.0,,2.0,2.0,2.0,1.0,0.0,Thailand,1.0,,False,Female,60_69,1.0
,,2.0,,2024,,,1.0,,1,1,2.0,1.0,,,,,,46.0,1.0,1.0,4.0,2.0,1.0,1.0,,3.0,,2.0,0.0,2.0,Q2,,1.0,2.0,4.0,2.0,,,2.0,2.0,THA,2.0,60882768.0,2.0,1.0,2.0,,,2.0,2.0,,0.920307067,1,1.0,2.0,2.0,,3.0,1,4.0,,176583425,East Asia & Pacific (excluding high income),1.0,,2.0,,2.0,1.0,2.0,1.0,0.0,Thailand,1.0,,False,Female,40_49,1.0
,2.0,,,2024,1.0,2.0,0.0,,2,0,,2.0,,,,,1.0,51.0,2.0,1.0,4.0,4.0,0.0,,,7.0,2.0,,0.0,,Q1 Lowest,,,2.0,3.0,2.0,,,,,THA,,60882768.0,4.0,0.0,,,,,,,0.317853325,0,2.0,,2.0,2.0,,2,,,176599769,East Asia & Pacific (excluding high income),1.0,,2.0,,2.0,2.0,,2.0,0.0,Thailand,4.0,1.0,False,Male,50_59,1.0
,,1.0,,2024,,,0.0,,1,1,2.0,1.0,,,,,,64.0,2.0,1.0,4.0,2.0,1.0,,,7.0,,,0.0,2.0,Q5 Highest,,1.0,2.0,4.0,2.0,,,2.0,,THA,,60882768.0,4.0,0.0,2.0,,,2.0,,,0.238270523,1,1.0,,2.0,,2.0,1,2.0,,176815862,East Asia & Pacific (excluding high income),1.0,,2.0,,2.0,2.0,2.0,1.0,0.0,Thailand,1.0,,False,Female,60_69,1.0
,,1.0,,2024,,,0.0,,2,1,4.0,2.0,,,,,,30.0,4.0,2.0,4.0,1.0,1.0,,,2.0,,,1.0,4.0,Q5 Highest,,,2.0,3.0,2.0,,,4.0,,THA,,60882768.0,4.0,0.0,1.0,,,,,,0.729532197,1,1.0,3.0,2.0,,1.0,2,1.0,,176863042,East Asia & Pacific (excluding high income),5.0,,2.0,,2.0,2.0,2.0,1.0,0.0,Thailand,4.0,,False,Male,30_39,2.0
,,1.0,,2024,,,0.0,,2,1,2.0,2.0,,,,,,67.0,2.0,1.0,4.0,2.0,1.0,,,2.0,,,1.0,2.0,Q4,,1.0,2.0,7.0,2.0,,,1.0,,THA,,60882768.0,4.0,0.0,2.0,,,2.0,,,0.764086169,1,1.0,3.0,2.0,,2.0,1,2.0,,177052106,East Asia & Pacific (excluding high income),5.0,,2.0,,1.0,2.0,2.0,2.0,0.0,Thailand,4.0,,False,Male,60_69,1.0
2.0,,1.0,,2024,,,0.0,,2,1,2.0,1.0,2.0,,,,,63.0,2.0,1.0,2.0,2.0,1.0,,,2.0,,,0.0,2.0,Q5 Highest,,1.0,2.0,3.0,2.0,,,2.0,,THA,2.0,60882768.0,4.0,1.0,2.0,,,2.0,,2.0,0.581200079,1,1.0,1.0,1.0,,2.0,1,2.0,,177077752,East Asia & Pacific (excluding high income),4.0,,2.0,,2.0,2.0,2.0,1.0,0.0,Thailand,1.0,,False,Male,60_69,1.0
2.0,,2.0,,2024,,,0.0,1.0,1,1,1.0,2.0,1.0,,,,,50.0,1.0,3.0,1.0,1.0,1.0,,,1.0,,1.0,1.0,1.0,Q5 Highest,,,2.0,3.0,2.0,,2.0,1.0,,THA,2.0,60882768.0,4.0,1.0,2.0,,,,,1.0,0.206418602,1,1.0,3.0,1.0,,1.0,2,1.0,,177129493,East Asia & Pacific (excluding high income),4.0,,2.0,,2.0,2.0,1.0,1.0,1.0,Thailand,4.0,,False,Female,50_59,3.0
,,1.0,,2024,,,0.0,,1,1,2.0,2.0,,,,,,43.0,1.0,1.0,4.0,3.0,0.0,,,5.0,,,0.0,4.0,Q3,,,2.0,4.0,2.0,,,2.0,,THA,,60882768.0,4.0,1.0,2.0,,,,,,0.713246652,1,1.0,1.0,2.0,,3.0,1,2.0,,177351190,East Asia & Pacific (excluding high income),5.0,,2.0,,2.0,2.0,2.0,1.0,0.0,Thailand,4.0,,False,Female,40_49,1.0
2.0,,1.0,,2024,,,0.0,,1,1,2.0,2.0,2.0,,,,,84.0,2.0,1.0,3.0,2.0,0.0,,,7.0,,,0.0,1.0,Q1 Lowest,,,2.0,1.0,2.0,,,2.0,,THA,,60882768.0,4.0,1.0,2.0,,,,,2.0,0.343204036,1,1.0,,1.0,,2.0,1,2.0,,177539218,East Asia & Pacific (excluding high income),4.0,,2.0,2.0,2.0,2.0,2.0,1.0,0.0,Thailand,4.0,,False,Female,70_plus,1.0
2.0,,1.0,,2024,,,0.0,,1,1,2.0,2.0,1.0,,,,,39.0,4.0,3.0,1.0,1.0,1.0,,,5.0,,1.0,1.0,2.0,Q5 Highest,,1.0,2.0,4.0,2.0,,2.0,2.0,,THA,,60882768.0,4.0,1.0,1.0,,,2.0,,2.0,0.827851297,1,1.0,1.0,1.0,,2.0,1,1.0,,177756539,East Asia & Pacific (excluding high income),4.0,,2.0,,1.0,2.0,2.0,1.0,0.0,Thailand,4.0,,False,Female,30_39,3.0
2.0,,1.0,,2024,,,0.0,1.0,2,1,1.0,2.0,1.0,,,,,18.0,1.0,2.0,1.0,1.0,1.0,,,3.0,,1.0,1.0,1.0,Q4,,,2.0,4.0,2.0,,2.0,1.0,,THA,,60882768.0,4.0,1.0,1.0,,,,,1.0,1.310003915,1,1.0,2.0,1.0,,2.0,1,1.0,,177970721,East Asia & Pacific (excluding high income),4.0,,2.0,,2.0,2.0,1.0,1.0,1.0,Thailand,4.0,,False,Male,18_22,2.0
2.0,,1.0,,2024,,,1.0,,2,1,2.0,1.0,1.0,,,,,38.0,1.0,1.0,1.0,4.0,1.0,,,1.0,,,0.0,1.0,Q1 Lowest,,2.0,1.0,4.0,1.0,,1.0,2.0,,THA,1.0,60882768.0,4.0,1.0,,,,2.0,,2.0,0.77642478,1,2.0,1.0,1.0,,1.0,1,1.0,,178178494,East Asia & Pacific (excluding high income),2.0,,1.0,,2.0,2.0,,1.0,0.0,Thailand,2.0,,False,Male,30_39,1.0
,,1.0,,2024,,,0.0,,2,1,2.0,1.0,,,,,,74.0,2.0,1.0,4.0,4.0,1.0,,,2.0,,,0.0,2.0,Q1 Lowest,,1.0,2.0,4.0,2.0,,,2.0,,THA,,60882768.0,4.0,0.0,,,,2.0,,,0.135631464,1,2.0,2.0,2.0,,2.0,1,2.0,,178556339,East Asia & Pacific (excluding high income),1.0,,2.0,,1.0,2.0,,2.0,0.0,Thailand,1.0,,False,Male,70_plus,1.0
,,1.0,,2024,,,1.0,,1,1,2.0,1.0,,,,,,23.0,2.0,1.0,4.0,4.0,1.0,,,2.0,,,0.0,2.0,Q2,,1.0,1.0,2.0,2.0,,,1.0,2.0,THA,,60882768.0,2.0,0.0,,,,2.0,2.0,,1.581361418,1,2.0,1.0,2.0,,2.0,1,2.0,,178602995,East Asia & Pacific (excluding high income),4.0,,2.0,,2.0,1.0,,1.0,0.0,Thailand,1.0,,False,Female,23_29,1.0
,,2.0,,2024,,,0.0,,1,1,2.0,2.0,,,,,,42.0,2.0,1.0,4.0,2.0,1.0,4.0,,2.0,,,0.0,4.0,Q4,,,4.0,1.0,4.0,,,2.0,1.0,THA,,60882768.0,1.0,0.0,2.0,,,,2.0,,1.914537934,1,1.0,2.0,2.0,,6.0,1,6.0,,178607994,East Asia & Pacific (excluding high income),4.0,,2.0,,2.0,1.0,2.0,1.0,1.0,Thailand,4.0,,False,Female,40_49,1.0
,,1.0,,2024,,,1.0,,1,1,2.0,1.0,,,,,,62.0,2.0,1.0,4.0,2.0,1.0,,,4.0,,,0.0,2.0,Q1 Lowest,,1.0,2.0,5.0,1.0,,,2.0,,THA,,60882768.0,4.0,0.0,2.0,,,2.0,,,1.849975983,1,1.0,2.0,2.0,,2.0,1,2.0,,178785143,East Asia & Pacific (excluding high income),2.0,,2.0,,2.0,2.0,2.0,1.0,0.0,Thailand,1.0,,False,Female,60_69,1.0
,,1.0,,2024,,,0.0,,1,1,2.0,2.0,,,,,,50.0,2.0,2.0,4.0,2.0,1.0,,,2.0,,1.0,0.0,4.0,Q3,,,2.0,3.0,2.0,,,2.0,,THA,,60882768.0,4.0,0.0,2.0,,,,,,0.322472854,1,1.0,2.0,2.0,,3.0,2,1.0,,178820085,East Asia & Pacific (excluding high income),5.0,,2.0,,2.0,2.0,2.0,1.0,0.0,Thailand,4.0,,False,Female,50_59,2.0
2.0,,1.0,,2024,,,0.0,,1,1,2.0,2.0,1.0,,,,,25.0,2.0,1.0,1.0,4.0,1.0,,,4.0,,1.0,1.0,2.0,Q3,,,2.0,4.0,2.0,,2.0,1.0,,THA,,60882768.0,4.0,0.0,,,,,,2.0,1.035853695,1,2.0,2.0,1.0,,2.0,2,1.0,,178981370,East Asia & Pacific (excluding high income),3.0,,2.0,,2.0,2.0,,1.0,0.0,Thailand,4.0,,False,Female,23_29,1.0
2.0,2.0,,,2024,2.0,2.0,0.0,,1,0,,2.0,2.0,,,,2.0,56.0,2.0,1.0,2.0,2.0,0.0,,,4.0,1.0,,0.0,,Q1 Lowest,,,2.0,1.0,2.0,,,,,THA,,60882768.0,4.0,0.0,2.0,,,,,2.0,0.261898246,0,1.0,1.0,1.0,1.0,,2,,,179105211,East Asia & Pacific (excluding high income),1.0,,2.0,,2.0,2.0,2.0,1.0,0.0,Thailand,4.0,1.0,False,Female,50_59,1.0
,,1.0,,2024,,,1.0,1.0,2,1,2.0,2.0,,,,,,48.0,1.0,2.0,4.0,1.0,1.0,,,2.0,,,1.0,1.0,Q4,,,1.0,4.0,2.0,,,2.0,,THA,,60882768.0,4.0,1.0,1.0,,,,,,0.696293967,1,1.0,2.0,2.0,,1.0,1,3.0,,179314465,East Asia & Pacific (excluding high income),3.0,,2.0,,2.0,2.0,1.0,1.0,1.0,Thailand,4.0,,False,Male,40_49,2.0
,,1.0,,2024,,,1.0,1.0,1,1,2.0,2.0,,,,,,55.0,1.0,1.0,4.0,2.0,0.0,,,5.0,,,1.0,3.0,Q2,,,2.0,1.0,1.0,,,1.0,,THA,,60882768.0,4.0,1.0,2.0,,,,,,0.718921481,1,1.0,1.0,2.0,,1.0,4,1.0,,179440008,East Asia & Pacific (excluding high income),5.0,,2.0,,2.0,2.0,2.0,1.0,0.0,Thailand,4.0,,False,Female,50_59,1.0
2.0,,1.0,,2024,,,1.0,,2,1,2.0,1.0,1.0,,,,,33.0,2.0,1.0,1.0,1.0,1.0,,,2.0,,,1.0,2.0,Q3,,1.0,1.0,2.0,2.0,,1.0,2.0,,THA,,60882768.0,4.0,0.0,1.0,,,2.0,,1.0,3.424553462,1,1.0,1.0,1.0,,4.0,2,1.0,,179556739,East Asia & Pacific (excluding high income),3.0,,2.0,,2.0,2.0,1.0,1.0,1.0,Thailand,1.0,,False,Male,30_39,1.0
2.0,,2.0,,2024,,,0.0,,2,1,2.0,2.0,2.0,,,,,50.0,2.0,1.0,2.0,4.0,0.0,,,2.0,,,0.0,2.0,Q2,,,2.0,4.0,2.0,,,2.0,,THA,,60882768.0,4.0,0.0,,,,,,2.0,0.178695935,1,2.0,2.0,1.0,,2.0,1,2.0,,179747350,East Asia & Pacific (excluding high income),1.0,,2.0,,2.0,2.0,,1.0,0.0,Thailand,4.0,,False,Male,50_59,1.0
,,1.0,,2024,,,0.0,,1,1,2.0,1.0,,,,,,58.0,2.0,1.0,4.0,2.0,1.0,,,2.0,,,0.0,2.0,Q1 Lowest,,1.0,2.0,3.0,2.0,,,2.0,,THA,,60882768.0,4.0,0.0,2.0,,,2.0,,,0.294047726,1,1.0,1.0,2.0,,3.0,1,2.0,,179826529,East Asia & Pacific (excluding high income),2.0,,2.0,,2.0,2.0,2.0,2.0,0.0,Thailand,1.0,,False,Female,50_59,1.0
,,,,2024,,,0.0,,1,1,,1.0,,,1.0,,,84.0,2.0,1.0,4.0,4.0,1.0,,,8.0,,,0.0,,Q1 Lowest,,3.0,2.0,7.0,3.0,,,,,THA,,60882768.0,4.0,0.0,,,,3.0,,,0.206097063,1,2.0,,2.0,,,3,,,179892780,East Asia & Pacific (excluding high income),5.0,,3.0,,2.0,2.0,,2.0,0.0,Thailand,1.0,,False,Female,70_plus,1.0
,,1.0,,2024,,,0.0,,1,1,2.0,1.0,,,,,,59.0,2.0,1.0,4.0,2.0,1.0,1.0,,2.0,,,0.0,2.0,Q1 Lowest,,1.0,2.0,4.0,2.0,,,2.0,,THA,,60882768.0,4.0,0.0,2.0,,,2.0,,,0.709749103,1,1.0,1.0,2.0,,4.0,2,4.0,,179895334,East Asia & Pacific (excluding high income),2.0,,2.0,,2.0,2.0,2.0,2.0,0.0,Thailand,1.0,,False,Female,50_59,1.0
2.0,,2.0,,2024,,,1.0,,2,1,2.0,2.0,1.0,,,,,40.0,2.0,1.0,1.0,1.0,1.0,,,3.0,,,1.0,1.0,Q2,,,1.0,4.0,2.0,,2.0,2.0,2.0,THA,,60882768.0,1.0,0.0,1.0,,,,1.0,1.0,1.320182503,1,1.0,2.0,1.0,,2.0,1,1.0,,179955997,East Asia & Pacific (excluding high income),1.0,,2.0,,2.0,1.0,2.0,1.0,1.0,Thailand,4.0,,False,Male,40_49,1.0
,,,,2024,,,0.0,,1,1,,1.0,,,,,,40.0,1.0,1.0,4.0,1.0,1.0,,,1.0,,1.0,0.0,,Q1 Lowest,2.0,1.0,2.0,3.0,2.0,,,,,THA,,60882768.0,4.0,1.0,1.0,,,1.0,,,3.424553462,1,1.0,2.0,2.0,,,2,,,180177862,East Asia & Pacific (excluding high income),3.0,,2.0,,2.0,2.0,1.0,2.0,1.0,Thailand,1.0,,False,Female,40_49,1.0
,,1.0,,2024,,,0.0,,2,1,2.0,1.0,,,,,,79.0,2.0,1.0,4.0,2.0,1.0,,,7.0,,,0.0,2.0,Q1 Lowest,,1.0,2.0,4.0,2.0,,,2.0,,THA,,60882768.0,4.0,0.0,2.0,,,2.0,,,0.619733101,1,1.0,,2.0,,2.0,1,2.0,,180368835,East Asia & Pacific (excluding high income),2.0,,2.0,,2.0,2.0,2.0,2.0,0.0,Thailand,1.0,,False,Male,70_plus,1.0
,,1.0,,2024,,,1.0,,1,1,2.0,2.0,,,,,,58.0,2.0,1.0,4.0,2.0,1.0,,,7.0,,1.0,0.0,1.0,Q4,,,2.0,4.0,1.0,,,2.0,,THA,2.0,60882768.0,4.0,1.0,2.0,,,,,,1.958657048,1,1.0,,2.0,,2.0,1,3.0,,180369449,East Asia & Pacific (excluding high income),5.0,,2.0,,2.0,2.0,2.0,2.0,0.0,Thailand,4.0,,False,Female,50_59,1.0
,,1.0,,2024,,,0.0,,1,1,2.0,1.0,,,,,,58.0,1.0,1.0,4.0,2.0,1.0,,,2.0,,1.0,0.0,2.0,Q5 Highest,,1.0,2.0,4.0,2.0,,,2.0,,THA,,60882768.0,4.0,1.0,2.0,,,2.0,,,0.477718088,1,1.0,2.0,2.0,,2.0,1,2.0,,180403678,East Asia & Pacific (excluding high income),2.0,,2.0,,2.0,2.0,2.0,2.0,0.0,Thailand,1.0,,False,Female,50_59,1.0
,,2.0,,2024,,,0.0,2.0,1,1,2.0,2.0,,,,,,19.0,4.0,1.0,4.0,4.0,0.0,2.0,,8.0,,,0.0,2.0,Q1 Lowest,,,2.0,7.0,2.0,,,3.0,,THA,,60882768.0,4.0,0.0,,,,,,,1.53872457,1,2.0,,2.0,,6.0,2,6.0,,180435326,East Asia & Pacific (excluding high income),5.0,,2.0,,2.0,2.0,,2.0,0.0,Thailand,4.0,,False,Female,18_22,1.0
1.0,,1.0,,2024,,,1.0,1.0,1,1,2.0,2.0,1.0,,,,,39.0,1.0,2.0,1.0,4.0,1.0,,,2.0,,,1.0,1.0,Q3,,,1.0,5.0,2.0,,2.0,1.0,,THA,,60882768.0,4.0,1.0,,,,,,2.0,0.704734412,1,2.0,2.0,1.0,,2.0,1,1.0,,180534896,East Asia & Pacific (excluding high income),4.0,,2.0,,2.0,2.0,,1.0,1.0,Thailand,4.0,,False,Female,30_39,2.0
,,2.0,,2024,,,1.0,,1,1,2.0,1.0,,,,,,66.0,2.0,1.0,4.0,2.0,1.0,,,8.0,,,0.0,2.0,Q2,,1.0,1.0,3.0,2.0,,,1.0,2.0,THA,,60882768.0,2.0,0.0,2.0,,,2.0,2.0,,0.176795522,1,1.0,,2.0,,3.0,1,2.0,,180688569,East Asia & Pacific (excluding high income),1.0,,2.0,,2.0,1.0,2.0,1.0,0.0,Thailand,1.0,,False,Female,60_69,1.0
,,1.0,,2024,,,1.0,,1,1,2.0,1.0,,,,,,38.0,1.0,1.0,4.0,2.0,1.0,,,2.0,,,0.0,1.0,Q2,,1.0,1.0,4.0,2.0,,,1.0,,THA,,60882768.0,4.0,1.0,2.0,,,2.0,,,3.424553462,1,1.0,1.0,2.0,,2.0,1,1.0,,180690219,East Asia & Pacific (excluding high income),1.0,,2.0,,2.0,2.0,2.0,1.0,0.0,Thailand,1.0,,False,Female,30_39,1.0
,,1.0,,2024,,,0.0,,2,1,2.0,1.0,,,,,,70.0,2.0,1.0,4.0,4.0,1.0,,,2.0,,,0.0,2.0,Q2,,1.0,2.0,1.0,2.0,,,2.0,,THA,,60882768.0,4.0,0.0,,,,2.0,,,0.498620887,1,2.0,1.0,2.0,,2.0,1,2.0,,180913090,East Asia & Pacific (excluding high income),2.0,,2.0,,2.0,2.0,,2.0,0.0,Thailand,1.0,,False,Male,70_plus,1.0
,,1.0,,2024,,,0.0,,1,1,2.0,1.0,,,,,,72.0,2.0,1.0,4.0,2.0,1.0,,,8.0,,,0.0,2.0,Q1 Lowest,,1.0,2.0,4.0,2.0,,,2.0,,THA,,60882768.0,4.0,0.0,2.0,,,2.0,,,0.714811568,1,1.0,,2.0,,2.0,1,3.0,,181259507,East Asia & Pacific (excluding high income),1.0,,2.0,,1.0,2.0,2.0,1.0,0.0,Thailand,1.0,,False,Female,70_plus,1.0
,,1.0,,2024,,,1.0,,1,1,2.0,1.0,,,,,,69.0,2.0,1.0,4.0,2.0,1.0,,,2.0,,,0.0,2.0,Q5 Highest,,1.0,1.0,4.0,1.0,,,2.0,,THA,,60882768.0,4.0,0.0,2.0,,,2.0,,,0.135631464,1,1.0,1.0,2.0,,2.0,2,4.0,,181302141,East Asia & Pacific (excluding high income),4.0,,2.0,,2.0,2.0,2.0,1.0,0.0,Thailand,1.0,,False,Female,60_69,1.0
,2.0,,,2024,1.0,2.0,0.0,,1,0,,2.0,,,,,1.0,58.0,2.0,1.0,4.0,2.0,0.0,,,7.0,1.0,,0.0,,Q1 Lowest,,,2.0,3.0,2.0,,,,,THA,,60882768.0,4.0,0.0,2.0,,,,,,0.714811568,0,1.0,,2.0,2.0,,2,,,181334428,East Asia & Pacific (excluding high income),6.0,,2.0,,2.0,2.0,2.0,2.0,0.0,Thailand,4.0,1.0,False,Female,50_59,1.0
,,2.0,,2024,,,1.0,,2,1,2.0,2.0,,,,,,59.0,2.0,2.0,4.0,2.0,1.0,,,2.0,,1.0,1.0,2.0,Q2,,,1.0,4.0,2.0,,,1.0,,THA,,60882768.0,4.0,1.0,2.0,,,,,,0.135631464,1,1.0,1.0,2.0,,2.0,1,2.0,,181422459,East Asia & Pacific (excluding high income),1.0,,2.0,,2.0,2.0,2.0,2.0,0.0,Thailand,4.0,,False,Male,50_59,2.0
2.0,,1.0,,2024,,,1.0,,2,1,2.0,2.0,1.0,,,,,42.0,1.0,1.0,1.0,4.0,1.0,,,2.0,,,1.0,1.0,Q5 Highest,,,1.0,5.0,2.0,,1.0,1.0,,THA,,60882768.0,4.0,1.0,,,,,,2.0,0.472116017,1,2.0,2.0,1.0,,3.0,2,1.0,,181558721,East Asia & Pacific (excluding high income),2.0,,2.0,,2.0,2.0,,1.0,0.0,Thailand,4.0,,False,Male,40_49,1.0
,,1.0,,2024,,,0.0,,1,1,2.0,1.0,,,,,,78.0,2.0,1.0,4.0,2.0,1.0,,,7.0,,,1.0,2.0,Q1 Lowest,,1.0,2.0,1.0,2.0,,,2.0,,THA,,60882768.0,4.0,0.0,2.0,,,2.0,,,0.147023863,1,1.0,,2.0,,2.0,1,2.0,,181704094,East Asia & Pacific (excluding high income),5.0,,2.0,,1.0,2.0,2.0,2.0,0.0,Thailand,1.0,,False,Female,70_plus,1.0
,,1.0,,2024,,,0.0,,1,1,2.0,1.0,,,,,,57.0,2.0,1.0,4.0,2.0,1.0,2.0,,2.0,,,0.0,1.0,Q1 Lowest,,1.0,2.0,1.0,2.0,,,2.0,,THA,,60882768.0,4.0,0.0,2.0,,,2.0,,,0.135631464,1,1.0,1.0,2.0,,4.0,1,4.0,,181771418,East Asia & Pacific (excluding high income),1.0,,2.0,,2.0,2.0,2.0,1.0,0.0,Thailand,1.0,,False,Female,50_59,1.0
2.0,,1.0,,2024,,,1.0,,2,1,2.0,2.0,1.0,,,,,26.0,1.0,2.0,1.0,2.0,1.0,,,2.0,,,0.0,1.0,Q4,,,2.0,2.0,2.0,,2.0,1.0,,THA,,60882768.0,4.0,1.0,2.0,,,,,1.0,1.92675469,1,1.0,1.0,1.0,,2.0,1,2.0,,181918801,East Asia & Pacific (excluding high income),1.0,,2.0,,2.0,2.0,2.0,1.0,1.0,Thailand,4.0,,False,Male,23_29,2.0
,,1.0,,2024,,,1.0,1.0,2,1,2.0,2.0,,,,,,46.0,1.0,1.0,4.0,1.0,1.0,,,3.0,,1.0,1.0,1.0,Q4,,,2.0,4.0,1.0,,,1.0,,THA,,60882768.0,4.0,1.0,1.0,,,,,,1.699267439,1,1.0,2.0,2.0,,1.0,1,1.0,,181967313,East Asia & Pacific (excluding high income),4.0,,2.0,,2.0,2.0,1.0,1.0,1.0,Thailand,4.0,,False,Male,40_49,1.0
,,1.0,,2024,,,0.0,,2,1,2.0,1.0,,,,,,82.0,2.0,1.0,4.0,2.0,1.0,1.0,,8.0,,,0.0,2.0,Q1 Lowest,,1.0,2.0,4.0,2.0,,,2.0,,THA,,60882768.0,4.0,0.0,2.0,,,2.0,,,2.064026519,1,1.0,,2.0,,3.0,1,3.0,,182081446,East Asia & Pacific (excluding high income),5.0,,2.0,,2.0,2.0,2.0,1.0,0.0,Thailand,1.0,,False,Male,70_plus,1.0
,,1.0,,2024,,,1.0,,1,1,2.0,1.0,,,,,,69.0,2.0,1.0,4.0,2.0,1.0,,,4.0,,,0.0,2.0,Q1 Lowest,,1.0,1.0,1.0,2.0,,,2.0,2.0,THA,,60882768.0,2.0,0.0,2.0,,,2.0,2.0,,0.135631464,1,1.0,1.0,2.0,,2.0,1,2.0,,182128299,East Asia & Pacific (excluding high income),4.0,,2.0,,2.0,1.0,2.0,1.0,0.0,Thailand,1.0,,False,Female,60_69,1.0
2.0,,1.0,,2024,,,0.0,2.0,2,1,2.0,2.0,1.0,,,,,38.0,2.0,2.0,1.0,2.0,1.0,,,2.0,,,1.0,1.0,Q5 Highest,,,2.0,5.0,2.0,,3.0,1.0,,THA,,60882768.0,4.0,0.0,2.0,,,,,2.0,0.428195864,1,1.0,2.0,1.0,,2.0,1,1.0,,182135082,East Asia & Pacific (excluding high income),2.0,,2.0,,2.0,2.0,2.0,1.0,1.0,Thailand,4.0,,False,Male,30_39,2.0
2.0,,1.0,,2024,,,1.0,1.0,1,1,2.0,1.0,1.0,,,,,52.0,2.0,1.0,1.0,1.0,1.0,,,4.0,,,1.0,2.0,Q5 Highest,,1.0,1.0,4.0,1.0,,2.0,2.0,1.0,THA,,60882768.0,1.0,1.0,1.0,,,1.0,1.0,1.0,0.444649642,1,1.0,1.0,1.0,,2.0,1,1.0,,182157803,East Asia & Pacific (excluding high income),4.0,,1.0,,2.0,1.0,2.0,1.0,1.0,Thailand,1.0,,False,Female,50_59,1.0
,,1.0,,2024,,,1.0,,2,1,1.0,2.0,,,,,,56.0,1.0,2.0,4.0,1.0,1.0,,,4.0,,1.0,1.0,1.0,Q5 Highest,,,1.0,4.0,2.0,,,1.0,,THA,1.0,60882768.0,4.0,1.0,1.0,,,,,,0.136210349,1,1.0,2.0,2.0,,1.0,1,1.0,,182304005,East Asia & Pacific (excluding high income),4.0,,2.0,,2.0,2.0,1.0,1.0,0.0,Thailand,4.0,,False,Male,50_59,2.0
2.0,,1.0,,2024,,,1.0,,1,1,2.0,2.0,2.0,,,,,57.0,1.0,1.0,2.0,2.0,0.0,2.0,,5.0,,,0.0,1.0,Q3,,,2.0,5.0,1.0,,,2.0,,THA,,60882768.0,4.0,1.0,2.0,,,,,2.0,0.42656637,1,1.0,1.0,1.0,,3.0,2,3.0,,182603012,East Asia & Pacific (excluding high income),4.0,,2.0,,2.0,2.0,2.0,1.0,0.0,Thailand,4.0,,False,Female,50_59,1.0
,,1.0,,2024,,,1.0,,2,1,2.0,1.0,,,,,,61.0,2.0,2.0,4.0,2.0,1.0,,,2.0,,,1.0,2.0,Q2,,1.0,1.0,4.0,2.0,,,2.0,,THA,,60882768.0,4.0,1.0,2.0,,,2.0,,,0.243176725,1,1.0,2.0,2.0,,1.0,1,1.0,,182630186,East Asia & Pacific (excluding high income),1.0,,2.0,,2.0,2.0,2.0,1.0,0.0,Thailand,1.0,,False,Male,60_69,2.0
,,2.0,,2024,,,0.0,1.0,1,1,2.0,2.0,,,,,,17.0,1.0,2.0,4.0,4.0,1.0,,,2.0,,,1.0,1.0,Q4,,,2.0,5.0,2.0,,,2.0,,THA,,60882768.0,4.0,1.0,,,,,,,1.510982631,1,2.0,3.0,2.0,,1.0,2,1.0,,182755468,East Asia & Pacific (excluding high income),5.0,,2.0,,2.0,2.0,,2.0,1.0,Thailand,4.0,,False,Female,17_or_less,2.0
,,1.0,,2024,,,1.0,1.0,1,1,2.0,1.0,,,,,,42.0,1.0,3.0,4.0,1.0,1.0,,,2.0,,1.0,1.0,1.0,Q5 Highest,,1.0,1.0,5.0,2.0,,,1.0,,THA,2.0,60882768.0,4.0,1.0,1.0,,,2.0,,,0.90221729,1,1.0,2.0,2.0,,2.0,1,1.0,,182838469,East Asia & Pacific (excluding high income),4.0,,2.0,,2.0,2.0,1.0,1.0,1.0,Thailand,1.0,,False,Female,40_49,3.0
1.0,,1.0,,2024,,,1.0,2.0,1,1,2.0,1.0,1.0,,,,,24.0,2.0,1.0,1.0,1.0,1.0,,,2.0,,1.0,1.0,2.0,Q2,,1.0,1.0,2.0,1.0,,1.0,2.0,2.0,THA,,60882768.0,2.0,0.0,1.0,,,1.0,2.0,1.0,1.581361418,1,1.0,1.0,1.0,,2.0,1,1.0,,182894523,East Asia & Pacific (excluding high income),3.0,,2.0,,1.0,1.0,1.0,1.0,1.0,Thailand,1.0,,False,Female,23_29,1.0
2.0,,2.0,,2024,,,0.0,1.0,2,1,2.0,1.0,1.0,,,,,37.0,1.0,1.0,1.0,4.0,1.0,,,4.0,,1.0,0.0,2.0,Q3,,1.0,2.0,4.0,2.0,,2.0,1.0,,THA,,60882768.0,4.0,1.0,,,,2.0,,1.0,3.424553462,1,2.0,1.0,1.0,,3.0,2,2.0,,182896412,East Asia & Pacific (excluding high income),1.0,,2.0,,2.0,2.0,,2.0,1.0,Thailand,1.0,,False,Male,30_39,1.0
,,1.0,,2024,,,0.0,,2,1,2.0,1.0,,,,,,74.0,2.0,1.0,4.0,4.0,1.0,,,1.0,,,0.0,2.0,Q4,,1.0,2.0,8.0,2.0,,,2.0,,THA,,60882768.0,4.0,0.0,,,,2.0,,,0.299426258,1,2.0,3.0,2.0,,2.0,2,3.0,,182956132,East Asia & Pacific (excluding high income),5.0,,2.0,,2.0,2.0,,2.0,0.0,Thailand,1.0,,False,Male,70_plus,1.0
,,2.0,,2024,,,0.0,,1,1,3.0,1.0,,,,,,64.0,1.0,1.0,4.0,2.0,1.0,,,5.0,,2.0,0.0,1.0,Q1 Lowest,,1.0,2.0,4.0,2.0,,,2.0,,THA,,60882768.0,4.0,1.0,2.0,,,2.0,,,0.206097063,1,1.0,1.0,2.0,,2.0,1,2.0,,183100067,East Asia & Pacific (excluding high income),2.0,,2.0,,2.0,2.0,2.0,1.0,0.0,Thailand,1.0,,False,Female,60_69,1.0
,,1.0,,2024,,,0.0,,2,1,2.0,1.0,,,,,,65.0,1.0,1.0,4.0,2.0,1.0,,,5.0,,,0.0,1.0,Q3,,1.0,2.0,4.0,2.0,,,2.0,,THA,,60882768.0,4.0,1.0,2.0,,,2.0,,,0.135631464,1,1.0,1.0,2.0,,2.0,1,3.0,,183220346,East Asia & Pacific (excluding high income),4.0,,2.0,,2.0,2.0,2.0,1.0,0.0,Thailand,1.0,,False,Male,60_69,1.0
,2.0,,,2024,2.0,2.0,0.0,,1,0,,2.0,,,,,1.0,56.0,2.0,1.0,4.0,2.0,0.0,,,3.0,2.0,,0.0,,Q1 Lowest,,,2.0,5.0,2.0,,,,2.0,THA,,60882768.0,2.0,0.0,2.0,,,,2.0,,0.647578073,0,1.0,2.0,2.0,2.0,,2,,,183358457,East Asia & Pacific (excluding high income),4.0,,2.0,,2.0,1.0,2.0,1.0,0.0,Thailand,4.0,1.0,False,Female,50_59,1.0
1.0,,1.0,,2024,,,0.0,1.0,2,1,1.0,2.0,1.0,,,,,55.0,1.0,2.0,1.0,1.0,1.0,,,1.0,,1.0,1.0,1.0,Q5 Highest,,,2.0,6.0,2.0,,2.0,1.0,,THA,,60882768.0,4.0,1.0,1.0,,,,,1.0,1.018781559,1,1.0,3.0,1.0,,1.0,1,1.0,,183534026,East Asia & Pacific (excluding high income),4.0,,2.0,,2.0,2.0,1.0,1.0,1.0,Thailand,4.0,,False,Male,50_59,2.0
,,1.0,,2024,,,1.0,,2,1,2.0,1.0,,,,,,61.0,1.0,1.0,4.0,2.0,1.0,,,1.0,,1.0,0.0,1.0,Q2,,1.0,2.0,1.0,1.0,,,1.0,2.0,THA,,60882768.0,2.0,1.0,2.0,,,2.0,2.0,,1.285851678,1,1.0,3.0,2.0,,2.0,2,3.0,,183579158,East Asia & Pacific (excluding high income),4.0,,2.0,,2.0,1.0,2.0,1.0,0.0,Thailand,1.0,,False,Male,60_69,1.0
,,1.0,,2024,,,0.0,,1,1,2.0,1.0,,,,,,78.0,2.0,1.0,4.0,2.0,1.0,,,7.0,,,1.0,2.0,Q1 Lowest,,1.0,2.0,4.0,2.0,,,2.0,,THA,,60882768.0,4.0,0.0,2.0,,,2.0,,,0.135631464,1,1.0,,2.0,,2.0,1,2.0,,183612259,East Asia & Pacific (excluding high income),5.0,,2.0,,2.0,2.0,2.0,1.0,0.0,Thailand,1.0,,False,Female,70_plus,1.0
,,1.0,,2024,,,1.0,1.0,1,1,2.0,2.0,,,,,,46.0,2.0,2.0,4.0,1.0,1.0,,,2.0,,,1.0,1.0,Q3,,,1.0,3.0,2.0,,,1.0,,THA,,60882768.0,4.0,1.0,2.0,,,,,,0.870151865,1,1.0,1.0,2.0,,2.0,1,1.0,,183632579,East Asia & Pacific (excluding high income),3.0,,2.0,,2.0,2.0,1.0,2.0,1.0,Thailand,4.0,,False,Female,40_49,2.0
,,1.0,,2024,,,1.0,,2,1,2.0,1.0,,,,,,61.0,2.0,1.0,4.0,2.0,1.0,,,2.0,,,0.0,1.0,Q5 Highest,,1.0,1.0,6.0,2.0,,,2.0,,THA,,60882768.0,4.0,0.0,2.0,,,2.0,,,0.135631464,1,1.0,3.0,2.0,,2.0,1,1.0,,183640783,East Asia & Pacific (excluding high income),4.0,,2.0,,1.0,2.0,2.0,1.0,0.0,Thailand,1.0,,False,Male,60_69,1.0
,,1.0,,2024,,,0.0,,1,1,2.0,2.0,,,,,,55.0,2.0,1.0,4.0,1.0,1.0,1.0,,5.0,,2.0,0.0,2.0,Q2,,,2.0,4.0,2.0,,,1.0,,THA,,60882768.0,4.0,0.0,1.0,,,,,,0.135631464,1,1.0,3.0,2.0,,3.0,1,3.0,,183689648,East Asia & Pacific (excluding high income),1.0,,2.0,,2.0,2.0,1.0,1.0,0.0,Thailand,4.0,,False,Female,50_59,1.0
,,1.0,,2024,,,1.0,,2,1,2.0,1.0,,,,,,58.0,2.0,1.0,4.0,2.0,1.0,,,8.0,,,0.0,2.0,Q4,,1.0,2.0,4.0,1.0,,,1.0,,THA,,60882768.0,4.0,0.0,2.0,,,2.0,,,0.135631464,1,1.0,,2.0,,4.0,2,2.0,,183717826,East Asia & Pacific (excluding high income),4.0,,2.0,,2.0,2.0,2.0,1.0,0.0,Thailand,1.0,,False,Male,50_59,1.0
,,4.0,,2024,,,0.0,,1,1,2.0,2.0,,,,,,19.0,4.0,2.0,4.0,1.0,1.0,4.0,,2.0,,,1.0,4.0,Q5 Highest,,,2.0,5.0,2.0,,,1.0,,THA,,60882768.0,4.0,1.0,1.0,,,,,,0.465014568,1,1.0,2.0,2.0,,6.0,1,6.0,,183802482,East Asia & Pacific (excluding high income),4.0,,2.0,,2.0,2.0,1.0,2.0,0.0,Thailand,4.0,,False,Female,18_22,2.0
2.0,,2.0,,2024,,,0.0,,2,1,4.0,2.0,4.0,,,,,59.0,4.0,2.0,3.0,1.0,1.0,4.0,,9.0,,,1.0,4.0,Q5 Highest,,,4.0,8.0,4.0,,,4.0,,THA,,60882768.0,5.0,0.0,1.0,,,,,4.0,0.227229446,1,1.0,,1.0,,6.0,1,6.0,,183926143,East Asia & Pacific (excluding high income),6.0,,4.0,4.0,2.0,4.0,1.0,1.0,0.0,Thailand,4.0,,False,Male,50_59,2.0
,,1.0,,2024,,,0.0,,1,1,2.0,1.0,,,,,,62.0,2.0,3.0,4.0,2.0,1.0,4.0,,2.0,,,0.0,4.0,Q5 Highest,,1.0,4.0,4.0,4.0,,,2.0,,THA,,60882768.0,4.0,1.0,2.0,,,2.0,,,0.43356132,1,1.0,1.0,2.0,,6.0,1,6.0,,183934903,East Asia & Pacific (excluding high income),6.0,,4.0,,2.0,2.0,2.0,2.0,0.0,Thailand,1.0,,False,Female,60_69,3.0
2.0,,1.0,,2024,,,1.0,,2,1,2.0,1.0,2.0,,,,,73.0,1.0,1.0,3.0,1.0,1.0,,,9.0,,1.0,0.0,1.0,Q4,,1.0,2.0,1.0,1.0,,,2.0,2.0,THA,,60882768.0,1.0,1.0,2.0,,,2.0,1.0,2.0,1.91039883,1,1.0,,1.0,,2.0,1,2.0,,183957564,East Asia & Pacific (excluding high income),6.0,,2.0,2.0,2.0,1.0,1.0,2.0,0.0,Thailand,1.0,,False,Male,70_plus,1.0
,,1.0,,2024,,,0.0,,1,1,2.0,2.0,,,,,,74.0,2.0,1.0,4.0,2.0,1.0,,,2.0,,,0.0,1.0,Q3,,1.0,2.0,3.0,2.0,,,2.0,,THA,,60882768.0,4.0,0.0,2.0,,,2.0,,,0.230242505,1,1.0,1.0,2.0,,2.0,1,3.0,,183994594,East Asia & Pacific (excluding high income),4.0,,2.0,,1.0,2.0,2.0,2.0,0.0,Thailand,4.0,,False,Female,70_plus,1.0
,,2.0,,2024,,,1.0,1.0,2,1,2.0,2.0,,,,,,20.0,1.0,1.0,4.0,1.0,1.0,,,1.0,,,1.0,1.0,Q5 Highest,,,1.0,2.0,2.0,,,2.0,,THA,,60882768.0,4.0,1.0,1.0,,,,,,1.338384199,1,1.0,1.0,2.0,,1.0,2,1.0,,184008089,East Asia & Pacific (excluding high income),1.0,,2.0,,2.0,2.0,2.0,1.0,1.0,Thailand,4.0,,False,Male,18_22,1.0
2.0,,2.0,,2024,,,1.0,,1,1,2.0,2.0,2.0,,,,,62.0,2.0,1.0,2.0,2.0,1.0,,,7.0,,,0.0,2.0,Q2,,1.0,2.0,1.0,1.0,,,2.0,,THA,,60882768.0,4.0,0.0,2.0,,,2.0,,2.0,0.135631464,1,1.0,,1.0,,2.0,1,2.0,,184044297,East Asia & Pacific (excluding high income),1.0,,2.0,,1.0,2.0,2.0,1.0,0.0,Thailand,4.0,,False,Female,60_69,1.0
,,1.0,,2024,,,1.0,2.0,1,1,2.0,2.0,,,,,,44.0,2.0,2.0,4.0,4.0,1.0,,,2.0,,,1.0,1.0,Q2,,,1.0,4.0,2.0,,,1.0,,THA,,60882768.0,4.0,0.0,,,,,,,1.069869979,1,2.0,1.0,2.0,,1.0,1,1.0,,184117230,East Asia & Pacific (excluding high income),1.0,,1.0,,2.0,2.0,,1.0,1.0,Thailand,4.0,,False,Female,40_49,2.0
,,1.0,,2024,,,0.0,1.0,1,1,2.0,2.0,,,,,,23.0,4.0,2.0,4.0,4.0,1.0,,,1.0,,,0.0,4.0,Q2,,,2.0,8.0,2.0,,,1.0,,THA,,60882768.0,4.0,1.0,,,,,,,0.465014568,1,2.0,3.0,2.0,,2.0,1,1.0,,184134538,East Asia & Pacific (excluding high income),6.0,,2.0,,2.0,2.0,,1.0,1.0,Thailand,4.0,,False,Female,23_29,2.0
,,1.0,,2024,,,0.0,,2,1,2.0,1.0,,,,,,67.0,2.0,1.0,4.0,2.0,1.0,,,2.0,,,0.0,2.0,Q1 Lowest,,1.0,2.0,4.0,2.0,,,2.0,,THA,,60882768.0,4.0,0.0,2.0,,,1.0,,,0.417060799,1,1.0,1.0,2.0,,2.0,1,2.0,,184174731,East Asia & Pacific (excluding high income),3.0,,2.0,,2.0,2.0,2.0,2.0,1.0,Thailand,1.0,,False,Male,60_69,1.0
2.0,,2.0,,2024,,,1.0,1.0,2,1,2.0,2.0,2.0,,,,,16.0,1.0,1.0,2.0,4.0,1.0,,,2.0,,,1.0,1.0,Q4,,,1.0,5.0,2.0,,,1.0,,THA,,60882768.0,4.0,1.0,,,,,,2.0,0.892256132,1,2.0,1.0,1.0,,1.0,1,3.0,,184449117,East Asia & Pacific (excluding high income),2.0,,2.0,,2.0,2.0,,1.0,1.0,Thailand,4.0,,False,Male,17_or_less,1.0
,,1.0,,2024,,,1.0,,2,1,2.0,2.0,,,,,,55.0,2.0,1.0,4.0,2.0,0.0,1.0,,2.0,,,0.0,4.0,Q5 Highest,,,2.0,3.0,2.0,,,2.0,,THA,,60882768.0,4.0,0.0,2.0,,,,,,0.135631464,1,1.0,1.0,2.0,,3.0,2,3.0,,184590383,East Asia & Pacific (excluding high income),1.0,,2.0,,2.0,2.0,2.0,1.0,0.0,Thailand,4.0,,False,Male,50_59,1.0
,1.0,,,2024,2.0,2.0,0.0,,1,0,,2.0,,,,,2.0,55.0,2.0,1.0,4.0,2.0,0.0,,,1.0,1.0,,0.0,,Q2,,,2.0,5.0,2.0,,,,,THA,,60882768.0,4.0,1.0,2.0,,,,,,0.431718716,0,1.0,1.0,2.0,2.0,,2,,,185053570,East Asia & Pacific (excluding high income),1.0,,2.0,,2.0,2.0,2.0,2.0,0.0,Thailand,4.0,1.0,False,Female,50_59,1.0
,,1.0,,2024,,,0.0,,2,1,2.0,1.0,,,,,,57.0,2.0,1.0,4.0,4.0,1.0,,,2.0,,,1.0,2.0,Q1 Lowest,,1.0,2.0,1.0,2.0,,,2.0,,THA,,60882768.0,4.0,0.0,,,,2.0,,,1.847572855,1,2.0,2.0,2.0,,2.0,1,2.0,,185128579,East Asia & Pacific (excluding high income),4.0,,2.0,,2.0,2.0,,1.0,0.0,Thailand,1.0,,False,Male,50_59,1.0
2.0,,1.0,,2024,,,1.0,1.0,2,1,2.0,2.0,1.0,,,,,28.0,2.0,1.0,1.0,4.0,1.0,,,2.0,,2.0,1.0,2.0,Q5 Highest,,,1.0,1.0,2.0,,2.0,2.0,,THA,,60882768.0,4.0,1.0,,,,,,1.0,0.653517354,1,2.0,2.0,1.0,,1.0,2,1.0,,185274109,East Asia & Pacific (excluding high income),1.0,,2.0,,2.0,2.0,,1.0,1.0,Thailand,4.0,,False,Male,23_29,1.0
2.0,,1.0,,2024,,,1.0,,1,1,2.0,1.0,2.0,,,,,60.0,1.0,1.0,2.0,2.0,1.0,,,4.0,,,0.0,1.0,Q3,,1.0,1.0,4.0,2.0,,,2.0,,THA,,60882768.0,4.0,1.0,2.0,,,2.0,,2.0,0.142070207,1,1.0,3.0,1.0,,2.0,2,2.0,,185426190,East Asia & Pacific (excluding high income),2.0,,2.0,,2.0,2.0,2.0,1.0,0.0,Thailand,1.0,,False,Female,60_69,1.0
,,1.0,,2024,,,0.0,1.0,1,1,2.0,1.0,,,,,,45.0,1.0,1.0,4.0,1.0,1.0,,,1.0,,,1.0,1.0,Q5 Highest,,1.0,2.0,4.0,2.0,,,1.0,,THA,,60882768.0,4.0,1.0,1.0,,,2.0,,,0.355685562,1,1.0,2.0,2.0,,2.0,1,1.0,,185469788,East Asia & Pacific (excluding high income),2.0,,2.0,,2.0,2.0,2.0,1.0,1.0,Thailand,1.0,,False,Female,40_49,1.0
,,1.0,,2024,,,0.0,,2,1,2.0,1.0,,,,,,47.0,1.0,2.0,4.0,4.0,1.0,,,5.0,,1.0,0.0,1.0,Q4,,1.0,2.0,5.0,2.0,,,2.0,,THA,,60882768.0,4.0,1.0,,,,2.0,,,1.059715433,1,2.0,2.0,2.0,,2.0,1,1.0,,185529294,East Asia & Pacific (excluding high income),2.0,,2.0,,2.0,2.0,,1.0,0.0,Thailand,1.0,,False,Male,40_49,2.0
,2.0,,,2024,2.0,1.0,1.0,,1,0,,2.0,,,,,2.0,67.0,2.0,1.0,4.0,2.0,0.0,,,2.0,1.0,1.0,0.0,,Q1 Lowest,,,1.0,1.0,2.0,,,,,THA,,60882768.0,4.0,0.0,2.0,,,,,,0.853132739,0,1.0,1.0,2.0,1.0,,2,,,185578181,East Asia & Pacific (excluding high income),1.0,,2.0,,2.0,2.0,2.0,2.0,0.0,Thailand,4.0,1.0,False,Female,60_69,1.0
,,2.0,,2024,,,0.0,1.0,1,1,1.0,2.0,,,,,,33.0,1.0,2.0,4.0,1.0,1.0,,,2.0,,,1.0,1.0,Q2,,,2.0,2.0,2.0,,,2.0,,THA,,60882768.0,4.0,1.0,1.0,,,,,,3.026252517,1,1.0,3.0,2.0,,1.0,1,1.0,,185599700,East Asia & Pacific (excluding high income),4.0,,2.0,,2.0,2.0,1.0,1.0,1.0,Thailand,4.0,,False,Female,30_39,2.0
,,1.0,,2024,,,1.0,,2,1,2.0,1.0,,,2.0,,,54.0,1.0,2.0,4.0,2.0,1.0,,,5.0,,1.0,0.0,1.0,Q1 Lowest,,2.0,2.0,1.0,2.0,,,1.0,2.0,THA,,60882768.0,2.0,1.0,2.0,,,2.0,2.0,,1.891912994,1,1.0,1.0,2.0,,2.0,1,2.0,,185606008,East Asia & Pacific (excluding high income),4.0,,2.0,,2.0,1.0,2.0,1.0,0.0,Thailand,3.0,,False,Male,50_59,2.0
2.0,,1.0,,2024,,,0.0,,1,1,2.0,2.0,2.0,,,,,48.0,2.0,1.0,2.0,2.0,1.0,1.0,,2.0,,,1.0,1.0,Q3,,,2.0,4.0,2.0,,,1.0,,THA,,60882768.0,4.0,0.0,2.0,,,,,2.0,0.355685562,1,1.0,2.0,1.0,,3.0,2,3.0,,185621649,East Asia & Pacific (excluding high income),4.0,,2.0,,2.0,2.0,2.0,2.0,0.0,Thailand,4.0,,False,Female,40_49,1.0
,,1.0,,2024,,,1.0,,2,1,2.0,2.0,,,,,,45.0,2.0,1.0,4.0,4.0,1.0,,,2.0,,2.0,1.0,2.0,Q1 Lowest,,,1.0,4.0,2.0,,,1.0,,THA,,60882768.0,4.0,0.0,,,,,,,3.355452588,1,2.0,2.0,2.0,,3.0,1,2.0,,186120148,East Asia & Pacific (excluding high income),4.0,,2.0,,2.0,2.0,,1.0,0.0,Thailand,4.0,,False,Male,40_49,1.0
2.0,,1.0,,2024,,,1.0,,1,1,2.0,2.0,2.0,,,,,61.0,2.0,2.0,2.0,2.0,1.0,,,7.0,,,0.0,2.0,Q4,,,1.0,4.0,2.0,,,2.0,,THA,,60882768.0,4.0,0.0,2.0,,,,,2.0,0.170773043,1,1.0,,1.0,,2.0,1,2.0,,186221205,East Asia & Pacific (excluding high income),5.0,,2.0,,2.0,2.0,2.0,1.0,0.0,Thailand,4.0,,False,Female,60_69,2.0
2.0,2.0,,,2024,2.0,2.0,1.0,,1,0,,1.0,2.0,,,,1.0,74.0,2.0,1.0,2.0,2.0,0.0,,,3.0,2.0,,0.0,,Q1 Lowest,,2.0,1.0,3.0,2.0,,,,,THA,,60882768.0,4.0,0.0,2.0,,,2.0,,2.0,0.143436971,0,1.0,1.0,1.0,2.0,,2,,,186344448,East Asia & Pacific (excluding high income),4.0,,2.0,,2.0,2.0,2.0,1.0,0.0,Thailand,2.0,1.0,False,Female,70_plus,1.0
,,2.0,,2024,,,0.0,1.0,2,1,2.0,2.0,,,,,,36.0,1.0,2.0,4.0,1.0,1.0,,,2.0,,2.0,1.0,1.0,Q4,,,2.0,6.0,2.0,,,1.0,2.0,THA,,60882768.0,2.0,1.0,2.0,,,,2.0,,0.572780198,1,1.0,3.0,2.0,,2.0,1,1.0,,186378155,East Asia & Pacific (excluding high income),3.0,,2.0,,2.0,1.0,1.0,1.0,1.0,Thailand,4.0,,False,Male,30_39,2.0
,,1.0,,2024,,,0.0,,1,1,2.0,1.0,,,,,,72.0,2.0,1.0,4.0,2.0,1.0,,,2.0,,,0.0,2.0,Q3,,1.0,2.0,4.0,2.0,,,2.0,,THA,,60882768.0,4.0,0.0,2.0,,,2.0,,,0.268374161,1,1.0,1.0,2.0,,2.0,1,2.0,,186393525,East Asia & Pacific (excluding high income),1.0,,2.0,,2.0,2.0,2.0,2.0,0.0,Thailand,1.0,,False,Female,70_plus,1.0
,1.0,,,2024,2.0,1.0,1.0,,2,0,,2.0,,,,,2.0,48.0,2.0,1.0,4.0,4.0,0.0,,,2.0,2.0,1.0,0.0,,Q1 Lowest,,,2.0,3.0,2.0,,,,,THA,,60882768.0,4.0,0.0,,,,,,,1.020425145,0,2.0,4.0,2.0,2.0,,2,,,186472013,East Asia & Pacific (excluding high income),3.0,,2.0,,2.0,2.0,,1.0,0.0,Thailand,4.0,2.0,False,Male,40_49,1.0
,1.0,,,2024,2.0,2.0,1.0,,1,0,,1.0,,,,,2.0,70.0,2.0,1.0,4.0,4.0,0.0,,,7.0,2.0,,0.0,,Q1 Lowest,,2.0,1.0,4.0,2.0,,,,,THA,,60882768.0,4.0,0.0,,,,2.0,,,0.135631464,0,2.0,,2.0,2.0,,2,,,186520787,East Asia & Pacific (excluding high income),1.0,,2.0,,2.0,2.0,,2.0,0.0,Thailand,2.0,2.0,False,Female,70_plus,1.0
,,1.0,,2024,,,0.0,,2,1,2.0,1.0,,,,,,70.0,1.0,1.0,4.0,3.0,1.0,,,2.0,,,0.0,1.0,Q3,,1.0,2.0,3.0,2.0,,,1.0,,THA,,60882768.0,4.0,1.0,2.0,,,2.0,,,0.135631464,1,1.0,1.0,2.0,,2.0,1,2.0,,186580999,East Asia & Pacific (excluding high income),1.0,,2.0,,2.0,2.0,2.0,2.0,0.0,Thailand,1.0,,False,Male,70_plus,1.0
,,1.0,,2024,,,0.0,,2,1,2.0,2.0,,,,,,63.0,1.0,2.0,4.0,1.0,1.0,2.0,,2.0,,,0.0,2.0,Q3,,,2.0,2.0,2.0,,,2.0,,THA,,60882768.0,4.0,1.0,1.0,,,,,,0.47030481,1,1.0,2.0,2.0,,3.0,1,3.0,,186606252,East Asia & Pacific (excluding high income),4.0,,2.0,,2.0,2.0,1.0,1.0,0.0,Thailand,4.0,,False,Male,60_69,2.0
1.0,,1.0,,2024,,,1.0,1.0,1,1,1.0,2.0,1.0,,,,,23.0,1.0,3.0,1.0,1.0,1.0,,,1.0,,,1.0,1.0,Q5 Highest,,,2.0,4.0,2.0,,4.0,1.0,,THA,,60882768.0,4.0,1.0,1.0,,,,,1.0,1.672489129,1,1.0,3.0,1.0,,2.0,1,1.0,,186616371,East Asia & Pacific (excluding high income),4.0,,2.0,,2.0,2.0,1.0,1.0,1.0,Thailand,4.0,,False,Female,23_29,3.0
,,1.0,,2024,,,1.0,,1,1,2.0,1.0,,,,,,52.0,2.0,1.0,4.0,1.0,1.0,,,5.0,,,0.0,2.0,Q4,,1.0,1.0,3.0,1.0,,,1.0,,THA,,60882768.0,4.0,1.0,1.0,,,1.0,,,0.307527814,1,1.0,1.0,2.0,,1.0,1,1.0,,186727241,East Asia & Pacific (excluding high income),1.0,,2.0,,2.0,2.0,1.0,1.0,1.0,Thailand,1.0,,False,Female,50_59,1.0
,,1.0,,2024,,,0.0,,2,1,2.0,2.0,,,,,,56.0,2.0,1.0,4.0,4.0,0.0,,,5.0,,,0.0,2.0,Q3,,,2.0,1.0,2.0,,,2.0,,THA,,60882768.0,4.0,0.0,,,,,,,0.75623416,1,2.0,1.0,2.0,,2.0,2,4.0,,186860472,East Asia & Pacific (excluding high income),4.0,,2.0,,2.0,2.0,,2.0,0.0,Thailand,4.0,,False,Male,50_59,1.0
,,1.0,,2024,,,0.0,,1,1,2.0,1.0,,,,,,61.0,2.0,2.0,4.0,2.0,1.0,,,9.0,,,0.0,2.0,Q2,,1.0,2.0,3.0,2.0,,,2.0,,THA,,60882768.0,4.0,0.0,2.0,,,2.0,,,0.135631464,1,1.0,,2.0,,2.0,1,2.0,,186867943,East Asia & Pacific (excluding high income),6.0,,2.0,,2.0,2.0,2.0,2.0,0.0,Thailand,1.0,,False,Female,60_69,2.0
2.0,,1.0,,2024,,,1.0,1.0,1,1,1.0,2.0,1.0,,,,,47.0,1.0,3.0,1.0,1.0,1.0,,,5.0,,,1.0,1.0,Q5 Highest,,,2.0,4.0,2.0,,2.0,1.0,,THA,,60882768.0,4.0,1.0,1.0,,,,,1.0,0.281187349,1,1.0,3.0,1.0,,1.0,1,1.0,,187073749,East Asia & Pacific (excluding high income),3.0,,2.0,,2.0,2.0,1.0,1.0,1.0,Thailand,4.0,,False,Female,40_49,3.0
2.0,,2.0,,2024,,,0.0,,1,1,2.0,1.0,2.0,,,,,58.0,1.0,1.0,2.0,2.0,1.0,,,7.0,,,0.0,2.0,Q2,,1.0,4.0,3.0,4.0,,,1.0,2.0,THA,,60882768.0,2.0,1.0,2.0,,,2.0,2.0,2.0,0.300320386,1,1.0,,1.0,,6.0,2,2.0,,187089422,East Asia & Pacific (excluding high income),6.0,,4.0,,2.0,1.0,2.0,1.0,0.0,Thailand,1.0,,False,Female,50_59,1.0
,,2.0,,2024,,,0.0,1.0,1,1,2.0,2.0,,,,,,20.0,1.0,2.0,4.0,4.0,1.0,,,1.0,,,1.0,1.0,Q4,,,2.0,1.0,2.0,,,1.0,,THA,,60882768.0,4.0,1.0,,,,,,,0.886806606,1,2.0,2.0,2.0,,2.0,1,2.0,,187150349,East Asia & Pacific (excluding high income),4.0,,2.0,,2.0,2.0,,2.0,1.0,Thailand,4.0,,False,Female,18_22,2.0
,,1.0,,2024,,,1.0,,1,1,1.0,2.0,,,,,,46.0,1.0,3.0,4.0,1.0,1.0,,,3.0,,,1.0,1.0,Q5 Highest,,,2.0,5.0,1.0,,,1.0,,THA,,60882768.0,4.0,1.0,1.0,,,,,,0.47123411,1,1.0,3.0,2.0,,1.0,2,2.0,,187173952,East Asia & Pacific (excluding high income),4.0,,2.0,,2.0,2.0,1.0,1.0,0.0,Thailand,4.0,,False,Female,40_49,3.0
,,1.0,,2024,,,1.0,,2,1,2.0,1.0,,,,,,62.0,2.0,1.0,4.0,4.0,1.0,,,2.0,,,0.0,2.0,Q1 Lowest,,1.0,2.0,1.0,2.0,,,2.0,2.0,THA,,60882768.0,2.0,0.0,,,,2.0,2.0,,1.27359922,1,2.0,1.0,2.0,,2.0,1,2.0,,187262996,East Asia & Pacific (excluding high income),1.0,,2.0,,2.0,1.0,,1.0,0.0,Thailand,1.0,,False,Male,60_69,1.0
,,1.0,,2024,,,1.0,,1,1,2.0,1.0,,,,,,62.0,2.0,1.0,4.0,1.0,1.0,,,1.0,,,0.0,1.0,Q4,,1.0,2.0,1.0,1.0,,,2.0,2.0,THA,,60882768.0,2.0,0.0,1.0,,,2.0,2.0,,0.42656637,1,1.0,2.0,2.0,,2.0,1,2.0,,187266319,East Asia & Pacific (excluding high income),5.0,,2.0,,1.0,1.0,1.0,1.0,0.0,Thailand,1.0,,False,Female,60_69,1.0
,,1.0,,2024,,,0.0,,1,1,2.0,1.0,,,,,,51.0,2.0,1.0,4.0,2.0,1.0,,,7.0,,,0.0,2.0,Q3,,1.0,2.0,4.0,2.0,,,2.0,,THA,,60882768.0,4.0,0.0,2.0,,,2.0,,,0.564441793,1,1.0,,2.0,,2.0,1,2.0,,187398547,East Asia & Pacific (excluding high income),6.0,,2.0,,2.0,2.0,2.0,2.0,0.0,Thailand,1.0,,False,Female,50_59,1.0
,,2.0,,2024,,,1.0,,2,1,2.0,2.0,,,,,,57.0,2.0,1.0,4.0,2.0,1.0,,,3.0,,2.0,1.0,2.0,Q4,,,2.0,4.0,2.0,,,1.0,,THA,,60882768.0,4.0,0.0,2.0,,,,,,0.951744659,1,1.0,2.0,2.0,,2.0,1,1.0,,187426713,East Asia & Pacific (excluding high income),3.0,,1.0,,2.0,2.0,2.0,1.0,0.0,Thailand,4.0,,False,Male,50_59,1.0
,,2.0,,2024,,,0.0,,1,1,2.0,2.0,,,,,,56.0,1.0,1.0,4.0,2.0,1.0,,,7.0,,,0.0,1.0,Q1 Lowest,,,2.0,5.0,2.0,,,1.0,2.0,THA,,60882768.0,1.0,1.0,2.0,,,,1.0,,2.774963975,1,1.0,,2.0,,2.0,1,3.0,,187432347,East Asia & Pacific (excluding high income),4.0,,2.0,,2.0,1.0,2.0,2.0,0.0,Thailand,4.0,,False,Female,50_59,1.0
2.0,,2.0,,2024,,,1.0,,2,1,2.0,2.0,2.0,,,,,49.0,1.0,1.0,2.0,2.0,0.0,1.0,,1.0,,2.0,0.0,1.0,Q2,,,2.0,1.0,1.0,,,2.0,2.0,THA,,60882768.0,2.0,1.0,2.0,,,,2.0,2.0,1.677726294,1,1.0,3.0,1.0,,3.0,2,3.0,,187558622,East Asia & Pacific (excluding high income),3.0,,2.0,,2.0,1.0,2.0,1.0,0.0,Thailand,4.0,,False,Male,40_49,1.0
,,2.0,,2024,,,0.0,,1,1,2.0,2.0,,,,,,60.0,2.0,1.0,4.0,2.0,0.0,,,3.0,,,0.0,1.0,Q4,,,2.0,5.0,2.0,,,2.0,,THA,,60882768.0,4.0,0.0,2.0,,,,,,0.639849554,1,1.0,1.0,2.0,,2.0,1,4.0,,187726978,East Asia & Pacific (excluding high income),4.0,,2.0,,2.0,2.0,2.0,2.0,0.0,Thailand,4.0,,False,Female,60_69,1.0
2.0,,1.0,,2024,,,1.0,,1,1,2.0,1.0,2.0,,,,,64.0,2.0,1.0,2.0,4.0,1.0,,,2.0,,,0.0,1.0,Q4,,1.0,1.0,1.0,1.0,,,2.0,,THA,,60882768.0,4.0,0.0,,,,2.0,,2.0,0.893822494,1,2.0,1.0,1.0,,2.0,1,4.0,,188087368,East Asia & Pacific (excluding high income),1.0,,2.0,,2.0,2.0,,1.0,0.0,Thailand,1.0,,False,Female,60_69,1.0
,,1.0,,2024,,,0.0,,2,1,2.0,1.0,,,,,,64.0,2.0,1.0,4.0,2.0,1.0,,,5.0,,,0.0,2.0,Q4,,1.0,2.0,3.0,2.0,,,2.0,,THA,,60882768.0,4.0,0.0,2.0,,,2.0,,,0.518362526,1,1.0,1.0,2.0,,2.0,1,2.0,,188200849,East Asia & Pacific (excluding high income),1.0,,2.0,,1.0,2.0,2.0,1.0,0.0,Thailand,1.0,,False,Male,60_69,1.0
2.0,,1.0,,2024,,,0.0,1.0,2,1,2.0,1.0,1.0,,,,,18.0,1.0,1.0,1.0,4.0,1.0,,,5.0,,1.0,1.0,1.0,Q5 Highest,,2.0,2.0,1.0,2.0,,2.0,1.0,,THA,,60882768.0,4.0,1.0,,,,1.0,,1.0,1.310003915,1,2.0,3.0,1.0,,1.0,1,1.0,,188203585,East Asia & Pacific (excluding high income),4.0,,2.0,,2.0,2.0,,1.0,1.0,Thailand,1.0,,False,Male,18_22,1.0
,,1.0,,2024,,,1.0,,1,1,2.0,1.0,,,,,,45.0,2.0,1.0,4.0,2.0,0.0,2.0,,5.0,,2.0,0.0,2.0,Q3,,2.0,1.0,3.0,1.0,,,2.0,,THA,,60882768.0,4.0,0.0,2.0,,,2.0,,,0.299306594,1,1.0,1.0,2.0,,4.0,1,4.0,,188337588,East Asia & Pacific (excluding high income),5.0,,2.0,,2.0,2.0,2.0,1.0,0.0,Thailand,2.0,,False,Female,40_49,1.0
2.0,,1.0,,2024,,,1.0,,1,1,2.0,2.0,1.0,,,,,65.0,2.0,1.0,1.0,1.0,1.0,,,2.0,,1.0,0.0,1.0,Q5 Highest,,,1.0,1.0,2.0,,1.0,2.0,,THA,,60882768.0,4.0,0.0,1.0,,,,,1.0,0.176795522,1,1.0,1.0,1.0,,2.0,2,4.0,,188566193,East Asia & Pacific (excluding high income),4.0,,2.0,,2.0,2.0,1.0,1.0,1.0,Thailand,4.0,,False,Female,60_69,1.0
,,1.0,,2024,,,0.0,1.0,2,1,2.0,1.0,,,,,,51.0,2.0,1.0,4.0,4.0,1.0,1.0,,5.0,,,0.0,2.0,Q4,,1.0,2.0,3.0,2.0,,,2.0,,THA,,60882768.0,4.0,1.0,,,,2.0,,,1.677726294,1,2.0,1.0,2.0,,3.0,2,3.0,,188671401,East Asia & Pacific (excluding high income),2.0,,2.0,,2.0,2.0,,1.0,1.0,Thailand,1.0,,False,Male,50_59,1.0
2.0,,1.0,,2024,,,1.0,,2,1,2.0,2.0,1.0,,,,,55.0,2.0,2.0,1.0,1.0,1.0,,,2.0,,,1.0,1.0,Q4,,,2.0,4.0,2.0,,4.0,1.0,,THA,,60882768.0,4.0,1.0,1.0,,,,,1.0,0.563838738,1,1.0,2.0,1.0,,2.0,1,1.0,,188710832,East Asia & Pacific (excluding high income),4.0,,2.0,,2.0,2.0,1.0,1.0,1.0,Thailand,4.0,,False,Male,50_59,2.0
,,1.0,,2024,,,0.0,,2,1,2.0,2.0,,,,,,56.0,2.0,1.0,4.0,2.0,1.0,,,7.0,,2.0,0.0,2.0,Q3,,1.0,2.0,4.0,2.0,,,2.0,,THA,,60882768.0,4.0,0.0,2.0,,,2.0,,,0.390561288,1,1.0,,2.0,,2.0,2,2.0,,188825763,East Asia & Pacific (excluding high income),2.0,,2.0,,1.0,2.0,2.0,1.0,0.0,Thailand,4.0,,False,Male,50_59,1.0
2.0,,1.0,,2024,,,0.0,,2,1,2.0,2.0,1.0,,,,,40.0,2.0,1.0,1.0,3.0,1.0,,,2.0,,,0.0,2.0,Q3,,,2.0,3.0,2.0,,1.0,2.0,,THA,,60882768.0,4.0,0.0,2.0,,,,,1.0,2.399996687,1,1.0,1.0,1.0,,2.0,2,2.0,,189158419,East Asia & Pacific (excluding high income),4.0,,2.0,,2.0,2.0,2.0,1.0,1.0,Thailand,4.0,,False,Male,40_49,1.0
,,1.0,,2024,,,0.0,,1,1,2.0,1.0,,,,,,91.0,2.0,1.0,4.0,4.0,1.0,,,2.0,,2.0,0.0,2.0,Q2,,1.0,2.0,4.0,2.0,,,2.0,,THA,,60882768.0,4.0,0.0,,,,2.0,,,0.417172874,1,2.0,2.0,2.0,,2.0,2,2.0,,189223252,East Asia & Pacific (excluding high income),4.0,,2.0,,2.0,2.0,,2.0,0.0,Thailand,1.0,,False,Female,70_plus,1.0
2.0,1.0,,,2024,2.0,2.0,0.0,,1,0,,2.0,2.0,,,,1.0,53.0,2.0,1.0,3.0,4.0,0.0,,,4.0,2.0,,0.0,,Q3,,,2.0,3.0,2.0,,,,,THA,,60882768.0,4.0,0.0,,,,,,2.0,0.361950145,0,2.0,1.0,1.0,2.0,,2,,,189418825,East Asia & Pacific (excluding high income),2.0,,2.0,2.0,2.0,2.0,,1.0,0.0,Thailand,4.0,1.0,False,Female,50_59,1.0
2.0,,2.0,,2024,,,0.0,2.0,2,1,2.0,2.0,2.0,,,,,39.0,2.0,2.0,2.0,2.0,1.0,1.0,,5.0,,,1.0,2.0,Q2,,,2.0,4.0,2.0,,,1.0,,THA,,60882768.0,4.0,0.0,2.0,,,,,2.0,1.320182503,1,1.0,1.0,1.0,,3.0,1,3.0,,189569507,East Asia & Pacific (excluding high income),1.0,,2.0,,2.0,2.0,2.0,1.0,1.0,Thailand,4.0,,False,Male,30_39,2.0
,,1.0,,2024,,,1.0,,1,1,2.0,1.0,,,,,,31.0,1.0,1.0,4.0,2.0,1.0,1.0,,3.0,,,0.0,1.0,Q5 Highest,,1.0,2.0,3.0,1.0,,,2.0,2.0,THA,,60882768.0,2.0,1.0,2.0,,,2.0,2.0,,0.349737376,1,1.0,1.0,2.0,,3.0,1,3.0,,189757506,East Asia & Pacific (excluding high income),2.0,,2.0,,2.0,1.0,2.0,1.0,0.0,Thailand,1.0,,False,Female,30_39,1.0
,,1.0,,2024,,,1.0,,2,1,2.0,1.0,,,2.0,,,72.0,2.0,1.0,4.0,2.0,0.0,,,7.0,,,0.0,2.0,Q1 Lowest,,2.0,2.0,4.0,2.0,,,2.0,,THA,,60882768.0,4.0,0.0,2.0,,,2.0,,,0.619733101,1,1.0,,2.0,,2.0,2,3.0,,189827862,East Asia & Pacific (excluding high income),2.0,,2.0,,2.0,2.0,2.0,1.0,0.0,Thailand,3.0,,False,Male,70_plus,1.0
2.0,,1.0,,2024,,,0.0,,2,1,2.0,1.0,1.0,,,,,30.0,2.0,1.0,1.0,2.0,1.0,,,2.0,,,0.0,2.0,Q3,,1.0,2.0,4.0,2.0,,2.0,2.0,,THA,,60882768.0,4.0,1.0,2.0,,,2.0,,2.0,1.322821922,1,1.0,2.0,1.0,,1.0,1,1.0,,189860317,East Asia & Pacific (excluding high income),2.0,,2.0,,1.0,2.0,2.0,1.0,0.0,Thailand,1.0,,False,Male,30_39,1.0
,,1.0,,2024,,,0.0,,2,1,2.0,2.0,,,,,,25.0,2.0,2.0,4.0,4.0,0.0,2.0,,7.0,,,0.0,2.0,Q3,,,2.0,3.0,2.0,,,2.0,2.0,THA,,60882768.0,2.0,1.0,,,,,2.0,,0.171703431,1,2.0,,2.0,,4.0,1,4.0,,190164614,East Asia & Pacific (excluding high income),5.0,,2.0,,3.0,1.0,,1.0,0.0,Thailand,4.0,,False,Male,23_29,2.0
,,2.0,,2024,,,0.0,,1,1,2.0,1.0,,,,,,60.0,1.0,1.0,4.0,2.0,1.0,,,1.0,,,1.0,1.0,Q1 Lowest,,1.0,2.0,4.0,2.0,,,2.0,2.0,THA,,60882768.0,2.0,1.0,2.0,,,2.0,2.0,,0.95308209,1,1.0,2.0,2.0,,2.0,1,2.0,,190548566,East Asia & Pacific (excluding high income),3.0,,2.0,,2.0,1.0,2.0,2.0,0.0,Thailand,1.0,,False,Female,60_69,1.0
,,1.0,,2024,,,0.0,,2,1,2.0,1.0,,,,,,61.0,2.0,1.0,4.0,2.0,1.0,,,2.0,,,0.0,2.0,Q2,,1.0,2.0,3.0,2.0,,,2.0,,THA,,60882768.0,4.0,0.0,2.0,,,2.0,,,0.138068644,1,1.0,2.0,2.0,,3.0,1,2.0,,190583589,East Asia & Pacific (excluding high income),1.0,,2.0,,2.0,2.0,2.0,2.0,0.0,Thailand,1.0,,False,Male,60_69,1.0
,,,,2024,,,0.0,,2,1,,1.0,,,,,,54.0,4.0,1.0,4.0,4.0,1.0,,,4.0,,,0.0,,Q3,,1.0,2.0,2.0,2.0,,,,,THA,,60882768.0,4.0,1.0,,,,2.0,,,3.135405466,1,2.0,1.0,2.0,,,2,,,190629163,East Asia & Pacific (excluding high income),4.0,,2.0,,2.0,2.0,,1.0,0.0,Thailand,1.0,,False,Male,50_59,1.0
2.0,1.0,,,2024,2.0,2.0,1.0,,2,0,,1.0,2.0,,,,2.0,17.0,2.0,3.0,2.0,2.0,0.0,,,2.0,2.0,,0.0,,Q3,,2.0,1.0,5.0,2.0,,,,2.0,THA,,60882768.0,2.0,1.0,2.0,,,2.0,2.0,2.0,1.713430399,0,1.0,2.0,1.0,2.0,,2,,,190705137,East Asia & Pacific (excluding high income),3.0,,2.0,,2.0,1.0,2.0,1.0,0.0,Thailand,2.0,2.0,False,Male,17_or_less,3.0
,,2.0,,2024,,,0.0,,2,1,2.0,1.0,,,,,,63.0,1.0,1.0,4.0,4.0,1.0,,,2.0,,,0.0,2.0,Q2,,1.0,2.0,4.0,2.0,,,2.0,,THA,,60882768.0,4.0,1.0,,,,2.0,,,1.338992121,1,2.0,3.0,2.0,,2.0,1,3.0,,190835892,East Asia & Pacific (excluding high income),4.0,,2.0,,2.0,2.0,,2.0,0.0,Thailand,1.0,,False,Male,60_69,1.0
,1.0,,,2024,1.0,2.0,1.0,2.0,1,0,,2.0,,,,,2.0,16.0,2.0,1.0,4.0,4.0,0.0,,,1.0,2.0,,0.0,,Q4,,,1.0,3.0,2.0,,,,,THA,,60882768.0,4.0,1.0,,,,,,,0.769066836,0,2.0,2.0,2.0,2.0,,2,,,190842586,East Asia & Pacific (excluding high income),4.0,,2.0,,2.0,2.0,,1.0,0.0,Thailand,4.0,2.0,False,Female,17_or_less,1.0
,,1.0,,2024,,,1.0,,1,1,2.0,1.0,,,,,,73.0,1.0,1.0,4.0,2.0,1.0,,,1.0,,,0.0,1.0,Q1 Lowest,,1.0,2.0,3.0,2.0,,,2.0,2.0,THA,,60882768.0,2.0,1.0,2.0,,,2.0,2.0,,0.238270523,1,1.0,1.0,2.0,,2.0,2,3.0,,190873443,East Asia & Pacific (excluding high income),4.0,,2.0,,1.0,1.0,2.0,1.0,0.0,Thailand,1.0,,False,Female,70_plus,1.0
,,1.0,,2024,,,0.0,,1,1,2.0,1.0,,,,,,39.0,1.0,2.0,4.0,4.0,1.0,,,2.0,,1.0,0.0,2.0,Q3,,1.0,2.0,5.0,2.0,,,1.0,,THA,,60882768.0,4.0,1.0,,,,2.0,,,0.958393064,1,2.0,1.0,2.0,,1.0,1,1.0,,190964844,East Asia & Pacific (excluding high income),2.0,,2.0,,2.0,2.0,,1.0,0.0,Thailand,1.0,,False,Female,30_39,2.0
2.0,,1.0,,2024,,,0.0,,2,1,2.0,1.0,1.0,,2.0,,,51.0,1.0,1.0,1.0,1.0,1.0,,,1.0,,1.0,1.0,1.0,Q4,,2.0,2.0,4.0,2.0,,2.0,1.0,2.0,THA,,60882768.0,2.0,1.0,1.0,,,2.0,2.0,2.0,0.760532959,1,1.0,3.0,1.0,,1.0,2,1.0,,191196525,East Asia & Pacific (excluding high income),5.0,,2.0,,2.0,1.0,2.0,1.0,0.0,Thailand,3.0,,False,Male,50_59,1.0
,,1.0,,2024,,,0.0,,2,1,2.0,1.0,,,,,,34.0,1.0,1.0,4.0,2.0,1.0,,,1.0,,,0.0,1.0,Q1 Lowest,,1.0,2.0,1.0,2.0,,,2.0,,THA,,60882768.0,4.0,1.0,2.0,,,2.0,,,0.454827199,1,1.0,2.0,2.0,,2.0,1,3.0,,191311950,East Asia & Pacific (excluding high income),3.0,,2.0,,2.0,2.0,2.0,2.0,0.0,Thailand,1.0,,False,Male,30_39,1.0
2.0,,1.0,,2024,,,1.0,3.0,1,1,2.0,2.0,1.0,,,,,43.0,3.0,2.0,1.0,1.0,1.0,,,1.0,,,1.0,1.0,Q4,,,2.0,4.0,1.0,,2.0,1.0,,THA,,60882768.0,4.0,0.0,1.0,,,,,2.0,1.476231786,1,1.0,2.0,1.0,,2.0,1,1.0,,191338671,East Asia & Pacific (excluding high income),5.0,,2.0,,2.0,2.0,2.0,1.0,1.0,Thailand,4.0,,False,Female,40_49,2.0
,1.0,,,2024,1.0,2.0,0.0,,1,0,,2.0,,,,,2.0,50.0,1.0,1.0,4.0,2.0,0.0,,,2.0,2.0,,0.0,,Q5 Highest,,,2.0,1.0,2.0,,,,,THA,,60882768.0,4.0,1.0,2.0,,,,,,0.318250589,0,1.0,2.0,2.0,2.0,,2,,,191349439,East Asia & Pacific (excluding high income),3.0,,2.0,,2.0,2.0,2.0,1.0,0.0,Thailand,4.0,1.0,False,Female,50_59,1.0
2.0,,1.0,,2024,,,1.0,,2,1,1.0,2.0,1.0,,,,,30.0,1.0,3.0,1.0,4.0,1.0,,,1.0,,,1.0,1.0,Q4,,,2.0,1.0,2.0,,1.0,1.0,,THA,,60882768.0,4.0,1.0,,,,,,1.0,3.424553462,1,2.0,3.0,1.0,,1.0,1,1.0,,191375051,East Asia & Pacific (excluding high income),4.0,,2.0,,2.0,2.0,,1.0,1.0,Thailand,4.0,,False,Male,30_39,3.0
2.0,,2.0,,2024,,,1.0,1.0,2,1,2.0,2.0,1.0,,,,,22.0,1.0,2.0,1.0,4.0,1.0,,,2.0,,1.0,1.0,1.0,Q5 Highest,,,1.0,3.0,2.0,,2.0,2.0,,THA,,60882768.0,4.0,1.0,,,,,,1.0,1.272056424,1,2.0,2.0,1.0,,3.0,1,2.0,,191408442,East Asia & Pacific (excluding high income),2.0,,2.0,,2.0,2.0,,2.0,1.0,Thailand,4.0,,False,Male,18_22,2.0
,,1.0,,2024,,,1.0,2.0,1,1,2.0,2.0,,,,,,44.0,1.0,1.0,4.0,1.0,1.0,2.0,,2.0,,1.0,1.0,2.0,Q1 Lowest,,,1.0,3.0,2.0,,,2.0,2.0,THA,,60882768.0,2.0,1.0,1.0,,,,2.0,,3.424553462,1,1.0,3.0,2.0,,3.0,2,3.0,,191489088,East Asia & Pacific (excluding high income),1.0,,2.0,,2.0,1.0,1.0,1.0,1.0,Thailand,4.0,,False,Female,40_49,1.0
,,2.0,,2024,,,0.0,,2,1,2.0,2.0,,,,,,74.0,4.0,3.0,5.0,1.0,1.0,,,2.0,,,1.0,4.0,Q5 Highest,,1.0,4.0,3.0,2.0,,,2.0,,THA,,60882768.0,4.0,1.0,1.0,,,2.0,,,0.301047546,1,1.0,2.0,4.0,,4.0,2,2.0,,191673833,East Asia & Pacific (excluding high income),4.0,,2.0,,1.0,2.0,4.0,1.0,0.0,Thailand,4.0,,False,Male,70_plus,3.0
,,1.0,,2024,,,0.0,,2,1,2.0,2.0,,,,,,47.0,1.0,1.0,4.0,2.0,0.0,,,1.0,,,0.0,1.0,Q3,,,2.0,1.0,2.0,,,2.0,,THA,,60882768.0,4.0,1.0,2.0,,,,,,0.957382375,1,1.0,3.0,2.0,,2.0,1,1.0,,191707898,East Asia & Pacific (excluding high income),4.0,,2.0,,2.0,2.0,2.0,1.0,0.0,Thailand,4.0,,False,Male,40_49,1.0
,,1.0,,2024,,,1.0,,1,1,2.0,1.0,,,,,,45.0,2.0,2.0,4.0,2.0,1.0,,,5.0,,2.0,0.0,1.0,Q1 Lowest,,1.0,2.0,3.0,1.0,,,2.0,2.0,THA,1.0,60882768.0,2.0,1.0,2.0,,,2.0,2.0,,0.727389092,1,1.0,2.0,2.0,,2.0,1,2.0,,191916265,East Asia & Pacific (excluding high income),2.0,,2.0,,2.0,1.0,2.0,2.0,0.0,Thailand,1.0,,False,Female,40_49,2.0
1.0,,1.0,,2024,,,1.0,1.0,2,1,1.0,2.0,1.0,,,,,25.0,1.0,2.0,1.0,1.0,1.0,,,5.0,,1.0,1.0,1.0,Q5 Highest,,,1.0,1.0,2.0,,2.0,1.0,,THA,,60882768.0,4.0,1.0,1.0,,,,,1.0,0.661410961,1,1.0,3.0,1.0,,1.0,1,1.0,,192138273,East Asia & Pacific (excluding high income),1.0,,2.0,,2.0,2.0,1.0,1.0,1.0,Thailand,4.0,,False,Male,23_29,2.0
,,,,2024,,,0.0,,2,1,,1.0,,,,,,65.0,2.0,1.0,4.0,4.0,1.0,,,7.0,,,0.0,,Q1 Lowest,,1.0,2.0,1.0,2.0,,,,,THA,,60882768.0,4.0,0.0,,,,2.0,,,0.234535512,1,2.0,,2.0,,,2,,,192142693,East Asia & Pacific (excluding high income),5.0,,2.0,,2.0,2.0,,2.0,0.0,Thailand,1.0,,False,Male,60_69,1.0
,,2.0,,2024,,,0.0,,2,1,2.0,2.0,,,,,,19.0,1.0,2.0,4.0,4.0,1.0,,,1.0,,,1.0,1.0,Q2,,,2.0,5.0,2.0,,,1.0,,THA,,60882768.0,4.0,1.0,,,,,,,2.157808477,1,2.0,1.0,2.0,,3.0,1,1.0,,192294092,East Asia & Pacific (excluding high income),1.0,,2.0,,2.0,2.0,,1.0,0.0,Thailand,4.0,,False,Male,18_22,2.0
2.0,,2.0,,2024,,,0.0,1.0,2,1,2.0,1.0,1.0,,,,,19.0,1.0,2.0,1.0,1.0,1.0,,,2.0,,1.0,1.0,1.0,Q4,,1.0,2.0,4.0,2.0,,1.0,1.0,,THA,,60882768.0,4.0,1.0,1.0,,,1.0,,1.0,2.169018664,1,1.0,2.0,1.0,,2.0,2,1.0,,192380785,East Asia & Pacific (excluding high income),4.0,,2.0,,2.0,2.0,1.0,1.0,1.0,Thailand,1.0,,False,Male,18_22,2.0
,,1.0,,2024,,,0.0,,1,1,2.0,1.0,,,,,,60.0,2.0,1.0,4.0,4.0,0.0,,,2.0,,,0.0,2.0,Q4,,2.0,2.0,7.0,2.0,,,1.0,,THA,,60882768.0,4.0,0.0,,,,2.0,,,0.245257566,1,2.0,3.0,2.0,,2.0,1,2.0,,192431030,East Asia & Pacific (excluding high income),2.0,,2.0,,1.0,2.0,,2.0,0.0,Thailand,2.0,,False,Female,60_69,1.0
,,1.0,,2024,,,0.0,,1,1,2.0,1.0,,,,,,75.0,2.0,1.0,4.0,2.0,1.0,,,2.0,,,0.0,2.0,Q2,,1.0,2.0,3.0,2.0,,,2.0,,THA,,60882768.0,4.0,0.0,2.0,,,2.0,,,0.135631464,1,1.0,3.0,2.0,,2.0,2,2.0,,192595480,East Asia & Pacific (excluding high income),4.0,,2.0,,2.0,2.0,2.0,2.0,0.0,Thailand,1.0,,False,Female,70_plus,1.0
,,1.0,,2024,,,0.0,,1,1,2.0,1.0,,,,,,65.0,1.0,1.0,4.0,2.0,1.0,,,2.0,,,0.0,1.0,Q1 Lowest,,1.0,2.0,5.0,2.0,,,2.0,2.0,THA,,60882768.0,2.0,1.0,2.0,,,2.0,2.0,,0.296876565,1,1.0,2.0,2.0,,2.0,2,3.0,,192701437,East Asia & Pacific (excluding high income),2.0,,2.0,,2.0,1.0,2.0,1.0,0.0,Thailand,1.0,,False,Female,60_69,1.0
2.0,,1.0,,2024,,,0.0,2.0,1,1,2.0,2.0,1.0,,,,,49.0,1.0,1.0,1.0,1.0,1.0,,,2.0,,1.0,1.0,1.0,Q5 Highest,,,2.0,5.0,2.0,,1.0,1.0,,THA,,60882768.0,4.0,1.0,1.0,,,,,1.0,0.339843832,1,1.0,3.0,1.0,,1.0,1,1.0,,192896977,East Asia & Pacific (excluding high income),3.0,,2.0,,2.0,2.0,1.0,1.0,1.0,Thailand,4.0,,False,Female,40_49,1.0
2.0,2.0,,,2024,2.0,2.0,0.0,,2,0,,2.0,2.0,,,,2.0,62.0,2.0,1.0,2.0,2.0,0.0,,,2.0,2.0,,0.0,,Q1 Lowest,,,2.0,1.0,2.0,,,,,THA,,60882768.0,4.0,0.0,2.0,,,,,2.0,0.135631464,0,1.0,1.0,1.0,2.0,,2,,,192988351,East Asia & Pacific (excluding high income),3.0,,2.0,,2.0,2.0,2.0,2.0,0.0,Thailand,4.0,2.0,False,Male,60_69,1.0
,4.0,,,2024,4.0,1.0,0.0,,1,0,,2.0,,,,,2.0,45.0,2.0,3.0,4.0,3.0,0.0,,,9.0,2.0,,0.0,,Q3,,,2.0,7.0,2.0,,,,,THA,,60882768.0,4.0,0.0,4.0,,,,,,0.899844852,0,1.0,,2.0,4.0,,4,,,193056048,East Asia & Pacific (excluding high income),6.0,,2.0,,2.0,2.0,4.0,1.0,0.0,Thailand,4.0,2.0,False,Female,40_49,3.0
2.0,,1.0,,2024,,,1.0,1.0,2,1,1.0,2.0,1.0,,,,,47.0,1.0,2.0,1.0,1.0,1.0,1.0,,1.0,,1.0,1.0,1.0,Q5 Highest,,,2.0,1.0,1.0,,2.0,2.0,,THA,,60882768.0,4.0,1.0,1.0,,,,,1.0,1.059715433,1,1.0,3.0,1.0,,3.0,1,3.0,,193241382,East Asia & Pacific (excluding high income),4.0,,2.0,,2.0,2.0,1.0,1.0,1.0,Thailand,4.0,,False,Male,40_49,2.0
2.0,2.0,,,2024,2.0,2.0,0.0,,1,0,,2.0,2.0,,,,2.0,31.0,2.0,1.0,2.0,2.0,0.0,,,2.0,2.0,,0.0,,Q1 Lowest,,,2.0,3.0,2.0,,,,,THA,,60882768.0,4.0,1.0,2.0,,,,,2.0,1.161060615,0,1.0,3.0,1.0,1.0,,2,,,193297506,East Asia & Pacific (excluding high income),2.0,,2.0,,2.0,2.0,2.0,1.0,0.0,Thailand,4.0,2.0,False,Female,30_39,1.0
2.0,,1.0,,2024,,,1.0,,1,1,2.0,1.0,2.0,,,,,33.0,2.0,1.0,2.0,1.0,1.0,,,5.0,,,1.0,1.0,Q1 Lowest,,1.0,2.0,5.0,1.0,,,2.0,2.0,THA,,60882768.0,2.0,1.0,1.0,,,1.0,2.0,2.0,2.245569161,1,1.0,2.0,1.0,,3.0,1,2.0,,193323402,East Asia & Pacific (excluding high income),2.0,,2.0,,2.0,1.0,2.0,2.0,1.0,Thailand,1.0,,False,Female,30_39,1.0
,,1.0,,2024,,,0.0,,1,1,2.0,1.0,,,,,,66.0,2.0,1.0,4.0,2.0,1.0,,,5.0,,,0.0,2.0,Q1 Lowest,,1.0,2.0,4.0,2.0,,,2.0,,THA,,60882768.0,4.0,0.0,2.0,,,2.0,,,0.268374161,1,1.0,1.0,2.0,,2.0,1,2.0,,193435319,East Asia & Pacific (excluding high income),2.0,,2.0,,1.0,2.0,2.0,1.0,0.0,Thailand,1.0,,False,Female,60_69,1.0
,,2.0,,2024,,,0.0,,1,1,2.0,2.0,,,,,,41.0,3.0,1.0,5.0,5.0,0.0,1.0,,2.0,,,0.0,2.0,Q4,,,2.0,3.0,2.0,,,2.0,,THA,,60882768.0,4.0,0.0,,,,,,,1.627079337,1,3.0,2.0,3.0,,4.0,1,4.0,,193565322,East Asia & Pacific (excluding high income),2.0,,2.0,,2.0,2.0,,1.0,0.0,Thailand,4.0,,False,Female,40_49,1.0
,,1.0,,2024,,,0.0,,2,1,2.0,1.0,,,,,,78.0,1.0,1.0,4.0,2.0,1.0,1.0,,2.0,,,0.0,1.0,Q1 Lowest,,1.0,2.0,3.0,2.0,,,2.0,2.0,THA,,60882768.0,2.0,1.0,2.0,,,2.0,2.0,,1.27359922,1,1.0,3.0,2.0,,3.0,2,3.0,,193615595,East Asia & Pacific (excluding high income),4.0,,2.0,,2.0,1.0,2.0,1.0,0.0,Thailand,1.0,,False,Male,70_plus,1.0
,,2.0,,2024,,,0.0,,2,1,2.0,2.0,,,,,,67.0,2.0,,4.0,4.0,1.0,1.0,,2.0,,,1.0,1.0,Q5 Highest,,,2.0,1.0,2.0,,,1.0,,THA,,60882768.0,4.0,0.0,,,,,,,0.509390779,1,2.0,2.0,2.0,,4.0,2,3.0,,193723108,East Asia & Pacific (excluding high income),1.0,,2.0,,2.0,2.0,,1.0,0.0,Thailand,4.0,,False,Male,60_69,
,,2.0,,2024,,,0.0,,2,1,2.0,2.0,,,,,,18.0,2.0,1.0,4.0,4.0,0.0,1.0,,1.0,,,0.0,1.0,Q2,,,2.0,3.0,2.0,,,2.0,2.0,THA,,60882768.0,2.0,0.0,,,,,2.0,,3.424553462,1,2.0,3.0,2.0,,3.0,2,3.0,,193857755,East Asia & Pacific (excluding high income),2.0,,2.0,,2.0,1.0,,1.0,0.0,Thailand,4.0,,False,Male,18_22,1.0
2.0,4.0,,,2024,4.0,1.0,0.0,,1,0,,2.0,2.0,,,,4.0,62.0,4.0,3.0,3.0,2.0,0.0,,,9.0,4.0,,0.0,,Q5 Highest,,,2.0,8.0,2.0,,,,,THA,,60882768.0,4.0,0.0,2.0,,,,,4.0,0.135631464,0,1.0,,1.0,4.0,,4,,,193885302,East Asia & Pacific (excluding high income),6.0,,2.0,2.0,2.0,2.0,2.0,1.0,0.0,Thailand,4.0,4.0,False,Female,60_69,3.0
,,1.0,,2024,,,0.0,,2,1,2.0,2.0,,,,,,41.0,2.0,2.0,4.0,4.0,0.0,2.0,,2.0,,,0.0,2.0,Q2,,,2.0,6.0,2.0,,,1.0,,THA,,60882768.0,4.0,0.0,,,,,,,0.135631464,1,2.0,1.0,2.0,,3.0,2,3.0,,193907276,East Asia & Pacific (excluding high income),4.0,,2.0,,3.0,2.0,,2.0,0.0,Thailand,4.0,,False,Male,40_49,2.0
,,1.0,,2024,,,1.0,,2,1,2.0,2.0,,,,,,35.0,1.0,2.0,4.0,1.0,1.0,,,2.0,,1.0,1.0,2.0,Q5 Highest,,,1.0,3.0,2.0,,,1.0,,THA,2.0,60882768.0,4.0,1.0,1.0,,,,,,1.261427532,1,1.0,3.0,2.0,,1.0,2,1.0,,193915087,East Asia & Pacific (excluding high income),4.0,,2.0,,2.0,2.0,2.0,1.0,0.0,Thailand,4.0,,False,Male,30_39,2.0
,,1.0,,2024,,,0.0,1.0,2,1,2.0,1.0,,,,,,30.0,1.0,1.0,4.0,4.0,1.0,,,1.0,,,0.0,2.0,Q1 Lowest,,1.0,2.0,4.0,2.0,,,1.0,,THA,,60882768.0,4.0,1.0,,,,2.0,,,3.403972272,1,2.0,2.0,2.0,,3.0,1,1.0,,194006181,East Asia & Pacific (excluding high income),4.0,,2.0,,2.0,2.0,,1.0,1.0,Thailand,1.0,,False,Male,30_39,1.0
1.0,,1.0,,2024,,,1.0,1.0,1,1,1.0,1.0,1.0,,,,,48.0,1.0,2.0,1.0,4.0,1.0,,,2.0,,1.0,1.0,2.0,Q5 Highest,,1.0,1.0,4.0,1.0,,1.0,1.0,,THA,,60882768.0,4.0,1.0,,,,1.0,,1.0,0.73617497,1,2.0,1.0,1.0,,2.0,2,1.0,,194106883,East Asia & Pacific (excluding high income),2.0,,1.0,,2.0,2.0,,1.0,1.0,Thailand,1.0,,False,Female,40_49,2.0
,,2.0,,2024,,,1.0,,2,1,2.0,2.0,,,,,,68.0,2.0,1.0,4.0,2.0,0.0,,,4.0,,,0.0,2.0,Q5 Highest,,,2.0,1.0,2.0,,,2.0,,THA,,60882768.0,4.0,0.0,2.0,,,,,,0.135631464,1,1.0,2.0,2.0,,2.0,2,3.0,,194242577,East Asia & Pacific (excluding high income),4.0,,2.0,,2.0,2.0,2.0,2.0,0.0,Thailand,4.0,,False,Male,60_69,1.0
,,1.0,,2024,,,1.0,,2,1,1.0,2.0,,,,,,46.0,1.0,3.0,4.0,1.0,1.0,,,2.0,,,1.0,1.0,Q3,,,1.0,1.0,2.0,,,1.0,2.0,THA,1.0,60882768.0,1.0,1.0,1.0,,,,1.0,,1.06095983,1,1.0,3.0,2.0,,2.0,1,2.0,,194290169,East Asia & Pacific (excluding high income),1.0,,2.0,,2.0,1.0,1.0,1.0,0.0,Thailand,4.0,,False,Male,40_49,3.0
2.0,,1.0,,2024,,,1.0,1.0,2,1,2.0,1.0,1.0,,,,,41.0,1.0,2.0,1.0,1.0,1.0,,,2.0,,,1.0,1.0,Q2,,1.0,1.0,4.0,2.0,,2.0,1.0,,THA,,60882768.0,4.0,1.0,1.0,,,2.0,,1.0,1.320182503,1,1.0,3.0,1.0,,2.0,1,1.0,,194465279,East Asia & Pacific (excluding high income),1.0,,2.0,,2.0,2.0,2.0,1.0,1.0,Thailand,1.0,,False,Male,40_49,2.0
2.0,,1.0,,2024,,,1.0,1.0,2,1,2.0,2.0,1.0,,,,,50.0,1.0,1.0,1.0,4.0,1.0,,,3.0,,,1.0,1.0,Q5 Highest,,,2.0,2.0,1.0,,1.0,1.0,,THA,2.0,60882768.0,4.0,1.0,,,,,,1.0,2.351554099,1,2.0,3.0,1.0,,2.0,1,1.0,,194508649,East Asia & Pacific (excluding high income),4.0,,1.0,,2.0,2.0,,1.0,1.0,Thailand,4.0,,False,Male,50_59,1.0
2.0,,1.0,,2024,,,1.0,,1,1,2.0,2.0,2.0,,,,,24.0,1.0,3.0,2.0,1.0,1.0,,,3.0,,1.0,1.0,1.0,Q3,,,1.0,5.0,2.0,,,1.0,2.0,THA,,60882768.0,2.0,1.0,1.0,,,,2.0,2.0,2.548411828,1,1.0,3.0,1.0,,3.0,2,1.0,,194593636,East Asia & Pacific (excluding high income),2.0,,2.0,,2.0,1.0,2.0,1.0,0.0,Thailand,4.0,,False,Female,23_29,3.0
,,2.0,,2024,,,1.0,,1,1,2.0,2.0,,,,,,34.0,2.0,3.0,4.0,1.0,1.0,,,3.0,,,1.0,2.0,Q2,,,1.0,3.0,2.0,,,1.0,,THA,,60882768.0,4.0,1.0,1.0,,,,,,0.756563129,1,1.0,2.0,2.0,,2.0,2,1.0,,194649067,East Asia & Pacific (excluding high income),1.0,,2.0,,2.0,2.0,1.0,1.0,0.0,Thailand,4.0,,False,Female,30_39,3.0
2.0,,1.0,,2024,,,1.0,,1,1,2.0,1.0,2.0,,,,,21.0,2.0,1.0,2.0,1.0,1.0,,,2.0,,1.0,1.0,2.0,Q3,,1.0,2.0,4.0,2.0,,,1.0,1.0,THA,,60882768.0,1.0,0.0,1.0,,,2.0,2.0,2.0,1.566293145,1,1.0,2.0,1.0,,2.0,1,1.0,,194657861,East Asia & Pacific (excluding high income),2.0,,2.0,,2.0,1.0,2.0,1.0,1.0,Thailand,1.0,,False,Female,18_22,1.0
,,2.0,,2024,,,1.0,,1,1,2.0,1.0,,,,,,18.0,2.0,1.0,4.0,2.0,1.0,2.0,,4.0,,,0.0,2.0,Q3,,1.0,1.0,4.0,2.0,,,2.0,,THA,,60882768.0,4.0,0.0,2.0,,,2.0,,,1.097809602,1,1.0,2.0,2.0,,4.0,1,4.0,,194708039,East Asia & Pacific (excluding high income),1.0,,2.0,,2.0,2.0,2.0,2.0,0.0,Thailand,1.0,,False,Female,18_22,1.0
2.0,,1.0,,2024,,,0.0,1.0,2,1,2.0,2.0,1.0,,,,,21.0,1.0,1.0,1.0,4.0,1.0,,,1.0,,,0.0,1.0,Q5 Highest,,,2.0,3.0,2.0,,2.0,1.0,,THA,,60882768.0,4.0,1.0,,,,,,1.0,1.376949494,1,2.0,1.0,1.0,,2.0,1,1.0,,194930763,East Asia & Pacific (excluding high income),5.0,,2.0,,2.0,2.0,,1.0,1.0,Thailand,4.0,,False,Male,18_22,1.0
,,1.0,,2024,,,0.0,,1,1,2.0,2.0,,,,,,65.0,2.0,1.0,4.0,1.0,1.0,,,2.0,,1.0,1.0,2.0,Q5 Highest,,,2.0,3.0,2.0,,,1.0,,THA,,60882768.0,4.0,0.0,2.0,,,,,,0.746533045,1,1.0,3.0,2.0,,2.0,2,5.0,,194992486,East Asia & Pacific (excluding high income),4.0,,2.0,,2.0,2.0,1.0,2.0,0.0,Thailand,4.0,,False,Female,60_69,1.0
2.0,,2.0,,2024,,,0.0,,2,1,2.0,1.0,2.0,,,,,50.0,1.0,2.0,2.0,1.0,1.0,,,1.0,,,0.0,1.0,Q3,,1.0,2.0,3.0,2.0,,,2.0,,THA,,60882768.0,4.0,1.0,1.0,,,2.0,,2.0,0.144192472,1,1.0,3.0,1.0,,2.0,1,1.0,,195074609,East Asia & Pacific (excluding high income),4.0,,2.0,,2.0,2.0,1.0,1.0,0.0,Thailand,1.0,,False,Male,50_59,2.0
2.0,,2.0,,2024,,,0.0,,2,1,2.0,2.0,2.0,,,,,25.0,2.0,1.0,2.0,2.0,0.0,2.0,,3.0,,,0.0,2.0,Q5 Highest,,,2.0,4.0,2.0,,,2.0,,THA,,60882768.0,4.0,0.0,2.0,,,,,2.0,2.427929908,1,1.0,1.0,1.0,,3.0,1,4.0,,195394446,East Asia & Pacific (excluding high income),5.0,,2.0,,2.0,2.0,2.0,1.0,0.0,Thailand,4.0,,False,Male,23_29,1.0
,,1.0,,2024,,,0.0,,1,1,2.0,2.0,,,,,,60.0,2.0,1.0,4.0,5.0,0.0,,,7.0,,,0.0,2.0,Q2,,,2.0,1.0,2.0,,,2.0,,THA,,60882768.0,4.0,0.0,,,,,,,0.135631464,1,3.0,,2.0,,2.0,1,3.0,,195398327,East Asia & Pacific (excluding high income),6.0,,2.0,,2.0,2.0,,2.0,0.0,Thailand,4.0,,False,Female,60_69,1.0
,,2.0,,2024,,,1.0,2.0,1,1,2.0,2.0,,,,,,18.0,2.0,2.0,4.0,1.0,1.0,1.0,,2.0,,,1.0,2.0,Q2,,,1.0,5.0,2.0,,,2.0,,THA,,60882768.0,4.0,1.0,1.0,,,,,,2.223809828,1,1.0,1.0,2.0,,5.0,2,5.0,,195439065,East Asia & Pacific (excluding high income),5.0,,2.0,,2.0,2.0,1.0,2.0,1.0,Thailand,4.0,,False,Female,18_22,2.0
2.0,1.0,,,2024,2.0,2.0,0.0,,2,0,,2.0,2.0,,,,2.0,26.0,2.0,1.0,2.0,4.0,0.0,,,2.0,2.0,,0.0,,Q5 Highest,,,2.0,4.0,2.0,,,,,THA,,60882768.0,4.0,0.0,,,,,,2.0,0.4504933,0,2.0,2.0,1.0,2.0,,2,,,195686131,East Asia & Pacific (excluding high income),2.0,,2.0,,2.0,2.0,,1.0,0.0,Thailand,4.0,2.0,False,Male,23_29,1.0
2.0,,1.0,,2024,,,0.0,1.0,2,1,2.0,2.0,2.0,,,,,17.0,1.0,1.0,1.0,1.0,1.0,,,1.0,,,1.0,1.0,Q4,,,2.0,3.0,2.0,,1.0,1.0,,THA,,60882768.0,4.0,1.0,1.0,,,,,2.0,2.265274069,1,1.0,3.0,1.0,,1.0,1,2.0,,195749235,East Asia & Pacific (excluding high income),4.0,,2.0,1.0,2.0,2.0,1.0,1.0,1.0,Thailand,4.0,,False,Male,17_or_less,1.0
,,1.0,,2024,,,0.0,,1,1,2.0,2.0,,,,,,46.0,2.0,1.0,4.0,4.0,0.0,2.0,,7.0,,,0.0,2.0,Q1 Lowest,,,2.0,4.0,2.0,,,2.0,,THA,,60882768.0,4.0,0.0,,,,,,,0.749140999,1,2.0,,2.0,,4.0,1,4.0,,195783820,East Asia & Pacific (excluding high income),1.0,,2.0,,2.0,2.0,,1.0,0.0,Thailand,4.0,,False,Female,40_49,1.0
,,1.0,,2024,,,1.0,,2,1,2.0,1.0,,,,,,40.0,1.0,1.0,4.0,1.0,1.0,,,4.0,,1.0,1.0,1.0,Q1 Lowest,,1.0,2.0,5.0,2.0,,,1.0,2.0,THA,,60882768.0,1.0,1.0,1.0,,,2.0,1.0,,3.407495103,1,1.0,1.0,2.0,,3.0,1,1.0,,195913104,East Asia & Pacific (excluding high income),5.0,,2.0,,2.0,1.0,1.0,1.0,0.0,Thailand,1.0,,False,Male,40_49,1.0
,,1.0,,2024,,,0.0,1.0,2,1,2.0,1.0,,,,,,70.0,1.0,1.0,4.0,4.0,1.0,,,2.0,,,0.0,2.0,Q4,,1.0,2.0,3.0,2.0,,,3.0,,THA,,60882768.0,4.0,1.0,,,,1.0,,,3.424553462,1,2.0,2.0,2.0,,2.0,2,2.0,,196098397,East Asia & Pacific (excluding high income),2.0,,2.0,,2.0,2.0,,2.0,1.0,Thailand,1.0,,False,Male,70_plus,1.0
2.0,,1.0,,2024,,,1.0,,2,1,2.0,1.0,2.0,,,,,63.0,1.0,1.0,2.0,4.0,1.0,,,4.0,,2.0,0.0,1.0,Q3,,1.0,1.0,1.0,2.0,,,2.0,2.0,THA,,60882768.0,2.0,1.0,,,,2.0,2.0,2.0,2.064026519,1,2.0,3.0,1.0,,2.0,1,3.0,,196244727,East Asia & Pacific (excluding high income),4.0,,2.0,,2.0,1.0,,1.0,0.0,Thailand,1.0,,False,Male,60_69,1.0
,,1.0,,2024,,,1.0,,1,1,2.0,2.0,,,,,,59.0,2.0,1.0,4.0,2.0,0.0,,,2.0,,,0.0,2.0,Q1 Lowest,,,1.0,4.0,2.0,,,2.0,,THA,,60882768.0,4.0,0.0,2.0,,,,,,0.686408072,1,1.0,1.0,2.0,,2.0,2,2.0,,196398430,East Asia & Pacific (excluding high income),4.0,,2.0,,2.0,2.0,2.0,2.0,0.0,Thailand,4.0,,False,Female,50_59,1.0
,,1.0,,2024,,,0.0,,2,1,1.0,1.0,,,1.0,,,62.0,2.0,1.0,4.0,2.0,1.0,,,1.0,,,0.0,1.0,Q1 Lowest,,2.0,2.0,1.0,2.0,,,2.0,,THA,,60882768.0,4.0,1.0,2.0,,,2.0,,,0.299426258,1,1.0,3.0,2.0,,2.0,1,3.0,,196468030,East Asia & Pacific (excluding high income),4.0,,2.0,,2.0,2.0,2.0,1.0,0.0,Thailand,1.0,,False,Male,60_69,1.0
,,1.0,,2024,,,0.0,,2,1,2.0,1.0,,,,,,84.0,2.0,2.0,4.0,4.0,1.0,,,2.0,,,0.0,2.0,Q1 Lowest,,1.0,2.0,4.0,2.0,,,2.0,,THA,,60882768.0,4.0,0.0,,,,2.0,,,0.135631464,1,2.0,1.0,2.0,,2.0,1,2.0,,196490411,East Asia & Pacific (excluding high income),1.0,,2.0,,2.0,2.0,,1.0,0.0,Thailand,1.0,,False,Male,70_plus,2.0
,4.0,,,2024,4.0,2.0,0.0,,1,0,,2.0,,,,,1.0,43.0,2.0,1.0,4.0,2.0,0.0,,,2.0,3.0,,0.0,,Q3,,,2.0,5.0,2.0,,,,,THA,,60882768.0,4.0,0.0,2.0,,,,,,0.204617285,0,1.0,1.0,2.0,4.0,,4,,,196781547,East Asia & Pacific (excluding high income),2.0,,2.0,,2.0,2.0,2.0,1.0,0.0,Thailand,4.0,1.0,False,Female,40_49,1.0
,,1.0,,2024,,,0.0,,1,1,2.0,1.0,,,,,,60.0,2.0,1.0,4.0,4.0,0.0,2.0,,2.0,,,0.0,2.0,Q4,,2.0,2.0,3.0,2.0,,,2.0,,THA,,60882768.0,4.0,0.0,,,,2.0,,,0.600640773,1,2.0,1.0,2.0,,3.0,2,3.0,,196865001,East Asia & Pacific (excluding high income),2.0,,2.0,,2.0,2.0,,1.0,0.0,Thailand,2.0,,False,Female,60_69,1.0
2.0,,1.0,,2024,,,0.0,,2,1,2.0,2.0,1.0,,,,,53.0,1.0,1.0,1.0,2.0,1.0,,,3.0,,,0.0,4.0,Q4,,,2.0,4.0,2.0,,2.0,4.0,,THA,,60882768.0,4.0,1.0,2.0,,,,,2.0,1.76784329,1,1.0,2.0,1.0,,1.0,1,1.0,,196961118,East Asia & Pacific (excluding high income),2.0,,4.0,,2.0,2.0,2.0,1.0,0.0,Thailand,4.0,,False,Male,50_59,1.0
2.0,,1.0,,2024,,,0.0,,2,1,2.0,1.0,2.0,,,,,65.0,1.0,1.0,2.0,2.0,1.0,,,1.0,,,0.0,1.0,Q2,,1.0,2.0,4.0,2.0,,,1.0,2.0,THA,,60882768.0,2.0,1.0,2.0,,,2.0,2.0,2.0,1.27359922,1,1.0,2.0,1.0,,2.0,1,1.0,,197228835,East Asia & Pacific (excluding high income),4.0,,2.0,,2.0,1.0,2.0,1.0,0.0,Thailand,1.0,,False,Male,60_69,1.0
,,1.0,,2024,,,0.0,,1,1,2.0,1.0,,,,,,17.0,2.0,1.0,4.0,4.0,1.0,,,2.0,,,1.0,2.0,Q1 Lowest,,2.0,2.0,3.0,2.0,,,2.0,,THA,,60882768.0,4.0,0.0,,,,2.0,,,1.039045371,1,2.0,1.0,2.0,,1.0,2,1.0,,197234289,East Asia & Pacific (excluding high income),2.0,,2.0,,2.0,2.0,,1.0,0.0,Thailand,2.0,,False,Female,17_or_less,1.0
2.0,,1.0,,2024,,,1.0,2.0,1,1,2.0,2.0,2.0,,,,,26.0,2.0,2.0,2.0,1.0,1.0,1.0,,6.0,,,0.0,2.0,Q3,,,2.0,4.0,1.0,,,2.0,,THA,,60882768.0,4.0,0.0,1.0,,,,,2.0,1.238424443,1,1.0,1.0,1.0,,3.0,1,3.0,,197240657,East Asia & Pacific (excluding high income),1.0,,2.0,,2.0,2.0,1.0,1.0,1.0,Thailand,4.0,,False,Female,23_29,2.0
,,1.0,,2024,,,0.0,,2,1,2.0,1.0,,,1.0,,,32.0,1.0,1.0,4.0,2.0,1.0,,,1.0,,2.0,1.0,1.0,Q2,,2.0,2.0,1.0,2.0,,,2.0,2.0,THA,,60882768.0,1.0,1.0,2.0,,,2.0,1.0,,0.4504933,1,1.0,3.0,2.0,,2.0,1,3.0,,197297274,East Asia & Pacific (excluding high income),4.0,,2.0,,2.0,1.0,2.0,1.0,0.0,Thailand,1.0,,False,Male,30_39,1.0
,,1.0,,2024,,,0.0,,1,1,2.0,1.0,,,2.0,,,65.0,2.0,1.0,4.0,4.0,0.0,,,2.0,,,0.0,2.0,Q5 Highest,,2.0,2.0,1.0,2.0,,,2.0,2.0,THA,,60882768.0,2.0,0.0,,,,2.0,2.0,,1.587124122,1,2.0,1.0,2.0,,4.0,1,2.0,,197461356,East Asia & Pacific (excluding high income),5.0,,2.0,,2.0,1.0,,1.0,0.0,Thailand,3.0,,False,Female,60_69,1.0
,,1.0,,2024,,,0.0,,1,1,2.0,1.0,,,,,,74.0,1.0,1.0,4.0,2.0,1.0,,,2.0,,,0.0,1.0,Q2,,1.0,2.0,1.0,2.0,,,2.0,,THA,,60882768.0,4.0,1.0,2.0,,,2.0,,,0.746533045,1,1.0,2.0,2.0,,2.0,1,2.0,,197489027,East Asia & Pacific (excluding high income),1.0,,2.0,,2.0,2.0,2.0,2.0,0.0,Thailand,1.0,,False,Female,70_plus,1.0
2.0,,1.0,,2024,,,1.0,,1,1,2.0,1.0,1.0,,,,,50.0,2.0,1.0,1.0,1.0,1.0,,,2.0,,2.0,1.0,2.0,Q2,,1.0,2.0,1.0,2.0,,2.0,2.0,,THA,,60882768.0,4.0,1.0,1.0,,,2.0,,1.0,2.702376182,1,1.0,2.0,1.0,,1.0,1,1.0,,197783540,East Asia & Pacific (excluding high income),1.0,,2.0,,1.0,2.0,1.0,1.0,1.0,Thailand,1.0,,False,Female,50_59,1.0
2.0,,1.0,,2024,,,1.0,1.0,2,1,2.0,1.0,1.0,,,,,25.0,1.0,2.0,1.0,1.0,1.0,,,3.0,,1.0,1.0,1.0,Q4,,2.0,1.0,4.0,2.0,,2.0,1.0,,THA,,60882768.0,4.0,1.0,1.0,,,1.0,,1.0,3.424553462,1,1.0,3.0,1.0,,6.0,1,1.0,,197798522,East Asia & Pacific (excluding high income),2.0,,2.0,,2.0,2.0,1.0,1.0,1.0,Thailand,1.0,,False,Male,23_29,2.0
,,1.0,,2024,,,1.0,,2,1,2.0,1.0,,,,,,43.0,1.0,2.0,4.0,4.0,0.0,,,2.0,,,0.0,1.0,Q5 Highest,,2.0,1.0,4.0,2.0,,,1.0,,THA,,60882768.0,4.0,1.0,,,,2.0,,,1.659881548,1,2.0,1.0,2.0,,2.0,1,1.0,,197817314,East Asia & Pacific (excluding high income),1.0,,2.0,,2.0,2.0,,1.0,0.0,Thailand,2.0,,False,Male,40_49,2.0
1.0,,2.0,,2024,,,1.0,,2,1,2.0,2.0,1.0,,,,,54.0,1.0,1.0,1.0,2.0,1.0,,,1.0,,,0.0,1.0,Q5 Highest,,,2.0,1.0,1.0,,2.0,1.0,2.0,THA,,60882768.0,1.0,1.0,2.0,,,,1.0,2.0,0.583821949,1,1.0,2.0,1.0,,2.0,1,3.0,,197845666,East Asia & Pacific (excluding high income),4.0,,2.0,,2.0,1.0,2.0,1.0,0.0,Thailand,4.0,,False,Male,50_59,1.0
2.0,,1.0,,2024,,,0.0,,2,1,2.0,2.0,1.0,,,,,29.0,2.0,2.0,1.0,1.0,1.0,,,5.0,,,1.0,1.0,Q5 Highest,,,2.0,3.0,2.0,,1.0,1.0,1.0,THA,2.0,60882768.0,1.0,1.0,1.0,,,,2.0,1.0,0.661410961,1,1.0,3.0,1.0,,2.0,1,1.0,,197892176,East Asia & Pacific (excluding high income),3.0,,2.0,,2.0,1.0,2.0,1.0,1.0,Thailand,4.0,,False,Male,23_29,2.0
,,1.0,,2024,,,1.0,,1,1,2.0,2.0,,,,,,46.0,2.0,2.0,4.0,1.0,1.0,,,2.0,,1.0,1.0,1.0,Q2,,,1.0,3.0,2.0,,,1.0,,THA,,60882768.0,4.0,0.0,1.0,,,,,,0.227678441,1,1.0,1.0,2.0,,1.0,1,1.0,,197893697,East Asia & Pacific (excluding high income),4.0,,2.0,,2.0,2.0,1.0,1.0,0.0,Thailand,4.0,,False,Female,40_49,2.0
2.0,,1.0,,2024,,,0.0,,1,1,2.0,1.0,1.0,,,,,31.0,2.0,1.0,1.0,4.0,1.0,,,2.0,,,0.0,2.0,Q5 Highest,,1.0,2.0,7.0,2.0,,2.0,2.0,,THA,,60882768.0,4.0,0.0,,,,1.0,,1.0,0.970036873,1,2.0,3.0,1.0,,1.0,2,1.0,,197969337,East Asia & Pacific (excluding high income),1.0,,2.0,,2.0,2.0,,1.0,1.0,Thailand,1.0,,False,Female,30_39,1.0
,,1.0,,2024,,,0.0,,1,1,2.0,1.0,,,,,,65.0,1.0,1.0,4.0,2.0,1.0,,,4.0,,,0.0,1.0,Q5 Highest,,1.0,2.0,4.0,2.0,,,2.0,,THA,,60882768.0,4.0,1.0,2.0,,,2.0,,,0.893822494,1,1.0,1.0,2.0,,2.0,1,2.0,,197971359,East Asia & Pacific (excluding high income),1.0,,2.0,,2.0,2.0,2.0,1.0,0.0,Thailand,1.0,,False,Female,60_69,1.0
,,2.0,,2024,,,1.0,,1,1,2.0,2.0,,,,,,58.0,2.0,1.0,4.0,2.0,0.0,1.0,,7.0,,,0.0,2.0,Q2,,,2.0,1.0,1.0,,,1.0,,THA,,60882768.0,4.0,0.0,2.0,,,,,,2.841366057,1,1.0,,2.0,,3.0,2,3.0,,198037524,East Asia & Pacific (excluding high income),4.0,,2.0,,2.0,2.0,2.0,1.0,0.0,Thailand,4.0,,False,Female,50_59,1.0
2.0,,1.0,,2024,,,1.0,1.0,1,1,2.0,1.0,2.0,,,,,37.0,1.0,2.0,1.0,1.0,1.0,,,2.0,,1.0,1.0,1.0,Q3,,1.0,1.0,5.0,1.0,,1.0,1.0,1.0,THA,1.0,60882768.0,1.0,1.0,1.0,,,1.0,1.0,1.0,0.485799082,1,1.0,3.0,1.0,,1.0,2,1.0,,198109358,East Asia & Pacific (excluding high income),4.0,,2.0,,2.0,1.0,2.0,1.0,1.0,Thailand,1.0,,False,Female,30_39,2.0
2.0,,2.0,,2024,,,1.0,,1,1,2.0,2.0,2.0,,,,,35.0,1.0,1.0,2.0,4.0,0.0,1.0,,4.0,,,0.0,1.0,Q3,,,2.0,4.0,1.0,,,1.0,,THA,,60882768.0,4.0,1.0,,,,,,2.0,3.424553462,1,2.0,1.0,1.0,,3.0,1,3.0,,198179464,East Asia & Pacific (excluding high income),1.0,,2.0,,2.0,2.0,,1.0,0.0,Thailand,4.0,,False,Female,30_39,1.0
2.0,,2.0,,2024,,,0.0,,1,1,2.0,1.0,2.0,,,,,63.0,2.0,1.0,2.0,2.0,1.0,2.0,,2.0,,,0.0,2.0,Q1 Lowest,,1.0,2.0,6.0,2.0,,,2.0,,THA,,60882768.0,4.0,0.0,2.0,,,2.0,,2.0,1.420683028,1,1.0,3.0,1.0,,4.0,1,4.0,,198212169,East Asia & Pacific (excluding high income),4.0,,2.0,,2.0,2.0,2.0,1.0,0.0,Thailand,1.0,,False,Female,60_69,1.0
1.0,,1.0,,2024,,,1.0,1.0,2,1,1.0,2.0,1.0,,,,,29.0,1.0,2.0,1.0,1.0,1.0,,,4.0,,1.0,1.0,2.0,Q4,,,2.0,3.0,1.0,,1.0,1.0,,THA,,60882768.0,4.0,1.0,1.0,,,,,1.0,1.347109194,1,1.0,3.0,1.0,,2.0,1,2.0,,198234532,East Asia & Pacific (excluding high income),2.0,,2.0,,2.0,2.0,1.0,1.0,1.0,Thailand,4.0,,False,Male,23_29,2.0
,,1.0,,2024,,,1.0,,1,1,2.0,1.0,,,,,,32.0,2.0,2.0,4.0,1.0,1.0,1.0,,1.0,,1.0,1.0,2.0,Q2,,1.0,2.0,3.0,1.0,,,1.0,2.0,THA,,60882768.0,2.0,1.0,1.0,,,2.0,2.0,,3.424553462,1,1.0,1.0,2.0,,3.0,2,3.0,,198247528,East Asia & Pacific (excluding high income),4.0,,2.0,,2.0,1.0,1.0,1.0,0.0,Thailand,1.0,,False,Female,30_39,2.0
,,1.0,,2024,,,0.0,,1,1,2.0,1.0,,,,,,72.0,2.0,3.0,4.0,2.0,1.0,,,1.0,,,0.0,1.0,Q5 Highest,,1.0,2.0,6.0,2.0,,,2.0,,THA,,60882768.0,4.0,0.0,2.0,,,2.0,,,0.242279995,1,1.0,3.0,2.0,,2.0,1,1.0,,198455415,East Asia & Pacific (excluding high income),2.0,,2.0,,1.0,2.0,2.0,2.0,0.0,Thailand,1.0,,False,Female,70_plus,3.0
,,2.0,,2024,,,0.0,,2,1,2.0,2.0,,,,,,38.0,2.0,1.0,4.0,1.0,1.0,,,5.0,,,1.0,2.0,Q3,,,2.0,4.0,2.0,,,1.0,,THA,,60882768.0,4.0,0.0,1.0,,,,,,3.424553462,1,1.0,2.0,2.0,,1.0,1,1.0,,198465144,East Asia & Pacific (excluding high income),2.0,,2.0,,2.0,2.0,2.0,1.0,0.0,Thailand,4.0,,False,Male,30_39,1.0
,,2.0,,2024,,,0.0,,1,1,2.0,1.0,,,,,,61.0,2.0,1.0,4.0,2.0,1.0,,,2.0,,,0.0,2.0,Q4,,1.0,2.0,3.0,2.0,,,2.0,,THA,,60882768.0,4.0,0.0,2.0,,,2.0,,,1.3275161,1,1.0,1.0,2.0,,2.0,2,4.0,,198493902,East Asia & Pacific (excluding high income),1.0,,2.0,,2.0,2.0,2.0,2.0,0.0,Thailand,1.0,,False,Female,60_69,1.0
,,1.0,,2024,,,0.0,,2,1,2.0,1.0,,,,,,79.0,1.0,1.0,4.0,4.0,1.0,,,2.0,,,0.0,1.0,Q2,,1.0,2.0,1.0,2.0,,,2.0,,THA,,60882768.0,4.0,1.0,,,,2.0,,,0.38608266,1,2.0,1.0,2.0,,2.0,1,2.0,,198530064,East Asia & Pacific (excluding high income),1.0,,2.0,,2.0,2.0,,2.0,0.0,Thailand,1.0,,False,Male,70_plus,1.0
,,2.0,,2024,,,1.0,1.0,1,1,2.0,1.0,,,,,,20.0,1.0,2.0,4.0,4.0,1.0,,,2.0,,,1.0,1.0,Q5 Highest,,1.0,1.0,4.0,2.0,,,1.0,,THA,,60882768.0,4.0,1.0,,,,1.0,,,0.648026628,1,2.0,1.0,2.0,,2.0,1,1.0,,198726076,East Asia & Pacific (excluding high income),1.0,,2.0,,2.0,2.0,,2.0,1.0,Thailand,1.0,,False,Female,18_22,2.0
,1.0,,,2024,2.0,2.0,0.0,,2,0,,2.0,,,,,2.0,54.0,2.0,1.0,4.0,2.0,0.0,,,2.0,3.0,,0.0,,Q1 Lowest,,,2.0,4.0,2.0,,,,,THA,,60882768.0,4.0,0.0,2.0,,,,,,1.567702733,0,1.0,1.0,2.0,2.0,,2,,,198739855,East Asia & Pacific (excluding high income),1.0,,2.0,,2.0,2.0,2.0,2.0,0.0,Thailand,4.0,1.0,False,Male,50_59,1.0
,1.0,,,2024,2.0,2.0,1.0,,2,0,,2.0,,,,,2.0,38.0,2.0,1.0,4.0,4.0,0.0,,,3.0,1.0,,0.0,,Q3,,,1.0,3.0,2.0,,,,,THA,,60882768.0,4.0,0.0,,,,,,,1.425063278,0,2.0,1.0,2.0,2.0,,2,,,198799723,East Asia & Pacific (excluding high income),4.0,,2.0,,2.0,2.0,,1.0,0.0,Thailand,4.0,2.0,False,Male,30_39,1.0
,,,,2024,,,0.0,,1,1,,2.0,,,,,,55.0,1.0,2.0,4.0,1.0,1.0,,,7.0,,,0.0,,Q2,1.0,,4.0,3.0,4.0,,,,,THA,,60882768.0,4.0,1.0,1.0,,,,,,0.925956751,1,1.0,,2.0,,,2,,,198812185,East Asia & Pacific (excluding high income),3.0,,2.0,,2.0,2.0,1.0,1.0,0.0,Thailand,4.0,,False,Female,50_59,2.0
,,2.0,,2024,,,0.0,,2,1,2.0,2.0,,,,,,20.0,1.0,2.0,4.0,1.0,1.0,,,2.0,,,1.0,2.0,Q3,,,2.0,5.0,2.0,,,1.0,,THA,,60882768.0,4.0,1.0,1.0,,,,,,0.892256132,1,1.0,2.0,2.0,,3.0,2,1.0,,198862054,East Asia & Pacific (excluding high income),3.0,,2.0,,2.0,2.0,2.0,2.0,0.0,Thailand,4.0,,False,Male,18_22,2.0
,,2.0,,2024,,,0.0,,2,1,2.0,2.0,,,,,,56.0,2.0,1.0,4.0,2.0,1.0,,,4.0,,,0.0,1.0,Q3,,,2.0,3.0,2.0,,,1.0,2.0,THA,,60882768.0,2.0,1.0,2.0,,,,2.0,,1.847572855,1,1.0,2.0,2.0,,2.0,1,1.0,,198969448,East Asia & Pacific (excluding high income),4.0,,2.0,,2.0,1.0,2.0,1.0,0.0,Thailand,4.0,,False,Male,50_59,1.0
,,2.0,,2024,,,0.0,1.0,2,1,2.0,2.0,,,,,,17.0,1.0,2.0,4.0,4.0,1.0,1.0,,5.0,,,1.0,1.0,Q1 Lowest,,,2.0,5.0,2.0,,,1.0,,THA,,60882768.0,4.0,1.0,,,,,,,2.588739352,1,2.0,1.0,2.0,,4.0,2,3.0,,198972257,East Asia & Pacific (excluding high income),3.0,,2.0,,2.0,2.0,,2.0,1.0,Thailand,4.0,,False,Male,17_or_less,2.0
,,2.0,,2024,,,0.0,,2,1,2.0,2.0,,,,,,43.0,1.0,1.0,4.0,2.0,0.0,1.0,,2.0,,,0.0,1.0,Q2,,,2.0,4.0,2.0,,,2.0,2.0,THA,,60882768.0,2.0,1.0,2.0,,,,2.0,,2.341444775,1,1.0,3.0,2.0,,3.0,2,3.0,,199066280,East Asia & Pacific (excluding high income),2.0,,2.0,,2.0,1.0,2.0,1.0,0.0,Thailand,4.0,,False,Male,40_49,1.0
,,1.0,,2024,,,1.0,,1,1,2.0,2.0,,,,,,52.0,1.0,2.0,4.0,1.0,1.0,,,5.0,,1.0,1.0,1.0,Q3,,,2.0,4.0,1.0,,,1.0,2.0,THA,,60882768.0,2.0,1.0,1.0,,,,2.0,,0.207452083,1,1.0,2.0,2.0,,3.0,1,1.0,,199070834,East Asia & Pacific (excluding high income),4.0,,2.0,,2.0,1.0,2.0,1.0,0.0,Thailand,4.0,,False,Female,50_59,2.0
,,1.0,,2024,,,1.0,1.0,2,1,2.0,2.0,,,,,,44.0,1.0,2.0,4.0,1.0,1.0,,,5.0,,1.0,1.0,2.0,Q4,,,1.0,5.0,2.0,,,1.0,2.0,THA,1.0,60882768.0,2.0,1.0,1.0,,,,2.0,,2.712964034,1,1.0,1.0,2.0,,1.0,1,1.0,,199225386,East Asia & Pacific (excluding high income),2.0,,2.0,,2.0,1.0,1.0,1.0,1.0,Thailand,4.0,,False,Male,40_49,2.0
,,1.0,,2024,,,0.0,,1,1,2.0,1.0,,,,,,15.0,1.0,1.0,4.0,4.0,0.0,1.0,,2.0,,,0.0,1.0,Q3,,2.0,2.0,5.0,2.0,,,2.0,,THA,,60882768.0,4.0,1.0,,,,2.0,,,2.542775449,1,2.0,1.0,2.0,,3.0,2,3.0,,199486827,East Asia & Pacific (excluding high income),1.0,,2.0,,2.0,2.0,,2.0,0.0,Thailand,2.0,,False,Female,17_or_less,1.0
2.0,,2.0,,2024,,,1.0,,2,1,2.0,1.0,2.0,,,,,73.0,2.0,1.0,2.0,2.0,1.0,,,4.0,,,0.0,2.0,Q2,,1.0,1.0,4.0,2.0,,,2.0,,THA,,60882768.0,4.0,0.0,2.0,,,2.0,,2.0,0.277370965,1,1.0,1.0,1.0,,2.0,2,2.0,,199707951,East Asia & Pacific (excluding high income),4.0,,2.0,,1.0,2.0,2.0,1.0,0.0,Thailand,1.0,,False,Male,70_plus,1.0
1.0,,1.0,,2024,,,1.0,2.0,1,1,2.0,1.0,1.0,,,,,39.0,1.0,3.0,1.0,1.0,1.0,,,5.0,,,1.0,1.0,Q3,,1.0,2.0,4.0,1.0,,2.0,1.0,,THA,,60882768.0,4.0,1.0,1.0,,,2.0,,2.0,1.299616627,1,1.0,2.0,1.0,,2.0,1,1.0,,199736055,East Asia & Pacific (excluding high income),2.0,,2.0,,2.0,2.0,1.0,1.0,1.0,Thailand,1.0,,False,Female,30_39,3.0
,,2.0,,2024,,,0.0,,2,1,2.0,1.0,,,,,,63.0,2.0,1.0,4.0,4.0,1.0,1.0,,9.0,,,0.0,2.0,Q1 Lowest,,1.0,2.0,1.0,2.0,,,2.0,,THA,,60882768.0,4.0,0.0,,,,2.0,,,0.45412531,1,2.0,,2.0,,4.0,2,4.0,,199870330,East Asia & Pacific (excluding high income),6.0,,2.0,,2.0,2.0,,2.0,0.0,Thailand,1.0,,False,Male,60_69,1.0
2.0,,1.0,,2024,,,1.0,1.0,2,1,2.0,2.0,1.0,,,,,16.0,1.0,2.0,1.0,4.0,1.0,,,2.0,,2.0,1.0,2.0,Q5 Highest,,,1.0,5.0,2.0,,2.0,1.0,,THA,,60882768.0,4.0,1.0,,,,,,1.0,1.446012443,1,2.0,1.0,1.0,,2.0,2,1.0,,199896208,East Asia & Pacific (excluding high income),2.0,,2.0,,2.0,2.0,,1.0,1.0,Thailand,4.0,,False,Male,17_or_less,2.0
2.0,,1.0,,2024,,,0.0,,2,1,2.0,2.0,1.0,,,,,48.0,1.0,1.0,1.0,2.0,1.0,,,4.0,,,0.0,1.0,Q5 Highest,,,2.0,1.0,2.0,,2.0,1.0,,THA,,60882768.0,4.0,1.0,2.0,,,,,2.0,0.432125595,1,1.0,2.0,1.0,,2.0,1,2.0,,199915828,East Asia & Pacific (excluding high income),3.0,,2.0,,2.0,2.0,2.0,1.0,0.0,Thailand,4.0,,False,Male,40_49,1.0
1.0,,1.0,,2024,,,1.0,1.0,2,1,2.0,1.0,1.0,,,,,19.0,1.0,2.0,1.0,1.0,1.0,,,2.0,,1.0,1.0,1.0,Q4,,1.0,1.0,1.0,2.0,,2.0,1.0,,THA,,60882768.0,4.0,1.0,1.0,,,2.0,,1.0,1.294369676,1,1.0,2.0,1.0,,2.0,1,1.0,,199992082,East Asia & Pacific (excluding high income),1.0,,2.0,,2.0,2.0,1.0,1.0,1.0,Thailand,1.0,,False,Male,18_22,2.0
2.0,,1.0,,2024,,,1.0,1.0,1,1,2.0,1.0,2.0,,,,,58.0,1.0,1.0,1.0,1.0,1.0,,,6.0,,1.0,1.0,1.0,Q5 Highest,,1.0,2.0,3.0,2.0,,2.0,1.0,,THA,,60882768.0,4.0,1.0,1.0,,,1.0,,1.0,0.62158371,1,1.0,2.0,1.0,,1.0,1,1.0,,200065235,East Asia & Pacific (excluding high income),1.0,,2.0,,2.0,2.0,1.0,1.0,1.0,Thailand,1.0,,False,Female,50_59,1.0
2.0,,2.0,,2024,,,0.0,1.0,1,1,2.0,2.0,1.0,,,,,17.0,1.0,1.0,1.0,4.0,1.0,,,1.0,,1.0,1.0,1.0,Q4,,,2.0,5.0,2.0,,2.0,1.0,,THA,,60882768.0,4.0,1.0,,,,,,1.0,0.995299875,1,2.0,2.0,1.0,,1.0,2,1.0,,200493844,East Asia & Pacific (excluding high income),3.0,,2.0,,2.0,2.0,,1.0,1.0,Thailand,4.0,,False,Female,17_or_less,1.0
,,1.0,,2024,,,0.0,,1,1,2.0,1.0,,,,,,75.0,2.0,1.0,4.0,4.0,1.0,,,8.0,,,0.0,1.0,Q5 Highest,,1.0,2.0,6.0,2.0,,,2.0,,THA,,60882768.0,4.0,0.0,,,,2.0,,,0.135631464,1,2.0,,2.0,,2.0,2,2.0,,200534281,East Asia & Pacific (excluding high income),4.0,,2.0,,2.0,2.0,,1.0,0.0,Thailand,1.0,,False,Female,70_plus,1.0
,,1.0,,2024,,,0.0,,1,1,2.0,2.0,,,,,,58.0,2.0,1.0,4.0,2.0,0.0,,,2.0,,2.0,0.0,1.0,Q3,,,2.0,4.0,2.0,,,2.0,,THA,,60882768.0,4.0,1.0,2.0,,,,,,0.300320386,1,1.0,1.0,2.0,,1.0,2,1.0,,200587159,East Asia & Pacific (excluding high income),4.0,,2.0,,2.0,2.0,2.0,1.0,0.0,Thailand,4.0,,False,Female,50_59,1.0
,,2.0,,2024,,,0.0,,1,1,2.0,2.0,,,,,,52.0,1.0,1.0,4.0,4.0,1.0,1.0,,1.0,,1.0,1.0,1.0,Q1 Lowest,,,2.0,1.0,2.0,,,1.0,,THA,,60882768.0,4.0,1.0,,,,,,,0.135631464,1,2.0,3.0,2.0,,5.0,2,5.0,,200661107,East Asia & Pacific (excluding high income),4.0,,2.0,,2.0,2.0,,1.0,0.0,Thailand,4.0,,False,Female,50_59,1.0
,,2.0,,2024,,,0.0,,1,1,2.0,2.0,,,,,,60.0,2.0,1.0,4.0,1.0,1.0,,,4.0,,1.0,0.0,2.0,Q4,,,2.0,3.0,2.0,,,1.0,2.0,THA,,60882768.0,2.0,1.0,1.0,,,,2.0,,0.343204036,1,1.0,1.0,2.0,,2.0,2,2.0,,200703861,East Asia & Pacific (excluding high income),2.0,,2.0,,2.0,1.0,1.0,1.0,0.0,Thailand,4.0,,False,Female,60_69,1.0
2.0,,1.0,,2024,,,1.0,1.0,1,1,1.0,1.0,1.0,,,,,21.0,1.0,2.0,1.0,1.0,1.0,,,2.0,,,1.0,1.0,Q2,,1.0,2.0,4.0,2.0,,1.0,1.0,1.0,THA,,60882768.0,1.0,1.0,1.0,,,1.0,1.0,1.0,1.029144649,1,1.0,2.0,1.0,,3.0,1,1.0,,200721264,East Asia & Pacific (excluding high income),2.0,,1.0,,2.0,1.0,1.0,1.0,1.0,Thailand,1.0,,False,Female,18_22,2.0
,,1.0,,2024,,,0.0,,1,1,2.0,1.0,,,,,,62.0,2.0,1.0,4.0,2.0,1.0,,,4.0,,,0.0,2.0,Q1 Lowest,,1.0,2.0,1.0,2.0,,,2.0,2.0,THA,,60882768.0,2.0,0.0,2.0,,,2.0,2.0,,2.131024542,1,1.0,1.0,2.0,,2.0,1,2.0,,200944537,East Asia & Pacific (excluding high income),4.0,,2.0,,2.0,1.0,2.0,2.0,0.0,Thailand,1.0,,False,Female,60_69,1.0
2.0,,1.0,,2024,,,1.0,,2,1,2.0,1.0,2.0,,,,,70.0,2.0,1.0,2.0,2.0,1.0,,,2.0,,,0.0,2.0,Q4,,1.0,2.0,4.0,1.0,,,2.0,,THA,,60882768.0,4.0,0.0,2.0,,,2.0,,2.0,0.135631464,1,1.0,1.0,1.0,,2.0,1,2.0,,200972820,East Asia & Pacific (excluding high income),6.0,,2.0,,2.0,2.0,2.0,1.0,0.0,Thailand,1.0,,False,Male,70_plus,1.0
2.0,,1.0,,2024,,,1.0,,1,1,1.0,1.0,1.0,,,,,37.0,1.0,2.0,1.0,1.0,1.0,,,2.0,,,1.0,1.0,Q4,,1.0,2.0,5.0,2.0,,2.0,2.0,,THA,,60882768.0,4.0,1.0,2.0,,,1.0,,1.0,0.751379192,1,1.0,2.0,1.0,,2.0,2,1.0,,200984330,East Asia & Pacific (excluding high income),4.0,,2.0,,2.0,2.0,1.0,1.0,1.0,Thailand,1.0,,False,Female,30_39,2.0
,,1.0,,2024,,,0.0,,1,1,2.0,1.0,,,,,,68.0,2.0,1.0,4.0,4.0,1.0,,,2.0,,,0.0,2.0,Q5 Highest,,1.0,2.0,3.0,2.0,,,2.0,,THA,,60882768.0,4.0,0.0,,,,2.0,,,0.135631464,1,2.0,1.0,2.0,,2.0,2,2.0,,201261562,East Asia & Pacific (excluding high income),1.0,,2.0,,2.0,2.0,,1.0,0.0,Thailand,1.0,,False,Female,60_69,1.0
2.0,,1.0,,2024,,,1.0,,1,1,2.0,1.0,2.0,,,,,59.0,2.0,1.0,2.0,2.0,1.0,1.0,,2.0,,,0.0,2.0,Q4,,1.0,1.0,1.0,2.0,,,2.0,2.0,THA,,60882768.0,2.0,0.0,2.0,,,2.0,2.0,2.0,0.294047726,1,1.0,1.0,1.0,,3.0,1,3.0,,201276304,East Asia & Pacific (excluding high income),1.0,,2.0,,2.0,1.0,2.0,1.0,0.0,Thailand,1.0,,False,Female,50_59,1.0
,,1.0,,2024,,,0.0,,1,1,2.0,1.0,,,,,,66.0,1.0,2.0,4.0,4.0,1.0,,,2.0,,,0.0,1.0,Q2,,1.0,2.0,3.0,2.0,,,2.0,,THA,,60882768.0,4.0,1.0,,,,2.0,,,0.135631464,1,2.0,2.0,2.0,,2.0,1,2.0,,201279164,East Asia & Pacific (excluding high income),4.0,,2.0,,2.0,2.0,,2.0,0.0,Thailand,1.0,,False,Female,60_69,2.0
,,1.0,,2024,,,1.0,,1,1,2.0,2.0,,,,,,55.0,1.0,1.0,4.0,1.0,1.0,1.0,,1.0,,1.0,1.0,1.0,Q3,,,1.0,4.0,2.0,,,1.0,2.0,THA,,60882768.0,2.0,1.0,2.0,,,,2.0,,0.853132739,1,1.0,2.0,2.0,,3.0,2,4.0,,201579876,East Asia & Pacific (excluding high income),4.0,,2.0,,2.0,1.0,1.0,1.0,0.0,Thailand,4.0,,False,Female,50_59,1.0
2.0,,4.0,,2024,,,0.0,,2,1,2.0,1.0,2.0,,,,,53.0,2.0,1.0,2.0,4.0,1.0,1.0,,8.0,,,0.0,4.0,Q5 Highest,,1.0,2.0,8.0,2.0,,,4.0,,THA,,60882768.0,4.0,0.0,,,,2.0,,2.0,0.213378209,1,2.0,,1.0,,6.0,2,6.0,,201725491,East Asia & Pacific (excluding high income),1.0,,2.0,,2.0,2.0,,1.0,0.0,Thailand,1.0,,False,Male,50_59,1.0
,,2.0,,2024,,,0.0,1.0,1,1,2.0,2.0,,,,,,17.0,1.0,1.0,4.0,4.0,1.0,,,2.0,,,1.0,1.0,Q4,,,2.0,4.0,2.0,,,1.0,,THA,,60882768.0,4.0,1.0,,,,,,,1.944079884,1,2.0,3.0,2.0,,2.0,2,1.0,,201805574,East Asia & Pacific (excluding high income),3.0,,2.0,,2.0,2.0,,2.0,1.0,Thailand,4.0,,False,Female,17_or_less,1.0
,,1.0,,2024,,,0.0,,1,1,2.0,2.0,,,,,,56.0,2.0,1.0,4.0,2.0,1.0,,,3.0,,,0.0,2.0,Q5 Highest,,,2.0,1.0,2.0,,,1.0,,THA,,60882768.0,4.0,0.0,2.0,,,,,,0.793562061,1,1.0,3.0,2.0,,2.0,1,2.0,,202174000,East Asia & Pacific (excluding high income),4.0,,2.0,,2.0,2.0,2.0,1.0,0.0,Thailand,4.0,,False,Female,50_59,1.0
2.0,,1.0,,2024,,,0.0,,2,1,2.0,1.0,2.0,,,,,47.0,1.0,1.0,2.0,2.0,1.0,,,7.0,,,0.0,1.0,Q1 Lowest,,1.0,2.0,5.0,2.0,,,2.0,2.0,THA,,60882768.0,2.0,1.0,2.0,,,2.0,2.0,2.0,0.945956497,1,1.0,,1.0,,3.0,2,2.0,,202229061,East Asia & Pacific (excluding high income),2.0,,2.0,,2.0,1.0,2.0,1.0,0.0,Thailand,1.0,,False,Male,40_49,1.0
,2.0,,,2024,2.0,2.0,0.0,,1,0,,2.0,,,,,2.0,59.0,2.0,1.0,4.0,2.0,0.0,,,9.0,2.0,,0.0,,Q3,,,2.0,4.0,2.0,,,,,THA,,60882768.0,4.0,0.0,2.0,,,,,,0.431718716,0,1.0,,2.0,2.0,,2,,,202339889,East Asia & Pacific (excluding high income),6.0,,2.0,,2.0,2.0,2.0,2.0,0.0,Thailand,4.0,1.0,False,Female,50_59,1.0
1.0,,1.0,,2024,,,1.0,1.0,1,1,1.0,2.0,1.0,,,,,49.0,1.0,1.0,1.0,1.0,1.0,,,1.0,,1.0,1.0,1.0,Q5 Highest,,,1.0,1.0,2.0,,1.0,1.0,,THA,,60882768.0,4.0,1.0,1.0,,,,,1.0,0.181038461,1,1.0,3.0,1.0,,2.0,1,2.0,,202343225,East Asia & Pacific (excluding high income),1.0,,2.0,,2.0,2.0,1.0,1.0,1.0,Thailand,4.0,,False,Female,40_49,1.0
,,1.0,,2024,,,1.0,1.0,1,1,2.0,1.0,,,,,,40.0,1.0,1.0,4.0,1.0,1.0,,,2.0,,1.0,1.0,2.0,Q2,,1.0,1.0,4.0,2.0,,,1.0,,THA,,60882768.0,4.0,1.0,1.0,,,2.0,,,0.352367206,1,1.0,1.0,2.0,,2.0,1,1.0,,202422561,East Asia & Pacific (excluding high income),2.0,,2.0,,2.0,2.0,2.0,1.0,1.0,Thailand,1.0,,False,Female,40_49,1.0
,,1.0,,2024,,,1.0,,1,1,2.0,2.0,,,,,,30.0,2.0,2.0,4.0,3.0,1.0,,,2.0,,1.0,0.0,2.0,Q2,,,1.0,4.0,2.0,,,4.0,,THA,,60882768.0,4.0,0.0,2.0,,,,,,1.30221493,1,1.0,2.0,2.0,,3.0,1,2.0,,202446222,East Asia & Pacific (excluding high income),3.0,,2.0,,2.0,2.0,2.0,2.0,0.0,Thailand,4.0,,False,Female,30_39,2.0
,,1.0,,2024,,,1.0,,1,1,2.0,1.0,,,,,,61.0,2.0,1.0,4.0,2.0,1.0,,,4.0,,1.0,0.0,2.0,Q5 Highest,,1.0,2.0,1.0,2.0,,,1.0,,THA,,60882768.0,4.0,0.0,2.0,,,1.0,,,0.180819408,1,1.0,2.0,2.0,,1.0,1,1.0,,202554074,East Asia & Pacific (excluding high income),1.0,,2.0,,2.0,2.0,2.0,1.0,1.0,Thailand,1.0,,False,Female,60_69,1.0
,,1.0,,2024,,,0.0,,1,1,2.0,2.0,,,,,,67.0,2.0,1.0,4.0,1.0,1.0,2.0,,8.0,,,1.0,2.0,Q1 Lowest,,,2.0,1.0,2.0,,,2.0,,THA,,60882768.0,4.0,0.0,2.0,,,,,,0.42656637,1,1.0,,2.0,,4.0,1,4.0,,202712289,East Asia & Pacific (excluding high income),2.0,,2.0,,2.0,2.0,1.0,1.0,0.0,Thailand,4.0,,False,Female,60_69,1.0
2.0,,1.0,,2024,,,1.0,1.0,1,1,2.0,2.0,1.0,,,,,46.0,1.0,3.0,1.0,1.0,1.0,,,2.0,,1.0,1.0,1.0,Q5 Highest,,,1.0,4.0,2.0,,2.0,1.0,,THA,,60882768.0,4.0,1.0,1.0,,,,,1.0,0.393704219,1,1.0,1.0,1.0,,2.0,1,1.0,,202815196,East Asia & Pacific (excluding high income),3.0,,2.0,,2.0,2.0,1.0,1.0,1.0,Thailand,4.0,,False,Female,40_49,3.0
2.0,,1.0,,2024,,,1.0,,1,1,2.0,2.0,1.0,,,,,61.0,2.0,3.0,1.0,1.0,1.0,,,2.0,,,1.0,2.0,Q4,,,2.0,5.0,2.0,,2.0,1.0,,THA,,60882768.0,4.0,0.0,1.0,,,,,2.0,0.553518069,1,1.0,3.0,1.0,,2.0,1,1.0,,202928771,East Asia & Pacific (excluding high income),4.0,,2.0,,2.0,2.0,2.0,1.0,0.0,Thailand,4.0,,False,Female,60_69,3.0
,,1.0,,2024,,,0.0,,1,1,2.0,2.0,,,,,,47.0,1.0,2.0,4.0,1.0,1.0,,,5.0,,1.0,1.0,1.0,Q3,,,2.0,4.0,2.0,,,1.0,,THA,,60882768.0,4.0,1.0,1.0,,,,,,0.636501178,1,1.0,2.0,2.0,,1.0,1,1.0,,202998857,East Asia & Pacific (excluding high income),4.0,,2.0,,2.0,2.0,1.0,1.0,0.0,Thailand,4.0,,False,Female,40_49,2.0
2.0,,,,2024,,,0.0,,1,1,,2.0,1.0,,,,,50.0,2.0,1.0,1.0,4.0,1.0,,,2.0,,,0.0,,Q1 Lowest,,,2.0,3.0,2.0,,2.0,,,THA,,60882768.0,4.0,0.0,,,,,,2.0,2.580160523,1,2.0,2.0,1.0,,,2,,,203208831,East Asia & Pacific (excluding high income),4.0,,2.0,,2.0,2.0,,1.0,0.0,Thailand,4.0,,False,Female,50_59,1.0
,1.0,,,2024,2.0,2.0,0.0,,1,0,,1.0,,,,,1.0,70.0,2.0,1.0,4.0,4.0,0.0,,,7.0,1.0,,0.0,,Q1 Lowest,,2.0,2.0,4.0,2.0,,,,,THA,,60882768.0,4.0,0.0,,,,2.0,,,0.476541045,0,2.0,,2.0,2.0,,2,,,203264623,East Asia & Pacific (excluding high income),4.0,,2.0,,2.0,2.0,,2.0,0.0,Thailand,2.0,1.0,False,Female,70_plus,1.0
,,1.0,,2024,,,0.0,1.0,1,1,2.0,1.0,,,1.0,,,47.0,2.0,2.0,4.0,1.0,1.0,,,8.0,,,1.0,2.0,Q4,,2.0,2.0,4.0,2.0,,,1.0,,THA,,60882768.0,4.0,1.0,1.0,,,2.0,,,0.420416977,1,1.0,,2.0,,1.0,2,1.0,,203277652,East Asia & Pacific (excluding high income),5.0,,2.0,,2.0,2.0,1.0,2.0,1.0,Thailand,1.0,,False,Female,40_49,2.0
,,1.0,,2024,,,0.0,,1,1,2.0,2.0,,,,,,51.0,1.0,1.0,4.0,4.0,1.0,,,5.0,,,1.0,2.0,Q4,,,2.0,4.0,2.0,,,1.0,,THA,,60882768.0,4.0,1.0,,,,,,,1.30566269,1,2.0,1.0,2.0,,2.0,1,2.0,,203314415,East Asia & Pacific (excluding high income),1.0,,2.0,,2.0,2.0,,1.0,0.0,Thailand,4.0,,False,Female,50_59,1.0
,,2.0,,2024,,,1.0,2.0,1,1,1.0,2.0,,,,,,18.0,1.0,2.0,4.0,1.0,1.0,,,5.0,,2.0,1.0,2.0,Q4,,,2.0,2.0,2.0,,,1.0,,THA,,60882768.0,4.0,1.0,1.0,,,,,,2.718129268,1,1.0,2.0,2.0,,1.0,1,2.0,,203415710,East Asia & Pacific (excluding high income),2.0,,1.0,,2.0,2.0,1.0,1.0,1.0,Thailand,4.0,,False,Female,18_22,2.0
,,2.0,,2024,,,1.0,1.0,2,1,2.0,1.0,,,,,,54.0,2.0,1.0,4.0,1.0,1.0,1.0,,2.0,,,0.0,2.0,Q4,,1.0,1.0,1.0,2.0,,,2.0,,THA,,60882768.0,4.0,1.0,1.0,,,2.0,,,0.945956497,1,1.0,2.0,2.0,,4.0,1,4.0,,203470145,East Asia & Pacific (excluding high income),4.0,,2.0,,2.0,2.0,2.0,1.0,1.0,Thailand,1.0,,False,Male,50_59,1.0
2.0,,1.0,,2024,,,1.0,1.0,1,1,1.0,2.0,1.0,,,,,50.0,1.0,2.0,1.0,1.0,1.0,,,4.0,,1.0,1.0,1.0,Q5 Highest,,,1.0,4.0,2.0,,2.0,1.0,,THA,,60882768.0,4.0,1.0,1.0,,,,,1.0,0.412837204,1,1.0,2.0,1.0,,2.0,1,2.0,,203725434,East Asia & Pacific (excluding high income),4.0,,2.0,,2.0,2.0,1.0,1.0,1.0,Thailand,4.0,,False,Female,50_59,2.0
,,2.0,,2024,,,0.0,,1,1,2.0,1.0,,,,,,78.0,2.0,1.0,4.0,4.0,1.0,,,2.0,,,0.0,2.0,Q1 Lowest,,1.0,2.0,3.0,2.0,,,2.0,,THA,,60882768.0,4.0,0.0,,,,2.0,,,0.639849554,1,2.0,1.0,2.0,,2.0,2,2.0,,203793492,East Asia & Pacific (excluding high income),5.0,,2.0,,2.0,2.0,,1.0,0.0,Thailand,1.0,,False,Female,70_plus,1.0
2.0,2.0,,,2024,2.0,2.0,0.0,,2,0,,2.0,2.0,,,,3.0,52.0,2.0,1.0,2.0,4.0,0.0,,,8.0,3.0,,0.0,,Q2,,,2.0,3.0,2.0,,,,,THA,,60882768.0,4.0,0.0,,,,,,2.0,0.912342213,0,2.0,,1.0,2.0,,2,,,203859074,East Asia & Pacific (excluding high income),5.0,,2.0,,2.0,2.0,,1.0,0.0,Thailand,4.0,1.0,False,Male,50_59,1.0
2.0,,1.0,,2024,,,1.0,1.0,2,1,2.0,1.0,1.0,,2.0,,,21.0,1.0,2.0,1.0,1.0,1.0,,,3.0,,,1.0,1.0,Q5 Highest,,2.0,2.0,3.0,2.0,,2.0,1.0,,THA,,60882768.0,4.0,1.0,1.0,,,2.0,,1.0,1.310003915,1,1.0,3.0,1.0,,2.0,2,1.0,,203950403,East Asia & Pacific (excluding high income),4.0,,2.0,,2.0,2.0,1.0,1.0,1.0,Thailand,3.0,,False,Male,18_22,2.0
,,1.0,,2024,,,1.0,,1,1,2.0,2.0,,,,,,67.0,1.0,1.0,4.0,2.0,1.0,,,7.0,,,0.0,1.0,Q1 Lowest,,,2.0,8.0,2.0,,,2.0,2.0,THA,,60882768.0,1.0,1.0,2.0,,,,1.0,,0.476541045,1,1.0,,2.0,,2.0,2,3.0,,204038093,East Asia & Pacific (excluding high income),3.0,,2.0,,2.0,1.0,2.0,2.0,0.0,Thailand,4.0,,False,Female,60_69,1.0
1.0,,1.0,,2024,,,1.0,1.0,2,1,2.0,1.0,1.0,,,,,35.0,1.0,1.0,1.0,1.0,1.0,,,2.0,,1.0,1.0,1.0,Q2,,1.0,2.0,4.0,2.0,,1.0,1.0,1.0,THA,,60882768.0,1.0,1.0,1.0,,,1.0,1.0,1.0,0.92826181,1,1.0,2.0,1.0,,2.0,1,2.0,,204382586,East Asia & Pacific (excluding high income),2.0,,2.0,,1.0,1.0,1.0,1.0,1.0,Thailand,1.0,,False,Male,30_39,1.0
2.0,,1.0,,2024,,,0.0,1.0,2,1,1.0,2.0,1.0,,,,,25.0,1.0,3.0,1.0,1.0,1.0,,,2.0,,1.0,1.0,1.0,Q5 Highest,,,2.0,4.0,2.0,,2.0,1.0,,THA,,60882768.0,4.0,1.0,1.0,,,,,2.0,0.846753606,1,1.0,3.0,1.0,,2.0,1,1.0,,204397362,East Asia & Pacific (excluding high income),1.0,,2.0,,2.0,2.0,1.0,1.0,1.0,Thailand,4.0,,False,Male,23_29,3.0
,2.0,,,2024,2.0,2.0,1.0,,1,0,,2.0,,,,,2.0,28.0,2.0,2.0,4.0,4.0,0.0,,,4.0,2.0,,0.0,,Q4,,,2.0,3.0,2.0,,,,,THA,,60882768.0,4.0,0.0,,,,,,,1.319187194,0,2.0,1.0,2.0,2.0,,2,,,204398440,East Asia & Pacific (excluding high income),2.0,,2.0,,2.0,2.0,,1.0,0.0,Thailand,4.0,2.0,False,Female,23_29,2.0
,,2.0,,2024,,,0.0,,1,1,2.0,1.0,,,,,,48.0,1.0,2.0,4.0,1.0,1.0,,,3.0,,2.0,1.0,1.0,Q4,,1.0,2.0,1.0,2.0,,,1.0,1.0,THA,,60882768.0,1.0,1.0,1.0,,,2.0,1.0,,0.96288611,1,1.0,2.0,2.0,,4.0,2,1.0,,204503407,East Asia & Pacific (excluding high income),4.0,,2.0,,2.0,1.0,2.0,1.0,1.0,Thailand,1.0,,False,Female,40_49,2.0
,,3.0,,2024,,,0.0,,1,1,2.0,1.0,,,,,,78.0,2.0,1.0,4.0,2.0,1.0,3.0,,7.0,,,0.0,2.0,Q1 Lowest,,1.0,2.0,4.0,2.0,,,3.0,,THA,,60882768.0,4.0,0.0,2.0,,,2.0,,,0.42656637,1,1.0,,2.0,,5.0,1,5.0,,204572529,East Asia & Pacific (excluding high income),5.0,,2.0,,2.0,2.0,2.0,2.0,0.0,Thailand,1.0,,False,Female,70_plus,1.0
,,1.0,,2024,,,1.0,,1,1,2.0,1.0,,,,,,68.0,2.0,1.0,4.0,4.0,1.0,,,2.0,,,0.0,1.0,Q1 Lowest,,1.0,1.0,3.0,2.0,,,2.0,,THA,,60882768.0,4.0,0.0,,,,2.0,,,0.42656637,1,2.0,1.0,2.0,,2.0,2,3.0,,204805280,East Asia & Pacific (excluding high income),2.0,,2.0,,2.0,2.0,,2.0,0.0,Thailand,1.0,,False,Female,60_69,1.0
,,1.0,,2024,,,0.0,,1,1,2.0,2.0,,,,,,68.0,1.0,1.0,4.0,2.0,1.0,,,1.0,,,0.0,1.0,Q5 Highest,,,2.0,1.0,2.0,,,2.0,,THA,,60882768.0,4.0,1.0,2.0,,,,,,1.437842962,1,1.0,3.0,2.0,,1.0,1,2.0,,204876353,East Asia & Pacific (excluding high income),4.0,,2.0,,2.0,2.0,2.0,1.0,0.0,Thailand,4.0,,False,Female,60_69,1.0
,2.0,,,2024,2.0,2.0,0.0,,1,0,,2.0,,,,,1.0,33.0,2.0,1.0,4.0,4.0,0.0,,,7.0,1.0,,0.0,,Q1 Lowest,,,2.0,5.0,2.0,,,,,THA,,60882768.0,4.0,0.0,,,,,,,2.243882308,0,2.0,,2.0,1.0,,2,,,204911886,East Asia & Pacific (excluding high income),1.0,,2.0,,2.0,2.0,,1.0,0.0,Thailand,4.0,2.0,False,Female,30_39,1.0
,,1.0,,2024,,,0.0,,2,1,2.0,1.0,,,,,,67.0,2.0,1.0,4.0,5.0,1.0,,,5.0,,,0.0,2.0,Q1 Lowest,,1.0,2.0,1.0,2.0,,,2.0,2.0,THA,,60882768.0,2.0,0.0,,,,2.0,2.0,,1.847572855,1,3.0,2.0,2.0,,2.0,1,2.0,,205017463,East Asia & Pacific (excluding high income),4.0,,2.0,,2.0,1.0,,2.0,0.0,Thailand,1.0,,False,Male,60_69,1.0
,,1.0,,2024,,,0.0,,1,1,2.0,1.0,,,,,,23.0,1.0,2.0,4.0,4.0,1.0,,,2.0,,,0.0,1.0,Q3,,1.0,2.0,6.0,2.0,,,2.0,,THA,,60882768.0,4.0,1.0,,,,2.0,,,1.039045371,1,2.0,3.0,2.0,,2.0,2,3.0,,205244169,East Asia & Pacific (excluding high income),4.0,,2.0,,2.0,2.0,,2.0,0.0,Thailand,1.0,,False,Female,23_29,2.0
,,1.0,,2024,,,1.0,2.0,1,1,2.0,2.0,,,,,,35.0,2.0,1.0,4.0,1.0,1.0,,,5.0,,,0.0,2.0,Q3,,,1.0,4.0,2.0,,,1.0,,THA,,60882768.0,4.0,1.0,1.0,,,,,,1.309105065,1,1.0,2.0,2.0,,1.0,2,1.0,,205251208,East Asia & Pacific (excluding high income),2.0,,2.0,,2.0,2.0,1.0,1.0,0.0,Thailand,4.0,,False,Female,30_39,1.0
2.0,2.0,,,2024,2.0,2.0,1.0,,2,0,,2.0,2.0,,,,2.0,49.0,2.0,1.0,2.0,2.0,0.0,,,3.0,2.0,,0.0,,Q1 Lowest,,,2.0,4.0,2.0,,,,,THA,,60882768.0,4.0,1.0,2.0,,,,,2.0,1.747150436,0,1.0,1.0,1.0,2.0,,2,,,205506912,East Asia & Pacific (excluding high income),1.0,,2.0,,2.0,2.0,2.0,1.0,0.0,Thailand,4.0,1.0,False,Male,40_49,1.0
2.0,,2.0,,2024,,,1.0,,1,1,2.0,1.0,1.0,,,,,48.0,1.0,2.0,1.0,1.0,1.0,,,4.0,,,1.0,1.0,Q5 Highest,,2.0,1.0,2.0,1.0,,1.0,1.0,,THA,2.0,60882768.0,4.0,1.0,1.0,,,1.0,,1.0,0.393704219,1,1.0,3.0,1.0,,1.0,1,1.0,,205591745,East Asia & Pacific (excluding high income),3.0,,1.0,,2.0,2.0,1.0,1.0,1.0,Thailand,1.0,,False,Female,40_49,2.0
,2.0,,,2024,1.0,2.0,0.0,1.0,1,1,,2.0,,,,,2.0,15.0,1.0,1.0,4.0,4.0,1.0,,,2.0,2.0,,1.0,,Q5 Highest,,,2.0,5.0,2.0,,,,,THA,,60882768.0,4.0,1.0,,,,,,,0.930029135,0,2.0,2.0,2.0,2.0,,2,,,205688000,East Asia & Pacific (excluding high income),2.0,,2.0,,2.0,2.0,,2.0,1.0,Thailand,4.0,2.0,False,Female,17_or_less,1.0
2.0,,1.0,,2024,,,0.0,1.0,1,1,2.0,2.0,1.0,,,,,62.0,1.0,3.0,1.0,1.0,1.0,,,1.0,,1.0,1.0,1.0,Q3,,,2.0,1.0,2.0,,2.0,1.0,,THA,,60882768.0,4.0,1.0,1.0,,,,,1.0,0.135631464,1,1.0,1.0,1.0,,2.0,1,2.0,,205774472,East Asia & Pacific (excluding high income),4.0,,2.0,,2.0,2.0,1.0,1.0,1.0,Thailand,4.0,,False,Female,60_69,3.0
,,1.0,,2024,,,0.0,,1,1,2.0,1.0,,,,,,73.0,2.0,1.0,4.0,4.0,1.0,,,7.0,,,0.0,2.0,Q1 Lowest,,1.0,2.0,1.0,2.0,,,2.0,,THA,,60882768.0,4.0,0.0,,,,2.0,,,0.206097063,1,2.0,,2.0,,2.0,2,2.0,,205822515,East Asia & Pacific (excluding high income),5.0,,2.0,,2.0,2.0,,2.0,0.0,Thailand,1.0,,False,Female,70_plus,1.0
,1.0,,,2024,2.0,2.0,0.0,,1,0,,2.0,,,,,2.0,16.0,2.0,1.0,4.0,4.0,0.0,,,2.0,2.0,,0.0,,Q4,,,2.0,5.0,2.0,,,,,THA,,60882768.0,4.0,0.0,,,,,,,0.870936271,0,2.0,2.0,2.0,2.0,,2,,,205873279,East Asia & Pacific (excluding high income),2.0,,2.0,,2.0,2.0,,2.0,0.0,Thailand,4.0,2.0,False,Female,17_or_less,1.0
,,1.0,,2024,,,0.0,,1,1,2.0,1.0,,,,,,30.0,2.0,3.0,4.0,1.0,1.0,,,3.0,,1.0,1.0,2.0,Q4,,1.0,2.0,2.0,2.0,,,1.0,,THA,,60882768.0,4.0,0.0,1.0,,,2.0,,,1.419193071,1,1.0,2.0,2.0,,1.0,1,2.0,,205948738,East Asia & Pacific (excluding high income),3.0,,2.0,,2.0,2.0,2.0,1.0,0.0,Thailand,1.0,,False,Female,30_39,3.0
1.0,,1.0,,2024,,,1.0,1.0,1,1,1.0,1.0,1.0,,2.0,,,42.0,1.0,2.0,1.0,1.0,1.0,,,3.0,,,1.0,1.0,Q5 Highest,,2.0,1.0,4.0,1.0,,2.0,1.0,,THA,,60882768.0,4.0,1.0,1.0,,,2.0,,2.0,0.421525405,1,1.0,2.0,1.0,,2.0,1,1.0,,206202646,East Asia & Pacific (excluding high income),2.0,,2.0,,2.0,2.0,1.0,1.0,1.0,Thailand,3.0,,False,Female,40_49,2.0
,,1.0,,2024,,,1.0,,2,1,1.0,2.0,,,,,,17.0,1.0,2.0,4.0,4.0,1.0,,,1.0,,1.0,1.0,1.0,Q3,,,1.0,2.0,2.0,,,1.0,,THA,1.0,60882768.0,4.0,1.0,,,,,,,1.941554514,1,2.0,2.0,2.0,,2.0,1,2.0,,206265590,East Asia & Pacific (excluding high income),3.0,,2.0,,2.0,2.0,,1.0,0.0,Thailand,4.0,,False,Male,17_or_less,2.0
,,2.0,,2024,,,1.0,,1,1,2.0,2.0,,,,,,23.0,1.0,3.0,4.0,1.0,1.0,,,2.0,,1.0,1.0,1.0,Q5 Highest,,,1.0,5.0,2.0,,,1.0,,THA,,60882768.0,4.0,1.0,1.0,,,,,,1.190644804,1,1.0,2.0,2.0,,1.0,2,1.0,,206268687,East Asia & Pacific (excluding high income),4.0,,2.0,,2.0,2.0,1.0,1.0,0.0,Thailand,4.0,,False,Female,23_29,3.0
,,1.0,,2024,,,0.0,,1,1,2.0,1.0,,,,,,64.0,2.0,1.0,4.0,2.0,1.0,,,7.0,,,1.0,2.0,Q1 Lowest,,1.0,2.0,2.0,2.0,,,2.0,2.0,THA,,60882768.0,2.0,0.0,2.0,,,2.0,2.0,,0.639849554,1,1.0,,2.0,,2.0,2,2.0,,206293225,East Asia & Pacific (excluding high income),5.0,,2.0,,2.0,1.0,2.0,1.0,0.0,Thailand,1.0,,False,Female,60_69,1.0
,,1.0,,2024,,,1.0,2.0,1,1,1.0,2.0,,,,,,25.0,2.0,2.0,4.0,4.0,1.0,,,2.0,,1.0,1.0,1.0,Q4,,,1.0,4.0,2.0,,,1.0,,THA,,60882768.0,4.0,0.0,,,,,,,1.4086938,1,2.0,1.0,2.0,,3.0,1,2.0,,206412999,East Asia & Pacific (excluding high income),3.0,,2.0,,2.0,2.0,,2.0,1.0,Thailand,4.0,,False,Female,23_29,2.0
,,1.0,,2024,,,0.0,,2,1,2.0,1.0,,,,,,75.0,2.0,1.0,4.0,4.0,1.0,,,7.0,,,0.0,2.0,Q1 Lowest,,1.0,2.0,7.0,2.0,,,2.0,,THA,,60882768.0,4.0,0.0,,,,2.0,,,0.728139649,1,2.0,,2.0,,2.0,2,2.0,,206425801,East Asia & Pacific (excluding high income),6.0,,2.0,,2.0,2.0,,2.0,0.0,Thailand,1.0,,False,Male,70_plus,1.0
,,1.0,,2024,,,0.0,,1,1,2.0,1.0,,,,,,65.0,2.0,1.0,4.0,2.0,1.0,,,2.0,,,0.0,2.0,Q1 Lowest,,1.0,2.0,1.0,2.0,,,1.0,,THA,,60882768.0,4.0,0.0,2.0,,,2.0,,,0.143436971,1,1.0,2.0,2.0,,2.0,1,3.0,,206685149,East Asia & Pacific (excluding high income),4.0,,2.0,,2.0,2.0,2.0,2.0,0.0,Thailand,1.0,,False,Female,60_69,1.0
,,1.0,,2024,,,1.0,,2,1,2.0,1.0,,,,,,69.0,2.0,1.0,4.0,4.0,1.0,,,2.0,,,0.0,2.0,Q5 Highest,,1.0,1.0,4.0,2.0,,,2.0,,THA,,60882768.0,4.0,0.0,,,,2.0,,,0.485426433,1,2.0,1.0,2.0,,2.0,1,3.0,,206694998,East Asia & Pacific (excluding high income),1.0,,2.0,,2.0,2.0,,1.0,0.0,Thailand,1.0,,False,Male,60_69,1.0
,,1.0,,2024,,,0.0,,1,1,2.0,1.0,,,,,,61.0,1.0,2.0,4.0,1.0,1.0,,,1.0,,,0.0,1.0,Q2,,1.0,2.0,6.0,2.0,,,1.0,,THA,,60882768.0,4.0,1.0,1.0,,,2.0,,,0.503966111,1,1.0,2.0,2.0,,2.0,1,2.0,,206797434,East Asia & Pacific (excluding high income),1.0,,2.0,,2.0,2.0,2.0,2.0,0.0,Thailand,1.0,,False,Female,60_69,2.0
2.0,,1.0,,2024,,,0.0,,2,1,2.0,1.0,2.0,,,,,43.0,2.0,1.0,2.0,2.0,1.0,1.0,,2.0,,,0.0,2.0,Q1 Lowest,,1.0,2.0,4.0,2.0,,,2.0,,THA,,60882768.0,4.0,0.0,2.0,,,2.0,,2.0,1.543497066,1,1.0,1.0,1.0,,3.0,1,3.0,,206881613,East Asia & Pacific (excluding high income),4.0,,2.0,,2.0,2.0,2.0,1.0,0.0,Thailand,1.0,,False,Male,40_49,1.0
2.0,,,,2024,,,0.0,,1,1,,1.0,2.0,,1.0,,,20.0,2.0,2.0,2.0,4.0,1.0,,,2.0,,,0.0,,Q4,,2.0,2.0,5.0,2.0,,,,,THA,,60882768.0,4.0,1.0,,,,2.0,,2.0,1.911308871,1,2.0,1.0,1.0,,,2,,,206915171,East Asia & Pacific (excluding high income),4.0,,2.0,,2.0,2.0,,2.0,0.0,Thailand,1.0,,False,Female,18_22,2.0
,1.0,,,2024,1.0,2.0,0.0,,1,0,,1.0,,,,,1.0,68.0,2.0,1.0,4.0,4.0,0.0,,,2.0,1.0,,0.0,,Q1 Lowest,,2.0,2.0,1.0,2.0,,,,,THA,,60882768.0,4.0,0.0,,,,2.0,,,0.445314847,0,2.0,1.0,2.0,1.0,,2,,,207087444,East Asia & Pacific (excluding high income),3.0,,2.0,,1.0,2.0,,2.0,0.0,Thailand,2.0,1.0,False,Female,60_69,1.0
,,1.0,,2024,,,0.0,,2,1,2.0,1.0,,,2.0,,,52.0,1.0,1.0,4.0,2.0,1.0,,,8.0,,2.0,1.0,1.0,Q5 Highest,,2.0,2.0,4.0,2.0,,,2.0,,THA,,60882768.0,4.0,1.0,2.0,,,2.0,,,0.957382375,1,1.0,,2.0,,1.0,1,1.0,,207108359,East Asia & Pacific (excluding high income),1.0,,2.0,,2.0,2.0,2.0,1.0,0.0,Thailand,3.0,,False,Male,50_59,1.0
,,1.0,,2024,,,0.0,,1,1,2.0,2.0,,,,,,59.0,1.0,2.0,4.0,4.0,1.0,1.0,,2.0,,,0.0,1.0,Q2,,,2.0,3.0,2.0,,,2.0,2.0,THA,,60882768.0,1.0,1.0,,,,,1.0,,0.135631464,1,2.0,3.0,2.0,,3.0,2,3.0,,207295751,East Asia & Pacific (excluding high income),1.0,,2.0,,2.0,1.0,,1.0,0.0,Thailand,4.0,,False,Female,50_59,2.0
,,2.0,,2024,,,1.0,,1,1,2.0,2.0,,,,,,39.0,2.0,1.0,4.0,1.0,1.0,,,2.0,,1.0,1.0,2.0,Q2,,,1.0,5.0,2.0,,,1.0,,THA,,60882768.0,4.0,0.0,1.0,,,,,,3.424553462,1,1.0,2.0,2.0,,2.0,1,1.0,,207343606,East Asia & Pacific (excluding high income),2.0,,2.0,,2.0,2.0,1.0,1.0,0.0,Thailand,4.0,,False,Female,30_39,1.0
2.0,,1.0,,2024,,,1.0,1.0,1,1,2.0,1.0,1.0,,,,,37.0,1.0,2.0,1.0,1.0,1.0,,,4.0,,,1.0,2.0,Q2,,1.0,1.0,4.0,2.0,,2.0,2.0,,THA,,60882768.0,4.0,1.0,1.0,,,1.0,,1.0,1.686101619,1,1.0,2.0,1.0,,3.0,2,2.0,,207470233,East Asia & Pacific (excluding high income),1.0,,1.0,,2.0,2.0,1.0,1.0,1.0,Thailand,1.0,,False,Female,30_39,2.0
,,1.0,,2024,,,0.0,,2,1,2.0,1.0,,,,,,84.0,2.0,1.0,4.0,4.0,1.0,,,2.0,,,0.0,2.0,Q1 Lowest,,1.0,2.0,3.0,2.0,,,2.0,,THA,2.0,60882768.0,4.0,1.0,,,,2.0,,,0.536051084,1,2.0,1.0,2.0,,2.0,1,2.0,,207581582,East Asia & Pacific (excluding high income),5.0,,2.0,,2.0,2.0,,2.0,0.0,Thailand,1.0,,False,Male,70_plus,1.0
,,1.0,,2024,,,1.0,,1,1,2.0,1.0,,,,,,76.0,1.0,1.0,4.0,1.0,1.0,,,2.0,,1.0,0.0,1.0,Q1 Lowest,,1.0,1.0,4.0,1.0,,,1.0,1.0,THA,1.0,60882768.0,1.0,1.0,1.0,,,1.0,2.0,,0.180345052,1,1.0,1.0,2.0,,2.0,1,2.0,,207583415,East Asia & Pacific (excluding high income),4.0,,2.0,,1.0,1.0,2.0,1.0,1.0,Thailand,1.0,,False,Female,70_plus,1.0
,,1.0,,2024,,,0.0,,1,1,2.0,2.0,,,,,,51.0,2.0,1.0,4.0,2.0,0.0,1.0,,1.0,,,0.0,1.0,Q3,,,2.0,3.0,2.0,,,1.0,,THA,,60882768.0,4.0,1.0,2.0,,,,,,0.562052545,1,1.0,3.0,2.0,,3.0,1,3.0,,207910304,East Asia & Pacific (excluding high income),2.0,,2.0,,2.0,2.0,2.0,1.0,0.0,Thailand,4.0,,False,Female,50_59,1.0
,,1.0,,2024,,,1.0,,1,1,2.0,1.0,,,,,,65.0,2.0,2.0,4.0,4.0,1.0,,,7.0,,,1.0,2.0,Q1 Lowest,,1.0,1.0,1.0,2.0,,,1.0,,THA,,60882768.0,4.0,0.0,,,,2.0,,,0.135631464,1,2.0,,2.0,,2.0,1,2.0,,207994194,East Asia & Pacific (excluding high income),4.0,,2.0,,2.0,2.0,,2.0,0.0,Thailand,1.0,,False,Female,60_69,2.0
,,,,2024,,,0.0,,1,1,,2.0,,,,,,42.0,2.0,1.0,4.0,2.0,1.0,,,2.0,,1.0,0.0,,Q2,,,2.0,4.0,2.0,,,,2.0,THA,,60882768.0,1.0,0.0,2.0,,,,1.0,,1.800443671,1,1.0,2.0,2.0,,,2,,,208296240,East Asia & Pacific (excluding high income),2.0,,2.0,,2.0,1.0,2.0,1.0,0.0,Thailand,4.0,,False,Female,40_49,1.0
,,1.0,,2024,,,0.0,1.0,2,1,2.0,2.0,,,,,,18.0,1.0,1.0,4.0,4.0,1.0,,,2.0,,,1.0,1.0,Q5 Highest,,,2.0,4.0,2.0,,,1.0,,THA,,60882768.0,4.0,1.0,,,,,,,2.528241099,1,2.0,1.0,2.0,,2.0,1,1.0,,208344616,East Asia & Pacific (excluding high income),1.0,,2.0,,2.0,2.0,,2.0,1.0,Thailand,4.0,,False,Male,18_22,1.0
2.0,,1.0,,2024,,,1.0,,2,1,2.0,1.0,1.0,,,,,51.0,1.0,1.0,1.0,4.0,1.0,,,2.0,,,0.0,1.0,Q4,,1.0,2.0,4.0,1.0,,2.0,2.0,2.0,THA,,60882768.0,2.0,1.0,,,,2.0,2.0,2.0,2.416713814,1,2.0,2.0,1.0,,2.0,1,2.0,,208413630,East Asia & Pacific (excluding high income),4.0,,2.0,,2.0,1.0,,1.0,0.0,Thailand,1.0,,False,Male,50_59,1.0
2.0,,1.0,,2024,,,0.0,,2,1,2.0,2.0,2.0,,,,,27.0,2.0,1.0,2.0,4.0,0.0,2.0,,8.0,,,0.0,2.0,Q3,,,2.0,4.0,2.0,,,2.0,,THA,,60882768.0,4.0,0.0,,,,,,2.0,1.45799341,1,2.0,,1.0,,3.0,2,3.0,,208456268,East Asia & Pacific (excluding high income),3.0,,2.0,,2.0,2.0,,1.0,0.0,Thailand,4.0,,False,Male,23_29,1.0
,,1.0,,2024,,,0.0,,1,1,2.0,1.0,,,,,,62.0,2.0,1.0,4.0,4.0,1.0,,,2.0,,,0.0,1.0,Q5 Highest,,1.0,2.0,3.0,2.0,,,1.0,,THA,,60882768.0,4.0,0.0,,,,2.0,,,0.417172874,1,2.0,2.0,2.0,,2.0,2,3.0,,208616320,East Asia & Pacific (excluding high income),4.0,,2.0,,1.0,2.0,,2.0,0.0,Thailand,1.0,,False,Female,60_69,1.0
,,1.0,,2024,,,0.0,1.0,2,1,2.0,1.0,,,,,,40.0,2.0,2.0,4.0,4.0,1.0,,,2.0,,,1.0,2.0,Q2,,1.0,2.0,1.0,2.0,,,2.0,,THA,,60882768.0,4.0,1.0,,,,1.0,,,1.661830705,1,2.0,3.0,2.0,,1.0,1,2.0,,208706818,East Asia & Pacific (excluding high income),3.0,,2.0,,2.0,2.0,,2.0,1.0,Thailand,1.0,,False,Male,40_49,2.0
,,1.0,,2024,,,0.0,1.0,2,1,2.0,2.0,,,,,,16.0,1.0,1.0,4.0,4.0,1.0,,,1.0,,,1.0,1.0,Q3,,,2.0,5.0,2.0,,,1.0,,THA,,60882768.0,4.0,1.0,,,,,,,1.35125991,1,2.0,1.0,2.0,,1.0,2,1.0,,208777756,East Asia & Pacific (excluding high income),1.0,,2.0,,2.0,2.0,,2.0,1.0,Thailand,4.0,,False,Male,17_or_less,1.0
2.0,,1.0,,2024,,,0.0,,1,1,2.0,2.0,1.0,,,,,44.0,2.0,2.0,1.0,4.0,1.0,2.0,,4.0,,,0.0,2.0,Q5 Highest,,,2.0,4.0,2.0,,2.0,1.0,,THA,,60882768.0,4.0,0.0,,,,,,1.0,3.424553462,1,2.0,2.0,1.0,,3.0,1,3.0,,208826899,East Asia & Pacific (excluding high income),5.0,,2.0,,2.0,2.0,,2.0,1.0,Thailand,4.0,,False,Female,40_49,2.0
2.0,,2.0,,2024,,,1.0,,2,1,2.0,1.0,1.0,,,,,66.0,1.0,1.0,1.0,2.0,1.0,,,2.0,,,0.0,1.0,Q4,,1.0,1.0,3.0,2.0,,2.0,2.0,,THA,2.0,60882768.0,4.0,1.0,2.0,,,2.0,,2.0,0.446330707,1,1.0,3.0,1.0,,2.0,1,2.0,,208924564,East Asia & Pacific (excluding high income),4.0,,2.0,,2.0,2.0,2.0,1.0,0.0,Thailand,1.0,,False,Male,60_69,1.0
,,1.0,,2024,,,1.0,2.0,1,1,2.0,1.0,,,,,,36.0,1.0,1.0,4.0,2.0,1.0,,,5.0,,1.0,1.0,1.0,Q1 Lowest,,1.0,1.0,4.0,1.0,,,1.0,,THA,,60882768.0,4.0,1.0,2.0,,,2.0,,,0.490472635,1,1.0,2.0,2.0,,3.0,1,1.0,,209129460,East Asia & Pacific (excluding high income),1.0,,2.0,,2.0,2.0,2.0,1.0,1.0,Thailand,1.0,,False,Female,30_39,1.0
2.0,2.0,,,2024,2.0,2.0,0.0,,1,0,,1.0,2.0,,,,1.0,65.0,2.0,1.0,2.0,2.0,0.0,,,9.0,2.0,,0.0,,Q3,,2.0,2.0,1.0,2.0,,,,,THA,,60882768.0,4.0,0.0,2.0,,,2.0,,2.0,0.135631464,0,1.0,,1.0,2.0,,2,,,209157093,East Asia & Pacific (excluding high income),3.0,,2.0,,2.0,2.0,2.0,2.0,0.0,Thailand,2.0,1.0,False,Female,60_69,1.0
2.0,,1.0,,2024,,,1.0,,1,1,2.0,1.0,1.0,,,,,40.0,2.0,1.0,1.0,1.0,1.0,,,4.0,,1.0,1.0,2.0,Q4,,1.0,2.0,4.0,2.0,,2.0,1.0,,THA,,60882768.0,4.0,1.0,1.0,,,1.0,,1.0,0.658518656,1,1.0,2.0,1.0,,1.0,2,3.0,,209204402,East Asia & Pacific (excluding high income),4.0,,1.0,,2.0,2.0,2.0,1.0,1.0,Thailand,1.0,,False,Female,40_49,1.0
,,1.0,,2024,,,1.0,,1,1,2.0,1.0,,,,,,26.0,2.0,2.0,4.0,1.0,1.0,,,4.0,,,1.0,2.0,Q3,,1.0,1.0,4.0,2.0,,,1.0,,THA,,60882768.0,4.0,0.0,1.0,,,2.0,,,1.281605404,1,1.0,1.0,2.0,,2.0,2,1.0,,209262638,East Asia & Pacific (excluding high income),1.0,,2.0,,2.0,2.0,1.0,2.0,0.0,Thailand,1.0,,False,Female,23_29,2.0
2.0,,1.0,,2024,,,0.0,,1,1,2.0,2.0,1.0,,,,,62.0,1.0,1.0,1.0,2.0,1.0,,,2.0,,1.0,0.0,2.0,Q3,,,2.0,3.0,2.0,,3.0,2.0,,THA,,60882768.0,4.0,1.0,2.0,,,,,2.0,1.243167421,1,1.0,1.0,1.0,,3.0,1,1.0,,209426643,East Asia & Pacific (excluding high income),2.0,,2.0,,2.0,2.0,2.0,1.0,0.0,Thailand,4.0,,False,Female,60_69,1.0
,,1.0,,2024,,,0.0,,2,1,2.0,1.0,,,,,,61.0,2.0,1.0,4.0,2.0,0.0,1.0,,7.0,,,0.0,2.0,Q2,,2.0,2.0,1.0,2.0,,,2.0,,THA,,60882768.0,4.0,0.0,2.0,,,2.0,,,0.135631464,1,1.0,,2.0,,4.0,2,4.0,,209611996,East Asia & Pacific (excluding high income),1.0,,2.0,,1.0,2.0,2.0,1.0,0.0,Thailand,2.0,,False,Male,60_69,1.0
2.0,,2.0,,2024,,,1.0,1.0,1,1,2.0,2.0,2.0,,,,,48.0,1.0,3.0,2.0,1.0,1.0,,,1.0,,1.0,1.0,1.0,Q5 Highest,,,1.0,3.0,2.0,,,1.0,,THA,,60882768.0,4.0,1.0,1.0,,,,,2.0,0.196852109,1,1.0,3.0,1.0,,2.0,1,1.0,,209761256,East Asia & Pacific (excluding high income),3.0,,2.0,,2.0,2.0,1.0,1.0,1.0,Thailand,4.0,,False,Female,40_49,3.0
,,1.0,,2024,,,0.0,,1,1,2.0,2.0,,,,,,55.0,1.0,1.0,4.0,2.0,1.0,,,1.0,,1.0,1.0,1.0,Q5 Highest,,,2.0,5.0,2.0,,,1.0,,THA,,60882768.0,4.0,1.0,2.0,,,,,,1.420683028,1,1.0,3.0,2.0,,2.0,2,1.0,,209789545,East Asia & Pacific (excluding high income),4.0,,2.0,,2.0,2.0,2.0,1.0,0.0,Thailand,4.0,,False,Female,50_59,1.0
,,2.0,,2024,,,0.0,,1,1,2.0,1.0,,,,,,78.0,2.0,1.0,4.0,4.0,1.0,,,2.0,,,1.0,2.0,Q3,,1.0,2.0,1.0,2.0,,,2.0,,THA,,60882768.0,4.0,0.0,,,,2.0,,,0.135631464,1,2.0,3.0,2.0,,2.0,2,3.0,,210013452,East Asia & Pacific (excluding high income),2.0,,2.0,,2.0,2.0,,2.0,0.0,Thailand,1.0,,False,Female,70_plus,1.0
,,2.0,,2024,,,1.0,,1,1,2.0,2.0,,,,,,49.0,2.0,1.0,4.0,4.0,1.0,2.0,,2.0,,,0.0,2.0,Q5 Highest,,,1.0,4.0,2.0,,,2.0,,THA,,60882768.0,4.0,0.0,,,,,,,1.168245114,1,2.0,2.0,2.0,,4.0,2,3.0,,210206159,East Asia & Pacific (excluding high income),1.0,,2.0,,2.0,2.0,,2.0,0.0,Thailand,4.0,,False,Female,40_49,1.0
,,1.0,,2024,,,1.0,1.0,1,1,2.0,2.0,,,,,,19.0,1.0,2.0,4.0,1.0,1.0,1.0,,1.0,,,1.0,1.0,Q2,,,1.0,5.0,2.0,,,1.0,,THA,,60882768.0,4.0,1.0,1.0,,,,,,1.395043703,1,1.0,1.0,2.0,,3.0,1,4.0,,210368009,East Asia & Pacific (excluding high income),3.0,,2.0,,2.0,2.0,1.0,2.0,1.0,Thailand,4.0,,False,Female,18_22,2.0
,,1.0,,2024,,,0.0,,1,1,2.0,1.0,,,,,,43.0,2.0,1.0,4.0,2.0,1.0,1.0,,2.0,,,0.0,2.0,Q2,,1.0,2.0,5.0,2.0,,,2.0,2.0,THA,,60882768.0,2.0,0.0,2.0,,,2.0,2.0,,2.411491444,1,1.0,3.0,2.0,,3.0,1,3.0,,210373832,East Asia & Pacific (excluding high income),4.0,,2.0,,2.0,1.0,2.0,1.0,0.0,Thailand,1.0,,False,Female,40_49,1.0
,,1.0,,2024,,,0.0,,1,1,2.0,1.0,,,,,,80.0,2.0,1.0,4.0,2.0,1.0,,,7.0,,,0.0,2.0,Q2,,1.0,2.0,5.0,2.0,,,2.0,,THA,,60882768.0,4.0,0.0,2.0,,,2.0,,,0.135631464,1,1.0,,2.0,,2.0,1,2.0,,210548032,East Asia & Pacific (excluding high income),2.0,,2.0,,2.0,2.0,2.0,2.0,0.0,Thailand,1.0,,False,Female,70_plus,1.0
,,1.0,,2024,,,0.0,,1,1,2.0,1.0,,,,,,61.0,2.0,1.0,4.0,4.0,1.0,,,2.0,,,0.0,1.0,Q1 Lowest,,1.0,2.0,1.0,2.0,,,2.0,,THA,,60882768.0,4.0,0.0,,,,2.0,,,0.503966111,1,2.0,3.0,2.0,,2.0,2,3.0,,210685754,East Asia & Pacific (excluding high income),4.0,,2.0,,2.0,2.0,,2.0,0.0,Thailand,1.0,,False,Female,60_69,1.0
2.0,,1.0,,2024,,,1.0,1.0,1,1,2.0,1.0,1.0,,,,,21.0,1.0,2.0,1.0,1.0,1.0,,,2.0,,1.0,1.0,2.0,Q2,,1.0,1.0,4.0,2.0,,2.0,2.0,,THA,,60882768.0,4.0,1.0,1.0,,,1.0,,1.0,0.686096432,1,1.0,1.0,1.0,,2.0,1,2.0,,210806531,East Asia & Pacific (excluding high income),2.0,,2.0,,2.0,2.0,2.0,1.0,1.0,Thailand,1.0,,False,Female,18_22,2.0
2.0,,2.0,,2024,,,1.0,,2,1,2.0,2.0,2.0,,,,,69.0,1.0,1.0,2.0,3.0,0.0,,,8.0,,,0.0,1.0,Q2,,,2.0,1.0,2.0,,,2.0,,THA,,60882768.0,4.0,1.0,2.0,,,,,2.0,0.135631464,1,1.0,,1.0,,3.0,1,2.0,,210819657,East Asia & Pacific (excluding high income),5.0,,2.0,,2.0,2.0,2.0,1.0,0.0,Thailand,4.0,,False,Male,60_69,1.0
,,1.0,,2024,,,0.0,,1,1,2.0,1.0,,,,,,58.0,2.0,1.0,4.0,2.0,1.0,,,2.0,,,1.0,2.0,Q1 Lowest,,1.0,2.0,4.0,2.0,,,2.0,,THA,,60882768.0,4.0,0.0,2.0,,,2.0,,,0.42656637,1,1.0,1.0,2.0,,2.0,2,3.0,,210884819,East Asia & Pacific (excluding high income),3.0,,2.0,,2.0,2.0,2.0,1.0,0.0,Thailand,1.0,,False,Female,50_59,1.0
,1.0,,,2024,4.0,2.0,1.0,1.0,1,1,,2.0,,,,,4.0,55.0,2.0,2.0,4.0,3.0,1.0,,,1.0,2.0,1.0,1.0,,Q5 Highest,,,2.0,3.0,2.0,,,,,THA,,60882768.0,4.0,1.0,2.0,,,,,,0.250727731,0,1.0,2.0,2.0,2.0,,4,,,211074303,East Asia & Pacific (excluding high income),4.0,,2.0,,2.0,2.0,2.0,1.0,1.0,Thailand,4.0,4.0,False,Female,50_59,2.0
