,any_digital_payment,applied_for_mobile_loan,no_mobile_account_too_expensive,world_bank_region,saved_bank,made_utility_payment,saved_money,received_public_pension,recieved_agricultural_payment,emergency_fund_access,mobile_money_transaction,account_ownership,agri_payment_mobile,no_account_documentation,agri_payment_bank,no_account_too_expensive,account_usage,age,survey_year,no_account_insufficient_funds,respondent_id,financial_instituion_account,no_account_family_member,adult_population,store_money_account,agriculture_payment_method,education_level,emergency_funds,received_acc_balance_info,high_withdrawal_fee_wages,survey_weight,borrowed_from_family_friends,debit_card_ownership,income_quintile,wages_card,sent_domestic_remittance_account,account_ownership,employment_status,no_account_lack_of_trust,wages_mobile,ever_had_mobile_money_account,economy,account_transaction_activity,debit_card_ownership,no_account_distance,ever_had_bank_account,financial_health_indicator,agri_payment_card,mobile_money_usage,received_wages,wage_payment_method,merchantpay_dig,borrowed_money,no_mobile_account_lack_documentation,saved_mobile_money,utility_payment_cash,received_goverment_transfer,utility_payment_bank,borrowed_from_savings_club,emergency_fund_source,mobile_money_activity,mobile_money_account,agricultural_payment_mobile,wages_bank_account,economycode,received_agriculture_payment,utility_payment,recieved_wages,received_transfers,credit_card_ownership,borrowed_from_formal_bank,female,agriculture_payment_account,no_mobile_agents_far,mobile_money_send_recieve,utility_payment_mobile,codes_found,gender,age_group
0,1.0,2.0,2.0,East Asia & Pacific (excluding high income),1.0,2.0,1.0,2.0,2.0,3.0,,1,,,,,1.0,27.0,2021,,156981272,1,,58246340.0,,,3.0,2.0,2.0,2.0,0.224080829,2.0,2.0,Q4,,2.0,1.0,1.0,,2.0,2.0,Thailand,2.0,1,,,,,,1.0,2.0,0.0,0.0,,2.0,,1.0,,,3.0,,1.0,1.0,1.0,THA,4.0,4.0,1.0,1.0,1.0,2.0,1,1.0,2.0,,,False,Female,23_29
1,1.0,2.0,1.0,East Asia & Pacific (excluding high income),1.0,2.0,1.0,2.0,2.0,3.0,,1,,,,,1.0,30.0,2021,,195399987,1,,58246340.0,,,3.0,2.0,1.0,2.0,0.5261178,2.0,1.0,Q4,,2.0,2.0,1.0,,2.0,1.0,Thailand,2.0,1,,,2.0,,,1.0,2.0,1.0,0.0,2.0,2.0,,1.0,,,3.0,,1.0,1.0,1.0,THA,4.0,4.0,1.0,1.0,1.0,2.0,2,2.0,1.0,,,False,Male,30_39
2,1.0,2.0,1.0,East Asia & Pacific (excluding high income),1.0,1.0,1.0,2.0,2.0,3.0,1.0,1,,,,,1.0,45.0,2021,,181150505,1,,58246340.0,,,3.0,4.0,1.0,,0.14889143,2.0,,Q4,,2.0,1.0,1.0,,,2.0,Thailand,2.0,2,,,,,1.0,4.0,,1.0,1.0,3.0,2.0,,1.0,2.0,,5.0,3.0,1.0,2.0,,THA,4.0,1.0,2.0,1.0,1.0,1.0,1,1.0,1.0,1.0,1.0,False,Female,40_49
3,1.0,2.0,2.0,East Asia & Pacific (excluding high income),1.0,2.0,1.0,2.0,2.0,2.0,,1,,,,,1.0,45.0,2021,,190062572,1,,58246340.0,,,3.0,2.0,2.0,,0.353824578,2.0,,Q1 Lowest,,2.0,2.0,1.0,,,2.0,Thailand,2.0,2,,,6.0,,,4.0,,0.0,0.0,,2.0,,1.0,,,3.0,,1.0,1.0,,THA,4.0,4.0,2.0,1.0,1.0,2.0,1,1.0,2.0,,,False,Female,40_49
4,1.0,2.0,2.0,East Asia & Pacific (excluding high income),1.0,1.0,1.0,2.0,2.0,3.0,,1,,,,,2.0,39.0,2021,,146919431,1,,58246340.0,,,3.0,2.0,1.0,,0.138056999,2.0,2.0,Q4,,2.0,1.0,1.0,,,1.0,Thailand,2.0,1,,,,,,4.0,,0.0,0.0,,2.0,1.0,1.0,2.0,,3.0,,0.0,2.0,,THA,4.0,2.0,2.0,1.0,1.0,2.0,2,1.0,2.0,,2.0,False,Male,30_39
5,1.0,2.0,1.0,East Asia & Pacific (excluding high income),1.0,1.0,1.0,2.0,2.0,3.0,1.0,1,,,,,1.0,26.0,2021,,187160212,1,,58246340.0,1.0,,2.0,1.0,1.0,1.0,2.193631879,2.0,,Q5 Highest,,1.0,1.0,1.0,,1.0,1.0,Thailand,1.0,2,,,,,1.0,1.0,2.0,1.0,1.0,1.0,2.0,,1.0,1.0,,3.0,1.0,1.0,1.0,1.0,THA,4.0,1.0,1.0,1.0,1.0,1.0,2,2.0,1.0,1.0,1.0,False,Male,23_29
6,1.0,2.0,1.0,East Asia & Pacific (excluding high income),1.0,1.0,1.0,2.0,1.0,2.0,,1,1.0,,2.0,,1.0,32.0,2021,,124034566,1,,58246340.0,,,1.0,5.0,1.0,2.0,2.320584425,1.0,2.0,Q1 Lowest,,1.0,1.0,1.0,,1.0,2.0,Thailand,2.0,1,,,2.0,,,1.0,2.0,1.0,1.0,3.0,2.0,1.0,1.0,2.0,,1.0,,1.0,1.0,2.0,THA,1.0,2.0,1.0,1.0,1.0,2.0,2,1.0,2.0,,2.0,False,Male,30_39
7,1.0,2.0,1.0,East Asia & Pacific (excluding high income),1.0,2.0,1.0,2.0,2.0,3.0,,1,,,,,1.0,46.0,2021,,199028113,1,,58246340.0,,,3.0,1.0,1.0,2.0,0.377784145,2.0,2.0,Q5 Highest,,2.0,1.0,1.0,,2.0,1.0,Thailand,2.0,1,,,,,,1.0,2.0,1.0,0.0,3.0,2.0,,2.0,,,3.0,,0.0,,1.0,THA,4.0,4.0,1.0,4.0,1.0,2.0,2,,1.0,,,False,Male,40_49
8,1.0,2.0,2.0,East Asia & Pacific (excluding high income),1.0,2.0,1.0,2.0,2.0,3.0,,1,,2.0,,2.0,,57.0,2021,2.0,121307534,0,2.0,58246340.0,,,2.0,2.0,,2.0,1.251779298,2.0,,Q3,,1.0,,1.0,2.0,1.0,1.0,Thailand,,2,2.0,,1.0,,,1.0,1.0,0.0,0.0,,2.0,,1.0,,,5.0,,1.0,1.0,2.0,THA,4.0,4.0,1.0,1.0,,2.0,2,2.0,1.0,,,False,Male,50_59
9,1.0,2.0,1.0,East Asia & Pacific (excluding high income),1.0,2.0,1.0,2.0,2.0,3.0,1.0,1,,,,,1.0,25.0,2021,,184101152,1,,58246340.0,2.0,,2.0,2.0,1.0,3.0,0.302764356,2.0,2.0,Q4,,2.0,1.0,1.0,,2.0,1.0,Thailand,1.0,1,,,,,2.0,1.0,2.0,1.0,0.0,1.0,1.0,,1.0,,2.0,3.0,1.0,1.0,2.0,1.0,THA,4.0,4.0,1.0,1.0,1.0,2.0,1,1.0,1.0,1.0,,False,Female,23_29
10,1.0,2.0,2.0,East Asia & Pacific (excluding high income),1.0,2.0,1.0,2.0,2.0,2.0,,1,,,,,1.0,23.0,2021,,172516618,1,,58246340.0,,,1.0,2.0,2.0,,2.383735438,1.0,,Q2,,2.0,1.0,1.0,,,2.0,Thailand,2.0,2,,,,,,4.0,,0.0,1.0,,2.0,,2.0,,,1.0,,0.0,,,THA,4.0,4.0,2.0,4.0,1.0,2.0,2,,2.0,,,False,Male,23_29
11,1.0,2.0,1.0,East Asia & Pacific (excluding high income),1.0,1.0,1.0,2.0,2.0,3.0,1.0,1,,,,,1.0,72.0,2021,,161370016,1,,58246340.0,1.0,,2.0,5.0,1.0,,0.830981594,2.0,,Q5 Highest,,2.0,1.0,1.0,,,1.0,Thailand,1.0,2,,,,,2.0,4.0,,1.0,1.0,2.0,2.0,,2.0,1.0,,3.0,2.0,1.0,,,THA,4.0,1.0,2.0,4.0,1.0,2.0,2,,2.0,2.0,2.0,False,Male,70_plus
12,1.0,2.0,2.0,East Asia & Pacific (excluding high income),2.0,1.0,0.0,2.0,2.0,,1.0,1,,,,,2.0,20.0,2021,,141489949,1,,58246340.0,,,1.0,7.0,,,2.834493188,2.0,,Q1 Lowest,1.0,2.0,2.0,1.0,,2.0,2.0,Thailand,2.0,2,,,3.0,,,2.0,2.0,0.0,0.0,,2.0,1.0,1.0,2.0,,,,1.0,1.0,2.0,THA,4.0,2.0,1.0,1.0,2.0,2.0,2,1.0,2.0,,2.0,False,Male,18_22
13,1.0,2.0,1.0,East Asia & Pacific (excluding high income),1.0,1.0,1.0,2.0,2.0,3.0,1.0,1,,,,,1.0,29.0,2021,,168323468,1,,58246340.0,,,3.0,4.0,1.0,2.0,0.496218276,2.0,,Q5 Highest,,1.0,1.0,1.0,,1.0,2.0,Thailand,2.0,2,,,1.0,,1.0,1.0,2.0,1.0,1.0,1.0,2.0,,1.0,1.0,,3.0,1.0,1.0,1.0,1.0,THA,4.0,1.0,1.0,1.0,1.0,1.0,1,1.0,1.0,1.0,1.0,False,Female,23_29
14,1.0,2.0,2.0,East Asia & Pacific (excluding high income),2.0,1.0,0.0,2.0,1.0,2.0,,1,2.0,,2.0,,2.0,58.0,2021,,130615598,1,,58246340.0,,2.0,1.0,2.0,,,4.357584441,2.0,2.0,Q1 Lowest,1.0,2.0,2.0,1.0,,2.0,2.0,Thailand,2.0,1,,,1.0,1.0,,2.0,2.0,0.0,0.0,,2.0,1.0,1.0,2.0,,2.0,,0.0,2.0,2.0,THA,2.0,2.0,1.0,1.0,2.0,2.0,2,2.0,2.0,,2.0,False,Male,50_59
15,1.0,2.0,1.0,East Asia & Pacific (excluding high income),1.0,1.0,1.0,2.0,2.0,2.0,,1,,,,,1.0,22.0,2021,,120493279,1,,58246340.0,,,3.0,3.0,1.0,2.0,0.64118658,2.0,1.0,Q4,,1.0,1.0,1.0,,2.0,2.0,Thailand,2.0,1,,,2.0,,,1.0,2.0,1.0,0.0,1.0,2.0,,1.0,2.0,,1.0,,1.0,1.0,1.0,THA,4.0,1.0,1.0,1.0,1.0,2.0,1,1.0,1.0,,1.0,False,Female,18_22
16,1.0,2.0,1.0,East Asia & Pacific (excluding high income),2.0,1.0,0.0,2.0,2.0,3.0,,1,,,,,1.0,33.0,2021,,120939423,1,,58246340.0,,,3.0,3.0,1.0,2.0,0.308541205,2.0,,Q1 Lowest,,2.0,2.0,1.0,,1.0,2.0,Thailand,2.0,2,,,,,,1.0,2.0,1.0,0.0,1.0,2.0,,2.0,1.0,,3.0,,1.0,,1.0,THA,4.0,1.0,1.0,4.0,1.0,2.0,1,,1.0,,1.0,False,Female,30_39
17,1.0,2.0,2.0,East Asia & Pacific (excluding high income),1.0,2.0,1.0,2.0,2.0,3.0,,1,,,,,1.0,55.0,2021,,181722458,1,,58246340.0,1.0,,3.0,1.0,1.0,2.0,0.205961814,2.0,2.0,Q5 Highest,,2.0,1.0,1.0,,2.0,1.0,Thailand,1.0,1,,,,,,1.0,2.0,1.0,1.0,,2.0,,1.0,,,3.0,,1.0,1.0,1.0,THA,4.0,4.0,1.0,1.0,1.0,2.0,2,2.0,2.0,,,False,Male,50_59
18,1.0,2.0,1.0,East Asia & Pacific (excluding high income),2.0,1.0,0.0,2.0,2.0,,,1,,,,,1.0,30.0,2021,,128073072,1,,58246340.0,1.0,,3.0,8.0,2.0,1.0,0.496218276,2.0,1.0,Q5 Highest,,1.0,1.0,1.0,,1.0,2.0,Thailand,1.0,1,,,2.0,,,1.0,2.0,1.0,1.0,3.0,2.0,,2.0,1.0,,,,1.0,,1.0,THA,4.0,1.0,1.0,4.0,1.0,2.0,1,,1.0,,1.0,False,Female,30_39
19,1.0,2.0,1.0,East Asia & Pacific (excluding high income),1.0,1.0,1.0,2.0,2.0,3.0,1.0,1,,,,,1.0,47.0,2021,,139200001,1,,58246340.0,1.0,2.0,3.0,2.0,2.0,2.0,0.349051564,2.0,1.0,Q3,,1.0,1.0,1.0,,1.0,1.0,Thailand,1.0,1,,,,,2.0,1.0,2.0,1.0,1.0,1.0,2.0,,1.0,2.0,,3.0,1.0,1.0,2.0,1.0,THA,4.0,1.0,1.0,1.0,1.0,2.0,1,2.0,1.0,1.0,1.0,False,Female,40_49
20,1.0,2.0,1.0,East Asia & Pacific (excluding high income),2.0,1.0,1.0,2.0,2.0,3.0,,1,,,,,1.0,37.0,2021,,124245804,1,,58246340.0,1.0,,3.0,1.0,1.0,2.0,0.933096153,2.0,1.0,Q1 Lowest,,2.0,1.0,1.0,,1.0,1.0,Thailand,1.0,1,,,,,,1.0,2.0,1.0,1.0,1.0,2.0,,2.0,1.0,,3.0,,1.0,,2.0,THA,4.0,1.0,1.0,4.0,1.0,2.0,1,,1.0,,1.0,False,Female,30_39
21,1.0,2.0,1.0,East Asia & Pacific (excluding high income),1.0,1.0,1.0,2.0,2.0,,1.0,1,,,,,1.0,28.0,2021,,210355279,1,,58246340.0,1.0,,2.0,8.0,1.0,2.0,1.314183571,2.0,1.0,Q1 Lowest,,2.0,1.0,1.0,,2.0,1.0,Thailand,1.0,1,,,,,2.0,1.0,1.0,1.0,1.0,3.0,2.0,,1.0,2.0,,,1.0,1.0,2.0,1.0,THA,4.0,1.0,1.0,1.0,1.0,2.0,1,1.0,1.0,1.0,1.0,False,Female,23_29
22,1.0,2.0,1.0,East Asia & Pacific (excluding high income),2.0,1.0,1.0,2.0,2.0,2.0,,1,,,,,1.0,22.0,2021,,153946385,1,,58246340.0,,,2.0,4.0,1.0,2.0,0.484549483,1.0,1.0,Q3,,1.0,1.0,1.0,,1.0,2.0,Thailand,2.0,1,,,3.0,,,1.0,2.0,1.0,1.0,2.0,2.0,,1.0,1.0,,2.0,,1.0,1.0,1.0,THA,4.0,1.0,1.0,1.0,1.0,2.0,2,1.0,1.0,,1.0,False,Male,18_22
23,1.0,2.0,2.0,East Asia & Pacific (excluding high income),1.0,2.0,1.0,2.0,2.0,,1.0,1,,,,,1.0,17.0,2021,,163620002,1,,58246340.0,,2.0,1.0,8.0,2.0,2.0,2.248266621,2.0,,Q1 Lowest,,2.0,1.0,1.0,,1.0,1.0,Thailand,2.0,2,,,3.0,,2.0,1.0,2.0,0.0,0.0,,2.0,,1.0,,,,1.0,1.0,2.0,2.0,THA,4.0,4.0,1.0,3.0,1.0,2.0,1,2.0,1.0,1.0,,False,Female,17_or_less
24,1.0,2.0,1.0,East Asia & Pacific (excluding high income),1.0,1.0,1.0,2.0,2.0,3.0,,1,,,,,1.0,32.0,2021,,121949004,1,,58246340.0,1.0,,2.0,4.0,1.0,,1.312859013,2.0,2.0,Q5 Highest,,1.0,1.0,1.0,,,1.0,Thailand,1.0,1,,,,,,4.0,,1.0,1.0,3.0,2.0,,1.0,1.0,,3.0,,1.0,1.0,,THA,4.0,1.0,2.0,1.0,1.0,2.0,2,2.0,1.0,,1.0,False,Male,30_39
25,1.0,1.0,1.0,East Asia & Pacific (excluding high income),2.0,2.0,1.0,2.0,2.0,2.0,2.0,1,,,,,1.0,23.0,2021,,209813194,1,,58246340.0,,,3.0,2.0,,,0.894508062,1.0,2.0,Q3,,2.0,1.0,1.0,,,2.0,Thailand,2.0,1,,,3.0,,2.0,4.0,,1.0,1.0,1.0,2.0,,1.0,,,1.0,1.0,1.0,1.0,,THA,4.0,4.0,2.0,1.0,1.0,2.0,1,1.0,1.0,1.0,,False,Female,23_29
26,1.0,2.0,1.0,East Asia & Pacific (excluding high income),2.0,2.0,0.0,2.0,2.0,2.0,,1,,,,,2.0,18.0,2021,,179809468,1,,58246340.0,,,1.0,2.0,2.0,,3.689425568,1.0,2.0,Q1 Lowest,,2.0,1.0,1.0,,,2.0,Thailand,2.0,1,,,2.0,,,4.0,,1.0,1.0,2.0,2.0,,1.0,,,1.0,,1.0,1.0,,THA,4.0,4.0,2.0,1.0,1.0,2.0,1,1.0,2.0,,,False,Female,18_22
27,1.0,2.0,1.0,East Asia & Pacific (excluding high income),1.0,1.0,1.0,2.0,2.0,2.0,1.0,1,,,,,1.0,18.0,2021,,202025064,1,,58246340.0,,,2.0,2.0,2.0,,3.954351335,2.0,2.0,Q2,1.0,1.0,1.0,2.0,,2.0,1.0,Thailand,2.0,1,,,4.0,,1.0,2.0,2.0,0.0,1.0,2.0,2.0,,1.0,1.0,,1.0,2.0,1.0,2.0,2.0,THA,4.0,1.0,1.0,1.0,2.0,2.0,2,1.0,1.0,1.0,2.0,False,Male,18_22
28,1.0,2.0,2.0,East Asia & Pacific (excluding high income),1.0,1.0,1.0,2.0,2.0,,,1,,,,,2.0,40.0,2021,,180458293,1,,58246340.0,,,5.0,9.0,2.0,2.0,0.138056999,2.0,2.0,Q5 Highest,,1.0,2.0,1.0,,2.0,1.0,Thailand,2.0,1,,,,,,1.0,2.0,0.0,0.0,,1.0,1.0,1.0,2.0,2.0,,,1.0,1.0,1.0,THA,4.0,2.0,1.0,1.0,1.0,2.0,2,1.0,2.0,,2.0,False,Male,40_49
29,1.0,2.0,2.0,East Asia & Pacific (excluding high income),1.0,2.0,1.0,2.0,2.0,2.0,,1,,,,,1.0,45.0,2021,,203237558,1,,58246340.0,,,3.0,5.0,1.0,,0.560958796,2.0,2.0,Q4,,2.0,1.0,1.0,,,2.0,Thailand,2.0,1,,,3.0,,,4.0,,0.0,0.0,,2.0,,1.0,,,2.0,,1.0,1.0,,THA,4.0,4.0,2.0,1.0,1.0,2.0,1,1.0,2.0,,,False,Female,40_49
30,1.0,2.0,1.0,East Asia & Pacific (excluding high income),1.0,1.0,1.0,2.0,2.0,3.0,,1,,,,,1.0,21.0,2021,,164478595,1,,58246340.0,,,2.0,2.0,1.0,,0.988370097,1.0,2.0,Q5 Highest,,1.0,2.0,2.0,,,1.0,Thailand,2.0,1,,,2.0,,,4.0,,1.0,1.0,3.0,2.0,,1.0,2.0,,2.0,,1.0,1.0,,THA,4.0,1.0,2.0,1.0,1.0,2.0,2,1.0,1.0,,1.0,False,Male,18_22
31,1.0,2.0,1.0,East Asia & Pacific (excluding high income),1.0,1.0,1.0,2.0,2.0,3.0,1.0,1,,,,,1.0,22.0,2021,,178905768,1,,58246340.0,,,3.0,2.0,2.0,2.0,0.439869775,1.0,2.0,Q3,,1.0,1.0,1.0,,2.0,1.0,Thailand,2.0,1,,,,,2.0,1.0,2.0,1.0,1.0,1.0,2.0,,1.0,1.0,,3.0,1.0,1.0,1.0,1.0,THA,4.0,1.0,1.0,1.0,1.0,2.0,1,1.0,1.0,1.0,1.0,False,Female,18_22
32,1.0,1.0,2.0,East Asia & Pacific (excluding high income),2.0,1.0,0.0,2.0,2.0,1.0,,1,,,,,1.0,41.0,2021,,181646671,1,,58246340.0,,,1.0,2.0,2.0,2.0,3.439763935,1.0,2.0,Q4,,1.0,2.0,1.0,,2.0,2.0,Thailand,2.0,1,,,1.0,,,1.0,2.0,1.0,1.0,,2.0,1.0,1.0,2.0,,1.0,,1.0,1.0,1.0,THA,4.0,2.0,1.0,1.0,1.0,2.0,2,1.0,1.0,,2.0,False,Male,40_49
33,1.0,2.0,1.0,East Asia & Pacific (excluding high income),2.0,2.0,1.0,2.0,2.0,3.0,,1,,,,,1.0,20.0,2021,,162597429,1,,58246340.0,,,2.0,2.0,1.0,,0.439869775,2.0,1.0,Q1 Lowest,1.0,1.0,1.0,1.0,,2.0,1.0,Thailand,2.0,1,,,,,,2.0,2.0,1.0,0.0,3.0,2.0,,2.0,,,3.0,,0.0,,2.0,THA,4.0,4.0,1.0,4.0,1.0,2.0,1,,2.0,,,False,Female,18_22
34,1.0,2.0,2.0,East Asia & Pacific (excluding high income),1.0,2.0,1.0,2.0,2.0,1.0,,1,,,,,2.0,57.0,2021,,136947154,1,,58246340.0,,,1.0,2.0,,,0.498550996,1.0,2.0,Q1 Lowest,1.0,2.0,2.0,1.0,,2.0,2.0,Thailand,2.0,1,,,3.0,,,2.0,2.0,1.0,1.0,,2.0,,1.0,,,1.0,,1.0,1.0,2.0,THA,4.0,4.0,1.0,1.0,1.0,2.0,1,1.0,2.0,,,False,Female,50_59
35,1.0,2.0,2.0,East Asia & Pacific (excluding high income),2.0,1.0,0.0,2.0,1.0,2.0,,1,2.0,2.0,1.0,1.0,,40.0,2021,2.0,136151491,1,2.0,58246340.0,,,2.0,2.0,,,1.357969716,2.0,,Q3,1.0,2.0,,1.0,1.0,2.0,2.0,Thailand,,2,1.0,,3.0,,,2.0,2.0,0.0,0.0,,2.0,1.0,2.0,2.0,,1.0,,0.0,,2.0,THA,1.0,2.0,1.0,4.0,,2.0,1,,2.0,,2.0,False,Female,40_49
36,1.0,2.0,2.0,East Asia & Pacific (excluding high income),1.0,1.0,1.0,2.0,2.0,3.0,,1,,,,,2.0,50.0,2021,,141276749,1,,58246340.0,,,3.0,2.0,2.0,2.0,0.350293803,1.0,2.0,Q4,,1.0,1.0,1.0,,2.0,1.0,Thailand,2.0,1,,,,,,1.0,2.0,0.0,1.0,,2.0,1.0,1.0,2.0,,3.0,,1.0,1.0,1.0,THA,4.0,2.0,1.0,1.0,1.0,2.0,2,2.0,2.0,,2.0,False,Male,50_59
37,1.0,2.0,2.0,East Asia & Pacific (excluding high income),1.0,2.0,1.0,2.0,2.0,1.0,,1,,,,,2.0,42.0,2021,,159343129,1,,58246340.0,,,1.0,2.0,2.0,,0.514490215,1.0,,Q3,,2.0,1.0,1.0,,,2.0,Thailand,2.0,2,,,,,,4.0,,0.0,1.0,,2.0,,2.0,,,1.0,,0.0,,,THA,4.0,4.0,2.0,4.0,1.0,2.0,1,,2.0,,,False,Female,40_49
38,1.0,2.0,1.0,East Asia & Pacific (excluding high income),1.0,2.0,1.0,2.0,2.0,2.0,1.0,1,,,,,1.0,38.0,2021,,209362150,1,,58246340.0,,,1.0,2.0,1.0,3.0,0.462325869,1.0,2.0,Q5 Highest,,1.0,1.0,1.0,,3.0,1.0,Thailand,2.0,1,,,,,2.0,1.0,1.0,1.0,1.0,2.0,2.0,,1.0,,,2.0,1.0,1.0,1.0,1.0,THA,4.0,4.0,1.0,1.0,1.0,2.0,2,2.0,1.0,1.0,,False,Male,30_39
39,1.0,2.0,1.0,East Asia & Pacific (excluding high income),1.0,1.0,1.0,2.0,2.0,3.0,,1,,,,,1.0,52.0,2021,,185843875,1,,58246340.0,1.0,,3.0,1.0,1.0,2.0,0.404584751,2.0,2.0,Q4,,1.0,1.0,1.0,,1.0,1.0,Thailand,1.0,1,,,,,,1.0,2.0,1.0,1.0,2.0,2.0,1.0,1.0,2.0,,3.0,,1.0,1.0,1.0,THA,4.0,2.0,1.0,1.0,1.0,2.0,2,1.0,1.0,,2.0,False,Male,50_59
40,1.0,2.0,1.0,East Asia & Pacific (excluding high income),1.0,1.0,1.0,2.0,2.0,3.0,1.0,1,,,,,1.0,60.0,2021,,145540887,1,,58246340.0,,,3.0,1.0,2.0,2.0,0.138056999,2.0,1.0,Q3,,1.0,1.0,1.0,,2.0,1.0,Thailand,2.0,1,,,,,2.0,1.0,1.0,1.0,0.0,3.0,2.0,,1.0,1.0,,3.0,1.0,1.0,2.0,1.0,THA,4.0,1.0,1.0,1.0,1.0,2.0,2,1.0,1.0,1.0,1.0,False,Male,60_69
41,1.0,2.0,2.0,East Asia & Pacific (excluding high income),2.0,2.0,0.0,2.0,2.0,2.0,,1,,,,,2.0,40.0,2021,,113995745,1,,58246340.0,,,2.0,5.0,2.0,2.0,1.27787695,2.0,,Q3,,2.0,1.0,1.0,,2.0,2.0,Thailand,2.0,2,,,,,,1.0,2.0,0.0,0.0,,2.0,,2.0,,,2.0,,0.0,,1.0,THA,4.0,4.0,1.0,4.0,1.0,2.0,2,,2.0,,,False,Male,40_49
42,1.0,2.0,2.0,East Asia & Pacific (excluding high income),1.0,1.0,1.0,2.0,2.0,3.0,,1,,,,,1.0,45.0,2021,,206415577,1,,58246340.0,,,3.0,1.0,3.0,2.0,0.146375593,2.0,,Q5 Highest,,2.0,1.0,1.0,,2.0,1.0,Thailand,2.0,2,,,,,,1.0,2.0,1.0,0.0,,2.0,,1.0,1.0,,3.0,,1.0,1.0,1.0,THA,4.0,1.0,1.0,1.0,1.0,2.0,2,2.0,1.0,,2.0,False,Male,40_49
43,1.0,2.0,1.0,East Asia & Pacific (excluding high income),1.0,1.0,1.0,2.0,2.0,3.0,1.0,1,,,,,1.0,40.0,2021,,204747746,1,,58246340.0,,,3.0,2.0,1.0,1.0,0.640126926,2.0,2.0,Q5 Highest,,1.0,1.0,1.0,,1.0,1.0,Thailand,2.0,1,,,,,2.0,1.0,2.0,1.0,0.0,3.0,2.0,,1.0,1.0,,3.0,1.0,1.0,1.0,1.0,THA,4.0,1.0,1.0,1.0,1.0,2.0,1,1.0,1.0,2.0,1.0,False,Female,40_49
44,1.0,2.0,1.0,East Asia & Pacific (excluding high income),1.0,1.0,1.0,2.0,2.0,3.0,,1,,,,,1.0,39.0,2021,,146894031,1,,58246340.0,,,3.0,2.0,2.0,,0.634738303,2.0,,Q3,,2.0,1.0,1.0,,,1.0,Thailand,2.0,2,,,,,,4.0,,1.0,0.0,3.0,2.0,1.0,1.0,2.0,,1.0,,1.0,1.0,,THA,4.0,2.0,2.0,1.0,1.0,2.0,1,1.0,1.0,,2.0,False,Female,30_39
45,1.0,2.0,2.0,East Asia & Pacific (excluding high income),2.0,1.0,0.0,2.0,2.0,2.0,,1,,,,,2.0,36.0,2021,,179875063,1,,58246340.0,,,3.0,2.0,2.0,2.0,0.565962403,1.0,,Q3,,2.0,2.0,1.0,,2.0,2.0,Thailand,2.0,2,,,3.0,,,1.0,2.0,0.0,1.0,,2.0,1.0,2.0,2.0,,1.0,,0.0,,1.0,THA,4.0,2.0,1.0,4.0,1.0,2.0,2,,2.0,,2.0,False,Male,30_39
46,1.0,2.0,1.0,East Asia & Pacific (excluding high income),1.0,1.0,1.0,2.0,2.0,3.0,1.0,1,,,,,1.0,50.0,2021,,148792120,1,,58246340.0,1.0,,3.0,6.0,1.0,2.0,0.404584751,2.0,1.0,Q4,,2.0,1.0,1.0,,2.0,1.0,Thailand,1.0,1,,,,,2.0,1.0,2.0,1.0,1.0,1.0,2.0,,1.0,1.0,,3.0,1.0,1.0,1.0,1.0,THA,4.0,1.0,1.0,1.0,1.0,2.0,2,2.0,1.0,2.0,2.0,False,Male,50_59
47,1.0,2.0,1.0,East Asia & Pacific (excluding high income),1.0,1.0,1.0,2.0,2.0,3.0,,1,,,,,1.0,18.0,2021,,185956387,1,,58246340.0,,,2.0,2.0,1.0,2.0,1.800854349,2.0,1.0,Q2,,1.0,1.0,2.0,,1.0,2.0,Thailand,2.0,1,,,1.0,,,1.0,2.0,1.0,0.0,3.0,2.0,,1.0,1.0,,2.0,,1.0,1.0,1.0,THA,4.0,1.0,1.0,1.0,1.0,2.0,2,2.0,1.0,,1.0,False,Male,18_22
48,1.0,2.0,2.0,East Asia & Pacific (excluding high income),2.0,1.0,0.0,2.0,1.0,2.0,,1,2.0,,2.0,,2.0,37.0,2021,,144020195,1,,58246340.0,,1.0,1.0,2.0,,,0.447294941,2.0,,Q3,,1.0,2.0,2.0,,,2.0,Thailand,2.0,2,,,1.0,1.0,,4.0,,1.0,0.0,,2.0,1.0,1.0,2.0,,1.0,,0.0,2.0,,THA,2.0,2.0,2.0,2.0,2.0,2.0,2,2.0,2.0,,2.0,False,Male,30_39
49,1.0,2.0,1.0,East Asia & Pacific (excluding high income),1.0,1.0,1.0,2.0,2.0,2.0,,1,,,,,1.0,45.0,2021,,161639087,1,,58246340.0,,,2.0,3.0,1.0,2.0,1.427554488,1.0,2.0,Q4,,2.0,1.0,1.0,,1.0,1.0,Thailand,2.0,1,,,,,,1.0,2.0,1.0,1.0,3.0,2.0,,1.0,1.0,,1.0,,1.0,2.0,1.0,THA,4.0,1.0,1.0,1.0,1.0,2.0,1,1.0,1.0,,1.0,False,Female,40_49
50,1.0,2.0,2.0,East Asia & Pacific (excluding high income),2.0,1.0,0.0,2.0,2.0,,,1,,,,,2.0,40.0,2021,,167018442,1,,58246340.0,,,1.0,9.0,3.0,,0.514490215,2.0,1.0,Q1 Lowest,,2.0,2.0,1.0,,,2.0,Thailand,2.0,1,,,4.0,,,4.0,,0.0,0.0,,2.0,1.0,1.0,2.0,,,,1.0,1.0,,THA,4.0,2.0,2.0,1.0,1.0,2.0,1,2.0,2.0,,2.0,False,Female,40_49
51,1.0,2.0,2.0,East Asia & Pacific (excluding high income),1.0,1.0,1.0,2.0,2.0,1.0,,1,,,,,2.0,24.0,2021,,208977030,1,,58246340.0,,,3.0,2.0,,,0.573004685,2.0,,Q2,,2.0,2.0,2.0,,,2.0,Thailand,2.0,2,,,,,,4.0,,0.0,0.0,,2.0,1.0,2.0,2.0,,1.0,,0.0,,,THA,4.0,2.0,2.0,4.0,2.0,2.0,1,,1.0,,2.0,False,Female,23_29
52,1.0,2.0,2.0,East Asia & Pacific (excluding high income),2.0,2.0,0.0,2.0,1.0,4.0,,1,2.0,,2.0,,2.0,50.0,2021,,131075724,1,,58246340.0,2.0,,1.0,2.0,2.0,,0.436942545,2.0,,Q3,,2.0,1.0,1.0,,,2.0,Thailand,1.0,2,,,,1.0,,4.0,,0.0,0.0,,2.0,,1.0,,,2.0,,0.0,2.0,,THA,2.0,4.0,2.0,1.0,1.0,2.0,2,1.0,2.0,,,False,Male,50_59
53,1.0,2.0,1.0,East Asia & Pacific (excluding high income),1.0,1.0,1.0,2.0,2.0,3.0,1.0,1,,,,,1.0,31.0,2021,,179710047,1,,58246340.0,1.0,,3.0,2.0,1.0,2.0,0.193616866,1.0,2.0,Q5 Highest,,1.0,1.0,1.0,,2.0,1.0,Thailand,1.0,1,,,2.0,,2.0,1.0,2.0,1.0,1.0,3.0,1.0,,1.0,1.0,2.0,3.0,1.0,1.0,2.0,1.0,THA,4.0,1.0,1.0,1.0,1.0,2.0,1,1.0,1.0,1.0,1.0,False,Female,30_39
54,1.0,2.0,2.0,East Asia & Pacific (excluding high income),1.0,1.0,1.0,2.0,2.0,3.0,,1,,,,,1.0,52.0,2021,,200846495,1,,58246340.0,1.0,,3.0,2.0,1.0,,0.146375593,2.0,2.0,Q5 Highest,,2.0,1.0,1.0,,,1.0,Thailand,1.0,1,,,,,,4.0,,1.0,1.0,,2.0,,2.0,1.0,,3.0,,0.0,,,THA,4.0,1.0,2.0,4.0,1.0,1.0,2,,1.0,,2.0,False,Male,50_59
55,1.0,2.0,2.0,East Asia & Pacific (excluding high income),2.0,2.0,0.0,2.0,2.0,1.0,,1,,,,,1.0,26.0,2021,,120616344,1,,58246340.0,,,2.0,2.0,2.0,2.0,1.361901691,1.0,,Q2,,2.0,2.0,1.0,,2.0,2.0,Thailand,2.0,2,,,,,,1.0,2.0,0.0,1.0,,2.0,,1.0,,,1.0,,1.0,1.0,1.0,THA,4.0,4.0,1.0,1.0,1.0,2.0,1,1.0,2.0,,,False,Female,23_29
56,1.0,2.0,1.0,East Asia & Pacific (excluding high income),1.0,2.0,1.0,2.0,2.0,2.0,1.0,1,,,,,1.0,37.0,2021,,170189268,1,,58246340.0,,,3.0,1.0,1.0,,0.227863973,2.0,1.0,Q5 Highest,,2.0,1.0,1.0,,,1.0,Thailand,2.0,1,,,,,2.0,4.0,,1.0,0.0,1.0,2.0,,1.0,,,2.0,1.0,1.0,1.0,,THA,4.0,4.0,2.0,1.0,1.0,2.0,1,2.0,1.0,1.0,,False,Female,30_39
57,1.0,2.0,1.0,East Asia & Pacific (excluding high income),2.0,1.0,1.0,2.0,2.0,2.0,,1,,,,,2.0,35.0,2021,,163346215,1,,58246340.0,,,1.0,4.0,,,0.868417419,2.0,2.0,Q1 Lowest,,2.0,2.0,1.0,,,1.0,Thailand,2.0,1,,,1.0,,,4.0,,0.0,1.0,2.0,2.0,1.0,1.0,2.0,,1.0,,0.0,2.0,,THA,4.0,2.0,2.0,1.0,2.0,2.0,1,1.0,2.0,,2.0,False,Female,30_39
58,1.0,2.0,1.0,East Asia & Pacific (excluding high income),1.0,1.0,1.0,2.0,2.0,3.0,1.0,1,,,,,1.0,40.0,2021,,117579517,1,,58246340.0,1.0,,2.0,1.0,1.0,,0.158649626,2.0,1.0,Q4,,1.0,1.0,1.0,,,1.0,Thailand,1.0,1,,,1.0,,2.0,4.0,,1.0,1.0,3.0,1.0,,1.0,1.0,2.0,3.0,1.0,1.0,1.0,,THA,4.0,1.0,2.0,1.0,1.0,2.0,1,2.0,1.0,1.0,1.0,False,Female,40_49
59,1.0,2.0,1.0,East Asia & Pacific (excluding high income),1.0,1.0,1.0,2.0,1.0,3.0,,1,1.0,,1.0,,1.0,50.0,2021,,161323038,1,,58246340.0,1.0,,3.0,1.0,1.0,2.0,0.157862851,2.0,2.0,Q5 Highest,,1.0,1.0,1.0,,2.0,1.0,Thailand,1.0,1,,,,,,1.0,2.0,1.0,1.0,1.0,1.0,,1.0,1.0,2.0,3.0,,1.0,1.0,1.0,THA,1.0,1.0,1.0,1.0,1.0,2.0,2,2.0,1.0,,1.0,False,Male,50_59
60,1.0,2.0,1.0,East Asia & Pacific (excluding high income),2.0,2.0,0.0,2.0,2.0,,,1,,2.0,,2.0,,38.0,2021,2.0,115067983,0,2.0,58246340.0,,,5.0,7.0,,,0.545490711,2.0,,Q1 Lowest,,1.0,,1.0,1.0,,2.0,Thailand,,2,2.0,,,,,4.0,,1.0,0.0,5.0,2.0,,1.0,,,,,1.0,1.0,,THA,4.0,4.0,2.0,1.0,,2.0,2,2.0,2.0,,,False,Male,30_39
61,1.0,2.0,1.0,East Asia & Pacific (excluding high income),1.0,1.0,1.0,2.0,2.0,3.0,1.0,1,,,,,1.0,26.0,2021,,184126584,1,,58246340.0,1.0,,3.0,2.0,1.0,2.0,0.315192068,2.0,2.0,Q5 Highest,,1.0,1.0,1.0,,1.0,1.0,Thailand,1.0,1,,,2.0,,2.0,1.0,2.0,1.0,1.0,3.0,2.0,,1.0,1.0,,3.0,1.0,1.0,2.0,1.0,THA,4.0,1.0,1.0,1.0,1.0,2.0,1,1.0,1.0,1.0,1.0,False,Female,23_29
62,1.0,2.0,1.0,East Asia & Pacific (excluding high income),1.0,1.0,1.0,2.0,2.0,2.0,1.0,1,,,,,1.0,,2021,,199048077,1,,58246340.0,1.0,,3.0,2.0,,2.0,0.172706162,2.0,1.0,Q3,,2.0,1.0,1.0,,2.0,1.0,Thailand,1.0,1,,,3.0,,2.0,1.0,2.0,1.0,1.0,3.0,2.0,,1.0,1.0,,2.0,2.0,1.0,2.0,1.0,THA,4.0,1.0,1.0,1.0,2.0,2.0,2,1.0,1.0,1.0,2.0,False,Male,
63,1.0,2.0,1.0,East Asia & Pacific (excluding high income),1.0,1.0,1.0,2.0,2.0,3.0,,1,,,,,1.0,46.0,2021,,202932078,1,,58246340.0,1.0,,3.0,2.0,2.0,1.0,0.239457964,2.0,2.0,Q5 Highest,,1.0,1.0,1.0,,1.0,1.0,Thailand,1.0,1,,,1.0,,,1.0,2.0,1.0,1.0,1.0,2.0,,1.0,2.0,,3.0,,1.0,1.0,1.0,THA,4.0,1.0,1.0,1.0,1.0,2.0,1,2.0,1.0,,1.0,False,Female,40_49
64,1.0,2.0,1.0,East Asia & Pacific (excluding high income),1.0,1.0,1.0,2.0,1.0,3.0,1.0,1,2.0,,2.0,,1.0,22.0,2021,,161001137,1,,58246340.0,,,3.0,2.0,1.0,,0.309597896,2.0,1.0,Q4,,1.0,1.0,1.0,,,1.0,Thailand,2.0,1,,,,1.0,2.0,4.0,,1.0,0.0,1.0,2.0,,1.0,1.0,,2.0,1.0,1.0,1.0,,THA,2.0,1.0,2.0,1.0,1.0,2.0,2,1.0,1.0,2.0,1.0,False,Male,18_22
65,1.0,2.0,1.0,East Asia & Pacific (excluding high income),1.0,1.0,1.0,2.0,2.0,1.0,1.0,1,,,,,1.0,40.0,2021,,182186726,1,,58246340.0,,,2.0,4.0,2.0,2.0,0.145900586,2.0,2.0,Q5 Highest,,2.0,1.0,1.0,,2.0,1.0,Thailand,2.0,1,,,2.0,,2.0,1.0,2.0,1.0,1.0,2.0,2.0,1.0,1.0,2.0,,1.0,2.0,1.0,1.0,1.0,THA,4.0,2.0,1.0,1.0,1.0,1.0,1,1.0,2.0,1.0,2.0,False,Female,40_49
66,1.0,2.0,1.0,East Asia & Pacific (excluding high income),1.0,1.0,1.0,2.0,2.0,2.0,,1,,,,,1.0,37.0,2021,,186277728,1,,58246340.0,,,2.0,2.0,1.0,,0.167033585,2.0,1.0,Q5 Highest,,2.0,1.0,1.0,,,1.0,Thailand,2.0,1,,,1.0,,,4.0,,1.0,0.0,1.0,2.0,,1.0,2.0,,1.0,,0.0,2.0,,THA,4.0,1.0,2.0,1.0,1.0,2.0,2,1.0,1.0,,1.0,False,Male,30_39
67,1.0,2.0,1.0,East Asia & Pacific (excluding high income),1.0,2.0,1.0,2.0,2.0,2.0,,1,,,,,1.0,40.0,2021,,183847846,1,,58246340.0,1.0,,3.0,5.0,2.0,2.0,0.138056999,2.0,1.0,Q4,,2.0,1.0,1.0,,1.0,2.0,Thailand,1.0,1,,,1.0,,,1.0,2.0,1.0,1.0,1.0,2.0,,1.0,,,1.0,,1.0,1.0,1.0,THA,4.0,4.0,1.0,1.0,1.0,2.0,2,1.0,1.0,,,False,Male,40_49
68,1.0,2.0,1.0,East Asia & Pacific (excluding high income),1.0,1.0,1.0,2.0,2.0,2.0,2.0,1,,,,,1.0,51.0,2021,,132442743,1,,58246340.0,,,2.0,3.0,1.0,2.0,0.412110893,1.0,1.0,Q2,,2.0,1.0,1.0,,2.0,2.0,Thailand,2.0,1,,,1.0,,2.0,1.0,2.0,1.0,1.0,3.0,1.0,1.0,2.0,2.0,2.0,1.0,2.0,1.0,,1.0,THA,4.0,2.0,1.0,4.0,1.0,2.0,1,,1.0,2.0,2.0,False,Female,50_59
69,1.0,2.0,2.0,East Asia & Pacific (excluding high income),1.0,1.0,1.0,2.0,1.0,4.0,,1,2.0,,2.0,,1.0,58.0,2021,,166820247,1,,58246340.0,,,3.0,4.0,2.0,2.0,0.138056999,2.0,,Q5 Highest,,1.0,1.0,1.0,,2.0,1.0,Thailand,2.0,2,,,1.0,1.0,,1.0,2.0,0.0,0.0,,2.0,,1.0,1.0,,2.0,,1.0,1.0,1.0,THA,2.0,1.0,1.0,1.0,1.0,2.0,2,2.0,1.0,,2.0,False,Male,50_59
70,1.0,1.0,1.0,East Asia & Pacific (excluding high income),1.0,1.0,1.0,2.0,2.0,3.0,1.0,1,,,,,1.0,46.0,2021,,128334405,1,,58246340.0,,,3.0,2.0,1.0,,0.14740566,2.0,,Q3,,2.0,1.0,1.0,,,1.0,Thailand,2.0,2,,,,,2.0,4.0,,1.0,1.0,1.0,2.0,,1.0,2.0,,3.0,1.0,1.0,1.0,,THA,4.0,1.0,2.0,1.0,1.0,1.0,2,2.0,1.0,1.0,1.0,False,Male,40_49
71,1.0,2.0,2.0,East Asia & Pacific (excluding high income),1.0,1.0,1.0,2.0,2.0,3.0,,1,,,,,2.0,43.0,2021,,189746346,1,,58246340.0,,,1.0,2.0,2.0,,1.007318148,1.0,2.0,Q2,,2.0,1.0,1.0,,,1.0,Thailand,2.0,1,,,,,,4.0,,0.0,1.0,,2.0,1.0,1.0,2.0,,2.0,,1.0,1.0,,THA,4.0,2.0,2.0,1.0,1.0,2.0,2,2.0,2.0,,2.0,False,Male,40_49
72,1.0,2.0,2.0,East Asia & Pacific (excluding high income),2.0,1.0,1.0,1.0,2.0,3.0,,1,,,,,1.0,67.0,2021,,181907228,1,,58246340.0,,,2.0,2.0,1.0,,0.513440101,2.0,1.0,Q3,,2.0,1.0,2.0,,,1.0,Thailand,2.0,1,,,,,,4.0,,0.0,0.0,,1.0,,1.0,1.0,2.0,3.0,,1.0,1.0,,THA,4.0,1.0,2.0,1.0,1.0,2.0,2,2.0,2.0,,2.0,False,Male,60_69
73,1.0,2.0,1.0,East Asia & Pacific (excluding high income),1.0,1.0,1.0,2.0,2.0,3.0,,1,,,,,1.0,50.0,2021,,139393845,1,,58246340.0,1.0,,3.0,1.0,1.0,1.0,0.157862851,2.0,1.0,Q5 Highest,,1.0,1.0,1.0,,2.0,1.0,Thailand,1.0,1,,,,,,1.0,2.0,1.0,1.0,1.0,1.0,,1.0,1.0,2.0,3.0,,1.0,1.0,1.0,THA,4.0,1.0,1.0,1.0,1.0,1.0,2,1.0,1.0,,2.0,False,Male,50_59
74,1.0,2.0,2.0,East Asia & Pacific (excluding high income),1.0,1.0,1.0,1.0,2.0,3.0,,1,,,,,2.0,67.0,2021,,195599671,1,,58246340.0,,,2.0,2.0,2.0,2.0,2.140772605,2.0,2.0,Q4,,1.0,2.0,2.0,,2.0,1.0,Thailand,2.0,1,,,,,,1.0,1.0,1.0,0.0,,2.0,1.0,2.0,2.0,,3.0,,0.0,2.0,1.0,THA,4.0,2.0,1.0,4.0,1.0,2.0,2,1.0,2.0,,2.0,False,Male,60_69
75,1.0,2.0,1.0,East Asia & Pacific (excluding high income),2.0,1.0,1.0,2.0,2.0,3.0,,1,,,,,1.0,45.0,2021,,124736053,1,,58246340.0,,,3.0,3.0,1.0,2.0,0.193518674,2.0,,Q5 Highest,,2.0,1.0,1.0,,2.0,2.0,Thailand,2.0,2,,,,,,1.0,2.0,1.0,0.0,2.0,2.0,,2.0,1.0,,3.0,,0.0,,1.0,THA,4.0,1.0,1.0,4.0,1.0,2.0,2,,1.0,,1.0,False,Male,40_49
76,1.0,2.0,2.0,East Asia & Pacific (excluding high income),2.0,1.0,1.0,2.0,2.0,,,1,,,,,1.0,32.0,2021,,204692630,1,,58246340.0,,,1.0,8.0,1.0,2.0,2.332635807,1.0,2.0,Q1 Lowest,,1.0,1.0,2.0,,1.0,2.0,Thailand,2.0,1,,,4.0,,,1.0,2.0,0.0,1.0,,2.0,1.0,1.0,2.0,,,,1.0,2.0,1.0,THA,4.0,2.0,1.0,1.0,1.0,2.0,2,1.0,1.0,,2.0,False,Male,30_39
77,1.0,2.0,1.0,East Asia & Pacific (excluding high income),2.0,1.0,1.0,2.0,2.0,3.0,1.0,1,,,,,1.0,45.0,2021,,202618034,1,,58246340.0,1.0,2.0,3.0,6.0,1.0,2.0,0.138056999,2.0,1.0,Q4,,1.0,1.0,1.0,,2.0,2.0,Thailand,1.0,1,,,1.0,,2.0,1.0,2.0,1.0,1.0,3.0,1.0,,1.0,2.0,2.0,2.0,1.0,1.0,2.0,1.0,THA,4.0,1.0,1.0,3.0,1.0,2.0,1,2.0,1.0,2.0,1.0,False,Female,40_49
78,1.0,2.0,2.0,East Asia & Pacific (excluding high income),1.0,1.0,1.0,2.0,2.0,3.0,,1,,,,,2.0,52.0,2021,,123757747,1,,58246340.0,1.0,,3.0,2.0,,2.0,0.207715802,2.0,,Q4,,2.0,2.0,2.0,,2.0,1.0,Thailand,1.0,2,,,1.0,,,1.0,2.0,1.0,1.0,,2.0,1.0,2.0,2.0,,3.0,,0.0,,1.0,THA,4.0,2.0,1.0,4.0,1.0,2.0,1,,2.0,,2.0,False,Female,50_59
79,1.0,2.0,1.0,East Asia & Pacific (excluding high income),1.0,1.0,1.0,2.0,2.0,3.0,1.0,1,,,,,1.0,29.0,2021,,193993677,1,,58246340.0,,,2.0,2.0,1.0,,0.386514799,1.0,2.0,Q5 Highest,,1.0,1.0,1.0,,,2.0,Thailand,2.0,1,,,2.0,,2.0,4.0,,1.0,1.0,3.0,2.0,,1.0,2.0,,2.0,1.0,1.0,1.0,,THA,4.0,1.0,2.0,1.0,1.0,2.0,2,1.0,1.0,1.0,1.0,False,Male,23_29
80,1.0,2.0,1.0,East Asia & Pacific (excluding high income),1.0,2.0,1.0,2.0,2.0,3.0,,1,,,,,2.0,37.0,2021,,173201821,1,,58246340.0,2.0,,2.0,2.0,3.0,1.0,1.924976344,2.0,2.0,Q5 Highest,,2.0,2.0,1.0,,1.0,1.0,Thailand,1.0,1,,,,,,1.0,2.0,0.0,0.0,2.0,2.0,,2.0,,,3.0,,1.0,,1.0,THA,4.0,4.0,1.0,4.0,1.0,2.0,2,,2.0,,,False,Male,30_39
81,1.0,2.0,2.0,East Asia & Pacific (excluding high income),1.0,1.0,1.0,2.0,2.0,,,1,,,,,1.0,35.0,2021,,128555633,1,,58246340.0,1.0,,3.0,8.0,1.0,3.0,0.287278596,2.0,2.0,Q1 Lowest,,2.0,1.0,1.0,,2.0,1.0,Thailand,1.0,1,,,,,,1.0,3.0,1.0,1.0,,2.0,,2.0,2.0,,,,0.0,,1.0,THA,4.0,1.0,1.0,4.0,1.0,2.0,2,,1.0,,1.0,False,Male,30_39
82,1.0,2.0,1.0,East Asia & Pacific (excluding high income),1.0,1.0,1.0,2.0,2.0,,,1,,,,,1.0,50.0,2021,,203060231,1,,58246340.0,1.0,,3.0,7.0,2.0,2.0,0.157862851,2.0,2.0,Q5 Highest,,2.0,1.0,1.0,,2.0,1.0,Thailand,1.0,1,,,,,,1.0,1.0,1.0,1.0,1.0,2.0,,1.0,1.0,,,,1.0,1.0,1.0,THA,4.0,1.0,1.0,1.0,1.0,2.0,2,2.0,1.0,,2.0,False,Male,50_59
83,1.0,2.0,2.0,East Asia & Pacific (excluding high income),1.0,2.0,1.0,2.0,2.0,2.0,,1,,,,,2.0,,2021,,154694059,1,,58246340.0,,,3.0,2.0,1.0,,0.634738303,1.0,,Q5 Highest,,1.0,2.0,1.0,,,2.0,Thailand,2.0,2,,,1.0,,,4.0,,0.0,1.0,,2.0,,2.0,,,2.0,,0.0,,,THA,4.0,4.0,2.0,4.0,1.0,2.0,1,,2.0,,,False,Female,
84,1.0,2.0,2.0,East Asia & Pacific (excluding high income),1.0,1.0,1.0,2.0,2.0,,,1,,,,,2.0,38.0,2021,,186679679,1,,58246340.0,,,2.0,9.0,,2.0,0.180142039,2.0,1.0,Q4,,1.0,2.0,1.0,,2.0,1.0,Thailand,2.0,1,,,,,,1.0,2.0,1.0,0.0,,2.0,,1.0,1.0,,,,1.0,1.0,1.0,THA,4.0,1.0,1.0,1.0,4.0,2.0,2,1.0,2.0,,2.0,False,Male,30_39
85,1.0,2.0,2.0,East Asia & Pacific (excluding high income),1.0,1.0,1.0,2.0,2.0,3.0,,1,,,,,1.0,28.0,2021,,130051556,1,,58246340.0,,,1.0,3.0,1.0,,5.714441691,2.0,2.0,Q3,,1.0,1.0,2.0,,,1.0,Thailand,2.0,1,,,1.0,,,4.0,,1.0,0.0,,2.0,1.0,1.0,2.0,,3.0,,1.0,1.0,,THA,4.0,2.0,2.0,1.0,1.0,2.0,2,2.0,1.0,,2.0,False,Male,23_29
86,1.0,2.0,1.0,East Asia & Pacific (excluding high income),2.0,1.0,0.0,2.0,2.0,2.0,2.0,1,,,,,1.0,27.0,2021,,118085325,1,,58246340.0,,,3.0,2.0,2.0,2.0,2.248682471,2.0,1.0,Q3,,1.0,1.0,1.0,,2.0,2.0,Thailand,2.0,1,,,2.0,,2.0,1.0,2.0,1.0,0.0,1.0,2.0,1.0,1.0,2.0,,1.0,1.0,1.0,2.0,1.0,THA,4.0,2.0,1.0,1.0,1.0,2.0,1,1.0,1.0,2.0,2.0,False,Female,23_29
87,1.0,2.0,1.0,East Asia & Pacific (excluding high income),1.0,1.0,1.0,2.0,2.0,3.0,1.0,1,,,,,1.0,46.0,2021,,167835113,1,,58246340.0,,,5.0,5.0,1.0,1.0,2.12898946,2.0,1.0,Q3,,2.0,1.0,1.0,,1.0,1.0,Thailand,2.0,1,,,,,2.0,1.0,2.0,1.0,0.0,3.0,2.0,,1.0,1.0,,3.0,1.0,1.0,2.0,1.0,THA,4.0,1.0,1.0,1.0,1.0,2.0,2,1.0,1.0,1.0,1.0,False,Male,40_49
88,1.0,2.0,1.0,East Asia & Pacific (excluding high income),2.0,1.0,0.0,2.0,2.0,,,1,,,,,1.0,50.0,2021,,151060357,1,,58246340.0,,,3.0,8.0,1.0,2.0,0.138056999,1.0,,Q2,,2.0,1.0,1.0,,2.0,2.0,Thailand,2.0,2,,,3.0,,,1.0,2.0,1.0,1.0,2.0,2.0,1.0,1.0,2.0,,,,1.0,1.0,1.0,THA,4.0,2.0,1.0,1.0,1.0,2.0,1,2.0,1.0,,2.0,False,Female,50_59
89,1.0,2.0,1.0,East Asia & Pacific (excluding high income),1.0,1.0,1.0,2.0,2.0,2.0,1.0,1,,,,,1.0,35.0,2021,,140337346,1,,58246340.0,,,2.0,2.0,2.0,2.0,0.212842225,1.0,,Q2,,1.0,1.0,1.0,,1.0,1.0,Thailand,2.0,2,,,,,1.0,1.0,2.0,1.0,1.0,1.0,2.0,1.0,1.0,2.0,,2.0,1.0,1.0,2.0,1.0,THA,4.0,2.0,1.0,1.0,1.0,2.0,2,1.0,1.0,2.0,2.0,False,Male,30_39
90,1.0,2.0,1.0,East Asia & Pacific (excluding high income),2.0,1.0,1.0,2.0,2.0,3.0,,1,,,,,1.0,44.0,2021,,127410849,1,,58246340.0,1.0,,3.0,2.0,2.0,,0.138056999,2.0,1.0,Q5 Highest,,1.0,1.0,1.0,,,1.0,Thailand,1.0,1,,,,,,4.0,,1.0,1.0,2.0,2.0,1.0,2.0,2.0,,3.0,,0.0,,,THA,4.0,2.0,2.0,4.0,1.0,1.0,1,,2.0,,2.0,False,Female,40_49
91,1.0,2.0,2.0,East Asia & Pacific (excluding high income),2.0,1.0,1.0,2.0,2.0,3.0,1.0,1,,,,,1.0,42.0,2021,,165884582,1,,58246340.0,,,2.0,2.0,1.0,2.0,0.259317939,1.0,,Q4,,1.0,1.0,2.0,,2.0,2.0,Thailand,2.0,2,,,3.0,,1.0,1.0,1.0,1.0,1.0,,2.0,,1.0,1.0,,3.0,1.0,1.0,1.0,1.0,THA,4.0,1.0,1.0,1.0,1.0,2.0,1,1.0,1.0,1.0,1.0,False,Female,40_49
92,1.0,2.0,1.0,East Asia & Pacific (excluding high income),1.0,2.0,1.0,2.0,2.0,3.0,1.0,1,,,,,1.0,44.0,2021,,132587496,1,,58246340.0,2.0,,1.0,2.0,1.0,2.0,1.027154737,2.0,2.0,Q1 Lowest,,1.0,1.0,1.0,,2.0,1.0,Thailand,1.0,1,,,,,2.0,1.0,2.0,1.0,0.0,2.0,2.0,,1.0,,,3.0,1.0,1.0,1.0,1.0,THA,4.0,4.0,1.0,1.0,1.0,2.0,1,2.0,1.0,1.0,,False,Female,40_49
93,1.0,2.0,2.0,East Asia & Pacific (excluding high income),2.0,1.0,0.0,2.0,2.0,,,1,,,,,1.0,38.0,2021,,139492092,1,,58246340.0,,,2.0,8.0,2.0,,0.169904481,2.0,,Q1 Lowest,,1.0,1.0,1.0,,,2.0,Thailand,2.0,2,,,3.0,,,4.0,,1.0,1.0,,2.0,,1.0,1.0,,,,1.0,1.0,,THA,4.0,1.0,2.0,1.0,2.0,1.0,1,1.0,1.0,,1.0,False,Female,30_39
94,1.0,2.0,2.0,East Asia & Pacific (excluding high income),1.0,1.0,1.0,2.0,2.0,3.0,1.0,1,,,,,1.0,48.0,2021,,154187839,1,,58246340.0,,,1.0,2.0,2.0,,1.485642246,1.0,2.0,Q3,2.0,1.0,1.0,1.0,,2.0,2.0,Thailand,2.0,1,,,,,2.0,3.0,2.0,1.0,1.0,,2.0,1.0,1.0,2.0,,3.0,1.0,1.0,1.0,2.0,THA,4.0,2.0,1.0,1.0,1.0,2.0,1,1.0,1.0,1.0,2.0,False,Female,40_49
95,1.0,2.0,1.0,East Asia & Pacific (excluding high income),1.0,2.0,1.0,2.0,2.0,2.0,1.0,1,,,,,1.0,28.0,2021,,203712006,1,,58246340.0,,,1.0,2.0,1.0,2.0,3.197599388,1.0,1.0,Q3,,1.0,1.0,1.0,,1.0,1.0,Thailand,2.0,1,,,1.0,,2.0,1.0,1.0,1.0,1.0,1.0,2.0,,2.0,,,2.0,1.0,1.0,,1.0,THA,4.0,4.0,1.0,4.0,1.0,2.0,2,,2.0,1.0,,False,Male,23_29
96,1.0,2.0,2.0,East Asia & Pacific (excluding high income),2.0,1.0,0.0,2.0,2.0,2.0,,1,,,,,2.0,34.0,2021,,145689127,1,,58246340.0,,,1.0,2.0,2.0,,5.714441691,1.0,2.0,Q2,,1.0,2.0,2.0,,,2.0,Thailand,2.0,1,,,3.0,,,4.0,,0.0,1.0,,2.0,1.0,1.0,2.0,,2.0,,1.0,1.0,,THA,4.0,2.0,2.0,1.0,1.0,2.0,1,2.0,2.0,,2.0,False,Female,30_39
97,1.0,2.0,2.0,East Asia & Pacific (excluding high income),2.0,2.0,1.0,2.0,2.0,2.0,,1,,,,,2.0,69.0,2021,,210152504,1,,58246340.0,,,1.0,2.0,1.0,,5.714441691,2.0,2.0,Q4,,1.0,2.0,2.0,,,2.0,Thailand,2.0,1,,,2.0,,,4.0,,0.0,0.0,,2.0,,1.0,,,2.0,,0.0,2.0,,THA,4.0,4.0,2.0,1.0,1.0,2.0,1,1.0,2.0,,,False,Female,60_69
98,1.0,2.0,1.0,East Asia & Pacific (excluding high income),1.0,1.0,1.0,2.0,2.0,2.0,1.0,1,,,,,1.0,20.0,2021,,116597516,1,,58246340.0,,,3.0,2.0,1.0,,0.293519748,2.0,1.0,Q4,,1.0,1.0,2.0,,,2.0,Thailand,2.0,1,,,4.0,,2.0,4.0,,1.0,0.0,1.0,2.0,,2.0,1.0,,1.0,1.0,1.0,,,THA,4.0,1.0,2.0,4.0,1.0,2.0,1,,1.0,1.0,1.0,False,Female,18_22
99,1.0,2.0,1.0,East Asia & Pacific (excluding high income),2.0,1.0,0.0,2.0,1.0,2.0,,1,2.0,,2.0,,1.0,54.0,2021,,113422325,1,,58246340.0,,,2.0,2.0,2.0,2.0,0.495966621,2.0,1.0,Q4,,1.0,1.0,1.0,,2.0,2.0,Thailand,2.0,1,,,1.0,1.0,,1.0,2.0,1.0,0.0,2.0,2.0,1.0,2.0,2.0,,2.0,,0.0,,1.0,THA,2.0,2.0,1.0,4.0,1.0,2.0,2,,1.0,,2.0,False,Male,50_59
100,0.0,2.0,2.0,East Asia & Pacific (excluding high income),2.0,1.0,1.0,2.0,2.0,3.0,,0,,2.0,,2.0,,30.0,2021,1.0,171563195,0,2.0,58246340.0,,,1.0,3.0,,,5.714441691,2.0,,Q5 Highest,1.0,1.0,,1.0,2.0,2.0,1.0,Thailand,,2,2.0,1.0,,,,2.0,2.0,0.0,0.0,,2.0,1.0,2.0,2.0,,3.0,,0.0,,2.0,THA,4.0,2.0,1.0,4.0,,2.0,1,,2.0,,2.0,False,Female,30_39
101,1.0,2.0,1.0,East Asia & Pacific (excluding high income),1.0,1.0,1.0,2.0,2.0,3.0,,1,,,,,1.0,27.0,2021,,111499106,1,,58246340.0,1.0,,3.0,2.0,2.0,2.0,0.225244538,2.0,,Q4,,1.0,1.0,1.0,,2.0,2.0,Thailand,1.0,2,,,,,,1.0,2.0,1.0,1.0,1.0,2.0,,1.0,1.0,,3.0,,0.0,2.0,1.0,THA,4.0,1.0,1.0,1.0,1.0,2.0,1,1.0,1.0,,1.0,False,Female,23_29
102,1.0,2.0,2.0,East Asia & Pacific (excluding high income),2.0,1.0,0.0,2.0,2.0,,,1,,,,,2.0,55.0,2021,,129622812,1,,58246340.0,,,1.0,7.0,2.0,,5.714441691,2.0,2.0,Q1 Lowest,,1.0,2.0,1.0,,,2.0,Thailand,2.0,1,,,2.0,,,4.0,,0.0,1.0,,2.0,1.0,1.0,2.0,,,,0.0,2.0,,THA,4.0,2.0,2.0,1.0,1.0,1.0,2,1.0,2.0,,2.0,False,Male,50_59
103,1.0,2.0,1.0,East Asia & Pacific (excluding high income),1.0,1.0,1.0,2.0,2.0,3.0,,1,,,,,1.0,40.0,2021,,194084427,1,,58246340.0,1.0,,3.0,4.0,1.0,2.0,0.249767845,2.0,1.0,Q3,,1.0,1.0,1.0,,1.0,1.0,Thailand,1.0,1,,,4.0,,,1.0,2.0,1.0,1.0,3.0,2.0,,1.0,1.0,,3.0,,1.0,2.0,1.0,THA,4.0,1.0,1.0,1.0,1.0,2.0,1,1.0,1.0,,1.0,False,Female,40_49
104,1.0,2.0,1.0,East Asia & Pacific (excluding high income),1.0,2.0,1.0,2.0,2.0,3.0,,1,,,,,1.0,23.0,2021,,174003486,1,,58246340.0,,,3.0,4.0,2.0,2.0,0.181972094,2.0,1.0,Q4,,2.0,1.0,1.0,,1.0,1.0,Thailand,2.0,1,,,,,,1.0,2.0,1.0,0.0,3.0,2.0,,1.0,,,3.0,,1.0,1.0,1.0,THA,4.0,4.0,1.0,1.0,1.0,2.0,2,1.0,1.0,,,False,Male,23_29
105,1.0,2.0,1.0,East Asia & Pacific (excluding high income),1.0,1.0,1.0,2.0,2.0,3.0,1.0,1,,,,,1.0,40.0,2021,,142934152,1,,58246340.0,,,2.0,1.0,2.0,2.0,1.034382974,2.0,,Q3,,2.0,1.0,1.0,,1.0,2.0,Thailand,2.0,2,,,2.0,,2.0,1.0,2.0,1.0,0.0,2.0,2.0,,1.0,2.0,,3.0,1.0,1.0,1.0,2.0,THA,4.0,1.0,1.0,1.0,1.0,2.0,1,1.0,1.0,2.0,1.0,False,Female,40_49
106,1.0,2.0,2.0,East Asia & Pacific (excluding high income),1.0,2.0,1.0,2.0,2.0,3.0,,1,,,,,1.0,53.0,2021,,196805216,1,,58246340.0,1.0,,3.0,2.0,2.0,2.0,0.594759246,2.0,1.0,Q5 Highest,,2.0,1.0,1.0,,2.0,1.0,Thailand,1.0,1,,,1.0,,,1.0,2.0,1.0,1.0,,2.0,,1.0,,,3.0,,1.0,1.0,1.0,THA,4.0,4.0,1.0,1.0,1.0,2.0,2,1.0,1.0,,,False,Male,50_59
107,1.0,2.0,1.0,East Asia & Pacific (excluding high income),1.0,2.0,1.0,1.0,2.0,3.0,1.0,1,,,,,1.0,16.0,2021,,176122128,1,,58246340.0,,,1.0,2.0,,2.0,2.383735438,2.0,,Q3,,1.0,1.0,1.0,,2.0,2.0,Thailand,2.0,2,,,,,2.0,1.0,2.0,1.0,0.0,3.0,2.0,,1.0,,,2.0,1.0,1.0,2.0,1.0,THA,4.0,4.0,1.0,1.0,1.0,2.0,2,1.0,2.0,2.0,,False,Male,17_or_less
108,1.0,2.0,2.0,East Asia & Pacific (excluding high income),2.0,1.0,1.0,2.0,2.0,1.0,,1,,,,,1.0,51.0,2021,,179246197,1,,58246340.0,,,2.0,4.0,,,0.658204269,2.0,,Q2,,2.0,2.0,1.0,,,1.0,Thailand,2.0,2,,,2.0,,,4.0,,0.0,0.0,,2.0,1.0,1.0,2.0,,1.0,,0.0,2.0,,THA,4.0,2.0,2.0,1.0,1.0,2.0,2,1.0,2.0,,2.0,False,Male,50_59
109,1.0,2.0,2.0,East Asia & Pacific (excluding high income),1.0,2.0,1.0,2.0,2.0,3.0,,1,,,,,1.0,45.0,2021,,141697261,1,,58246340.0,,,3.0,2.0,2.0,,1.008585191,2.0,1.0,Q4,,2.0,1.0,2.0,,,2.0,Thailand,2.0,1,,,,,,4.0,,1.0,0.0,,2.0,,1.0,,,2.0,,1.0,1.0,,THA,4.0,4.0,2.0,1.0,1.0,2.0,2,2.0,2.0,,,False,Male,40_49
110,1.0,2.0,2.0,East Asia & Pacific (excluding high income),2.0,1.0,0.0,2.0,1.0,1.0,,1,2.0,,1.0,,2.0,52.0,2021,,111344344,1,,58246340.0,,,1.0,4.0,2.0,,2.720964008,1.0,,Q1 Lowest,,1.0,2.0,2.0,,,2.0,Thailand,2.0,2,,,3.0,,,4.0,,1.0,1.0,,2.0,1.0,1.0,2.0,,1.0,,1.0,1.0,,THA,1.0,2.0,2.0,1.0,1.0,2.0,1,2.0,2.0,,2.0,False,Female,50_59
111,1.0,2.0,2.0,East Asia & Pacific (excluding high income),1.0,2.0,1.0,2.0,2.0,1.0,,1,,,,,2.0,18.0,2021,,166087885,1,,58246340.0,,,2.0,6.0,,,1.297562599,2.0,2.0,Q3,,2.0,2.0,2.0,,,1.0,Thailand,2.0,1,,,,,,4.0,,0.0,0.0,,2.0,,1.0,,,1.0,,0.0,2.0,,THA,4.0,4.0,2.0,1.0,2.0,2.0,2,1.0,2.0,,,False,Male,18_22
112,1.0,2.0,1.0,East Asia & Pacific (excluding high income),2.0,2.0,0.0,2.0,1.0,3.0,1.0,1,2.0,,2.0,,1.0,31.0,2021,,130203785,1,,58246340.0,,,2.0,2.0,1.0,,0.327132288,2.0,2.0,Q4,1.0,1.0,1.0,1.0,,2.0,2.0,Thailand,2.0,1,,,3.0,1.0,1.0,2.0,2.0,1.0,1.0,1.0,2.0,,2.0,,,1.0,1.0,1.0,,2.0,THA,2.0,4.0,1.0,4.0,1.0,1.0,2,,2.0,2.0,,False,Male,30_39
113,1.0,2.0,2.0,East Asia & Pacific (excluding high income),2.0,1.0,1.0,2.0,2.0,,,1,,,,,2.0,57.0,2021,,135006763,1,,58246340.0,,,2.0,7.0,2.0,,0.188202683,2.0,2.0,Q3,,2.0,2.0,2.0,,,2.0,Thailand,2.0,1,,,,,,4.0,,1.0,0.0,,1.0,1.0,1.0,2.0,2.0,,,1.0,1.0,,THA,4.0,2.0,2.0,1.0,1.0,2.0,1,1.0,2.0,,2.0,False,Female,50_59
114,1.0,2.0,1.0,East Asia & Pacific (excluding high income),1.0,2.0,1.0,2.0,2.0,3.0,1.0,1,,,,,1.0,57.0,2021,,197699255,1,,58246340.0,1.0,,2.0,4.0,1.0,,0.138056999,2.0,2.0,Q5 Highest,,2.0,1.0,1.0,,,1.0,Thailand,1.0,1,,,,,2.0,4.0,,1.0,1.0,1.0,2.0,,2.0,,,3.0,1.0,1.0,,,THA,4.0,4.0,2.0,4.0,1.0,2.0,2,,2.0,1.0,,False,Male,50_59
115,1.0,2.0,2.0,East Asia & Pacific (excluding high income),2.0,1.0,1.0,2.0,2.0,2.0,,1,,,,,1.0,40.0,2021,,179206434,1,,58246340.0,,,2.0,6.0,2.0,2.0,1.571947731,2.0,2.0,Q2,,2.0,1.0,1.0,,2.0,2.0,Thailand,2.0,1,,,3.0,,,1.0,2.0,0.0,1.0,,2.0,1.0,1.0,2.0,,1.0,,0.0,2.0,1.0,THA,4.0,2.0,1.0,1.0,1.0,2.0,1,1.0,1.0,,2.0,False,Female,40_49
116,1.0,2.0,1.0,East Asia & Pacific (excluding high income),1.0,1.0,1.0,2.0,2.0,3.0,,1,,,,,1.0,38.0,2021,,188864766,1,,58246340.0,,,3.0,2.0,1.0,,0.138056999,2.0,1.0,Q4,,2.0,1.0,1.0,,,2.0,Thailand,2.0,1,,,,,,4.0,,1.0,0.0,2.0,2.0,,1.0,1.0,,2.0,,1.0,1.0,,THA,4.0,1.0,2.0,1.0,1.0,2.0,1,2.0,1.0,,1.0,False,Female,30_39
117,1.0,2.0,1.0,East Asia & Pacific (excluding high income),2.0,1.0,0.0,2.0,2.0,3.0,,1,,,,,1.0,60.0,2021,,148683360,1,,58246340.0,1.0,,3.0,4.0,1.0,,0.138056999,2.0,2.0,Q5 Highest,,2.0,1.0,1.0,,,2.0,Thailand,1.0,1,,,,,,4.0,,1.0,1.0,3.0,2.0,1.0,1.0,2.0,,3.0,,1.0,1.0,,THA,4.0,2.0,2.0,1.0,1.0,2.0,1,2.0,1.0,,2.0,False,Female,60_69
118,1.0,2.0,2.0,East Asia & Pacific (excluding high income),2.0,1.0,0.0,2.0,2.0,,,1,,,,,1.0,40.0,2021,,116028896,1,,58246340.0,,,2.0,7.0,1.0,,0.289066686,1.0,2.0,Q1 Lowest,,2.0,1.0,1.0,,,2.0,Thailand,2.0,1,,,3.0,,,4.0,,0.0,1.0,,2.0,1.0,1.0,2.0,,,,0.0,2.0,,THA,4.0,2.0,2.0,1.0,1.0,2.0,1,1.0,2.0,,2.0,False,Female,40_49
119,1.0,2.0,1.0,East Asia & Pacific (excluding high income),2.0,2.0,0.0,2.0,2.0,,1.0,1,,,,,1.0,28.0,2021,,173429244,1,,58246340.0,1.0,,3.0,7.0,1.0,,1.027769957,2.0,,Q2,,1.0,1.0,1.0,,,2.0,Thailand,1.0,2,,,3.0,,1.0,4.0,,1.0,1.0,2.0,2.0,,1.0,,,,1.0,1.0,1.0,,THA,4.0,4.0,2.0,1.0,1.0,1.0,2,2.0,1.0,2.0,,False,Male,23_29
120,1.0,2.0,1.0,East Asia & Pacific (excluding high income),2.0,1.0,0.0,2.0,2.0,1.0,1.0,1,,,,,1.0,40.0,2021,,123795215,1,,58246340.0,,,3.0,2.0,1.0,,0.678697635,1.0,2.0,Q4,,1.0,1.0,1.0,,,2.0,Thailand,2.0,1,,,3.0,,1.0,4.0,,1.0,1.0,3.0,2.0,,1.0,2.0,,1.0,1.0,1.0,1.0,,THA,4.0,1.0,2.0,1.0,1.0,1.0,2,1.0,1.0,1.0,1.0,False,Male,40_49
121,1.0,2.0,2.0,East Asia & Pacific (excluding high income),2.0,1.0,0.0,2.0,2.0,,,1,,,,,2.0,65.0,2021,,132965796,1,,58246340.0,,,1.0,8.0,1.0,,0.440887197,2.0,,Q1 Lowest,,2.0,2.0,2.0,,,2.0,Thailand,2.0,2,,,,,,4.0,,0.0,0.0,,2.0,,2.0,1.0,,,,0.0,,,THA,4.0,1.0,2.0,4.0,1.0,2.0,1,,2.0,,2.0,False,Female,60_69
122,1.0,2.0,1.0,East Asia & Pacific (excluding high income),2.0,1.0,0.0,1.0,2.0,,,1,,,,,2.0,74.0,2021,,176945947,1,,58246340.0,,,3.0,8.0,,,1.272220844,2.0,2.0,Q3,,2.0,2.0,1.0,,,2.0,Thailand,2.0,1,,,4.0,,,4.0,,0.0,0.0,2.0,2.0,1.0,2.0,2.0,,,,0.0,2.0,,THA,4.0,2.0,2.0,4.0,1.0,2.0,2,1.0,2.0,,2.0,False,Male,70_plus
123,1.0,2.0,1.0,East Asia & Pacific (excluding high income),1.0,1.0,1.0,2.0,2.0,3.0,,1,,,,,1.0,39.0,2021,,119668803,1,,58246340.0,1.0,,3.0,1.0,2.0,,0.138056999,2.0,,Q5 Highest,,2.0,1.0,1.0,,,1.0,Thailand,1.0,2,,,,,,4.0,,1.0,1.0,3.0,2.0,,2.0,2.0,,3.0,,0.0,,,THA,4.0,1.0,2.0,4.0,1.0,2.0,1,,1.0,,1.0,False,Female,30_39
124,1.0,2.0,1.0,East Asia & Pacific (excluding high income),1.0,2.0,1.0,1.0,2.0,3.0,1.0,1,,,,,1.0,44.0,2021,,131451415,1,,58246340.0,,,3.0,2.0,1.0,2.0,0.168209024,1.0,2.0,Q4,,1.0,1.0,1.0,,1.0,1.0,Thailand,2.0,1,,,,,2.0,1.0,1.0,1.0,1.0,1.0,2.0,,1.0,,,3.0,2.0,1.0,2.0,1.0,THA,4.0,4.0,1.0,1.0,1.0,1.0,2,1.0,1.0,1.0,,False,Male,40_49
125,1.0,2.0,1.0,East Asia & Pacific (excluding high income),1.0,1.0,1.0,2.0,2.0,3.0,1.0,1,,,,,1.0,18.0,2021,,163909422,1,,58246340.0,1.0,,1.0,2.0,1.0,1.0,3.325507166,2.0,1.0,Q2,,1.0,1.0,1.0,,2.0,2.0,Thailand,1.0,1,,,4.0,,2.0,1.0,1.0,1.0,1.0,3.0,2.0,,1.0,1.0,,3.0,2.0,1.0,2.0,1.0,THA,4.0,1.0,1.0,1.0,1.0,2.0,2,1.0,1.0,1.0,1.0,False,Male,18_22
126,1.0,2.0,1.0,East Asia & Pacific (excluding high income),1.0,1.0,1.0,2.0,2.0,4.0,,1,,,,,1.0,42.0,2021,,133178339,1,,58246340.0,,,1.0,5.0,2.0,2.0,0.656862267,1.0,2.0,Q3,,1.0,1.0,1.0,,2.0,1.0,Thailand,2.0,1,,,,,,1.0,2.0,1.0,1.0,3.0,2.0,,1.0,2.0,,2.0,,1.0,1.0,1.0,THA,4.0,1.0,1.0,1.0,1.0,1.0,1,2.0,1.0,,1.0,False,Female,40_49
127,1.0,2.0,2.0,East Asia & Pacific (excluding high income),2.0,1.0,0.0,3.0,2.0,,,1,,,,,2.0,63.0,2021,,208189582,1,,58246340.0,,,1.0,8.0,2.0,,4.081220707,2.0,,Q1 Lowest,1.0,2.0,2.0,1.0,,2.0,2.0,Thailand,2.0,2,,,3.0,,,2.0,2.0,0.0,0.0,,2.0,1.0,1.0,2.0,,,,0.0,2.0,2.0,THA,4.0,2.0,1.0,1.0,1.0,2.0,1,1.0,2.0,,2.0,False,Female,60_69
128,1.0,2.0,1.0,East Asia & Pacific (excluding high income),2.0,2.0,0.0,2.0,2.0,1.0,1.0,1,,,,,1.0,30.0,2021,,196328786,1,,58246340.0,,,1.0,4.0,1.0,,1.180938031,2.0,2.0,Q1 Lowest,1.0,2.0,1.0,1.0,,2.0,2.0,Thailand,2.0,1,,,4.0,,2.0,2.0,2.0,1.0,1.0,2.0,2.0,,1.0,,,1.0,1.0,1.0,1.0,2.0,THA,4.0,4.0,1.0,1.0,1.0,1.0,2,2.0,2.0,1.0,,False,Male,30_39
129,1.0,2.0,2.0,East Asia & Pacific (excluding high income),1.0,2.0,1.0,2.0,2.0,1.0,,1,,,,,1.0,40.0,2021,,178946898,1,,58246340.0,,,2.0,2.0,1.0,1.0,0.805225006,2.0,2.0,Q4,,1.0,1.0,1.0,,2.0,2.0,Thailand,2.0,1,,,,,,1.0,2.0,0.0,0.0,,2.0,,1.0,,,1.0,,1.0,1.0,1.0,THA,4.0,4.0,1.0,1.0,1.0,2.0,1,1.0,1.0,,,False,Female,40_49
130,1.0,2.0,3.0,East Asia & Pacific (excluding high income),2.0,1.0,1.0,2.0,1.0,1.0,,1,2.0,,1.0,,1.0,46.0,2021,,153930578,1,,58246340.0,,,1.0,3.0,2.0,,1.575159297,1.0,2.0,Q1 Lowest,1.0,2.0,1.0,1.0,,2.0,1.0,Thailand,2.0,1,,,4.0,,,2.0,2.0,0.0,1.0,,2.0,,1.0,1.0,,1.0,,0.0,2.0,2.0,THA,1.0,1.0,1.0,1.0,1.0,1.0,2,1.0,1.0,,1.0,False,Male,40_49
131,1.0,2.0,2.0,East Asia & Pacific (excluding high income),1.0,1.0,1.0,2.0,2.0,3.0,,1,,,,,1.0,64.0,2021,,208698991,1,,58246340.0,,,2.0,2.0,1.0,2.0,0.184798898,2.0,2.0,Q4,,2.0,1.0,1.0,,2.0,1.0,Thailand,2.0,1,,,4.0,,,1.0,2.0,0.0,0.0,,2.0,,1.0,1.0,,3.0,,0.0,2.0,1.0,THA,4.0,1.0,1.0,1.0,1.0,2.0,2,1.0,1.0,,1.0,False,Male,60_69
132,1.0,2.0,2.0,East Asia & Pacific (excluding high income),2.0,1.0,1.0,2.0,2.0,3.0,,1,,,,,1.0,65.0,2021,,190038412,1,,58246340.0,1.0,,3.0,5.0,1.0,,0.398389603,2.0,1.0,Q2,2.0,1.0,1.0,2.0,,2.0,1.0,Thailand,1.0,1,,,,,,3.0,2.0,1.0,1.0,,2.0,,2.0,1.0,,3.0,,0.0,,2.0,THA,4.0,1.0,1.0,4.0,1.0,2.0,1,,1.0,,1.0,False,Female,60_69
133,1.0,2.0,1.0,East Asia & Pacific (excluding high income),2.0,2.0,1.0,2.0,2.0,3.0,1.0,1,,,,,1.0,29.0,2021,,179366674,1,,58246340.0,,,3.0,2.0,2.0,2.0,0.496218276,2.0,1.0,Q4,,2.0,1.0,1.0,,2.0,1.0,Thailand,2.0,1,,,1.0,,2.0,1.0,1.0,1.0,0.0,1.0,2.0,,1.0,,,3.0,1.0,1.0,1.0,1.0,THA,4.0,4.0,1.0,1.0,1.0,2.0,1,2.0,1.0,2.0,,False,Female,23_29
134,1.0,2.0,2.0,East Asia & Pacific (excluding high income),2.0,1.0,0.0,2.0,2.0,3.0,,1,,,,,1.0,48.0,2021,,143039260,1,,58246340.0,,,3.0,2.0,2.0,2.0,0.157623707,2.0,,Q5 Highest,,2.0,1.0,1.0,,2.0,2.0,Thailand,2.0,2,,,,,,1.0,2.0,1.0,0.0,,2.0,1.0,1.0,2.0,,3.0,,1.0,1.0,1.0,THA,4.0,2.0,1.0,1.0,1.0,2.0,1,2.0,2.0,,2.0,False,Female,40_49
135,1.0,2.0,1.0,East Asia & Pacific (excluding high income),2.0,1.0,0.0,2.0,2.0,3.0,,1,,,,,1.0,31.0,2021,,122679267,1,,58246340.0,1.0,,3.0,5.0,2.0,,0.492041084,1.0,2.0,Q4,,1.0,1.0,1.0,,,2.0,Thailand,1.0,1,,,3.0,,,4.0,,1.0,1.0,1.0,2.0,,2.0,1.0,,3.0,,0.0,,,THA,4.0,1.0,2.0,4.0,1.0,1.0,1,,1.0,,1.0,False,Female,30_39
136,1.0,2.0,2.0,East Asia & Pacific (excluding high income),1.0,2.0,1.0,2.0,2.0,,,1,,,,,2.0,18.0,2021,,128461125,1,,58246340.0,,,2.0,8.0,2.0,,1.297562599,2.0,,Q5 Highest,,1.0,2.0,2.0,,,1.0,Thailand,2.0,2,,,,,,4.0,,0.0,0.0,,2.0,,1.0,,,,,0.0,2.0,,THA,4.0,4.0,2.0,1.0,2.0,2.0,2,1.0,2.0,,,False,Male,18_22
137,1.0,2.0,1.0,East Asia & Pacific (excluding high income),1.0,1.0,1.0,2.0,2.0,1.0,1.0,1,,,,,1.0,40.0,2021,,147509109,1,,58246340.0,,2.0,1.0,4.0,1.0,,3.244280517,1.0,,Q2,,1.0,1.0,1.0,,,1.0,Thailand,2.0,2,,,4.0,,1.0,4.0,,1.0,1.0,1.0,2.0,,1.0,1.0,,1.0,1.0,1.0,2.0,,THA,4.0,1.0,2.0,1.0,1.0,2.0,1,2.0,1.0,2.0,1.0,False,Female,40_49
138,1.0,2.0,1.0,East Asia & Pacific (excluding high income),1.0,2.0,1.0,2.0,2.0,3.0,1.0,1,,,,,1.0,24.0,2021,,143752887,1,,58246340.0,1.0,,3.0,2.0,1.0,1.0,0.650630167,1.0,2.0,Q5 Highest,,1.0,1.0,2.0,,2.0,1.0,Thailand,1.0,1,,,6.0,,2.0,1.0,2.0,1.0,1.0,1.0,2.0,,1.0,,,2.0,1.0,1.0,1.0,1.0,THA,4.0,4.0,1.0,1.0,1.0,2.0,2,1.0,1.0,1.0,,False,Male,23_29
139,1.0,2.0,1.0,East Asia & Pacific (excluding high income),1.0,2.0,1.0,2.0,2.0,2.0,1.0,1,,,,,1.0,36.0,2021,,173490975,1,,58246340.0,,,2.0,5.0,1.0,,0.299383849,2.0,,Q4,,1.0,1.0,1.0,,,1.0,Thailand,2.0,2,,,3.0,,2.0,4.0,,1.0,0.0,2.0,2.0,,1.0,,,1.0,1.0,1.0,1.0,,THA,4.0,4.0,2.0,1.0,1.0,2.0,2,1.0,1.0,1.0,,False,Male,30_39
140,1.0,2.0,1.0,East Asia & Pacific (excluding high income),1.0,2.0,1.0,2.0,2.0,3.0,1.0,1,,,,,1.0,20.0,2021,,130447909,1,,58246340.0,,,3.0,1.0,2.0,,0.894508062,2.0,1.0,Q4,,1.0,1.0,2.0,,,1.0,Thailand,2.0,1,,,1.0,,2.0,4.0,,1.0,0.0,1.0,2.0,,1.0,,,2.0,1.0,1.0,1.0,,THA,4.0,4.0,2.0,1.0,1.0,2.0,1,1.0,1.0,2.0,,False,Female,18_22
141,1.0,2.0,2.0,East Asia & Pacific (excluding high income),1.0,2.0,1.0,2.0,2.0,3.0,,1,,,,,2.0,44.0,2021,,148447089,1,,58246340.0,1.0,,3.0,1.0,2.0,2.0,0.270952417,2.0,1.0,Q5 Highest,,2.0,1.0,1.0,,2.0,1.0,Thailand,1.0,1,,,,,,1.0,2.0,1.0,1.0,,2.0,,2.0,,,3.0,,0.0,,1.0,THA,4.0,4.0,1.0,4.0,1.0,2.0,1,,2.0,,,False,Female,40_49
142,1.0,2.0,1.0,East Asia & Pacific (excluding high income),1.0,1.0,1.0,2.0,2.0,1.0,,1,,,,,1.0,45.0,2021,,158972122,1,,58246340.0,,,2.0,2.0,1.0,1.0,0.546837817,1.0,2.0,Q2,,1.0,1.0,1.0,,1.0,2.0,Thailand,2.0,1,,,4.0,,,1.0,2.0,1.0,1.0,1.0,2.0,,1.0,1.0,,1.0,,1.0,1.0,1.0,THA,4.0,1.0,1.0,1.0,1.0,2.0,2,1.0,1.0,,1.0,False,Male,40_49
143,1.0,2.0,1.0,East Asia & Pacific (excluding high income),1.0,1.0,1.0,2.0,2.0,3.0,,1,,,,,1.0,33.0,2021,,140472172,1,,58246340.0,,,3.0,4.0,1.0,,0.723324305,2.0,1.0,Q5 Highest,,1.0,1.0,1.0,,,2.0,Thailand,2.0,1,,,,,,4.0,,1.0,0.0,1.0,2.0,,2.0,1.0,,3.0,,0.0,,,THA,4.0,1.0,2.0,4.0,1.0,2.0,1,,1.0,,1.0,False,Female,30_39
144,1.0,2.0,1.0,East Asia & Pacific (excluding high income),1.0,1.0,1.0,2.0,2.0,3.0,1.0,1,,,,,1.0,42.0,2021,,201180319,1,,58246340.0,1.0,,3.0,3.0,1.0,,0.180142039,2.0,,Q1 Lowest,,2.0,1.0,1.0,,,1.0,Thailand,1.0,2,,,,,2.0,4.0,,1.0,1.0,1.0,1.0,,1.0,1.0,2.0,3.0,1.0,1.0,2.0,,THA,4.0,1.0,2.0,1.0,1.0,2.0,2,1.0,1.0,1.0,2.0,False,Male,40_49
145,1.0,2.0,1.0,East Asia & Pacific (excluding high income),1.0,1.0,1.0,2.0,2.0,3.0,1.0,1,,,,,1.0,42.0,2021,,151343042,1,,58246340.0,1.0,,3.0,2.0,1.0,2.0,0.197080187,2.0,2.0,Q5 Highest,,1.0,1.0,1.0,,1.0,1.0,Thailand,1.0,1,,,,,2.0,1.0,2.0,1.0,1.0,1.0,2.0,,2.0,1.0,,3.0,1.0,1.0,,1.0,THA,4.0,1.0,1.0,4.0,1.0,2.0,2,,1.0,1.0,2.0,False,Male,40_49
146,1.0,2.0,2.0,East Asia & Pacific (excluding high income),1.0,2.0,1.0,2.0,2.0,2.0,,1,,,,,1.0,16.0,2021,,177503545,1,,58246340.0,,,1.0,4.0,1.0,,1.098779578,2.0,,Q1 Lowest,,2.0,2.0,2.0,,,1.0,Thailand,2.0,2,,,3.0,,,4.0,,0.0,0.0,,2.0,,1.0,,,2.0,,0.0,2.0,,THA,4.0,4.0,2.0,1.0,2.0,2.0,2,1.0,2.0,,,False,Male,17_or_less
147,1.0,2.0,1.0,East Asia & Pacific (excluding high income),1.0,2.0,1.0,1.0,2.0,2.0,,1,,,,,1.0,76.0,2021,,209352657,1,,58246340.0,,,2.0,2.0,2.0,,0.234638486,1.0,2.0,Q2,,1.0,1.0,2.0,,,2.0,Thailand,2.0,1,,,,,,4.0,,0.0,1.0,2.0,2.0,,1.0,,,4.0,,0.0,2.0,,THA,4.0,4.0,2.0,1.0,1.0,2.0,1,1.0,1.0,,,False,Female,70_plus
148,1.0,2.0,1.0,East Asia & Pacific (excluding high income),1.0,1.0,1.0,2.0,1.0,3.0,,1,1.0,,1.0,,1.0,47.0,2021,,171738516,1,,58246340.0,1.0,,3.0,2.0,1.0,,0.308610768,1.0,2.0,Q4,,2.0,1.0,1.0,,,1.0,Thailand,1.0,1,,,3.0,,,4.0,,1.0,1.0,1.0,2.0,,1.0,1.0,,3.0,,1.0,1.0,,THA,1.0,1.0,2.0,1.0,1.0,2.0,2,1.0,1.0,,1.0,False,Male,40_49
149,1.0,2.0,1.0,East Asia & Pacific (excluding high income),2.0,2.0,0.0,2.0,2.0,3.0,1.0,1,,,,,1.0,53.0,2021,,127016028,1,,58246340.0,1.0,,3.0,4.0,2.0,1.0,0.152100909,2.0,2.0,Q3,,1.0,1.0,1.0,,2.0,2.0,Thailand,1.0,1,,,3.0,,2.0,1.0,2.0,1.0,1.0,3.0,2.0,,1.0,,,3.0,1.0,1.0,2.0,1.0,THA,4.0,4.0,1.0,1.0,1.0,2.0,1,1.0,1.0,1.0,,False,Female,50_59
150,1.0,2.0,1.0,East Asia & Pacific (excluding high income),2.0,1.0,1.0,2.0,2.0,,1.0,1,,,,,1.0,21.0,2021,,184245209,1,,58246340.0,1.0,,2.0,8.0,1.0,,1.297562599,2.0,,Q5 Highest,,2.0,1.0,2.0,,,1.0,Thailand,1.0,2,,,,,2.0,4.0,,1.0,1.0,1.0,2.0,,1.0,1.0,,,1.0,1.0,2.0,,THA,4.0,1.0,2.0,1.0,1.0,2.0,2,1.0,1.0,1.0,1.0,False,Male,18_22
151,1.0,1.0,2.0,East Asia & Pacific (excluding high income),2.0,1.0,0.0,2.0,2.0,,,1,,,,,1.0,24.0,2021,,195503881,1,,58246340.0,,,2.0,8.0,1.0,2.0,0.266906941,1.0,2.0,Q4,,1.0,1.0,1.0,,1.0,2.0,Thailand,2.0,1,,,1.0,,,1.0,1.0,1.0,1.0,,2.0,,1.0,1.0,,,,1.0,1.0,1.0,THA,4.0,1.0,1.0,1.0,1.0,2.0,1,2.0,1.0,,1.0,False,Female,23_29
152,1.0,2.0,1.0,East Asia & Pacific (excluding high income),1.0,1.0,1.0,2.0,2.0,3.0,2.0,1,,,,,1.0,31.0,2021,,152743545,1,,58246340.0,1.0,,3.0,2.0,1.0,2.0,0.138056999,1.0,2.0,Q5 Highest,,2.0,1.0,1.0,,2.0,2.0,Thailand,1.0,1,,,2.0,,2.0,1.0,2.0,1.0,1.0,1.0,2.0,,1.0,1.0,,3.0,1.0,1.0,1.0,1.0,THA,4.0,1.0,1.0,1.0,1.0,2.0,1,1.0,1.0,1.0,1.0,False,Female,30_39
153,1.0,2.0,1.0,East Asia & Pacific (excluding high income),1.0,1.0,1.0,2.0,2.0,2.0,,1,,,,,1.0,47.0,2021,,183491970,1,,58246340.0,,,1.0,2.0,1.0,2.0,2.338900333,2.0,2.0,Q4,,1.0,1.0,1.0,,1.0,1.0,Thailand,2.0,1,,,3.0,,,1.0,2.0,1.0,0.0,2.0,2.0,,1.0,2.0,,1.0,,1.0,1.0,1.0,THA,4.0,1.0,1.0,1.0,1.0,2.0,1,1.0,1.0,,1.0,False,Female,40_49
154,1.0,2.0,4.0,East Asia & Pacific (excluding high income),1.0,1.0,1.0,2.0,1.0,4.0,,1,3.0,,2.0,,1.0,55.0,2021,,177888869,1,,58246340.0,,4.0,2.0,2.0,1.0,,0.302773876,2.0,1.0,Q4,2.0,2.0,1.0,1.0,,2.0,1.0,Thailand,4.0,1,,,,2.0,,3.0,1.0,1.0,0.0,,2.0,,1.0,2.0,,5.0,,0.0,4.0,2.0,THA,3.0,1.0,1.0,3.0,1.0,2.0,2,4.0,4.0,,1.0,False,Male,50_59
155,1.0,2.0,1.0,East Asia & Pacific (excluding high income),1.0,1.0,1.0,2.0,2.0,3.0,1.0,1,,,,,1.0,29.0,2021,,124276063,1,,58246340.0,1.0,,3.0,3.0,1.0,2.0,0.357891433,2.0,1.0,Q5 Highest,,2.0,1.0,1.0,,2.0,1.0,Thailand,1.0,1,,,,,1.0,1.0,2.0,1.0,1.0,1.0,2.0,,1.0,2.0,,3.0,1.0,1.0,1.0,1.0,THA,4.0,1.0,1.0,1.0,1.0,2.0,2,1.0,1.0,1.0,1.0,False,Male,23_29
156,1.0,2.0,1.0,East Asia & Pacific (excluding high income),1.0,1.0,1.0,2.0,2.0,3.0,,1,,,,,1.0,46.0,2021,,173819235,1,,58246340.0,2.0,,3.0,3.0,2.0,2.0,0.138056999,2.0,1.0,Q2,,2.0,1.0,1.0,,2.0,1.0,Thailand,1.0,1,,,,,,1.0,1.0,1.0,0.0,1.0,2.0,1.0,1.0,2.0,,3.0,,1.0,1.0,1.0,THA,4.0,2.0,1.0,1.0,1.0,2.0,1,2.0,1.0,,2.0,False,Female,40_49
157,1.0,2.0,1.0,East Asia & Pacific (excluding high income),2.0,1.0,0.0,2.0,2.0,2.0,1.0,1,,,,,2.0,27.0,2021,,170266021,1,,58246340.0,,,2.0,3.0,,2.0,0.777394936,1.0,1.0,Q4,,2.0,1.0,1.0,,2.0,2.0,Thailand,2.0,1,,,1.0,,2.0,1.0,2.0,1.0,1.0,2.0,2.0,,1.0,2.0,,1.0,2.0,1.0,1.0,1.0,THA,4.0,1.0,1.0,1.0,1.0,2.0,2,1.0,1.0,2.0,1.0,False,Male,23_29
158,1.0,2.0,2.0,East Asia & Pacific (excluding high income),2.0,1.0,0.0,2.0,2.0,2.0,,1,,,,,2.0,45.0,2021,,164317127,1,,58246340.0,1.0,,3.0,2.0,1.0,2.0,0.495966621,2.0,2.0,Q4,,2.0,1.0,1.0,,2.0,2.0,Thailand,1.0,1,,,,,,1.0,2.0,1.0,1.0,,2.0,,1.0,1.0,,3.0,,1.0,1.0,1.0,THA,4.0,1.0,1.0,1.0,1.0,1.0,2,2.0,1.0,,1.0,False,Male,40_49
159,1.0,2.0,1.0,East Asia & Pacific (excluding high income),1.0,1.0,1.0,2.0,2.0,1.0,,1,,,,,1.0,35.0,2021,,152188392,1,,58246340.0,,,2.0,1.0,1.0,2.0,0.95007178,1.0,2.0,Q5 Highest,,2.0,1.0,1.0,,2.0,1.0,Thailand,2.0,1,,,4.0,,,1.0,2.0,1.0,1.0,3.0,2.0,1.0,2.0,2.0,,1.0,,0.0,,1.0,THA,4.0,2.0,1.0,4.0,1.0,2.0,1,,1.0,,2.0,False,Female,30_39
160,1.0,2.0,1.0,East Asia & Pacific (excluding high income),1.0,2.0,1.0,1.0,2.0,2.0,,1,,,,,1.0,67.0,2021,,191941649,1,,58246340.0,,,2.0,5.0,2.0,,0.138056999,1.0,1.0,Q3,,1.0,1.0,1.0,,,1.0,Thailand,2.0,1,,,3.0,,,4.0,,1.0,1.0,3.0,1.0,,2.0,,1.0,1.0,,0.0,2.0,,THA,4.0,4.0,2.0,4.0,1.0,1.0,1,1.0,1.0,,,False,Female,60_69
161,1.0,2.0,1.0,East Asia & Pacific (excluding high income),1.0,1.0,1.0,2.0,2.0,3.0,,1,,,,,1.0,40.0,2021,,141779601,1,,58246340.0,,,3.0,1.0,1.0,1.0,0.138056999,1.0,1.0,Q4,,1.0,1.0,1.0,,2.0,1.0,Thailand,2.0,1,,,2.0,,,1.0,2.0,1.0,1.0,1.0,2.0,,1.0,1.0,,3.0,,0.0,2.0,1.0,THA,4.0,1.0,1.0,1.0,1.0,2.0,2,1.0,1.0,,1.0,False,Male,40_49
162,1.0,2.0,2.0,East Asia & Pacific (excluding high income),1.0,2.0,1.0,2.0,2.0,3.0,,1,,,,,1.0,17.0,2021,,168544545,1,,58246340.0,,,1.0,2.0,2.0,,2.389125295,2.0,,Q4,,2.0,1.0,2.0,,,2.0,Thailand,2.0,2,,,,,,4.0,,0.0,0.0,,2.0,,2.0,,,3.0,,0.0,,,THA,4.0,4.0,2.0,4.0,1.0,2.0,1,,2.0,,,False,Female,17_or_less
163,1.0,2.0,2.0,East Asia & Pacific (excluding high income),1.0,1.0,1.0,2.0,2.0,1.0,,1,,,,,2.0,38.0,2021,,150336166,1,,58246340.0,,,2.0,2.0,2.0,2.0,0.920743722,1.0,2.0,Q1 Lowest,,2.0,2.0,1.0,,2.0,2.0,Thailand,2.0,1,,,3.0,,,1.0,2.0,0.0,1.0,,2.0,1.0,1.0,2.0,,1.0,,0.0,2.0,1.0,THA,4.0,2.0,1.0,1.0,1.0,2.0,2,1.0,2.0,,2.0,False,Male,30_39
164,1.0,2.0,1.0,East Asia & Pacific (excluding high income),1.0,2.0,1.0,2.0,2.0,2.0,,1,,,,,1.0,38.0,2021,,160220894,1,,58246340.0,1.0,,3.0,2.0,1.0,2.0,0.138056999,1.0,,Q4,,1.0,1.0,1.0,,2.0,2.0,Thailand,1.0,2,,,3.0,,,1.0,2.0,1.0,1.0,3.0,2.0,,1.0,,,2.0,,1.0,1.0,1.0,THA,4.0,4.0,1.0,1.0,1.0,2.0,1,1.0,1.0,,,False,Female,30_39
165,1.0,2.0,2.0,East Asia & Pacific (excluding high income),1.0,1.0,1.0,2.0,1.0,3.0,,1,1.0,,1.0,,1.0,32.0,2021,,116706097,1,,58246340.0,,,2.0,2.0,1.0,,0.303327746,1.0,,Q4,,1.0,1.0,1.0,,,2.0,Thailand,2.0,2,,,,,,4.0,,1.0,1.0,,2.0,,1.0,1.0,,3.0,,1.0,1.0,,THA,1.0,1.0,2.0,1.0,1.0,2.0,2,1.0,1.0,,1.0,False,Male,30_39
166,1.0,2.0,1.0,East Asia & Pacific (excluding high income),2.0,1.0,0.0,2.0,2.0,1.0,1.0,1,,,,,1.0,33.0,2021,,129111242,1,,58246340.0,,,2.0,2.0,2.0,1.0,0.733215213,2.0,2.0,Q2,,2.0,1.0,1.0,,1.0,2.0,Thailand,2.0,1,,,2.0,,1.0,1.0,2.0,1.0,1.0,3.0,2.0,1.0,1.0,2.0,,1.0,1.0,1.0,2.0,2.0,THA,4.0,2.0,1.0,1.0,1.0,1.0,1,1.0,1.0,1.0,2.0,False,Female,30_39
167,1.0,2.0,2.0,East Asia & Pacific (excluding high income),2.0,2.0,0.0,1.0,2.0,,,1,,,,,2.0,72.0,2021,,142125946,1,,58246340.0,,,2.0,8.0,2.0,,1.540201266,2.0,,Q3,,2.0,2.0,1.0,,,2.0,Thailand,2.0,2,,,,,,4.0,,1.0,0.0,,2.0,,1.0,,,,,0.0,2.0,,THA,4.0,4.0,2.0,1.0,1.0,2.0,1,1.0,2.0,,,False,Female,70_plus
168,1.0,2.0,2.0,East Asia & Pacific (excluding high income),1.0,1.0,1.0,2.0,2.0,3.0,1.0,1,,,,,1.0,25.0,2021,,185251080,1,,58246340.0,,,3.0,2.0,2.0,2.0,0.171184592,2.0,2.0,Q4,,2.0,1.0,1.0,,1.0,2.0,Thailand,2.0,1,,,3.0,,2.0,1.0,2.0,0.0,0.0,,2.0,,2.0,2.0,,2.0,2.0,1.0,,1.0,THA,4.0,1.0,1.0,4.0,1.0,2.0,2,,1.0,1.0,1.0,False,Male,23_29
169,1.0,2.0,1.0,East Asia & Pacific (excluding high income),2.0,1.0,1.0,2.0,2.0,3.0,,1,,,,,1.0,41.0,2021,,118057512,1,,58246340.0,,,3.0,2.0,,2.0,0.289066686,2.0,1.0,Q2,,2.0,1.0,1.0,,2.0,1.0,Thailand,2.0,1,,,4.0,,,1.0,1.0,1.0,0.0,2.0,1.0,1.0,2.0,2.0,2.0,2.0,,0.0,,1.0,THA,4.0,2.0,1.0,4.0,1.0,2.0,1,,1.0,,2.0,False,Female,40_49
170,1.0,2.0,1.0,East Asia & Pacific (excluding high income),1.0,2.0,1.0,2.0,2.0,3.0,1.0,1,,,,,1.0,21.0,2021,,164912317,1,,58246340.0,1.0,,2.0,4.0,1.0,2.0,1.834023407,2.0,2.0,Q5 Highest,,1.0,1.0,1.0,,1.0,1.0,Thailand,1.0,1,,,1.0,,2.0,1.0,2.0,1.0,1.0,3.0,2.0,,1.0,,,2.0,1.0,1.0,1.0,1.0,THA,4.0,4.0,1.0,1.0,1.0,2.0,1,1.0,1.0,1.0,,False,Female,18_22
171,1.0,2.0,1.0,East Asia & Pacific (excluding high income),1.0,1.0,1.0,2.0,2.0,,2.0,1,,,,,3.0,29.0,2021,,206997368,1,,58246340.0,,,1.0,8.0,,2.0,2.854607731,1.0,2.0,Q2,,2.0,2.0,1.0,,1.0,2.0,Thailand,2.0,1,,,1.0,,2.0,1.0,2.0,1.0,1.0,3.0,2.0,,1.0,1.0,,,1.0,1.0,2.0,1.0,THA,4.0,1.0,1.0,1.0,1.0,2.0,1,1.0,1.0,1.0,2.0,False,Female,23_29
172,1.0,1.0,2.0,East Asia & Pacific (excluding high income),1.0,2.0,1.0,2.0,2.0,2.0,,1,,,,,1.0,41.0,2021,,138275764,1,,58246340.0,,,1.0,3.0,1.0,1.0,1.007318148,1.0,1.0,Q4,,1.0,1.0,1.0,,2.0,1.0,Thailand,2.0,1,,,,,,1.0,1.0,0.0,1.0,,2.0,,1.0,,,2.0,,0.0,2.0,1.0,THA,4.0,4.0,1.0,1.0,1.0,1.0,2,1.0,2.0,,,False,Male,40_49
173,1.0,2.0,1.0,East Asia & Pacific (excluding high income),1.0,1.0,1.0,2.0,2.0,3.0,1.0,1,,,,,1.0,45.0,2021,,135984576,1,,58246340.0,,,3.0,4.0,2.0,2.0,0.152100909,2.0,2.0,Q4,,2.0,1.0,1.0,,1.0,1.0,Thailand,2.0,1,,,3.0,,2.0,1.0,2.0,1.0,0.0,3.0,2.0,,1.0,1.0,,2.0,1.0,1.0,1.0,1.0,THA,4.0,1.0,1.0,1.0,1.0,2.0,1,2.0,1.0,2.0,1.0,False,Female,40_49
174,1.0,2.0,1.0,East Asia & Pacific (excluding high income),1.0,1.0,1.0,2.0,2.0,3.0,,1,,,,,1.0,47.0,2021,,196287756,1,,58246340.0,1.0,,3.0,4.0,3.0,,0.253886452,2.0,2.0,Q5 Highest,,2.0,1.0,1.0,,,1.0,Thailand,1.0,1,,,,,,4.0,,1.0,1.0,3.0,2.0,,1.0,1.0,,3.0,,1.0,1.0,,THA,4.0,1.0,2.0,1.0,1.0,2.0,2,2.0,1.0,,1.0,False,Male,40_49
175,1.0,2.0,1.0,East Asia & Pacific (excluding high income),1.0,1.0,1.0,2.0,2.0,3.0,1.0,1,,,,,1.0,51.0,2021,,190692716,1,,58246340.0,1.0,,2.0,2.0,2.0,2.0,0.14889143,2.0,1.0,Q5 Highest,,1.0,1.0,1.0,,2.0,1.0,Thailand,1.0,1,,,,,2.0,1.0,2.0,1.0,1.0,1.0,2.0,,1.0,2.0,,3.0,2.0,1.0,1.0,1.0,THA,4.0,1.0,1.0,1.0,1.0,2.0,1,3.0,1.0,1.0,1.0,False,Female,50_59
176,1.0,2.0,2.0,East Asia & Pacific (excluding high income),2.0,1.0,0.0,2.0,2.0,,,1,,,,,2.0,66.0,2021,,189986522,1,,58246340.0,,,1.0,7.0,2.0,,5.714441691,2.0,,Q1 Lowest,,2.0,2.0,1.0,,,2.0,Thailand,2.0,2,,,3.0,,,4.0,,0.0,0.0,,2.0,1.0,1.0,2.0,,,,0.0,2.0,,THA,4.0,2.0,2.0,1.0,1.0,2.0,2,1.0,2.0,,2.0,False,Male,60_69
177,1.0,2.0,2.0,East Asia & Pacific (excluding high income),2.0,2.0,0.0,2.0,2.0,3.0,,1,,,,,2.0,65.0,2021,,181591450,1,,58246340.0,,,3.0,2.0,,,0.205961814,2.0,2.0,Q3,,2.0,1.0,1.0,,,2.0,Thailand,2.0,1,,,2.0,,,4.0,,0.0,0.0,,2.0,,2.0,,,3.0,,0.0,,,THA,4.0,4.0,2.0,4.0,2.0,2.0,2,,2.0,,,False,Male,60_69
178,1.0,2.0,1.0,East Asia & Pacific (excluding high income),2.0,1.0,1.0,2.0,2.0,3.0,1.0,1,,,,,1.0,39.0,2021,,202753227,1,,58246340.0,1.0,,1.0,2.0,1.0,2.0,1.027154737,1.0,,Q4,,1.0,1.0,1.0,,1.0,1.0,Thailand,1.0,2,,,3.0,,1.0,1.0,2.0,1.0,1.0,3.0,2.0,,1.0,2.0,,1.0,1.0,1.0,1.0,1.0,THA,4.0,1.0,1.0,1.0,1.0,1.0,1,1.0,1.0,2.0,1.0,False,Female,30_39
179,1.0,2.0,1.0,East Asia & Pacific (excluding high income),1.0,1.0,1.0,2.0,2.0,2.0,1.0,1,,,,,1.0,17.0,2021,,170544448,1,,58246340.0,1.0,,1.0,1.0,2.0,,0.998332341,2.0,1.0,Q3,,2.0,1.0,2.0,,,1.0,Thailand,1.0,1,,,1.0,,2.0,4.0,,1.0,1.0,1.0,1.0,,2.0,1.0,2.0,2.0,1.0,1.0,,,THA,4.0,1.0,2.0,4.0,1.0,2.0,1,,1.0,1.0,1.0,False,Female,17_or_less
180,1.0,2.0,1.0,East Asia & Pacific (excluding high income),2.0,1.0,1.0,2.0,2.0,2.0,,1,,,,,1.0,50.0,2021,,148089001,1,,58246340.0,1.0,,3.0,4.0,1.0,2.0,0.232066062,2.0,1.0,Q5 Highest,,2.0,1.0,1.0,,2.0,2.0,Thailand,1.0,1,,,3.0,,,1.0,2.0,1.0,1.0,1.0,2.0,,1.0,1.0,,1.0,,1.0,1.0,1.0,THA,4.0,1.0,1.0,1.0,1.0,2.0,2,2.0,1.0,,2.0,False,Male,50_59
181,1.0,2.0,2.0,East Asia & Pacific (excluding high income),2.0,2.0,1.0,2.0,2.0,3.0,1.0,1,,,,,1.0,37.0,2021,,149232225,1,,58246340.0,,,1.0,2.0,1.0,,0.708411475,2.0,,Q4,1.0,2.0,1.0,1.0,,2.0,2.0,Thailand,2.0,2,,,,,2.0,2.0,2.0,0.0,0.0,,1.0,,1.0,,2.0,2.0,1.0,1.0,1.0,2.0,THA,4.0,4.0,1.0,1.0,1.0,2.0,1,2.0,2.0,2.0,,False,Female,30_39
182,1.0,2.0,1.0,East Asia & Pacific (excluding high income),2.0,1.0,1.0,2.0,1.0,3.0,1.0,1,2.0,,1.0,,1.0,43.0,2021,,141732075,1,,58246340.0,,,3.0,1.0,1.0,,0.185880027,2.0,1.0,Q4,,2.0,1.0,1.0,,,1.0,Thailand,2.0,1,,,,,2.0,4.0,,1.0,0.0,3.0,1.0,1.0,1.0,2.0,2.0,3.0,2.0,1.0,1.0,,THA,1.0,2.0,2.0,1.0,1.0,2.0,1,2.0,1.0,2.0,2.0,False,Female,40_49
183,1.0,2.0,1.0,East Asia & Pacific (excluding high income),2.0,1.0,0.0,2.0,1.0,3.0,1.0,1,2.0,,2.0,,1.0,40.0,2021,,202416252,1,,58246340.0,,,3.0,2.0,1.0,,0.824988482,1.0,,Q5 Highest,,1.0,1.0,1.0,,,2.0,Thailand,2.0,2,,,,1.0,2.0,4.0,,1.0,1.0,3.0,2.0,,1.0,1.0,,3.0,1.0,1.0,1.0,,THA,2.0,1.0,2.0,1.0,1.0,2.0,2,1.0,1.0,2.0,1.0,False,Male,40_49
184,1.0,2.0,2.0,East Asia & Pacific (excluding high income),1.0,1.0,1.0,1.0,2.0,3.0,,1,,,,,1.0,64.0,2021,,111178393,1,,58246340.0,,,3.0,2.0,2.0,2.0,0.138056999,2.0,2.0,Q4,,1.0,1.0,1.0,,2.0,1.0,Thailand,2.0,1,,,,,,1.0,1.0,1.0,0.0,,2.0,,1.0,2.0,,3.0,,1.0,1.0,1.0,THA,4.0,1.0,1.0,1.0,1.0,2.0,1,2.0,1.0,,1.0,False,Female,60_69
185,1.0,2.0,2.0,East Asia & Pacific (excluding high income),2.0,1.0,0.0,2.0,2.0,1.0,2.0,1,,,,,1.0,54.0,2021,,173305477,1,,58246340.0,1.0,,2.0,2.0,2.0,2.0,0.218877638,1.0,,Q4,,1.0,1.0,1.0,,2.0,2.0,Thailand,1.0,2,,,4.0,,2.0,1.0,2.0,0.0,1.0,,2.0,1.0,1.0,2.0,,1.0,1.0,1.0,2.0,1.0,THA,4.0,2.0,1.0,1.0,1.0,2.0,1,1.0,1.0,2.0,2.0,False,Female,50_59
186,1.0,2.0,2.0,East Asia & Pacific (excluding high income),2.0,1.0,0.0,2.0,2.0,,,1,,,,,2.0,60.0,2021,,199435118,1,,58246340.0,,2.0,1.0,9.0,2.0,,5.714441691,1.0,1.0,Q3,,2.0,2.0,1.0,,,2.0,Thailand,2.0,1,,,3.0,,,4.0,,0.0,1.0,,2.0,1.0,1.0,2.0,,,,0.0,2.0,,THA,4.0,2.0,2.0,1.0,1.0,2.0,1,2.0,2.0,,2.0,False,Female,60_69
187,1.0,2.0,1.0,East Asia & Pacific (excluding high income),1.0,1.0,1.0,2.0,2.0,3.0,1.0,1,,,,,1.0,35.0,2021,,188302102,1,,58246340.0,1.0,,3.0,1.0,2.0,,0.157540987,2.0,2.0,Q4,,1.0,1.0,1.0,,,1.0,Thailand,1.0,1,,,,,2.0,4.0,,1.0,1.0,1.0,2.0,,2.0,1.0,,3.0,2.0,1.0,,,THA,4.0,1.0,2.0,4.0,1.0,2.0,1,,1.0,1.0,2.0,False,Female,30_39
188,1.0,2.0,1.0,East Asia & Pacific (excluding high income),1.0,1.0,1.0,2.0,1.0,2.0,1.0,1,2.0,,1.0,,1.0,35.0,2021,,142176268,1,,58246340.0,,,2.0,4.0,2.0,2.0,2.365098371,2.0,1.0,Q2,,2.0,1.0,2.0,,2.0,1.0,Thailand,2.0,1,,,3.0,,2.0,1.0,2.0,1.0,1.0,1.0,2.0,,2.0,1.0,,2.0,1.0,1.0,,1.0,THA,1.0,1.0,1.0,4.0,1.0,1.0,1,,1.0,1.0,1.0,False,Female,30_39
189,1.0,2.0,1.0,East Asia & Pacific (excluding high income),1.0,1.0,1.0,2.0,2.0,3.0,,1,,,,,1.0,40.0,2021,,145113961,1,,58246340.0,1.0,,3.0,6.0,1.0,2.0,0.138056999,2.0,1.0,Q5 Highest,,1.0,1.0,1.0,,1.0,1.0,Thailand,1.0,1,,,3.0,,,1.0,2.0,1.0,1.0,1.0,1.0,,2.0,1.0,2.0,2.0,,1.0,,2.0,THA,4.0,1.0,1.0,4.0,1.0,2.0,2,,1.0,,1.0,False,Male,40_49
190,1.0,2.0,2.0,East Asia & Pacific (excluding high income),1.0,2.0,1.0,2.0,2.0,2.0,1.0,1,,,,,1.0,25.0,2021,,181865865,1,,58246340.0,1.0,,5.0,2.0,1.0,2.0,2.320584425,1.0,2.0,Q2,,2.0,1.0,1.0,,2.0,1.0,Thailand,1.0,1,,,3.0,,2.0,1.0,2.0,1.0,1.0,,2.0,,1.0,,,2.0,1.0,1.0,2.0,1.0,THA,4.0,4.0,1.0,1.0,1.0,2.0,2,1.0,2.0,1.0,,False,Male,23_29
191,1.0,2.0,2.0,East Asia & Pacific (excluding high income),1.0,1.0,1.0,2.0,2.0,2.0,,1,,,,,1.0,41.0,2021,,166218034,1,,58246340.0,,,1.0,4.0,1.0,2.0,2.6689894,2.0,2.0,Q4,,1.0,1.0,1.0,,1.0,1.0,Thailand,2.0,1,,,2.0,,,1.0,2.0,1.0,0.0,,2.0,,1.0,1.0,,2.0,,1.0,1.0,1.0,THA,4.0,1.0,1.0,1.0,1.0,2.0,1,1.0,1.0,,1.0,False,Female,40_49
192,1.0,2.0,1.0,East Asia & Pacific (excluding high income),1.0,1.0,1.0,2.0,2.0,3.0,1.0,1,,,,,1.0,35.0,2021,,187596522,1,,58246340.0,1.0,,3.0,2.0,1.0,2.0,0.138056999,2.0,1.0,Q4,,1.0,1.0,1.0,,1.0,1.0,Thailand,1.0,1,,,,,2.0,1.0,2.0,1.0,1.0,3.0,2.0,,2.0,2.0,,3.0,1.0,1.0,,1.0,THA,4.0,1.0,1.0,4.0,1.0,2.0,1,,1.0,1.0,1.0,False,Female,30_39
193,0.0,2.0,2.0,East Asia & Pacific (excluding high income),1.0,2.0,1.0,2.0,2.0,,,1,,,,,1.0,16.0,2021,,210324298,1,,58246340.0,,,1.0,8.0,,,4.84750417,2.0,,Q3,,2.0,2.0,2.0,,,2.0,Thailand,2.0,2,,,,,,4.0,,0.0,0.0,,2.0,,2.0,,,,,0.0,,,THA,4.0,4.0,2.0,4.0,2.0,2.0,2,,2.0,,,False,Male,17_or_less
194,1.0,2.0,1.0,East Asia & Pacific (excluding high income),1.0,1.0,1.0,2.0,2.0,3.0,,1,,,,,1.0,24.0,2021,,170874571,1,,58246340.0,,,3.0,2.0,1.0,2.0,0.942575433,1.0,2.0,Q2,,1.0,1.0,1.0,,1.0,2.0,Thailand,2.0,1,,,2.0,,,1.0,2.0,1.0,1.0,1.0,2.0,,2.0,1.0,,2.0,,1.0,,1.0,THA,4.0,1.0,1.0,4.0,1.0,2.0,1,,1.0,,1.0,False,Female,23_29
195,1.0,2.0,1.0,East Asia & Pacific (excluding high income),1.0,1.0,1.0,2.0,2.0,2.0,,1,,,,,1.0,62.0,2021,,183399453,1,,58246340.0,,,2.0,2.0,1.0,,1.262406302,2.0,1.0,Q3,1.0,1.0,1.0,1.0,,2.0,1.0,Thailand,2.0,1,,,2.0,,,2.0,2.0,1.0,0.0,1.0,2.0,1.0,1.0,2.0,,1.0,,1.0,1.0,2.0,THA,4.0,2.0,1.0,1.0,1.0,2.0,2,1.0,1.0,,2.0,False,Male,60_69
196,1.0,2.0,1.0,East Asia & Pacific (excluding high income),1.0,1.0,1.0,2.0,2.0,2.0,,1,,,,,1.0,37.0,2021,,116367541,1,,58246340.0,,,2.0,2.0,2.0,2.0,0.920743722,1.0,2.0,Q2,,1.0,1.0,1.0,,2.0,2.0,Thailand,2.0,1,,,3.0,,,1.0,2.0,1.0,1.0,3.0,2.0,,1.0,2.0,,1.0,,0.0,2.0,1.0,THA,4.0,1.0,1.0,1.0,1.0,2.0,2,1.0,1.0,,1.0,False,Male,30_39
197,1.0,2.0,1.0,East Asia & Pacific (excluding high income),2.0,1.0,0.0,2.0,2.0,1.0,,1,,,,,1.0,34.0,2021,,127930021,1,,58246340.0,1.0,,2.0,2.0,2.0,2.0,5.714441691,2.0,2.0,Q2,,1.0,1.0,2.0,,2.0,2.0,Thailand,1.0,1,,,3.0,,,1.0,2.0,1.0,1.0,1.0,2.0,1.0,1.0,2.0,,1.0,,1.0,1.0,1.0,THA,4.0,2.0,1.0,1.0,1.0,1.0,2,1.0,1.0,,2.0,False,Male,30_39
198,1.0,2.0,1.0,East Asia & Pacific (excluding high income),1.0,2.0,1.0,2.0,2.0,3.0,1.0,1,,,,,1.0,34.0,2021,,168604994,1,,58246340.0,,,3.0,1.0,1.0,,0.334183898,2.0,1.0,Q5 Highest,,2.0,1.0,1.0,,,1.0,Thailand,2.0,1,,,,,2.0,4.0,,1.0,0.0,1.0,2.0,,1.0,,,3.0,1.0,1.0,1.0,,THA,4.0,4.0,2.0,1.0,1.0,2.0,2,1.0,2.0,1.0,,False,Male,30_39
199,1.0,2.0,1.0,East Asia & Pacific (excluding high income),1.0,1.0,1.0,2.0,2.0,3.0,,1,,,,,1.0,25.0,2021,,158097995,1,,58246340.0,,,2.0,2.0,1.0,2.0,0.139643824,1.0,1.0,Q5 Highest,,1.0,1.0,1.0,,2.0,1.0,Thailand,2.0,1,,,3.0,,,1.0,2.0,1.0,1.0,1.0,1.0,,1.0,2.0,1.0,2.0,,0.0,2.0,1.0,THA,4.0,1.0,1.0,1.0,1.0,2.0,2,1.0,1.0,,1.0,False,Male,23_29
200,1.0,2.0,1.0,East Asia & Pacific (excluding high income),1.0,1.0,1.0,2.0,2.0,2.0,1.0,1,,,,,1.0,25.0,2021,,210275024,1,,58246340.0,,,2.0,2.0,2.0,,4.294944395,2.0,2.0,Q2,1.0,2.0,1.0,2.0,,2.0,2.0,Thailand,2.0,1,,,2.0,,2.0,2.0,2.0,1.0,0.0,3.0,2.0,,1.0,1.0,,2.0,1.0,1.0,2.0,2.0,THA,4.0,1.0,1.0,1.0,1.0,2.0,1,1.0,1.0,1.0,1.0,False,Female,23_29
201,1.0,2.0,1.0,East Asia & Pacific (excluding high income),2.0,1.0,1.0,2.0,2.0,3.0,1.0,1,,,,,1.0,53.0,2021,,201432535,1,,58246340.0,1.0,,3.0,4.0,1.0,2.0,0.157862851,2.0,2.0,Q5 Highest,,1.0,1.0,1.0,,2.0,1.0,Thailand,1.0,1,,,1.0,,2.0,1.0,1.0,1.0,1.0,1.0,1.0,,1.0,1.0,2.0,3.0,1.0,1.0,2.0,1.0,THA,4.0,1.0,1.0,1.0,1.0,2.0,2,1.0,1.0,1.0,1.0,False,Male,50_59
202,1.0,2.0,1.0,East Asia & Pacific (excluding high income),2.0,1.0,1.0,2.0,2.0,3.0,,1,,,,,1.0,36.0,2021,,137122196,1,,58246340.0,,,2.0,4.0,1.0,2.0,0.208280098,1.0,2.0,Q4,,1.0,1.0,1.0,,2.0,2.0,Thailand,2.0,1,,,3.0,,,1.0,2.0,1.0,1.0,2.0,2.0,,1.0,2.0,,3.0,,1.0,1.0,1.0,THA,4.0,1.0,1.0,1.0,1.0,2.0,1,1.0,1.0,,1.0,False,Female,30_39
203,1.0,2.0,1.0,East Asia & Pacific (excluding high income),1.0,1.0,1.0,2.0,2.0,3.0,1.0,1,,,,,1.0,45.0,2021,,194946860,1,,58246340.0,1.0,,3.0,3.0,1.0,2.0,0.138056999,2.0,1.0,Q5 Highest,,1.0,1.0,1.0,,1.0,1.0,Thailand,1.0,1,,,,,1.0,1.0,1.0,1.0,1.0,1.0,2.0,,1.0,1.0,,3.0,1.0,1.0,1.0,1.0,THA,4.0,1.0,1.0,1.0,1.0,2.0,2,1.0,1.0,1.0,1.0,False,Male,40_49
204,1.0,2.0,1.0,East Asia & Pacific (excluding high income),2.0,1.0,0.0,2.0,2.0,1.0,,1,,,,,1.0,35.0,2021,,170486432,1,,58246340.0,,,2.0,2.0,1.0,,1.085519127,1.0,2.0,Q3,,2.0,1.0,2.0,,,2.0,Thailand,2.0,1,,,1.0,,,4.0,,0.0,1.0,2.0,2.0,,2.0,1.0,,1.0,,0.0,,,THA,4.0,1.0,2.0,4.0,1.0,2.0,1,,1.0,,1.0,False,Female,30_39
205,1.0,2.0,1.0,East Asia & Pacific (excluding high income),1.0,1.0,1.0,2.0,2.0,1.0,1.0,1,,,,,1.0,35.0,2021,,145983956,1,,58246340.0,1.0,,2.0,2.0,2.0,2.0,0.180142039,2.0,2.0,Q2,,2.0,1.0,1.0,,2.0,2.0,Thailand,1.0,1,,,3.0,,1.0,1.0,2.0,1.0,1.0,3.0,1.0,,1.0,1.0,1.0,1.0,1.0,1.0,2.0,1.0,THA,4.0,1.0,1.0,1.0,1.0,1.0,2,1.0,1.0,1.0,1.0,False,Male,30_39
206,1.0,1.0,1.0,East Asia & Pacific (excluding high income),1.0,1.0,1.0,2.0,2.0,2.0,,1,,,,,1.0,42.0,2021,,139649048,1,,58246340.0,,,2.0,1.0,1.0,2.0,1.683464194,1.0,1.0,Q1 Lowest,,1.0,1.0,1.0,,1.0,1.0,Thailand,2.0,1,,,,,,1.0,2.0,1.0,1.0,1.0,2.0,,1.0,1.0,,1.0,,1.0,1.0,1.0,THA,4.0,1.0,1.0,1.0,1.0,2.0,1,1.0,1.0,,1.0,False,Female,40_49
207,1.0,2.0,2.0,East Asia & Pacific (excluding high income),1.0,1.0,1.0,2.0,2.0,3.0,,1,,,,,1.0,56.0,2021,,135614180,1,,58246340.0,1.0,,3.0,2.0,2.0,2.0,0.168189706,2.0,2.0,Q4,,1.0,1.0,1.0,,2.0,1.0,Thailand,1.0,1,,,2.0,,,1.0,1.0,1.0,1.0,,2.0,,1.0,2.0,,2.0,,1.0,1.0,1.0,THA,4.0,1.0,1.0,1.0,1.0,2.0,1,2.0,1.0,,1.0,False,Female,50_59
208,1.0,2.0,2.0,East Asia & Pacific (excluding high income),2.0,1.0,0.0,2.0,1.0,,,1,2.0,,2.0,,2.0,60.0,2021,,200711940,1,,58246340.0,,,1.0,8.0,,,5.714441691,2.0,,Q4,,2.0,1.0,1.0,,,2.0,Thailand,2.0,2,,,,1.0,,4.0,,0.0,0.0,,2.0,1.0,1.0,2.0,,,,1.0,1.0,,THA,2.0,2.0,2.0,1.0,2.0,2.0,2,3.0,2.0,,2.0,False,Male,60_69
209,1.0,2.0,1.0,East Asia & Pacific (excluding high income),1.0,1.0,1.0,2.0,2.0,3.0,,1,,,,,1.0,45.0,2021,,116792468,1,,58246340.0,1.0,,3.0,2.0,1.0,2.0,0.381592008,2.0,1.0,Q4,,2.0,1.0,1.0,,2.0,1.0,Thailand,1.0,1,,,6.0,,,1.0,2.0,1.0,1.0,3.0,2.0,,1.0,1.0,,3.0,,0.0,2.0,1.0,THA,4.0,1.0,1.0,1.0,1.0,2.0,1,1.0,1.0,,2.0,False,Female,40_49
210,1.0,2.0,1.0,East Asia & Pacific (excluding high income),1.0,1.0,1.0,2.0,2.0,3.0,1.0,1,,,,,1.0,53.0,2021,,204654662,1,,58246340.0,,,3.0,2.0,1.0,,0.556236615,2.0,1.0,Q3,,1.0,1.0,1.0,,,1.0,Thailand,2.0,1,,,4.0,,2.0,4.0,,1.0,0.0,4.0,2.0,,1.0,2.0,,3.0,1.0,1.0,1.0,,THA,4.0,1.0,2.0,1.0,1.0,2.0,1,2.0,1.0,1.0,1.0,False,Female,50_59
211,1.0,2.0,1.0,East Asia & Pacific (excluding high income),1.0,1.0,1.0,2.0,2.0,3.0,1.0,1,,,,,1.0,61.0,2021,,186699919,1,,58246340.0,1.0,,2.0,2.0,1.0,2.0,1.840176402,2.0,2.0,Q3,,2.0,1.0,1.0,,2.0,1.0,Thailand,1.0,1,,,,,2.0,1.0,2.0,1.0,1.0,3.0,1.0,,1.0,2.0,2.0,3.0,1.0,1.0,1.0,1.0,THA,4.0,1.0,1.0,1.0,1.0,2.0,2,2.0,1.0,1.0,1.0,False,Male,60_69
212,1.0,2.0,1.0,East Asia & Pacific (excluding high income),1.0,1.0,1.0,2.0,1.0,3.0,,1,1.0,,1.0,,1.0,27.0,2021,,153573331,1,,58246340.0,2.0,,2.0,5.0,1.0,,5.714441691,1.0,2.0,Q3,,1.0,1.0,1.0,,,2.0,Thailand,1.0,1,,,2.0,,,4.0,,0.0,1.0,2.0,2.0,,1.0,1.0,,1.0,,1.0,2.0,,THA,1.0,1.0,2.0,1.0,1.0,1.0,2,1.0,1.0,,1.0,False,Male,23_29
213,1.0,2.0,1.0,East Asia & Pacific (excluding high income),1.0,2.0,1.0,2.0,2.0,3.0,1.0,1,,,,,1.0,50.0,2021,,196336922,1,,58246340.0,1.0,,3.0,2.0,1.0,,0.404584751,2.0,2.0,Q5 Highest,,1.0,1.0,1.0,,,1.0,Thailand,1.0,1,,,,,1.0,4.0,,1.0,1.0,3.0,2.0,,1.0,,,3.0,1.0,1.0,1.0,,THA,4.0,4.0,2.0,1.0,1.0,2.0,2,2.0,1.0,1.0,,False,Male,50_59
214,1.0,2.0,1.0,East Asia & Pacific (excluding high income),1.0,1.0,1.0,2.0,2.0,2.0,1.0,1,,,,,1.0,19.0,2021,,203255378,1,,58246340.0,,2.0,2.0,2.0,1.0,,0.877239631,1.0,,Q4,,1.0,1.0,1.0,,,2.0,Thailand,2.0,2,,,2.0,,2.0,4.0,,1.0,1.0,1.0,2.0,,1.0,1.0,,1.0,1.0,1.0,2.0,,THA,4.0,1.0,2.0,3.0,1.0,2.0,1,2.0,1.0,1.0,1.0,False,Female,18_22
215,1.0,2.0,1.0,East Asia & Pacific (excluding high income),1.0,1.0,1.0,2.0,2.0,3.0,,1,,,,,1.0,50.0,2021,,160590440,1,,58246340.0,1.0,,3.0,2.0,2.0,2.0,0.157862851,2.0,,Q4,,2.0,1.0,1.0,,2.0,1.0,Thailand,1.0,2,,,,,,1.0,2.0,1.0,1.0,3.0,2.0,,1.0,1.0,,3.0,,0.0,2.0,1.0,THA,4.0,1.0,1.0,1.0,1.0,2.0,2,1.0,1.0,,2.0,False,Male,50_59
216,1.0,2.0,1.0,East Asia & Pacific (excluding high income),1.0,1.0,1.0,2.0,2.0,3.0,1.0,1,,,,,1.0,42.0,2021,,140085342,1,,58246340.0,1.0,,3.0,1.0,1.0,,0.938868529,2.0,1.0,Q2,,1.0,1.0,2.0,,,1.0,Thailand,1.0,1,,,,,2.0,4.0,,1.0,1.0,1.0,2.0,,2.0,1.0,,3.0,1.0,1.0,,,THA,4.0,1.0,2.0,4.0,1.0,2.0,2,,1.0,1.0,1.0,False,Male,40_49
217,1.0,2.0,2.0,East Asia & Pacific (excluding high income),1.0,2.0,1.0,2.0,1.0,2.0,,1,1.0,,2.0,,1.0,22.0,2021,,121621190,1,,58246340.0,,,1.0,2.0,2.0,,0.475049587,2.0,,Q4,,2.0,1.0,1.0,,,2.0,Thailand,2.0,2,,,3.0,,,4.0,,1.0,0.0,,2.0,,1.0,,,1.0,,1.0,1.0,,THA,1.0,4.0,2.0,1.0,1.0,2.0,1,1.0,2.0,,,False,Female,18_22
218,1.0,2.0,2.0,East Asia & Pacific (excluding high income),2.0,1.0,0.0,2.0,2.0,3.0,,1,,,,,1.0,34.0,2021,,157842145,1,,58246340.0,,,1.0,4.0,,3.0,1.550371692,2.0,,Q4,,2.0,1.0,1.0,,1.0,2.0,Thailand,2.0,2,,,1.0,,,1.0,2.0,1.0,1.0,,2.0,,2.0,1.0,,1.0,,1.0,,1.0,THA,4.0,1.0,1.0,4.0,1.0,1.0,2,,1.0,,2.0,False,Male,30_39
219,1.0,2.0,2.0,East Asia & Pacific (excluding high income),2.0,1.0,1.0,2.0,2.0,3.0,1.0,1,,,,,2.0,43.0,2021,,166773966,1,,58246340.0,,,3.0,1.0,,,0.824988482,2.0,,Q5 Highest,,2.0,2.0,1.0,,,2.0,Thailand,2.0,2,,,,,2.0,4.0,,1.0,0.0,,2.0,,1.0,2.0,,3.0,1.0,1.0,1.0,,THA,4.0,1.0,2.0,1.0,2.0,2.0,2,2.0,2.0,1.0,1.0,False,Male,40_49
220,1.0,2.0,1.0,East Asia & Pacific (excluding high income),1.0,2.0,1.0,2.0,2.0,3.0,3.0,1,,,,,1.0,39.0,2021,,118747085,1,,58246340.0,,,1.0,4.0,1.0,3.0,0.545490711,2.0,,Q5 Highest,,1.0,1.0,1.0,,1.0,1.0,Thailand,2.0,2,,,,,2.0,1.0,2.0,1.0,0.0,3.0,2.0,,1.0,,,3.0,1.0,1.0,1.0,1.0,THA,4.0,4.0,1.0,1.0,1.0,2.0,2,1.0,2.0,1.0,,False,Male,30_39
221,1.0,2.0,1.0,East Asia & Pacific (excluding high income),2.0,1.0,0.0,1.0,2.0,2.0,,1,,,,,1.0,30.0,2021,,179769319,1,,58246340.0,1.0,,2.0,2.0,2.0,,2.958258789,1.0,1.0,Q2,,1.0,1.0,1.0,,,2.0,Thailand,1.0,1,,,3.0,,,4.0,,1.0,1.0,3.0,2.0,,1.0,1.0,,2.0,,1.0,1.0,,THA,4.0,1.0,2.0,1.0,1.0,2.0,1,1.0,1.0,,1.0,False,Female,30_39
222,1.0,2.0,2.0,East Asia & Pacific (excluding high income),1.0,1.0,1.0,2.0,1.0,2.0,,1,1.0,,1.0,,1.0,30.0,2021,,160883785,1,,58246340.0,,,3.0,3.0,1.0,,0.286089486,1.0,2.0,Q2,,2.0,1.0,1.0,,,1.0,Thailand,2.0,1,,,,,,4.0,,1.0,1.0,,2.0,1.0,1.0,2.0,,1.0,,1.0,1.0,,THA,1.0,2.0,2.0,1.0,1.0,2.0,1,1.0,1.0,,2.0,False,Female,30_39
223,1.0,2.0,1.0,East Asia & Pacific (excluding high income),2.0,1.0,1.0,2.0,2.0,3.0,,1,,,,,1.0,46.0,2021,,174380734,1,,58246340.0,,,3.0,2.0,1.0,2.0,0.495966621,2.0,2.0,Q4,,2.0,1.0,1.0,,2.0,1.0,Thailand,2.0,1,,,,,,1.0,2.0,1.0,0.0,3.0,2.0,,2.0,2.0,,3.0,,0.0,,1.0,THA,4.0,1.0,1.0,4.0,1.0,2.0,2,,1.0,,1.0,False,Male,40_49
224,1.0,2.0,2.0,East Asia & Pacific (excluding high income),2.0,2.0,1.0,2.0,2.0,3.0,,1,,,,,2.0,53.0,2021,,118441166,1,,58246340.0,,,1.0,2.0,,,2.843041933,2.0,,Q3,,2.0,2.0,1.0,,,1.0,Thailand,2.0,2,,,1.0,,,4.0,,0.0,0.0,,2.0,,1.0,,,2.0,,0.0,2.0,,THA,4.0,4.0,2.0,1.0,1.0,2.0,1,1.0,2.0,,,False,Female,50_59
225,1.0,2.0,1.0,East Asia & Pacific (excluding high income),1.0,1.0,1.0,2.0,1.0,3.0,1.0,1,1.0,,2.0,,1.0,57.0,2021,,184165816,1,,58246340.0,1.0,,3.0,2.0,3.0,,0.205961814,2.0,1.0,Q5 Highest,,2.0,1.0,1.0,,,1.0,Thailand,1.0,1,,,,,2.0,4.0,,1.0,1.0,3.0,1.0,1.0,1.0,2.0,2.0,3.0,1.0,1.0,1.0,,THA,1.0,2.0,2.0,1.0,1.0,2.0,2,2.0,1.0,1.0,2.0,False,Male,50_59
226,1.0,4.0,4.0,East Asia & Pacific (excluding high income),4.0,1.0,0.0,2.0,2.0,,1.0,1,,,,,1.0,46.0,2021,,170618887,1,,58246340.0,1.0,,3.0,9.0,1.0,,0.138056999,4.0,,Q3,4.0,4.0,1.0,1.0,,4.0,4.0,Thailand,1.0,2,,,6.0,,,3.0,2.0,1.0,1.0,,4.0,1.0,1.0,2.0,,,,1.0,1.0,4.0,THA,4.0,2.0,1.0,1.0,1.0,2.0,1,2.0,1.0,,2.0,False,Female,40_49
227,1.0,2.0,1.0,East Asia & Pacific (excluding high income),2.0,1.0,1.0,2.0,2.0,2.0,,1,,,,,1.0,42.0,2021,,170768173,1,,58246340.0,,,1.0,2.0,,,1.27787695,1.0,2.0,Q1 Lowest,,1.0,1.0,1.0,,,2.0,Thailand,2.0,1,,,3.0,,,4.0,,1.0,1.0,3.0,1.0,,2.0,2.0,2.0,2.0,,0.0,,,THA,4.0,1.0,2.0,4.0,1.0,1.0,2,,1.0,,1.0,False,Male,40_49
228,1.0,2.0,1.0,East Asia & Pacific (excluding high income),1.0,1.0,1.0,2.0,2.0,3.0,1.0,1,,,,,1.0,35.0,2021,,188527581,1,,58246340.0,,,1.0,2.0,1.0,,1.197799212,1.0,,Q5 Highest,,1.0,1.0,1.0,,,2.0,Thailand,2.0,2,,,,,1.0,4.0,,1.0,1.0,1.0,2.0,1.0,1.0,2.0,,3.0,1.0,1.0,1.0,,THA,4.0,2.0,2.0,1.0,1.0,2.0,2,1.0,2.0,1.0,2.0,False,Male,30_39
229,1.0,2.0,1.0,East Asia & Pacific (excluding high income),2.0,2.0,1.0,2.0,2.0,3.0,1.0,1,,,,,1.0,26.0,2021,,162148674,1,,58246340.0,,,3.0,2.0,1.0,,0.4223812,2.0,2.0,Q1 Lowest,,1.0,1.0,2.0,,,2.0,Thailand,2.0,1,,,1.0,,2.0,4.0,,1.0,0.0,1.0,2.0,,1.0,,,2.0,1.0,1.0,1.0,,THA,4.0,4.0,2.0,1.0,1.0,2.0,1,2.0,1.0,1.0,,False,Female,23_29
230,1.0,2.0,1.0,East Asia & Pacific (excluding high income),1.0,1.0,1.0,2.0,2.0,2.0,,1,,,,,1.0,58.0,2021,,124404108,1,,58246340.0,,,3.0,1.0,2.0,,0.138056999,2.0,1.0,Q5 Highest,,2.0,1.0,1.0,,,1.0,Thailand,2.0,1,,,2.0,,,4.0,,1.0,0.0,3.0,2.0,,2.0,1.0,,3.0,,0.0,,,THA,4.0,1.0,2.0,4.0,1.0,2.0,1,,1.0,,2.0,False,Female,50_59
231,1.0,2.0,1.0,East Asia & Pacific (excluding high income),2.0,1.0,1.0,2.0,2.0,2.0,2.0,1,,,,,1.0,42.0,2021,,208740484,1,,58246340.0,,,3.0,2.0,1.0,2.0,0.435446098,1.0,2.0,Q5 Highest,,1.0,2.0,1.0,,2.0,2.0,Thailand,2.0,1,,,4.0,,2.0,1.0,2.0,1.0,1.0,3.0,2.0,,1.0,1.0,,1.0,1.0,1.0,1.0,1.0,THA,4.0,1.0,1.0,1.0,1.0,2.0,1,1.0,1.0,1.0,1.0,False,Female,40_49
232,1.0,2.0,1.0,East Asia & Pacific (excluding high income),1.0,2.0,1.0,2.0,1.0,3.0,1.0,1,1.0,,1.0,,1.0,26.0,2021,,137685337,1,,58246340.0,,,2.0,2.0,1.0,,2.18870451,2.0,2.0,Q4,1.0,1.0,1.0,1.0,,2.0,1.0,Thailand,2.0,1,,,2.0,,2.0,2.0,2.0,1.0,0.0,3.0,2.0,,2.0,,,2.0,1.0,1.0,,2.0,THA,1.0,4.0,1.0,4.0,1.0,2.0,1,,2.0,1.0,,False,Female,23_29
233,1.0,2.0,2.0,East Asia & Pacific (excluding high income),1.0,2.0,1.0,2.0,2.0,,,1,,,,,1.0,50.0,2021,,158978976,1,,58246340.0,,,2.0,8.0,1.0,,0.720092996,2.0,,Q2,1.0,1.0,1.0,1.0,,2.0,1.0,Thailand,2.0,2,,,1.0,,,2.0,2.0,0.0,1.0,,2.0,,1.0,,,,,1.0,1.0,2.0,THA,4.0,4.0,1.0,1.0,1.0,1.0,2,1.0,2.0,,,False,Male,50_59
234,1.0,2.0,1.0,East Asia & Pacific (excluding high income),1.0,2.0,1.0,2.0,2.0,1.0,1.0,1,,,,,1.0,26.0,2021,,167927671,1,,58246340.0,,,3.0,2.0,1.0,2.0,0.193616866,1.0,1.0,Q5 Highest,,1.0,1.0,1.0,,1.0,2.0,Thailand,2.0,1,,,2.0,,2.0,1.0,2.0,1.0,1.0,1.0,2.0,,1.0,,,1.0,1.0,1.0,1.0,1.0,THA,4.0,4.0,1.0,1.0,1.0,2.0,1,1.0,1.0,1.0,,False,Female,23_29
235,1.0,2.0,2.0,East Asia & Pacific (excluding high income),1.0,1.0,1.0,2.0,2.0,3.0,,1,,,,,1.0,57.0,2021,,195309394,1,,58246340.0,,,3.0,1.0,1.0,2.0,0.302773876,2.0,2.0,Q5 Highest,,2.0,1.0,1.0,,2.0,1.0,Thailand,2.0,1,,,,,,1.0,2.0,1.0,0.0,,2.0,1.0,1.0,2.0,,3.0,,0.0,2.0,1.0,THA,4.0,2.0,1.0,1.0,1.0,2.0,2,1.0,1.0,,2.0,False,Male,50_59
236,1.0,1.0,2.0,East Asia & Pacific (excluding high income),2.0,1.0,0.0,2.0,2.0,,,1,,,,,2.0,24.0,2021,,153436132,1,,58246340.0,1.0,2.0,1.0,7.0,1.0,1.0,0.503673596,1.0,2.0,Q1 Lowest,,2.0,1.0,1.0,,2.0,2.0,Thailand,1.0,1,,,4.0,,,1.0,2.0,0.0,1.0,,2.0,1.0,1.0,2.0,,,,0.0,2.0,1.0,THA,4.0,2.0,1.0,3.0,1.0,2.0,2,2.0,2.0,,2.0,False,Male,23_29
237,1.0,2.0,1.0,East Asia & Pacific (excluding high income),1.0,1.0,1.0,2.0,2.0,3.0,,1,,,,,1.0,51.0,2021,,171979647,1,,58246340.0,1.0,,3.0,1.0,2.0,2.0,0.157862851,2.0,1.0,Q5 Highest,,2.0,2.0,1.0,,2.0,1.0,Thailand,1.0,1,,,2.0,,,1.0,1.0,1.0,1.0,1.0,1.0,,2.0,1.0,1.0,3.0,,0.0,,1.0,THA,4.0,1.0,1.0,4.0,1.0,2.0,2,,1.0,,2.0,False,Male,50_59
238,1.0,2.0,2.0,East Asia & Pacific (excluding high income),1.0,1.0,1.0,2.0,2.0,3.0,,1,,,,,2.0,52.0,2021,,142877938,1,,58246340.0,,,3.0,2.0,3.0,2.0,0.202950498,2.0,,Q5 Highest,,2.0,1.0,1.0,,2.0,1.0,Thailand,2.0,2,,,,,,1.0,2.0,1.0,0.0,,2.0,,2.0,1.0,,3.0,,0.0,,1.0,THA,4.0,1.0,1.0,4.0,1.0,2.0,1,,1.0,,1.0,False,Female,50_59
239,1.0,2.0,2.0,East Asia & Pacific (excluding high income),2.0,1.0,0.0,1.0,2.0,,,1,,,,,2.0,65.0,2021,,192157244,1,,58246340.0,2.0,,2.0,7.0,2.0,,1.45802474,2.0,2.0,Q2,,2.0,2.0,2.0,,,2.0,Thailand,1.0,1,,,,,,4.0,,0.0,0.0,,2.0,1.0,2.0,2.0,,,,0.0,2.0,,THA,4.0,2.0,2.0,4.0,1.0,2.0,2,1.0,2.0,,2.0,False,Male,60_69
240,1.0,2.0,1.0,East Asia & Pacific (excluding high income),2.0,1.0,1.0,1.0,2.0,2.0,2.0,1,,,,,1.0,71.0,2021,,154373711,1,,58246340.0,,,3.0,4.0,1.0,,0.152819014,1.0,1.0,Q5 Highest,2.0,1.0,1.0,2.0,,2.0,2.0,Thailand,2.0,1,,,3.0,,2.0,3.0,2.0,1.0,1.0,1.0,2.0,1.0,2.0,2.0,,1.0,1.0,1.0,2.0,2.0,THA,4.0,2.0,1.0,4.0,1.0,2.0,2,1.0,1.0,1.0,2.0,False,Male,70_plus
241,1.0,2.0,1.0,East Asia & Pacific (excluding high income),1.0,1.0,1.0,2.0,2.0,2.0,1.0,1,,,,,1.0,26.0,2021,,118882444,1,,58246340.0,,,2.0,2.0,2.0,2.0,0.543671672,2.0,,Q4,,1.0,1.0,1.0,,2.0,1.0,Thailand,2.0,2,,,,,2.0,1.0,2.0,1.0,1.0,1.0,2.0,,1.0,1.0,,2.0,1.0,1.0,2.0,1.0,THA,4.0,1.0,1.0,1.0,1.0,1.0,2,1.0,1.0,1.0,1.0,False,Male,23_29
242,1.0,2.0,2.0,East Asia & Pacific (excluding high income),2.0,1.0,1.0,2.0,2.0,3.0,1.0,1,,2.0,,2.0,,30.0,2021,2.0,204322314,0,2.0,58246340.0,,,2.0,2.0,,,3.190416893,2.0,,Q4,,2.0,,1.0,2.0,,2.0,Thailand,,2,1.0,,,,2.0,4.0,,1.0,1.0,,1.0,1.0,1.0,2.0,1.0,3.0,1.0,1.0,1.0,,THA,4.0,2.0,2.0,1.0,,2.0,1,2.0,1.0,2.0,2.0,False,Female,30_39
243,0.0,2.0,2.0,East Asia & Pacific (excluding high income),2.0,1.0,0.0,2.0,2.0,2.0,,0,,1.0,,1.0,,37.0,2021,2.0,140591469,0,2.0,58246340.0,,,1.0,2.0,,,0.868417419,1.0,,Q1 Lowest,1.0,2.0,,1.0,1.0,2.0,2.0,Thailand,,2,1.0,1.0,3.0,,,2.0,2.0,0.0,1.0,,2.0,1.0,2.0,2.0,,1.0,,0.0,,2.0,THA,4.0,2.0,1.0,4.0,,2.0,1,,2.0,,2.0,False,Female,30_39
244,1.0,2.0,1.0,East Asia & Pacific (excluding high income),2.0,1.0,0.0,2.0,2.0,3.0,2.0,1,,,,,1.0,32.0,2021,,114536964,1,,58246340.0,,,3.0,3.0,1.0,2.0,0.204822098,1.0,2.0,Q4,,1.0,1.0,1.0,,2.0,2.0,Thailand,2.0,1,,,3.0,,1.0,1.0,2.0,1.0,1.0,2.0,2.0,1.0,1.0,2.0,,2.0,1.0,1.0,1.0,1.0,THA,4.0,2.0,1.0,1.0,1.0,1.0,1,2.0,2.0,1.0,2.0,False,Female,30_39
245,1.0,2.0,2.0,East Asia & Pacific (excluding high income),2.0,1.0,1.0,2.0,2.0,2.0,2.0,1,,,,,1.0,39.0,2021,,119441267,1,,58246340.0,,,3.0,2.0,1.0,,0.403271822,1.0,2.0,Q4,,1.0,1.0,1.0,,,1.0,Thailand,2.0,1,,,,,2.0,4.0,,0.0,1.0,,2.0,,1.0,1.0,,2.0,1.0,1.0,1.0,,THA,4.0,1.0,2.0,1.0,1.0,2.0,1,1.0,1.0,2.0,2.0,False,Female,30_39
246,1.0,2.0,2.0,East Asia & Pacific (excluding high income),1.0,1.0,1.0,2.0,2.0,3.0,,1,,,,,1.0,60.0,2021,,181832116,1,,58246340.0,1.0,,3.0,2.0,1.0,,0.205961814,2.0,,Q5 Highest,,2.0,1.0,1.0,,,1.0,Thailand,1.0,2,,,,,,4.0,,1.0,1.0,,2.0,,2.0,1.0,,3.0,,0.0,,,THA,4.0,1.0,2.0,4.0,1.0,2.0,2,,2.0,,2.0,False,Male,60_69
247,1.0,2.0,1.0,East Asia & Pacific (excluding high income),1.0,1.0,1.0,2.0,2.0,,,1,,,,,1.0,36.0,2021,,184313902,1,,58246340.0,1.0,,3.0,8.0,1.0,,0.256730235,1.0,1.0,Q1 Lowest,,2.0,1.0,1.0,,,2.0,Thailand,1.0,1,,,3.0,,,4.0,,1.0,1.0,1.0,2.0,,1.0,1.0,,,,1.0,1.0,,THA,4.0,1.0,2.0,1.0,1.0,2.0,2,2.0,1.0,,2.0,False,Male,30_39
248,1.0,2.0,1.0,East Asia & Pacific (excluding high income),1.0,1.0,1.0,2.0,2.0,3.0,1.0,1,,,,,1.0,22.0,2021,,161916574,1,,58246340.0,,,2.0,4.0,1.0,,0.266906941,2.0,,Q2,,1.0,1.0,1.0,,,2.0,Thailand,2.0,2,,,,,1.0,4.0,,1.0,1.0,1.0,2.0,,1.0,1.0,,3.0,1.0,1.0,2.0,,THA,4.0,1.0,2.0,1.0,1.0,1.0,1,1.0,1.0,1.0,1.0,False,Female,18_22
249,1.0,2.0,2.0,East Asia & Pacific (excluding high income),2.0,1.0,0.0,2.0,2.0,3.0,,1,,,,,2.0,33.0,2021,,126411260,1,,58246340.0,1.0,,2.0,2.0,1.0,,4.876784539,1.0,2.0,Q1 Lowest,,1.0,1.0,1.0,,,2.0,Thailand,1.0,1,,,3.0,,,4.0,,1.0,1.0,,2.0,,1.0,1.0,,1.0,,1.0,1.0,,THA,4.0,1.0,2.0,1.0,1.0,1.0,2,1.0,1.0,,1.0,False,Male,30_39
250,1.0,2.0,1.0,East Asia & Pacific (excluding high income),2.0,2.0,0.0,2.0,2.0,,,1,,,,,1.0,26.0,2021,,198340467,1,,58246340.0,,2.0,3.0,8.0,1.0,,1.413012428,2.0,1.0,Q2,,2.0,1.0,1.0,,,2.0,Thailand,2.0,1,,,,,,4.0,,1.0,0.0,2.0,2.0,,1.0,,,,,0.0,2.0,,THA,4.0,4.0,2.0,1.0,1.0,2.0,1,2.0,1.0,,,False,Female,23_29
251,1.0,2.0,1.0,East Asia & Pacific (excluding high income),2.0,2.0,1.0,2.0,2.0,3.0,1.0,1,,,,,1.0,43.0,2021,,164862276,1,,58246340.0,1.0,,3.0,4.0,,,0.138056999,2.0,2.0,Q4,,2.0,1.0,1.0,,,2.0,Thailand,1.0,1,,,,,1.0,4.0,,1.0,1.0,1.0,2.0,,1.0,,,3.0,1.0,1.0,1.0,,THA,4.0,4.0,2.0,1.0,2.0,2.0,2,1.0,1.0,1.0,,False,Male,40_49
252,1.0,2.0,2.0,East Asia & Pacific (excluding high income),1.0,1.0,1.0,2.0,2.0,3.0,,1,,,,,2.0,69.0,2021,,163793013,1,,58246340.0,,,3.0,2.0,,,0.24315823,2.0,,Q3,,1.0,2.0,2.0,,,1.0,Thailand,2.0,2,,,,,,4.0,,0.0,0.0,,2.0,,1.0,1.0,,3.0,,1.0,1.0,,THA,4.0,1.0,2.0,1.0,2.0,2.0,1,1.0,2.0,,1.0,False,Female,60_69
253,0.0,4.0,4.0,East Asia & Pacific (excluding high income),1.0,1.0,1.0,4.0,4.0,,,0,,4.0,,4.0,,34.0,2021,4.0,187869114,0,4.0,58246340.0,,,3.0,9.0,,,0.327132288,4.0,,Q5 Highest,,4.0,,1.0,4.0,,1.0,Thailand,,4,4.0,4.0,,,,5.0,,0.0,0.0,,4.0,3.0,4.0,3.0,,,,0.0,,,THA,5.0,3.0,4.0,5.0,,4.0,2,,1.0,,3.0,False,Male,30_39
254,1.0,2.0,1.0,East Asia & Pacific (excluding high income),1.0,1.0,1.0,2.0,2.0,3.0,,1,,,,,1.0,35.0,2021,,147075718,1,,58246340.0,1.0,,3.0,2.0,2.0,2.0,0.249767845,2.0,2.0,Q5 Highest,,2.0,1.0,1.0,,2.0,1.0,Thailand,1.0,1,,,,,,1.0,2.0,1.0,1.0,3.0,2.0,,2.0,1.0,,3.0,,0.0,,1.0,THA,4.0,1.0,1.0,4.0,1.0,2.0,1,,1.0,,2.0,False,Female,30_39
255,1.0,2.0,2.0,East Asia & Pacific (excluding high income),1.0,1.0,1.0,2.0,2.0,,1.0,1,,,,,2.0,32.0,2021,,152692543,1,,58246340.0,,,3.0,7.0,2.0,,0.483142321,2.0,2.0,Q5 Highest,,2.0,1.0,2.0,,,1.0,Thailand,2.0,1,,,,,2.0,4.0,,1.0,0.0,,2.0,1.0,2.0,2.0,,,1.0,1.0,,,THA,4.0,2.0,2.0,4.0,1.0,2.0,2,,2.0,2.0,2.0,False,Male,30_39
256,1.0,2.0,2.0,East Asia & Pacific (excluding high income),2.0,2.0,0.0,2.0,2.0,,,1,,,,,2.0,66.0,2021,,155274052,1,,58246340.0,,,2.0,7.0,2.0,,5.714441691,2.0,,Q1 Lowest,1.0,2.0,2.0,1.0,,2.0,2.0,Thailand,3.0,2,,,,,,2.0,2.0,0.0,0.0,,2.0,,1.0,,,,,0.0,2.0,2.0,THA,4.0,4.0,1.0,1.0,1.0,2.0,2,1.0,2.0,,,False,Male,60_69
257,0.0,2.0,2.0,East Asia & Pacific (excluding high income),2.0,1.0,0.0,2.0,2.0,3.0,,0,,2.0,,2.0,,17.0,2021,3.0,138213906,0,2.0,58246340.0,,,1.0,2.0,,,3.325507166,2.0,,Q3,,1.0,,2.0,2.0,,2.0,Thailand,,2,2.0,1.0,3.0,,,4.0,,0.0,0.0,,2.0,1.0,2.0,2.0,,3.0,,0.0,,,THA,4.0,2.0,2.0,4.0,,2.0,2,,2.0,,2.0,False,Male,17_or_less
258,1.0,2.0,1.0,East Asia & Pacific (excluding high income),2.0,1.0,0.0,2.0,2.0,2.0,1.0,1,,,,,1.0,27.0,2021,,121766087,1,,58246340.0,,,3.0,3.0,1.0,,0.161456091,2.0,1.0,Q4,,1.0,1.0,1.0,,,2.0,Thailand,2.0,1,,,2.0,,2.0,4.0,,1.0,0.0,1.0,2.0,1.0,1.0,2.0,,2.0,1.0,1.0,1.0,,THA,4.0,2.0,2.0,1.0,1.0,2.0,1,2.0,1.0,2.0,2.0,False,Female,23_29
259,1.0,2.0,1.0,East Asia & Pacific (excluding high income),1.0,1.0,1.0,1.0,2.0,3.0,,1,,,,,1.0,61.0,2021,,184687773,1,,58246340.0,,,1.0,2.0,2.0,,0.648125606,2.0,2.0,Q5 Highest,,1.0,1.0,2.0,,,2.0,Thailand,2.0,1,,,1.0,,,4.0,,1.0,0.0,2.0,1.0,1.0,1.0,2.0,2.0,3.0,,1.0,1.0,,THA,4.0,2.0,2.0,1.0,1.0,2.0,1,1.0,1.0,,2.0,False,Female,60_69
260,1.0,2.0,1.0,East Asia & Pacific (excluding high income),1.0,2.0,1.0,2.0,2.0,2.0,1.0,1,,,,,1.0,27.0,2021,,165286144,1,,58246340.0,1.0,,2.0,1.0,1.0,,1.829258135,2.0,1.0,Q2,,2.0,2.0,1.0,,,1.0,Thailand,1.0,1,,,4.0,,1.0,4.0,,1.0,1.0,2.0,2.0,,2.0,,,2.0,1.0,1.0,,,THA,4.0,4.0,2.0,4.0,1.0,2.0,2,,2.0,1.0,,False,Male,23_29
261,1.0,2.0,1.0,East Asia & Pacific (excluding high income),1.0,1.0,1.0,2.0,2.0,3.0,1.0,1,,,,,1.0,28.0,2021,,177899444,1,,58246340.0,1.0,,3.0,1.0,1.0,2.0,0.5261178,2.0,1.0,Q5 Highest,,1.0,1.0,1.0,,2.0,1.0,Thailand,1.0,1,,,,,2.0,1.0,2.0,1.0,1.0,1.0,2.0,,1.0,1.0,,3.0,1.0,1.0,2.0,1.0,THA,4.0,1.0,1.0,1.0,1.0,2.0,2,1.0,1.0,1.0,1.0,False,Male,23_29
262,1.0,2.0,1.0,East Asia & Pacific (excluding high income),1.0,2.0,1.0,2.0,2.0,1.0,1.0,1,,,,,1.0,18.0,2021,,171063453,1,,58246340.0,,2.0,2.0,2.0,2.0,,1.698510942,2.0,,Q1 Lowest,,2.0,2.0,2.0,,,1.0,Thailand,2.0,2,,,4.0,,2.0,4.0,,1.0,0.0,1.0,2.0,,1.0,,,1.0,2.0,1.0,2.0,,THA,4.0,4.0,2.0,3.0,1.0,2.0,1,2.0,1.0,2.0,,False,Female,18_22
263,1.0,2.0,1.0,East Asia & Pacific (excluding high income),2.0,2.0,0.0,2.0,2.0,3.0,,1,,,,,2.0,25.0,2021,,207448925,1,,58246340.0,,,2.0,3.0,2.0,2.0,0.556565933,2.0,2.0,Q2,,1.0,1.0,1.0,,2.0,2.0,Thailand,2.0,1,,,,,,1.0,2.0,1.0,0.0,1.0,2.0,,1.0,,,3.0,,1.0,1.0,1.0,THA,4.0,4.0,1.0,1.0,1.0,2.0,2,2.0,2.0,,,False,Male,23_29
264,1.0,2.0,1.0,East Asia & Pacific (excluding high income),1.0,1.0,1.0,2.0,2.0,3.0,,1,,,,,1.0,49.0,2021,,155303097,1,,58246340.0,,,3.0,2.0,2.0,2.0,0.251749222,2.0,2.0,Q5 Highest,,2.0,1.0,1.0,,1.0,1.0,Thailand,2.0,1,,,2.0,,,1.0,2.0,1.0,0.0,1.0,2.0,,1.0,1.0,,3.0,,1.0,1.0,1.0,THA,4.0,1.0,1.0,1.0,1.0,2.0,2,2.0,1.0,,1.0,False,Male,40_49
265,1.0,2.0,1.0,East Asia & Pacific (excluding high income),1.0,1.0,1.0,2.0,2.0,3.0,1.0,1,,,,,1.0,35.0,2021,,136020420,1,,58246340.0,,,2.0,6.0,1.0,1.0,0.533798491,1.0,1.0,Q3,,1.0,1.0,1.0,,1.0,1.0,Thailand,2.0,1,,,2.0,,2.0,1.0,2.0,1.0,1.0,2.0,1.0,,1.0,2.0,2.0,3.0,1.0,1.0,1.0,2.0,THA,4.0,1.0,1.0,1.0,1.0,2.0,1,1.0,1.0,1.0,1.0,False,Female,30_39
266,1.0,2.0,1.0,East Asia & Pacific (excluding high income),1.0,1.0,1.0,2.0,2.0,2.0,,1,,,,,1.0,58.0,2021,,184176831,1,,58246340.0,,,1.0,4.0,1.0,2.0,0.796262364,2.0,2.0,Q2,,2.0,1.0,1.0,,2.0,1.0,Thailand,2.0,1,,,,,,1.0,2.0,1.0,1.0,3.0,2.0,1.0,1.0,2.0,,2.0,,0.0,2.0,1.0,THA,4.0,2.0,1.0,1.0,1.0,2.0,2,1.0,2.0,,2.0,False,Male,50_59
267,1.0,2.0,2.0,East Asia & Pacific (excluding high income),1.0,2.0,1.0,2.0,2.0,2.0,3.0,1,,,,,1.0,36.0,2021,,199316501,1,,58246340.0,2.0,,3.0,2.0,2.0,2.0,0.180142039,2.0,2.0,Q3,,2.0,1.0,1.0,,2.0,2.0,Thailand,1.0,1,,,3.0,,2.0,1.0,2.0,1.0,0.0,,2.0,,1.0,,,2.0,1.0,1.0,1.0,1.0,THA,4.0,4.0,1.0,1.0,1.0,2.0,2,2.0,1.0,2.0,,False,Male,30_39
268,1.0,2.0,1.0,East Asia & Pacific (excluding high income),1.0,1.0,1.0,2.0,2.0,3.0,1.0,1,,,,,1.0,27.0,2021,,191259929,1,,58246340.0,,,3.0,1.0,2.0,2.0,0.337552293,2.0,2.0,Q2,,1.0,1.0,1.0,,2.0,1.0,Thailand,2.0,1,,,,,2.0,1.0,2.0,1.0,0.0,3.0,2.0,,1.0,2.0,,3.0,1.0,1.0,1.0,1.0,THA,4.0,1.0,1.0,1.0,1.0,2.0,1,1.0,1.0,1.0,1.0,False,Female,23_29
269,1.0,2.0,2.0,East Asia & Pacific (excluding high income),1.0,1.0,1.0,2.0,2.0,3.0,,1,,,,,1.0,35.0,2021,,122055660,1,,58246340.0,1.0,1.0,2.0,3.0,,2.0,0.533798491,2.0,1.0,Q4,,2.0,1.0,1.0,,2.0,1.0,Thailand,1.0,1,,,,,,1.0,2.0,1.0,1.0,,2.0,1.0,1.0,2.0,,3.0,,0.0,2.0,1.0,THA,4.0,2.0,1.0,2.0,2.0,2.0,1,2.0,1.0,,2.0,False,Female,30_39
270,1.0,2.0,1.0,East Asia & Pacific (excluding high income),1.0,1.0,1.0,2.0,1.0,3.0,,1,2.0,,2.0,,1.0,47.0,2021,,167034189,1,,58246340.0,1.0,,3.0,2.0,1.0,2.0,0.193518674,2.0,2.0,Q4,,2.0,1.0,1.0,,2.0,1.0,Thailand,1.0,1,,,,1.0,,1.0,2.0,1.0,1.0,2.0,2.0,,1.0,2.0,,3.0,,1.0,1.0,1.0,THA,2.0,1.0,1.0,1.0,1.0,2.0,2,2.0,1.0,,1.0,False,Male,40_49
271,1.0,2.0,2.0,East Asia & Pacific (excluding high income),2.0,2.0,1.0,2.0,2.0,,1.0,1,,1.0,,2.0,,17.0,2021,2.0,195134438,0,2.0,58246340.0,,,1.0,9.0,,,1.881650921,2.0,,Q2,,1.0,,1.0,1.0,,1.0,Thailand,,2,2.0,,3.0,,,4.0,,0.0,0.0,,2.0,,1.0,,,,,1.0,1.0,,THA,4.0,4.0,2.0,1.0,,2.0,2,2.0,2.0,,,False,Male,17_or_less
272,1.0,2.0,2.0,East Asia & Pacific (excluding high income),1.0,2.0,1.0,2.0,1.0,3.0,,1,2.0,,2.0,,2.0,49.0,2021,,164875616,1,,58246340.0,,,1.0,2.0,1.0,,0.614603334,2.0,,Q2,1.0,1.0,2.0,1.0,,2.0,2.0,Thailand,2.0,2,,,4.0,1.0,,2.0,2.0,0.0,0.0,,1.0,,1.0,,2.0,3.0,,0.0,2.0,2.0,THA,2.0,4.0,1.0,1.0,2.0,2.0,2,1.0,2.0,,,False,Male,40_49
273,0.0,2.0,2.0,East Asia & Pacific (excluding high income),2.0,2.0,0.0,2.0,2.0,,,1,,,,,2.0,38.0,2021,,186791106,1,,58246340.0,,,3.0,7.0,,,0.197080187,2.0,,Q5 Highest,,2.0,2.0,1.0,,,2.0,Thailand,2.0,2,,,,,,4.0,,0.0,0.0,,2.0,,2.0,,,,,0.0,,,THA,4.0,4.0,2.0,4.0,2.0,2.0,2,,2.0,,,False,Male,30_39
274,0.0,2.0,2.0,East Asia & Pacific (excluding high income),2.0,2.0,0.0,2.0,2.0,3.0,,0,,2.0,,2.0,,38.0,2021,1.0,152221478,0,2.0,58246340.0,,,2.0,2.0,,,0.868417419,2.0,,Q4,,2.0,,1.0,2.0,,2.0,Thailand,,2,2.0,1.0,,,,4.0,,0.0,0.0,,2.0,,2.0,,,3.0,,0.0,,,THA,4.0,4.0,2.0,4.0,,2.0,1,,2.0,,,False,Female,30_39
275,1.0,2.0,1.0,East Asia & Pacific (excluding high income),1.0,1.0,1.0,2.0,1.0,3.0,1.0,1,2.0,,2.0,,1.0,53.0,2021,,201856057,1,,58246340.0,,,1.0,1.0,1.0,,1.119834655,2.0,1.0,Q5 Highest,2.0,2.0,1.0,1.0,,2.0,1.0,Thailand,2.0,1,,,2.0,1.0,2.0,3.0,2.0,1.0,0.0,3.0,2.0,,1.0,2.0,,3.0,2.0,1.0,1.0,2.0,THA,2.0,1.0,1.0,1.0,1.0,2.0,2,1.0,1.0,1.0,1.0,False,Male,50_59
276,1.0,2.0,2.0,East Asia & Pacific (excluding high income),1.0,1.0,1.0,2.0,2.0,3.0,,1,,,,,1.0,38.0,2021,,165989463,1,,58246340.0,,2.0,3.0,1.0,1.0,,0.227863973,2.0,1.0,Q5 Highest,,1.0,1.0,1.0,,,1.0,Thailand,2.0,1,,,2.0,,,4.0,,1.0,0.0,,1.0,,1.0,1.0,2.0,3.0,,0.0,2.0,,THA,4.0,1.0,2.0,3.0,1.0,2.0,1,2.0,1.0,,1.0,False,Female,30_39
277,0.0,2.0,2.0,East Asia & Pacific (excluding high income),2.0,2.0,1.0,2.0,2.0,2.0,,1,,,,,1.0,35.0,2021,,175928658,1,,58246340.0,,,3.0,4.0,1.0,,0.461683808,2.0,,Q3,1.0,2.0,2.0,1.0,,2.0,1.0,Thailand,2.0,2,,,,,,2.0,2.0,0.0,0.0,,2.0,,2.0,,,2.0,,0.0,,2.0,THA,4.0,4.0,1.0,4.0,1.0,2.0,2,,2.0,,,False,Male,30_39
278,1.0,2.0,1.0,East Asia & Pacific (excluding high income),2.0,1.0,1.0,2.0,2.0,3.0,1.0,1,,,,,1.0,34.0,2021,,191173630,1,,58246340.0,1.0,,3.0,2.0,2.0,2.0,0.838403302,2.0,2.0,Q3,,2.0,1.0,1.0,,2.0,1.0,Thailand,1.0,1,,,2.0,,2.0,1.0,2.0,1.0,1.0,1.0,2.0,,1.0,2.0,,3.0,1.0,1.0,2.0,1.0,THA,4.0,1.0,1.0,1.0,1.0,2.0,2,1.0,2.0,2.0,1.0,False,Male,30_39
279,1.0,2.0,1.0,East Asia & Pacific (excluding high income),1.0,2.0,1.0,2.0,2.0,2.0,1.0,1,,,,,1.0,16.0,2021,,191951795,1,,58246340.0,,,1.0,2.0,1.0,,3.136517015,2.0,1.0,Q5 Highest,,2.0,1.0,2.0,,,2.0,Thailand,2.0,1,,,,,2.0,4.0,,1.0,0.0,1.0,2.0,,2.0,,,2.0,1.0,1.0,,,THA,4.0,4.0,2.0,4.0,1.0,2.0,1,,1.0,1.0,,False,Female,17_or_less
280,1.0,2.0,2.0,East Asia & Pacific (excluding high income),1.0,1.0,1.0,2.0,1.0,2.0,,1,2.0,,2.0,,1.0,57.0,2021,,170574766,1,,58246340.0,,,3.0,2.0,1.0,,0.341254728,2.0,1.0,Q1 Lowest,1.0,1.0,2.0,1.0,,2.0,2.0,Thailand,2.0,1,,,1.0,1.0,,2.0,2.0,1.0,0.0,,2.0,1.0,1.0,2.0,,1.0,,1.0,1.0,2.0,THA,2.0,2.0,1.0,1.0,1.0,2.0,2,1.0,2.0,,2.0,False,Male,50_59
281,1.0,2.0,1.0,East Asia & Pacific (excluding high income),2.0,1.0,0.0,2.0,1.0,3.0,1.0,1,1.0,,1.0,,1.0,57.0,2021,,122301496,1,,58246340.0,,,2.0,3.0,1.0,2.0,1.168858615,2.0,,Q3,,1.0,1.0,1.0,,1.0,2.0,Thailand,2.0,2,,,,,2.0,1.0,2.0,1.0,0.0,2.0,2.0,,1.0,1.0,,2.0,1.0,1.0,2.0,1.0,THA,1.0,1.0,1.0,1.0,1.0,2.0,2,1.0,1.0,1.0,1.0,False,Male,50_59
282,0.0,2.0,2.0,East Asia & Pacific (excluding high income),2.0,2.0,0.0,2.0,2.0,3.0,,0,,2.0,,1.0,,37.0,2021,2.0,113287726,0,2.0,58246340.0,,,5.0,2.0,,,0.173566915,2.0,,Q3,,2.0,,1.0,1.0,,2.0,Thailand,,2,1.0,1.0,2.0,,,4.0,,0.0,0.0,,2.0,,2.0,,,3.0,,0.0,,,THA,4.0,4.0,2.0,4.0,,2.0,1,,2.0,,,False,Female,30_39
283,1.0,2.0,1.0,East Asia & Pacific (excluding high income),1.0,1.0,1.0,2.0,2.0,3.0,1.0,1,,,,,1.0,43.0,2021,,175051067,1,,58246340.0,,,3.0,2.0,2.0,2.0,0.593546602,2.0,1.0,Q5 Highest,,1.0,1.0,1.0,,2.0,1.0,Thailand,2.0,1,,,,,2.0,1.0,2.0,1.0,0.0,3.0,2.0,,1.0,1.0,,3.0,1.0,1.0,1.0,1.0,THA,4.0,1.0,1.0,1.0,1.0,2.0,1,2.0,1.0,1.0,1.0,False,Female,40_49
284,1.0,2.0,1.0,East Asia & Pacific (excluding high income),1.0,2.0,1.0,2.0,2.0,3.0,,1,,,,,1.0,,2021,,139256364,1,,58246340.0,,,3.0,1.0,1.0,2.0,0.181972094,2.0,1.0,Q4,,1.0,1.0,1.0,,2.0,1.0,Thailand,2.0,1,,,,,,1.0,2.0,1.0,0.0,3.0,2.0,,1.0,,,3.0,,1.0,1.0,1.0,THA,4.0,4.0,1.0,1.0,1.0,2.0,2,2.0,1.0,,,False,Male,
285,1.0,2.0,2.0,East Asia & Pacific (excluding high income),2.0,1.0,1.0,2.0,2.0,3.0,,1,,,,,1.0,35.0,2021,,143252764,1,,58246340.0,2.0,,3.0,2.0,2.0,,0.184025151,2.0,2.0,Q5 Highest,,2.0,2.0,1.0,,,1.0,Thailand,1.0,1,,,,,,4.0,,1.0,0.0,,2.0,,2.0,2.0,,3.0,,0.0,,,THA,4.0,1.0,2.0,4.0,1.0,2.0,2,,1.0,,1.0,False,Male,30_39
286,1.0,2.0,1.0,East Asia & Pacific (excluding high income),2.0,1.0,0.0,2.0,2.0,3.0,,1,,,,,1.0,27.0,2021,,175227623,1,,58246340.0,1.0,,3.0,2.0,2.0,2.0,0.496218276,2.0,,Q1 Lowest,,2.0,1.0,1.0,,1.0,2.0,Thailand,1.0,2,,,1.0,,,1.0,1.0,1.0,1.0,3.0,2.0,,1.0,2.0,,3.0,,1.0,1.0,1.0,THA,4.0,1.0,1.0,1.0,1.0,2.0,1,1.0,1.0,,1.0,False,Female,23_29
287,1.0,2.0,1.0,East Asia & Pacific (excluding high income),2.0,1.0,1.0,2.0,2.0,3.0,,1,,,,,1.0,40.0,2021,,178300358,1,,58246340.0,,,3.0,3.0,2.0,,0.180142039,2.0,2.0,Q4,,1.0,1.0,1.0,,,2.0,Thailand,2.0,1,,,1.0,,,4.0,,1.0,0.0,2.0,2.0,1.0,1.0,2.0,,1.0,,1.0,1.0,,THA,4.0,2.0,2.0,1.0,1.0,4.0,2,2.0,2.0,,2.0,False,Male,40_49
288,1.0,2.0,1.0,East Asia & Pacific (excluding high income),1.0,2.0,1.0,2.0,1.0,3.0,1.0,1,2.0,,1.0,,1.0,46.0,2021,,133908706,1,,58246340.0,1.0,,3.0,1.0,2.0,2.0,0.251749222,1.0,2.0,Q3,,1.0,1.0,1.0,,1.0,1.0,Thailand,1.0,1,,,2.0,,2.0,1.0,2.0,1.0,1.0,3.0,2.0,,1.0,,,3.0,1.0,1.0,2.0,1.0,THA,1.0,4.0,1.0,1.0,1.0,2.0,2,1.0,1.0,2.0,,False,Male,40_49
289,1.0,2.0,1.0,East Asia & Pacific (excluding high income),1.0,1.0,1.0,1.0,2.0,3.0,1.0,1,,,,,1.0,70.0,2021,,164132791,1,,58246340.0,1.0,,3.0,1.0,2.0,2.0,0.205961814,2.0,1.0,Q4,,1.0,1.0,1.0,,1.0,1.0,Thailand,1.0,1,,,,,2.0,1.0,2.0,1.0,1.0,3.0,2.0,,1.0,1.0,,3.0,1.0,1.0,2.0,1.0,THA,4.0,1.0,1.0,1.0,1.0,2.0,2,1.0,1.0,1.0,1.0,False,Male,70_plus
290,1.0,2.0,1.0,East Asia & Pacific (excluding high income),1.0,1.0,1.0,2.0,2.0,2.0,1.0,1,,,,,1.0,38.0,2021,,189094853,1,,58246340.0,,,3.0,2.0,1.0,2.0,0.289066686,2.0,1.0,Q4,,2.0,1.0,1.0,,2.0,1.0,Thailand,2.0,1,,,,,2.0,1.0,2.0,1.0,0.0,3.0,2.0,,1.0,2.0,,2.0,2.0,1.0,1.0,1.0,THA,4.0,1.0,1.0,1.0,1.0,2.0,1,2.0,1.0,1.0,1.0,False,Female,30_39
291,1.0,2.0,1.0,East Asia & Pacific (excluding high income),2.0,1.0,0.0,2.0,2.0,1.0,,1,,,,,1.0,52.0,2021,,137785496,1,,58246340.0,,,1.0,4.0,2.0,3.0,1.475260623,2.0,2.0,Q2,,2.0,1.0,1.0,,1.0,2.0,Thailand,2.0,1,,,3.0,,,1.0,2.0,0.0,0.0,2.0,2.0,1.0,1.0,2.0,,1.0,,1.0,1.0,1.0,THA,4.0,2.0,1.0,1.0,1.0,2.0,1,1.0,2.0,,2.0,False,Female,50_59
292,1.0,2.0,2.0,East Asia & Pacific (excluding high income),2.0,2.0,1.0,2.0,2.0,3.0,1.0,1,,,,,1.0,27.0,2021,,144485067,1,,58246340.0,,,2.0,1.0,2.0,,0.337552293,2.0,2.0,Q5 Highest,,2.0,1.0,1.0,,,1.0,Thailand,2.0,1,,,,,2.0,4.0,,0.0,0.0,,2.0,,2.0,,,3.0,1.0,1.0,,,THA,4.0,4.0,2.0,4.0,1.0,2.0,1,,2.0,2.0,,False,Female,23_29
293,1.0,2.0,2.0,East Asia & Pacific (excluding high income),1.0,2.0,1.0,2.0,2.0,3.0,,1,,,,,1.0,,2021,,198201756,1,,58246340.0,,,2.0,2.0,2.0,2.0,0.582240602,2.0,2.0,Q5 Highest,,2.0,1.0,1.0,,2.0,1.0,Thailand,2.0,1,,,,,,1.0,2.0,0.0,0.0,,2.0,,2.0,,,2.0,,0.0,,1.0,THA,4.0,4.0,1.0,4.0,1.0,2.0,2,,2.0,,,False,Male,
294,1.0,2.0,1.0,East Asia & Pacific (excluding high income),1.0,1.0,1.0,1.0,2.0,3.0,1.0,1,,,,,1.0,66.0,2021,,128255070,1,,58246340.0,2.0,,3.0,2.0,1.0,2.0,0.287333685,2.0,1.0,Q5 Highest,,2.0,1.0,2.0,,2.0,1.0,Thailand,1.0,1,,,,,2.0,1.0,1.0,1.0,0.0,3.0,2.0,,1.0,1.0,,3.0,1.0,1.0,2.0,1.0,THA,4.0,1.0,1.0,1.0,1.0,2.0,2,1.0,1.0,1.0,1.0,False,Male,60_69
295,1.0,2.0,1.0,East Asia & Pacific (excluding high income),2.0,1.0,1.0,2.0,2.0,3.0,1.0,1,,,,,1.0,48.0,2021,,153384575,1,,58246340.0,,,3.0,3.0,1.0,,0.157862851,2.0,1.0,Q4,,2.0,1.0,1.0,,,1.0,Thailand,2.0,1,,,,,2.0,4.0,,1.0,0.0,1.0,2.0,,1.0,1.0,,3.0,1.0,1.0,1.0,,THA,4.0,1.0,2.0,1.0,1.0,2.0,2,1.0,1.0,1.0,1.0,False,Male,40_49
296,1.0,2.0,2.0,East Asia & Pacific (excluding high income),1.0,1.0,1.0,2.0,1.0,3.0,1.0,1,2.0,,2.0,,1.0,61.0,2021,,139714341,1,,58246340.0,,,3.0,1.0,2.0,2.0,0.181388891,2.0,2.0,Q4,,1.0,1.0,1.0,,1.0,1.0,Thailand,2.0,1,,,,1.0,2.0,1.0,1.0,1.0,0.0,,2.0,,1.0,1.0,,3.0,2.0,1.0,1.0,1.0,THA,2.0,1.0,1.0,1.0,1.0,2.0,1,1.0,1.0,1.0,1.0,False,Female,60_69
297,1.0,2.0,1.0,East Asia & Pacific (excluding high income),1.0,1.0,1.0,2.0,2.0,2.0,1.0,1,,,,,1.0,45.0,2021,,210706285,1,,58246340.0,1.0,,1.0,2.0,1.0,1.0,0.579675135,1.0,1.0,Q3,,1.0,1.0,1.0,,1.0,2.0,Thailand,1.0,1,,,4.0,,2.0,1.0,2.0,1.0,1.0,2.0,1.0,,1.0,1.0,2.0,2.0,1.0,1.0,2.0,1.0,THA,4.0,1.0,1.0,1.0,1.0,2.0,1,1.0,1.0,1.0,2.0,False,Female,40_49
298,1.0,2.0,1.0,East Asia & Pacific (excluding high income),1.0,1.0,1.0,2.0,2.0,2.0,,1,,,,,1.0,22.0,2021,,124832771,1,,58246340.0,,,3.0,2.0,2.0,,0.948406451,2.0,1.0,Q4,,1.0,1.0,2.0,,,2.0,Thailand,2.0,1,,,,,,4.0,,1.0,0.0,1.0,2.0,,1.0,2.0,,1.0,,1.0,1.0,,THA,4.0,1.0,2.0,1.0,1.0,2.0,2,1.0,1.0,,1.0,False,Male,18_22
299,1.0,1.0,1.0,East Asia & Pacific (excluding high income),1.0,1.0,1.0,2.0,2.0,2.0,1.0,1,,,,,1.0,17.0,2021,,125812026,1,,58246340.0,,,1.0,2.0,2.0,,1.044891223,1.0,,Q5 Highest,,1.0,1.0,1.0,,,1.0,Thailand,2.0,2,,,4.0,,1.0,4.0,,1.0,1.0,3.0,2.0,,1.0,2.0,,1.0,1.0,1.0,1.0,,THA,4.0,1.0,2.0,1.0,2.0,2.0,1,1.0,1.0,1.0,1.0,False,Female,17_or_less
300,1.0,2.0,1.0,East Asia & Pacific (excluding high income),2.0,2.0,1.0,2.0,2.0,2.0,1.0,1,,,,,1.0,24.0,2021,,174870407,1,,58246340.0,,,3.0,2.0,1.0,1.0,0.171630533,2.0,1.0,Q4,,2.0,1.0,1.0,,2.0,2.0,Thailand,2.0,1,,,3.0,,2.0,1.0,2.0,1.0,0.0,3.0,2.0,,1.0,,,2.0,1.0,1.0,2.0,1.0,THA,4.0,4.0,1.0,1.0,1.0,2.0,1,1.0,1.0,1.0,,False,Female,23_29
301,1.0,2.0,1.0,East Asia & Pacific (excluding high income),2.0,1.0,1.0,2.0,2.0,,,1,,,,,1.0,34.0,2021,,137841425,1,,58246340.0,1.0,,3.0,7.0,1.0,2.0,0.138056999,2.0,1.0,Q4,,2.0,1.0,1.0,,2.0,2.0,Thailand,1.0,1,,,2.0,,,1.0,2.0,1.0,1.0,3.0,2.0,,1.0,1.0,,,,1.0,1.0,1.0,THA,4.0,1.0,1.0,1.0,1.0,2.0,2,2.0,1.0,,2.0,False,Male,30_39
302,1.0,2.0,1.0,East Asia & Pacific (excluding high income),1.0,2.0,1.0,2.0,2.0,2.0,1.0,1,,,,,1.0,33.0,2021,,121501651,1,,58246340.0,1.0,,3.0,4.0,1.0,2.0,0.723324305,2.0,1.0,Q5 Highest,,1.0,1.0,1.0,,1.0,1.0,Thailand,1.0,1,,,2.0,,1.0,1.0,1.0,1.0,1.0,1.0,2.0,,1.0,,,2.0,1.0,1.0,1.0,1.0,THA,4.0,4.0,1.0,1.0,1.0,1.0,1,2.0,1.0,1.0,,False,Female,30_39
303,1.0,2.0,1.0,East Asia & Pacific (excluding high income),2.0,2.0,1.0,2.0,2.0,2.0,,1,,,,,1.0,40.0,2021,,168322942,1,,58246340.0,,,3.0,2.0,2.0,,0.672984322,2.0,,Q3,,2.0,1.0,1.0,,,1.0,Thailand,2.0,2,,,3.0,,,4.0,,1.0,0.0,3.0,2.0,,1.0,,,1.0,,1.0,1.0,,THA,4.0,4.0,2.0,1.0,1.0,2.0,2,2.0,2.0,,,False,Male,40_49
304,1.0,2.0,1.0,East Asia & Pacific (excluding high income),1.0,1.0,1.0,2.0,2.0,3.0,,1,,,,,1.0,32.0,2021,,144317807,1,,58246340.0,,,3.0,2.0,2.0,,1.413012428,2.0,1.0,Q5 Highest,,1.0,1.0,1.0,,,1.0,Thailand,2.0,1,,,1.0,,,4.0,,1.0,0.0,3.0,2.0,,1.0,2.0,,3.0,,1.0,1.0,,THA,4.0,1.0,2.0,1.0,1.0,2.0,1,2.0,1.0,,1.0,False,Female,30_39
305,1.0,2.0,1.0,East Asia & Pacific (excluding high income),2.0,1.0,1.0,2.0,2.0,,,1,,,,,1.0,36.0,2021,,184349139,1,,58246340.0,,,3.0,8.0,1.0,,0.435446098,1.0,1.0,Q5 Highest,,2.0,1.0,1.0,,,2.0,Thailand,2.0,1,,,,,,4.0,,1.0,1.0,3.0,1.0,,1.0,1.0,2.0,,,1.0,1.0,,THA,4.0,1.0,2.0,1.0,1.0,2.0,1,2.0,1.0,,1.0,False,Female,30_39
306,1.0,2.0,1.0,East Asia & Pacific (excluding high income),1.0,2.0,1.0,2.0,1.0,3.0,,1,2.0,,2.0,,1.0,56.0,2021,,158676975,1,,58246340.0,1.0,,3.0,1.0,1.0,,0.300225109,2.0,2.0,Q5 Highest,1.0,2.0,1.0,1.0,,2.0,1.0,Thailand,1.0,1,,,,1.0,,2.0,2.0,1.0,1.0,3.0,2.0,,2.0,,,2.0,,0.0,,2.0,THA,2.0,4.0,1.0,4.0,1.0,2.0,2,,1.0,,,False,Male,50_59
307,1.0,2.0,1.0,East Asia & Pacific (excluding high income),2.0,2.0,0.0,2.0,2.0,,,1,,,,,1.0,20.0,2021,,118683390,1,,58246340.0,,,2.0,7.0,2.0,,0.932200555,2.0,,Q2,,1.0,1.0,1.0,,,2.0,Thailand,2.0,2,,,,,,4.0,,1.0,0.0,1.0,2.0,,1.0,,,,,1.0,1.0,,THA,4.0,4.0,2.0,1.0,1.0,2.0,1,2.0,2.0,,,False,Female,18_22
308,1.0,2.0,1.0,East Asia & Pacific (excluding high income),1.0,2.0,1.0,2.0,2.0,1.0,,1,,,,,2.0,38.0,2021,,125722437,1,,58246340.0,,,1.0,2.0,2.0,,1.184889262,1.0,,Q3,,1.0,2.0,1.0,,,2.0,Thailand,2.0,2,,,1.0,,,4.0,,1.0,1.0,3.0,2.0,,2.0,,,1.0,,0.0,,,THA,4.0,4.0,2.0,4.0,1.0,2.0,2,,2.0,,,False,Male,30_39
309,1.0,4.0,1.0,East Asia & Pacific (excluding high income),4.0,1.0,1.0,2.0,2.0,,1.0,1,,,,,1.0,50.0,2021,,124113382,1,,58246340.0,1.0,,3.0,9.0,1.0,1.0,0.356314493,4.0,1.0,Q5 Highest,,2.0,1.0,1.0,,2.0,1.0,Thailand,1.0,1,,,,,2.0,1.0,2.0,1.0,1.0,3.0,4.0,,2.0,1.0,,,1.0,1.0,,1.0,THA,4.0,1.0,1.0,4.0,1.0,4.0,1,,1.0,2.0,1.0,False,Female,50_59
310,1.0,2.0,2.0,East Asia & Pacific (excluding high income),1.0,2.0,1.0,2.0,2.0,2.0,,1,,,,,2.0,18.0,2021,,187313780,1,,58246340.0,,,2.0,2.0,,,3.954351335,2.0,,Q3,,1.0,2.0,2.0,,,1.0,Thailand,2.0,2,,,4.0,,,4.0,,0.0,0.0,,2.0,,1.0,,,2.0,,0.0,2.0,,THA,4.0,4.0,2.0,1.0,2.0,2.0,2,1.0,2.0,,,False,Male,18_22
311,1.0,2.0,1.0,East Asia & Pacific (excluding high income),1.0,1.0,1.0,2.0,1.0,2.0,1.0,1,1.0,,1.0,,1.0,42.0,2021,,187994635,1,,58246340.0,1.0,2.0,3.0,4.0,1.0,1.0,0.494955403,1.0,1.0,Q1 Lowest,,1.0,1.0,1.0,,1.0,2.0,Thailand,1.0,1,,,1.0,,1.0,1.0,2.0,1.0,1.0,2.0,1.0,,1.0,1.0,1.0,2.0,1.0,1.0,2.0,1.0,THA,1.0,1.0,1.0,1.0,1.0,1.0,1,2.0,1.0,1.0,1.0,False,Female,40_49
312,1.0,2.0,1.0,East Asia & Pacific (excluding high income),1.0,1.0,1.0,2.0,2.0,2.0,,1,,,,,1.0,52.0,2021,,153304149,1,,58246340.0,,,2.0,4.0,2.0,,2.168704812,2.0,1.0,Q4,,2.0,1.0,1.0,,,1.0,Thailand,2.0,1,,,2.0,,,4.0,,1.0,0.0,3.0,2.0,,1.0,1.0,,2.0,,1.0,1.0,,THA,4.0,1.0,2.0,1.0,1.0,2.0,1,1.0,1.0,,1.0,False,Female,50_59
313,1.0,2.0,1.0,East Asia & Pacific (excluding high income),1.0,2.0,1.0,2.0,2.0,2.0,1.0,1,,,,,1.0,25.0,2021,,173659035,1,,58246340.0,,,1.0,4.0,1.0,,0.386514799,1.0,1.0,Q4,,1.0,1.0,1.0,,,2.0,Thailand,2.0,1,,,3.0,,1.0,4.0,,1.0,1.0,2.0,2.0,,1.0,,,1.0,1.0,1.0,1.0,,THA,4.0,4.0,2.0,1.0,1.0,1.0,2,1.0,1.0,1.0,,False,Male,23_29
314,1.0,2.0,1.0,East Asia & Pacific (excluding high income),1.0,1.0,1.0,1.0,2.0,3.0,,1,,,,,1.0,63.0,2021,,160636722,1,,58246340.0,,,3.0,1.0,2.0,2.0,0.181388891,2.0,2.0,Q5 Highest,,1.0,1.0,1.0,,2.0,2.0,Thailand,2.0,1,,,,,,1.0,1.0,1.0,1.0,3.0,1.0,,1.0,1.0,2.0,2.0,,1.0,1.0,1.0,THA,4.0,1.0,1.0,1.0,1.0,1.0,1,1.0,2.0,,1.0,False,Female,60_69
315,1.0,2.0,1.0,East Asia & Pacific (excluding high income),2.0,2.0,0.0,2.0,2.0,1.0,,1,,,,,1.0,40.0,2021,,158269169,1,,58246340.0,,,2.0,2.0,,2.0,0.920743722,2.0,,Q1 Lowest,,2.0,1.0,1.0,,2.0,2.0,Thailand,2.0,2,,,1.0,,,1.0,2.0,1.0,0.0,2.0,2.0,,1.0,,,1.0,,1.0,1.0,1.0,THA,4.0,4.0,1.0,1.0,1.0,3.0,2,2.0,2.0,,,False,Male,40_49
316,1.0,2.0,1.0,East Asia & Pacific (excluding high income),2.0,2.0,0.0,2.0,2.0,2.0,1.0,1,,,,,1.0,45.0,2021,,169671897,1,,58246340.0,,,1.0,2.0,1.0,,1.05619392,1.0,2.0,Q2,,1.0,1.0,1.0,,,2.0,Thailand,2.0,1,,,2.0,,2.0,4.0,,1.0,1.0,2.0,2.0,,1.0,,,2.0,2.0,1.0,1.0,,THA,4.0,4.0,2.0,1.0,1.0,2.0,1,2.0,1.0,1.0,,False,Female,40_49
317,1.0,2.0,1.0,East Asia & Pacific (excluding high income),1.0,2.0,1.0,2.0,1.0,3.0,1.0,1,2.0,,2.0,,1.0,30.0,2021,,172394508,1,,58246340.0,,,2.0,2.0,1.0,2.0,0.853999396,2.0,,Q2,,2.0,1.0,1.0,,2.0,2.0,Thailand,2.0,2,,,,1.0,2.0,1.0,2.0,1.0,0.0,3.0,2.0,,1.0,,,3.0,1.0,1.0,1.0,1.0,THA,2.0,4.0,1.0,1.0,1.0,2.0,1,1.0,1.0,1.0,,False,Female,30_39
318,1.0,2.0,1.0,East Asia & Pacific (excluding high income),1.0,1.0,1.0,2.0,2.0,1.0,1.0,1,,,,,1.0,32.0,2021,,156571524,1,,58246340.0,1.0,,3.0,3.0,2.0,2.0,0.453570565,2.0,1.0,Q5 Highest,,1.0,1.0,1.0,,1.0,1.0,Thailand,1.0,1,,,3.0,,2.0,1.0,2.0,1.0,1.0,1.0,2.0,,2.0,1.0,,1.0,1.0,1.0,,1.0,THA,4.0,1.0,1.0,4.0,1.0,2.0,1,,1.0,2.0,1.0,False,Female,30_39
319,1.0,2.0,2.0,East Asia & Pacific (excluding high income),1.0,1.0,1.0,2.0,2.0,3.0,,1,,,,,1.0,30.0,2021,,138424740,1,,58246340.0,,,3.0,2.0,1.0,,0.790756444,2.0,2.0,Q5 Highest,,1.0,1.0,1.0,,,1.0,Thailand,2.0,1,,,,,,4.0,,1.0,0.0,,2.0,,1.0,2.0,,3.0,,1.0,1.0,,THA,4.0,1.0,2.0,1.0,1.0,2.0,1,2.0,1.0,,1.0,False,Female,30_39
320,1.0,2.0,1.0,East Asia & Pacific (excluding high income),1.0,1.0,1.0,2.0,2.0,3.0,1.0,1,,,,,1.0,33.0,2021,,128824911,1,,58246340.0,1.0,,3.0,2.0,1.0,,0.139643824,2.0,,Q5 Highest,,2.0,1.0,1.0,,,1.0,Thailand,1.0,2,,,,,2.0,4.0,,1.0,1.0,3.0,2.0,,1.0,2.0,,3.0,1.0,1.0,1.0,,THA,4.0,1.0,2.0,1.0,1.0,2.0,2,1.0,1.0,1.0,1.0,False,Male,30_39
321,1.0,2.0,2.0,East Asia & Pacific (excluding high income),1.0,1.0,1.0,2.0,2.0,2.0,1.0,1,,,,,2.0,23.0,2021,,133782461,1,,58246340.0,,,2.0,3.0,1.0,2.0,2.248266621,2.0,1.0,Q4,,2.0,1.0,1.0,,2.0,1.0,Thailand,2.0,1,,,,,2.0,1.0,2.0,1.0,0.0,,2.0,1.0,1.0,2.0,,3.0,2.0,1.0,1.0,1.0,THA,4.0,2.0,1.0,1.0,1.0,2.0,1,2.0,1.0,2.0,2.0,False,Female,23_29
322,1.0,2.0,2.0,East Asia & Pacific (excluding high income),1.0,2.0,1.0,2.0,2.0,1.0,,1,,,,,2.0,34.0,2021,,185364580,1,,58246340.0,,,1.0,2.0,1.0,2.0,2.151721703,1.0,,Q3,,1.0,2.0,1.0,,1.0,2.0,Thailand,2.0,2,,,3.0,,,1.0,2.0,0.0,1.0,,2.0,,1.0,,,1.0,,1.0,2.0,1.0,THA,4.0,4.0,1.0,1.0,1.0,2.0,2,1.0,2.0,,,False,Male,30_39
323,1.0,2.0,1.0,East Asia & Pacific (excluding high income),2.0,1.0,0.0,2.0,2.0,3.0,,1,,,,,1.0,41.0,2021,,121662005,1,,58246340.0,2.0,,3.0,2.0,1.0,2.0,0.138056999,1.0,2.0,Q3,,2.0,1.0,1.0,,2.0,2.0,Thailand,1.0,1,,,3.0,,,1.0,1.0,1.0,1.0,1.0,2.0,,1.0,2.0,,1.0,,1.0,1.0,1.0,THA,4.0,1.0,1.0,1.0,1.0,1.0,2,2.0,1.0,,1.0,False,Male,40_49
324,1.0,2.0,1.0,East Asia & Pacific (excluding high income),2.0,2.0,0.0,2.0,2.0,1.0,,1,,,,,2.0,48.0,2021,,161315213,1,,58246340.0,,,2.0,2.0,2.0,,0.846195817,2.0,,Q3,,2.0,1.0,1.0,,,2.0,Thailand,2.0,2,,,3.0,,,4.0,,1.0,0.0,3.0,2.0,,1.0,,,1.0,,1.0,1.0,,THA,4.0,4.0,2.0,1.0,1.0,2.0,1,2.0,2.0,,,False,Female,40_49
325,1.0,2.0,1.0,East Asia & Pacific (excluding high income),1.0,1.0,1.0,2.0,2.0,2.0,,1,,,,,1.0,19.0,2021,,124343418,1,,58246340.0,1.0,,2.0,4.0,2.0,,2.712782339,1.0,1.0,Q1 Lowest,,1.0,1.0,2.0,,,1.0,Thailand,1.0,1,,,4.0,,,4.0,,1.0,1.0,1.0,2.0,,1.0,1.0,,2.0,,1.0,1.0,,THA,4.0,1.0,2.0,1.0,1.0,2.0,2,1.0,1.0,,1.0,False,Male,18_22
326,1.0,2.0,2.0,East Asia & Pacific (excluding high income),2.0,2.0,0.0,2.0,2.0,4.0,,1,,,,,2.0,59.0,2021,,133791779,1,,58246340.0,1.0,,2.0,5.0,2.0,3.0,0.138056999,2.0,1.0,Q2,,1.0,2.0,1.0,,2.0,2.0,Thailand,1.0,1,,,,,,1.0,2.0,0.0,1.0,,2.0,,1.0,,,3.0,,0.0,2.0,1.0,THA,4.0,4.0,1.0,1.0,1.0,2.0,1,1.0,2.0,,,False,Female,50_59
327,1.0,2.0,1.0,East Asia & Pacific (excluding high income),2.0,1.0,1.0,2.0,2.0,3.0,1.0,1,,,,,1.0,33.0,2021,,118097022,1,,58246340.0,1.0,,3.0,5.0,1.0,2.0,0.357891433,2.0,2.0,Q5 Highest,,2.0,1.0,1.0,,1.0,1.0,Thailand,1.0,1,,,1.0,,2.0,1.0,2.0,1.0,1.0,3.0,2.0,,1.0,2.0,,2.0,1.0,1.0,1.0,1.0,THA,4.0,1.0,1.0,1.0,1.0,2.0,2,2.0,1.0,1.0,1.0,False,Male,30_39
328,1.0,2.0,2.0,East Asia & Pacific (excluding high income),2.0,2.0,0.0,2.0,2.0,,,1,,,,,1.0,16.0,2021,,162450171,1,,58246340.0,,,1.0,8.0,4.0,,1.297562599,2.0,2.0,Q3,,2.0,1.0,2.0,,,2.0,Thailand,2.0,1,,,,,,4.0,,1.0,0.0,,2.0,,2.0,,,,,0.0,,,THA,4.0,4.0,2.0,4.0,1.0,2.0,2,,2.0,,,False,Male,17_or_less
329,1.0,2.0,1.0,East Asia & Pacific (excluding high income),1.0,1.0,1.0,2.0,2.0,1.0,,1,,,,,2.0,54.0,2021,,161393933,1,,58246340.0,,,1.0,2.0,2.0,,2.843041933,2.0,2.0,Q2,,2.0,2.0,1.0,,,2.0,Thailand,2.0,1,,,3.0,,,4.0,,0.0,1.0,2.0,2.0,1.0,1.0,2.0,,1.0,,1.0,1.0,,THA,4.0,2.0,2.0,1.0,1.0,1.0,1,2.0,2.0,,2.0,False,Female,50_59
330,1.0,2.0,1.0,East Asia & Pacific (excluding high income),1.0,2.0,1.0,2.0,2.0,2.0,1.0,1,,,,,1.0,44.0,2021,,112099024,1,,58246340.0,,,3.0,2.0,1.0,1.0,0.138056999,1.0,1.0,Q5 Highest,,1.0,1.0,1.0,,1.0,2.0,Thailand,2.0,1,,,1.0,,2.0,1.0,2.0,1.0,1.0,3.0,2.0,,1.0,,,2.0,1.0,1.0,2.0,1.0,THA,4.0,4.0,1.0,1.0,1.0,2.0,2,1.0,1.0,1.0,,False,Male,40_49
331,1.0,2.0,1.0,East Asia & Pacific (excluding high income),2.0,2.0,0.0,2.0,2.0,2.0,1.0,1,,,,,1.0,16.0,2021,,160454427,1,,58246340.0,,,1.0,3.0,2.0,2.0,1.905498661,2.0,2.0,Q3,,2.0,1.0,1.0,,2.0,2.0,Thailand,2.0,1,,,3.0,,2.0,1.0,2.0,1.0,0.0,3.0,2.0,,2.0,,,1.0,1.0,1.0,,1.0,THA,4.0,4.0,1.0,4.0,1.0,2.0,1,,2.0,1.0,,False,Female,17_or_less
332,1.0,2.0,1.0,East Asia & Pacific (excluding high income),1.0,1.0,1.0,2.0,2.0,,1.0,1,,,,,1.0,34.0,2021,,142650656,1,,58246340.0,,,3.0,8.0,1.0,2.0,0.139643824,1.0,2.0,Q5 Highest,,2.0,1.0,1.0,,1.0,1.0,Thailand,2.0,1,,,,,2.0,1.0,1.0,1.0,1.0,3.0,2.0,,2.0,2.0,,,2.0,1.0,,1.0,THA,4.0,1.0,1.0,4.0,1.0,2.0,2,,1.0,1.0,1.0,False,Male,30_39
333,1.0,2.0,1.0,East Asia & Pacific (excluding high income),1.0,1.0,1.0,1.0,2.0,3.0,,1,,,,,1.0,55.0,2021,,123225058,1,,58246340.0,1.0,,3.0,2.0,1.0,2.0,0.192318439,1.0,,Q5 Highest,,2.0,1.0,1.0,,1.0,1.0,Thailand,1.0,2,,,4.0,,,1.0,1.0,1.0,1.0,1.0,2.0,1.0,1.0,2.0,,2.0,,1.0,1.0,1.0,THA,4.0,2.0,1.0,1.0,1.0,2.0,2,1.0,1.0,,2.0,False,Male,50_59
334,1.0,2.0,2.0,East Asia & Pacific (excluding high income),1.0,2.0,1.0,2.0,2.0,2.0,,1,,,,,2.0,43.0,2021,,124918809,1,,58246340.0,,,2.0,2.0,1.0,,0.138056999,2.0,2.0,Q3,,2.0,2.0,1.0,,,1.0,Thailand,2.0,1,,,3.0,,,4.0,,0.0,0.0,,2.0,,1.0,,,1.0,,0.0,2.0,,THA,4.0,4.0,2.0,1.0,1.0,2.0,2,1.0,2.0,,,False,Male,40_49
335,1.0,2.0,2.0,East Asia & Pacific (excluding high income),2.0,2.0,1.0,2.0,2.0,3.0,,1,,,,,1.0,37.0,2021,,137547143,1,,58246340.0,,,2.0,2.0,2.0,,0.855674061,2.0,,Q4,,2.0,1.0,2.0,,,2.0,Thailand,2.0,2,,,1.0,,,4.0,,0.0,1.0,,1.0,,1.0,,1.0,3.0,,1.0,1.0,,THA,4.0,4.0,2.0,1.0,1.0,1.0,1,1.0,1.0,,,False,Female,30_39
336,1.0,2.0,1.0,East Asia & Pacific (excluding high income),1.0,2.0,1.0,2.0,2.0,3.0,,1,,,,,1.0,20.0,2021,,123626670,1,,58246340.0,,,3.0,2.0,2.0,,0.168526525,2.0,1.0,Q4,,2.0,1.0,2.0,,,1.0,Thailand,2.0,1,,,1.0,,,4.0,,1.0,0.0,1.0,2.0,,1.0,,,2.0,,1.0,1.0,,THA,4.0,4.0,2.0,1.0,1.0,2.0,2,2.0,2.0,,,False,Male,18_22
337,1.0,2.0,1.0,East Asia & Pacific (excluding high income),1.0,1.0,1.0,2.0,2.0,3.0,,1,,,,,1.0,27.0,2021,,182169724,1,,58246340.0,1.0,,3.0,2.0,1.0,2.0,0.193616866,2.0,1.0,Q5 Highest,,2.0,1.0,1.0,,2.0,1.0,Thailand,1.0,1,,,,,,1.0,2.0,1.0,1.0,1.0,2.0,,1.0,1.0,,2.0,,1.0,1.0,1.0,THA,4.0,1.0,1.0,1.0,1.0,2.0,1,1.0,1.0,,1.0,False,Female,23_29
338,1.0,2.0,1.0,East Asia & Pacific (excluding high income),1.0,1.0,1.0,2.0,2.0,3.0,2.0,1,,,,,1.0,47.0,2021,,127067483,1,,58246340.0,,,1.0,1.0,1.0,,0.900120682,2.0,2.0,Q3,1.0,2.0,1.0,1.0,,2.0,1.0,Thailand,2.0,1,,,3.0,,2.0,2.0,2.0,1.0,1.0,2.0,2.0,1.0,1.0,2.0,,2.0,1.0,1.0,2.0,2.0,THA,4.0,2.0,1.0,1.0,1.0,1.0,1,1.0,1.0,2.0,2.0,False,Female,40_49
339,1.0,2.0,1.0,East Asia & Pacific (excluding high income),2.0,1.0,1.0,2.0,2.0,2.0,1.0,1,,,,,1.0,20.0,2021,,176132099,1,,58246340.0,,,3.0,1.0,1.0,,0.797585288,1.0,,Q5 Highest,,1.0,1.0,2.0,,,1.0,Thailand,2.0,2,,,3.0,,2.0,4.0,,1.0,1.0,1.0,2.0,,1.0,1.0,,2.0,1.0,1.0,1.0,,THA,4.0,1.0,2.0,1.0,1.0,2.0,2,2.0,1.0,1.0,1.0,False,Male,18_22
340,1.0,2.0,1.0,East Asia & Pacific (excluding high income),1.0,1.0,1.0,2.0,2.0,3.0,1.0,1,,,,,1.0,49.0,2021,,120630581,1,,58246340.0,1.0,,3.0,4.0,2.0,1.0,0.546837817,2.0,2.0,Q2,,2.0,1.0,1.0,,2.0,1.0,Thailand,1.0,1,,,2.0,,2.0,1.0,2.0,1.0,1.0,1.0,1.0,,2.0,2.0,2.0,3.0,1.0,1.0,,1.0,THA,4.0,1.0,1.0,4.0,1.0,2.0,2,,1.0,2.0,1.0,False,Male,40_49
341,1.0,2.0,1.0,East Asia & Pacific (excluding high income),2.0,1.0,0.0,2.0,2.0,2.0,,1,,,,,1.0,35.0,2021,,168210039,1,,58246340.0,,,2.0,2.0,,,0.168209024,2.0,2.0,Q4,,2.0,1.0,1.0,,,2.0,Thailand,2.0,1,,,4.0,,,4.0,,1.0,0.0,1.0,2.0,1.0,1.0,2.0,,1.0,,1.0,1.0,,THA,4.0,2.0,2.0,1.0,2.0,2.0,2,1.0,2.0,,2.0,False,Male,30_39
342,1.0,2.0,2.0,East Asia & Pacific (excluding high income),1.0,2.0,1.0,2.0,2.0,1.0,,1,,,,,2.0,39.0,2021,,115314112,1,,58246340.0,,,2.0,2.0,2.0,,1.924976344,1.0,,Q2,,2.0,1.0,1.0,,,2.0,Thailand,2.0,2,,,3.0,,,4.0,,1.0,1.0,,2.0,,1.0,,,1.0,,1.0,1.0,,THA,4.0,4.0,2.0,1.0,1.0,2.0,2,1.0,2.0,,,False,Male,30_39
343,1.0,2.0,1.0,East Asia & Pacific (excluding high income),1.0,1.0,1.0,2.0,2.0,1.0,,1,,,,,1.0,40.0,2021,,191852426,1,,58246340.0,1.0,,3.0,4.0,2.0,1.0,0.185880027,2.0,,Q5 Highest,,2.0,1.0,1.0,,2.0,2.0,Thailand,1.0,2,,,2.0,,,1.0,2.0,1.0,1.0,1.0,2.0,,1.0,2.0,,1.0,,0.0,2.0,1.0,THA,4.0,1.0,1.0,1.0,1.0,1.0,1,1.0,1.0,,1.0,False,Female,40_49
344,1.0,2.0,1.0,East Asia & Pacific (excluding high income),1.0,2.0,1.0,2.0,2.0,,,1,,,,,1.0,40.0,2021,,177602659,1,,58246340.0,,,2.0,9.0,1.0,1.0,0.751096655,2.0,1.0,Q2,,1.0,1.0,1.0,,2.0,1.0,Thailand,2.0,1,,,4.0,,,1.0,2.0,1.0,0.0,3.0,2.0,,2.0,,,,,0.0,,1.0,THA,4.0,4.0,1.0,4.0,1.0,2.0,2,,1.0,,,False,Male,40_49
345,0.0,2.0,2.0,East Asia & Pacific (excluding high income),2.0,2.0,0.0,2.0,2.0,3.0,,1,,,,,2.0,53.0,2021,,206382374,1,,58246340.0,,,1.0,2.0,,,1.575159297,2.0,,Q2,,2.0,2.0,1.0,,,2.0,Thailand,2.0,2,,,2.0,,,4.0,,0.0,0.0,,2.0,,2.0,,,1.0,,0.0,,,THA,4.0,4.0,2.0,4.0,2.0,2.0,2,,2.0,,,False,Male,50_59
346,1.0,2.0,2.0,East Asia & Pacific (excluding high income),2.0,2.0,0.0,2.0,2.0,2.0,,1,,,,,2.0,29.0,2021,,181687788,1,,58246340.0,1.0,,2.0,2.0,,,0.305462307,1.0,2.0,Q2,1.0,1.0,2.0,1.0,,2.0,2.0,Thailand,1.0,1,,,3.0,,,2.0,2.0,0.0,1.0,,2.0,,1.0,,,2.0,,1.0,1.0,2.0,THA,4.0,4.0,1.0,1.0,2.0,2.0,2,2.0,2.0,,,False,Male,23_29
347,1.0,2.0,1.0,East Asia & Pacific (excluding high income),2.0,1.0,1.0,2.0,2.0,2.0,1.0,1,,,,,2.0,21.0,2021,,202690828,1,,58246340.0,,,1.0,2.0,2.0,,2.383735438,1.0,1.0,Q4,1.0,1.0,1.0,1.0,,2.0,2.0,Thailand,2.0,1,,,1.0,,2.0,2.0,2.0,1.0,1.0,2.0,1.0,,1.0,1.0,1.0,2.0,1.0,1.0,1.0,2.0,THA,4.0,1.0,1.0,1.0,1.0,2.0,2,1.0,1.0,1.0,2.0,False,Male,18_22
348,1.0,2.0,1.0,East Asia & Pacific (excluding high income),1.0,1.0,1.0,2.0,2.0,,,1,,,,,1.0,43.0,2021,,121712598,1,,58246340.0,1.0,,3.0,9.0,1.0,,0.678697635,2.0,1.0,Q5 Highest,,2.0,1.0,1.0,,,1.0,Thailand,1.0,1,,,,,,4.0,,1.0,1.0,3.0,2.0,,2.0,1.0,,,,0.0,,,THA,4.0,1.0,2.0,4.0,1.0,1.0,2,,1.0,,2.0,False,Male,40_49
349,1.0,2.0,2.0,East Asia & Pacific (excluding high income),2.0,1.0,0.0,2.0,2.0,1.0,,1,,2.0,,2.0,,35.0,2021,2.0,144167385,1,2.0,58246340.0,,,3.0,2.0,,2.0,0.158649626,1.0,,Q1 Lowest,,1.0,,1.0,1.0,1.0,2.0,Thailand,,2,2.0,,3.0,,,1.0,2.0,0.0,1.0,,2.0,,1.0,1.0,,1.0,,1.0,1.0,1.0,THA,4.0,1.0,1.0,1.0,,2.0,1,2.0,2.0,,1.0,False,Female,30_39
350,1.0,2.0,1.0,East Asia & Pacific (excluding high income),4.0,2.0,1.0,2.0,2.0,3.0,,1,,,,,1.0,22.0,2021,,210104154,1,,58246340.0,,2.0,2.0,2.0,,2.0,0.210396006,2.0,2.0,Q4,,1.0,1.0,1.0,,2.0,1.0,Thailand,2.0,1,,,,,,1.0,2.0,0.0,0.0,2.0,2.0,,1.0,,,5.0,,0.0,2.0,1.0,THA,4.0,4.0,1.0,1.0,1.0,2.0,1,2.0,1.0,,,False,Female,18_22
351,1.0,2.0,1.0,East Asia & Pacific (excluding high income),2.0,1.0,0.0,2.0,2.0,3.0,1.0,1,,,,,1.0,31.0,2021,,127330133,1,,58246340.0,,,2.0,2.0,1.0,2.0,0.858724406,2.0,1.0,Q5 Highest,,1.0,1.0,1.0,,1.0,2.0,Thailand,2.0,1,,,,,2.0,1.0,2.0,1.0,1.0,2.0,2.0,,1.0,1.0,,3.0,1.0,1.0,2.0,1.0,THA,4.0,1.0,1.0,1.0,1.0,2.0,1,1.0,1.0,1.0,1.0,False,Female,30_39
352,1.0,2.0,1.0,East Asia & Pacific (excluding high income),2.0,2.0,1.0,2.0,1.0,2.0,,1,1.0,,2.0,,1.0,20.0,2021,,171256320,1,,58246340.0,,,3.0,2.0,1.0,2.0,0.178163916,1.0,1.0,Q3,,1.0,1.0,1.0,,1.0,2.0,Thailand,2.0,1,,,,,,1.0,1.0,1.0,1.0,3.0,2.0,,1.0,,,1.0,,1.0,1.0,1.0,THA,1.0,4.0,1.0,1.0,1.0,2.0,1,1.0,1.0,,,False,Female,18_22
353,0.0,2.0,2.0,East Asia & Pacific (excluding high income),2.0,2.0,0.0,2.0,2.0,,,1,,,,,2.0,47.0,2021,,194086567,1,,58246340.0,,2.0,2.0,8.0,1.0,,0.186518819,2.0,,Q4,1.0,2.0,2.0,1.0,,2.0,2.0,Thailand,2.0,2,,,1.0,,,2.0,2.0,0.0,0.0,,2.0,,1.0,,,,,0.0,2.0,2.0,THA,4.0,4.0,1.0,3.0,2.0,2.0,2,2.0,2.0,,,False,Male,40_49
354,1.0,2.0,1.0,East Asia & Pacific (excluding high income),2.0,1.0,1.0,2.0,2.0,3.0,1.0,1,,,,,1.0,31.0,2021,,123151259,1,,58246340.0,1.0,,3.0,2.0,2.0,2.0,0.413793821,1.0,2.0,Q5 Highest,,1.0,1.0,1.0,,2.0,2.0,Thailand,1.0,1,,,,,2.0,1.0,2.0,1.0,1.0,2.0,2.0,,1.0,1.0,,3.0,1.0,1.0,2.0,1.0,THA,4.0,1.0,1.0,1.0,1.0,2.0,1,1.0,1.0,2.0,2.0,False,Female,30_39
355,1.0,2.0,1.0,East Asia & Pacific (excluding high income),2.0,1.0,0.0,2.0,2.0,2.0,,1,,,,,1.0,37.0,2021,,160307526,1,,58246340.0,,,2.0,2.0,1.0,,0.701342319,2.0,1.0,Q3,,1.0,1.0,1.0,,,2.0,Thailand,2.0,1,,,2.0,,,4.0,,1.0,1.0,2.0,2.0,1.0,1.0,2.0,,2.0,,0.0,2.0,,THA,4.0,2.0,2.0,1.0,1.0,1.0,2,1.0,1.0,,2.0,False,Male,30_39
356,1.0,1.0,1.0,East Asia & Pacific (excluding high income),1.0,1.0,1.0,2.0,1.0,3.0,1.0,1,1.0,,1.0,,1.0,32.0,2021,,114185469,1,,58246340.0,1.0,,3.0,2.0,1.0,2.0,0.5261178,1.0,2.0,Q5 Highest,,1.0,1.0,1.0,,1.0,1.0,Thailand,1.0,1,,,1.0,,2.0,1.0,2.0,1.0,1.0,3.0,2.0,,1.0,2.0,,3.0,1.0,1.0,1.0,1.0,THA,1.0,1.0,1.0,1.0,1.0,1.0,2,2.0,1.0,1.0,1.0,False,Male,30_39
357,1.0,2.0,1.0,East Asia & Pacific (excluding high income),1.0,1.0,1.0,2.0,1.0,2.0,3.0,1,1.0,,1.0,,1.0,33.0,2021,,139691331,1,,58246340.0,,,3.0,1.0,2.0,,0.218365132,1.0,1.0,Q2,,1.0,1.0,1.0,,,2.0,Thailand,2.0,1,,,3.0,,2.0,4.0,,1.0,1.0,2.0,2.0,,1.0,1.0,,2.0,1.0,1.0,1.0,,THA,1.0,1.0,2.0,1.0,1.0,2.0,2,1.0,1.0,2.0,1.0,False,Male,30_39
358,1.0,2.0,2.0,East Asia & Pacific (excluding high income),1.0,1.0,1.0,2.0,2.0,3.0,,1,,,,,1.0,40.0,2021,,154854162,1,,58246340.0,,,2.0,2.0,3.0,2.0,0.138056999,2.0,,Q3,2.0,1.0,1.0,1.0,,2.0,1.0,Thailand,2.0,2,,,4.0,,,1.0,2.0,1.0,1.0,,2.0,1.0,1.0,2.0,,2.0,,0.0,2.0,2.0,THA,4.0,2.0,1.0,1.0,1.0,1.0,1,1.0,2.0,,2.0,False,Female,40_49
359,1.0,2.0,2.0,East Asia & Pacific (excluding high income),1.0,1.0,1.0,2.0,1.0,3.0,1.0,1,2.0,,1.0,,1.0,21.0,2021,,204081467,1,,58246340.0,,,1.0,2.0,2.0,2.0,0.930097515,1.0,1.0,Q3,,1.0,1.0,1.0,,2.0,1.0,Thailand,2.0,1,,,3.0,,2.0,1.0,2.0,1.0,1.0,,2.0,,1.0,1.0,,2.0,1.0,1.0,1.0,1.0,THA,1.0,1.0,1.0,1.0,1.0,2.0,2,1.0,1.0,1.0,1.0,False,Male,18_22
360,1.0,2.0,1.0,East Asia & Pacific (excluding high income),2.0,1.0,1.0,2.0,2.0,3.0,1.0,1,,,,,1.0,37.0,2021,,123877013,1,,58246340.0,1.0,,3.0,1.0,1.0,2.0,0.245547487,2.0,1.0,Q4,,1.0,1.0,1.0,,2.0,1.0,Thailand,1.0,1,,,1.0,,2.0,1.0,2.0,1.0,1.0,1.0,2.0,,2.0,1.0,,3.0,1.0,1.0,,1.0,THA,4.0,1.0,1.0,4.0,1.0,2.0,2,,1.0,1.0,1.0,False,Male,30_39
361,1.0,2.0,1.0,East Asia & Pacific (excluding high income),1.0,1.0,1.0,2.0,2.0,,1.0,1,,,,,1.0,30.0,2021,,166195302,1,,58246340.0,1.0,,3.0,8.0,1.0,2.0,0.205283208,2.0,1.0,Q4,,1.0,1.0,1.0,,2.0,1.0,Thailand,1.0,1,,,,,2.0,1.0,2.0,1.0,1.0,1.0,2.0,,1.0,1.0,,,1.0,1.0,1.0,1.0,THA,4.0,1.0,1.0,1.0,1.0,2.0,2,2.0,1.0,1.0,1.0,False,Male,30_39
362,1.0,2.0,2.0,East Asia & Pacific (excluding high income),2.0,2.0,0.0,2.0,2.0,1.0,1.0,1,,,,,1.0,27.0,2021,,153527992,1,,58246340.0,,,3.0,2.0,2.0,2.0,0.171184592,2.0,,Q4,,2.0,2.0,1.0,,1.0,2.0,Thailand,2.0,2,,,3.0,,2.0,1.0,2.0,0.0,1.0,,2.0,,2.0,,,1.0,1.0,1.0,,1.0,THA,4.0,4.0,1.0,4.0,1.0,2.0,2,,2.0,2.0,,False,Male,23_29
363,1.0,2.0,1.0,East Asia & Pacific (excluding high income),2.0,1.0,0.0,2.0,2.0,3.0,,1,,,,,1.0,35.0,2021,,161683912,1,,58246340.0,1.0,,3.0,2.0,2.0,2.0,0.352165014,2.0,1.0,Q5 Highest,,2.0,1.0,1.0,,1.0,2.0,Thailand,1.0,1,,,,,,1.0,2.0,1.0,1.0,1.0,2.0,,1.0,1.0,,2.0,,1.0,1.0,1.0,THA,4.0,1.0,1.0,1.0,1.0,2.0,2,2.0,1.0,,1.0,False,Male,30_39
364,1.0,2.0,2.0,East Asia & Pacific (excluding high income),1.0,1.0,1.0,2.0,2.0,3.0,,1,,,,,1.0,33.0,2021,,186838293,1,,58246340.0,,,2.0,2.0,2.0,,1.407413836,2.0,,Q4,,2.0,1.0,1.0,,,2.0,Thailand,2.0,2,,,,,,4.0,,1.0,0.0,,2.0,1.0,1.0,2.0,,1.0,,1.0,1.0,,THA,4.0,2.0,2.0,1.0,1.0,2.0,1,2.0,2.0,,2.0,False,Female,30_39
365,1.0,2.0,1.0,East Asia & Pacific (excluding high income),1.0,1.0,1.0,2.0,2.0,3.0,1.0,1,,,,,1.0,29.0,2021,,195793503,1,,58246340.0,,,3.0,2.0,1.0,1.0,0.766908054,2.0,1.0,Q5 Highest,,1.0,1.0,1.0,,2.0,1.0,Thailand,2.0,1,,,2.0,,2.0,1.0,1.0,1.0,0.0,1.0,2.0,,1.0,2.0,,2.0,1.0,1.0,1.0,1.0,THA,4.0,1.0,1.0,1.0,1.0,2.0,2,1.0,1.0,1.0,1.0,False,Male,23_29
366,1.0,2.0,1.0,East Asia & Pacific (excluding high income),1.0,1.0,1.0,2.0,2.0,3.0,1.0,1,,,,,1.0,40.0,2021,,152492544,1,,58246340.0,1.0,,3.0,2.0,1.0,2.0,0.168209024,2.0,2.0,Q4,,1.0,1.0,1.0,,2.0,1.0,Thailand,1.0,1,,,5.0,,2.0,1.0,2.0,1.0,1.0,3.0,2.0,,1.0,1.0,,3.0,1.0,1.0,1.0,1.0,THA,4.0,1.0,1.0,1.0,1.0,2.0,2,1.0,1.0,1.0,1.0,False,Male,40_49
367,1.0,2.0,1.0,East Asia & Pacific (excluding high income),1.0,1.0,1.0,2.0,2.0,3.0,1.0,1,,,,,1.0,44.0,2021,,131456810,1,,58246340.0,1.0,,3.0,1.0,1.0,2.0,0.197080187,2.0,1.0,Q5 Highest,,1.0,1.0,1.0,,3.0,1.0,Thailand,1.0,1,,,1.0,,2.0,1.0,2.0,1.0,1.0,1.0,2.0,,1.0,2.0,,3.0,1.0,1.0,1.0,1.0,THA,4.0,1.0,1.0,1.0,1.0,2.0,2,1.0,1.0,1.0,1.0,False,Male,40_49
368,1.0,2.0,1.0,East Asia & Pacific (excluding high income),1.0,1.0,1.0,2.0,2.0,3.0,1.0,1,,,,,1.0,35.0,2021,,116218037,1,,58246340.0,1.0,,3.0,2.0,1.0,2.0,0.628404323,2.0,1.0,Q4,,1.0,1.0,1.0,,2.0,1.0,Thailand,1.0,1,,,,,1.0,1.0,2.0,1.0,1.0,1.0,1.0,,1.0,1.0,2.0,3.0,1.0,1.0,1.0,1.0,THA,4.0,1.0,1.0,1.0,1.0,2.0,2,2.0,1.0,1.0,1.0,False,Male,30_39
369,1.0,2.0,1.0,East Asia & Pacific (excluding high income),2.0,2.0,1.0,2.0,2.0,3.0,1.0,1,,,,,1.0,33.0,2021,,201752310,1,,58246340.0,1.0,,3.0,2.0,2.0,2.0,0.205283208,2.0,1.0,Q4,,2.0,1.0,1.0,,1.0,1.0,Thailand,1.0,1,,,,,2.0,1.0,2.0,1.0,1.0,3.0,1.0,,1.0,,2.0,3.0,1.0,1.0,1.0,1.0,THA,4.0,4.0,1.0,1.0,1.0,2.0,2,2.0,1.0,2.0,,False,Male,30_39
370,1.0,2.0,1.0,East Asia & Pacific (excluding high income),1.0,2.0,1.0,2.0,2.0,3.0,1.0,1,,,,,1.0,34.0,2021,,192418742,1,,58246340.0,1.0,,2.0,2.0,1.0,2.0,0.205283208,2.0,1.0,Q4,,1.0,1.0,1.0,,2.0,1.0,Thailand,1.0,1,,,,,2.0,1.0,2.0,1.0,1.0,1.0,2.0,,1.0,,,3.0,1.0,1.0,1.0,1.0,THA,4.0,4.0,1.0,1.0,1.0,2.0,2,1.0,1.0,1.0,,False,Male,30_39
371,1.0,2.0,2.0,East Asia & Pacific (excluding high income),1.0,1.0,1.0,2.0,2.0,5.0,,1,,,,,1.0,60.0,2021,,128553452,1,,58246340.0,1.0,,3.0,4.0,1.0,,0.170061623,2.0,,Q5 Highest,,2.0,1.0,2.0,,,1.0,Thailand,1.0,2,,,2.0,,,4.0,,1.0,1.0,,2.0,1.0,2.0,2.0,,2.0,,0.0,,,THA,4.0,2.0,2.0,4.0,1.0,2.0,1,,1.0,,2.0,False,Female,60_69
372,1.0,2.0,1.0,East Asia & Pacific (excluding high income),1.0,1.0,1.0,2.0,1.0,3.0,,1,1.0,,1.0,,1.0,55.0,2021,,183741526,1,,58246340.0,,,1.0,1.0,1.0,2.0,0.312875898,2.0,1.0,Q3,,1.0,1.0,1.0,,1.0,1.0,Thailand,2.0,1,,,5.0,,,1.0,1.0,1.0,1.0,2.0,1.0,,2.0,1.0,2.0,2.0,,1.0,,1.0,THA,1.0,1.0,1.0,4.0,1.0,2.0,2,,2.0,,1.0,False,Male,50_59
373,1.0,2.0,1.0,East Asia & Pacific (excluding high income),1.0,1.0,1.0,2.0,2.0,,1.0,1,,,,,1.0,23.0,2021,,176332411,1,,58246340.0,,,3.0,8.0,1.0,3.0,0.267507821,1.0,2.0,Q4,,1.0,1.0,1.0,,3.0,1.0,Thailand,2.0,1,,,,,1.0,1.0,2.0,1.0,1.0,3.0,1.0,,1.0,1.0,2.0,,1.0,1.0,1.0,1.0,THA,4.0,1.0,1.0,1.0,1.0,2.0,2,2.0,1.0,1.0,1.0,False,Male,23_29
374,1.0,2.0,2.0,East Asia & Pacific (excluding high income),2.0,2.0,0.0,2.0,2.0,3.0,,1,,,,,2.0,20.0,2021,,200902126,1,,58246340.0,,,2.0,2.0,,,2.533081521,1.0,2.0,Q4,,1.0,2.0,1.0,,,2.0,Thailand,2.0,1,,,3.0,,,4.0,,0.0,1.0,,2.0,,1.0,,,2.0,,1.0,1.0,,THA,4.0,4.0,2.0,1.0,2.0,2.0,2,2.0,2.0,,,False,Male,18_22
375,1.0,2.0,1.0,East Asia & Pacific (excluding high income),1.0,1.0,1.0,2.0,2.0,3.0,1.0,1,,,,,1.0,41.0,2021,,111855709,1,,58246340.0,1.0,,3.0,1.0,1.0,,0.678697635,2.0,1.0,Q5 Highest,,1.0,1.0,1.0,,,1.0,Thailand,1.0,1,,,,,1.0,4.0,,1.0,1.0,2.0,2.0,,2.0,1.0,,2.0,1.0,1.0,,,THA,4.0,1.0,2.0,4.0,1.0,2.0,2,,1.0,2.0,1.0,False,Male,40_49
376,1.0,2.0,2.0,East Asia & Pacific (excluding high income),1.0,1.0,1.0,2.0,1.0,1.0,,1,2.0,,1.0,,2.0,43.0,2021,,154233429,1,,58246340.0,,,1.0,2.0,1.0,1.0,2.471210139,2.0,2.0,Q3,,2.0,1.0,1.0,,2.0,1.0,Thailand,2.0,1,,,2.0,,,1.0,2.0,1.0,0.0,,2.0,1.0,1.0,2.0,,1.0,,0.0,2.0,1.0,THA,1.0,2.0,1.0,1.0,1.0,2.0,1,1.0,2.0,,2.0,False,Female,40_49
377,1.0,2.0,1.0,East Asia & Pacific (excluding high income),2.0,1.0,1.0,2.0,2.0,,,1,,,,,1.0,22.0,2021,,181709009,1,,58246340.0,,,2.0,7.0,2.0,,1.439558055,2.0,,Q3,2.0,1.0,1.0,1.0,,2.0,2.0,Thailand,2.0,2,,,4.0,,,3.0,2.0,1.0,1.0,3.0,1.0,,1.0,1.0,2.0,,,1.0,1.0,2.0,THA,4.0,1.0,1.0,1.0,1.0,1.0,1,2.0,2.0,,2.0,False,Female,18_22
378,0.0,2.0,2.0,East Asia & Pacific (excluding high income),2.0,1.0,0.0,2.0,2.0,,,0,,2.0,,2.0,,56.0,2021,2.0,169977797,0,2.0,58246340.0,,,1.0,8.0,,,5.714441691,2.0,,Q5 Highest,,2.0,,2.0,2.0,,2.0,Thailand,,2,2.0,1.0,,,,4.0,,0.0,0.0,,2.0,1.0,2.0,2.0,,,,0.0,,,THA,4.0,2.0,2.0,4.0,,2.0,1,,2.0,,2.0,False,Female,50_59
379,1.0,2.0,2.0,East Asia & Pacific (excluding high income),2.0,1.0,1.0,2.0,2.0,3.0,,1,,,,,1.0,32.0,2021,,129184119,1,,58246340.0,,2.0,2.0,2.0,2.0,,0.438726878,2.0,2.0,Q4,,1.0,1.0,1.0,,,1.0,Thailand,2.0,1,,,,,,4.0,,1.0,0.0,,2.0,,1.0,2.0,,2.0,,0.0,2.0,,THA,4.0,1.0,2.0,1.0,1.0,2.0,2,2.0,1.0,,1.0,False,Male,30_39
380,1.0,2.0,1.0,East Asia & Pacific (excluding high income),1.0,2.0,1.0,2.0,2.0,3.0,1.0,1,,,,,1.0,35.0,2021,,154844002,1,,58246340.0,1.0,,3.0,1.0,2.0,2.0,0.138056999,2.0,1.0,Q4,,1.0,1.0,1.0,,1.0,1.0,Thailand,1.0,1,,,,,2.0,1.0,2.0,1.0,1.0,3.0,2.0,,1.0,,,3.0,1.0,1.0,2.0,1.0,THA,4.0,4.0,1.0,1.0,1.0,2.0,2,1.0,1.0,1.0,,False,Male,30_39
381,1.0,2.0,2.0,East Asia & Pacific (excluding high income),1.0,2.0,1.0,2.0,2.0,,,1,,,,,1.0,25.0,2021,,131708581,1,,58246340.0,,,3.0,7.0,1.0,2.0,0.5261178,1.0,2.0,Q3,,1.0,1.0,1.0,,1.0,2.0,Thailand,2.0,1,,,2.0,,,1.0,2.0,0.0,1.0,,2.0,,2.0,,,,,1.0,,1.0,THA,4.0,4.0,1.0,4.0,1.0,2.0,2,,1.0,,,False,Male,23_29
382,1.0,2.0,1.0,East Asia & Pacific (excluding high income),1.0,1.0,1.0,2.0,1.0,3.0,1.0,1,2.0,,2.0,,1.0,50.0,2021,,203315785,1,,58246340.0,1.0,,3.0,5.0,2.0,,0.157862851,2.0,,Q5 Highest,,2.0,1.0,1.0,,,1.0,Thailand,1.0,2,,,,1.0,2.0,4.0,,1.0,1.0,1.0,2.0,,1.0,2.0,,3.0,1.0,1.0,2.0,,THA,2.0,1.0,2.0,1.0,1.0,1.0,2,1.0,1.0,2.0,1.0,False,Male,50_59
383,1.0,2.0,1.0,East Asia & Pacific (excluding high income),1.0,2.0,1.0,2.0,2.0,1.0,,1,,,,,1.0,17.0,2021,,197990584,1,,58246340.0,,2.0,1.0,2.0,1.0,,2.673407595,1.0,,Q4,,1.0,1.0,1.0,,,1.0,Thailand,2.0,2,,,2.0,,,4.0,,1.0,1.0,2.0,2.0,,1.0,,,1.0,,0.0,2.0,,THA,4.0,4.0,2.0,3.0,2.0,2.0,1,2.0,2.0,,,False,Female,17_or_less
384,1.0,2.0,1.0,East Asia & Pacific (excluding high income),1.0,1.0,1.0,2.0,2.0,1.0,,1,,,,,1.0,34.0,2021,,162552917,1,,58246340.0,1.0,,3.0,2.0,1.0,2.0,0.969361303,2.0,2.0,Q4,,1.0,1.0,1.0,,2.0,1.0,Thailand,1.0,1,,,4.0,,,1.0,2.0,1.0,1.0,1.0,2.0,,1.0,1.0,,1.0,,1.0,1.0,1.0,THA,4.0,1.0,1.0,1.0,1.0,2.0,1,1.0,1.0,,1.0,False,Female,30_39
385,1.0,1.0,1.0,East Asia & Pacific (excluding high income),1.0,1.0,1.0,2.0,2.0,2.0,,1,,,,,1.0,60.0,2021,,196065366,1,,58246340.0,1.0,,3.0,2.0,1.0,2.0,0.138056999,1.0,,Q5 Highest,,1.0,1.0,1.0,,1.0,1.0,Thailand,1.0,2,,,,,,1.0,2.0,1.0,1.0,3.0,2.0,,1.0,1.0,,3.0,,1.0,1.0,1.0,THA,4.0,1.0,1.0,1.0,1.0,1.0,2,1.0,1.0,,1.0,False,Male,60_69
386,1.0,2.0,1.0,East Asia & Pacific (excluding high income),1.0,1.0,1.0,2.0,2.0,3.0,,1,,,,,1.0,20.0,2021,,123505042,1,,58246340.0,,,2.0,1.0,2.0,,2.475874644,2.0,1.0,Q3,,2.0,1.0,2.0,,,1.0,Thailand,2.0,1,,,,,,4.0,,1.0,0.0,3.0,2.0,,2.0,1.0,,3.0,,0.0,,,THA,4.0,1.0,2.0,4.0,1.0,2.0,1,,1.0,,1.0,False,Female,18_22
387,1.0,2.0,1.0,East Asia & Pacific (excluding high income),1.0,1.0,1.0,2.0,2.0,3.0,,1,,,,,1.0,57.0,2021,,126818260,1,,58246340.0,1.0,,3.0,1.0,1.0,,0.170061623,2.0,2.0,Q5 Highest,,2.0,1.0,2.0,,,1.0,Thailand,1.0,1,,,,,,4.0,,1.0,1.0,1.0,2.0,,2.0,1.0,,3.0,,0.0,,,THA,4.0,1.0,2.0,4.0,1.0,2.0,1,,1.0,,2.0,False,Female,50_59
388,1.0,2.0,1.0,East Asia & Pacific (excluding high income),1.0,1.0,1.0,2.0,2.0,3.0,1.0,1,,,,,1.0,33.0,2021,,193097856,1,,58246340.0,1.0,,3.0,1.0,2.0,2.0,1.704955775,2.0,1.0,Q4,,1.0,1.0,2.0,,2.0,1.0,Thailand,1.0,1,,,,,2.0,1.0,2.0,1.0,1.0,3.0,2.0,,1.0,1.0,,3.0,1.0,1.0,2.0,1.0,THA,4.0,1.0,1.0,1.0,1.0,2.0,2,1.0,1.0,1.0,1.0,False,Male,30_39
389,1.0,2.0,1.0,East Asia & Pacific (excluding high income),1.0,1.0,1.0,2.0,2.0,3.0,,1,,,,,1.0,44.0,2021,,208875572,1,,58246340.0,1.0,,3.0,1.0,1.0,2.0,0.184025151,2.0,1.0,Q5 Highest,,1.0,1.0,1.0,,2.0,1.0,Thailand,1.0,1,,,,,,1.0,2.0,1.0,1.0,3.0,2.0,,1.0,1.0,,3.0,,0.0,2.0,1.0,THA,4.0,1.0,1.0,1.0,1.0,1.0,2,1.0,1.0,,1.0,False,Male,40_49
390,1.0,2.0,2.0,East Asia & Pacific (excluding high income),1.0,1.0,1.0,2.0,2.0,3.0,,1,,,,,2.0,52.0,2021,,159646213,1,,58246340.0,1.0,,1.0,2.0,1.0,2.0,1.564152131,2.0,2.0,Q4,,2.0,2.0,1.0,,2.0,2.0,Thailand,1.0,1,,,,,,1.0,2.0,1.0,1.0,,2.0,1.0,1.0,2.0,,3.0,,0.0,2.0,1.0,THA,4.0,2.0,1.0,1.0,1.0,2.0,2,1.0,2.0,,2.0,False,Male,50_59
391,1.0,2.0,2.0,East Asia & Pacific (excluding high income),2.0,1.0,0.0,2.0,2.0,3.0,,1,,,,,1.0,48.0,2021,,130486618,1,,58246340.0,,,1.0,1.0,1.0,,0.620798208,2.0,2.0,Q5 Highest,,2.0,1.0,1.0,,,2.0,Thailand,2.0,1,,,3.0,,,4.0,,0.0,0.0,,2.0,1.0,2.0,2.0,,3.0,,0.0,,,THA,4.0,2.0,2.0,4.0,1.0,2.0,1,,2.0,,2.0,False,Female,40_49
392,1.0,2.0,1.0,East Asia & Pacific (excluding high income),1.0,1.0,1.0,2.0,2.0,3.0,1.0,1,,,,,1.0,36.0,2021,,207437108,1,,58246340.0,1.0,,3.0,2.0,1.0,2.0,0.138056999,2.0,,Q5 Highest,,2.0,1.0,1.0,,2.0,1.0,Thailand,1.0,2,,,,,1.0,1.0,2.0,1.0,1.0,1.0,2.0,,2.0,1.0,,2.0,1.0,1.0,,1.0,THA,4.0,1.0,1.0,4.0,1.0,2.0,1,,1.0,1.0,1.0,False,Female,30_39
393,1.0,2.0,2.0,East Asia & Pacific (excluding high income),1.0,2.0,1.0,2.0,2.0,2.0,,1,,,,,1.0,42.0,2021,,165497708,1,,58246340.0,,,2.0,1.0,2.0,,2.225656282,1.0,2.0,Q4,,2.0,1.0,1.0,,,2.0,Thailand,2.0,1,,,,,,4.0,,1.0,1.0,,2.0,,1.0,,,1.0,,1.0,1.0,,THA,4.0,4.0,2.0,1.0,1.0,2.0,1,2.0,2.0,,,False,Female,40_49
394,1.0,2.0,1.0,East Asia & Pacific (excluding high income),1.0,1.0,1.0,2.0,2.0,3.0,,1,,,,,1.0,45.0,2021,,125845568,1,,58246340.0,,,2.0,4.0,2.0,2.0,1.950396739,2.0,1.0,Q5 Highest,,1.0,1.0,1.0,,2.0,1.0,Thailand,2.0,1,,,1.0,,,1.0,2.0,1.0,1.0,4.0,2.0,,1.0,1.0,,3.0,,1.0,1.0,1.0,THA,4.0,1.0,1.0,1.0,1.0,1.0,1,2.0,1.0,,1.0,False,Female,40_49
395,1.0,2.0,1.0,East Asia & Pacific (excluding high income),2.0,1.0,1.0,2.0,2.0,2.0,2.0,1,,,,,1.0,34.0,2021,,153536960,1,,58246340.0,1.0,,3.0,2.0,2.0,,0.337552293,2.0,2.0,Q4,,2.0,1.0,1.0,,,1.0,Thailand,1.0,1,,,3.0,,2.0,4.0,,1.0,1.0,1.0,2.0,,2.0,1.0,,2.0,2.0,1.0,,,THA,4.0,1.0,2.0,4.0,1.0,2.0,1,,1.0,1.0,1.0,False,Female,30_39
396,1.0,2.0,1.0,East Asia & Pacific (excluding high income),1.0,1.0,1.0,1.0,2.0,3.0,,1,,,,,1.0,65.0,2021,,200653353,1,,58246340.0,1.0,,3.0,2.0,1.0,2.0,0.138056999,2.0,1.0,Q5 Highest,,1.0,1.0,1.0,,2.0,1.0,Thailand,1.0,1,,,,,,1.0,1.0,1.0,1.0,1.0,2.0,1.0,2.0,2.0,,3.0,,0.0,2.0,1.0,THA,4.0,2.0,1.0,4.0,1.0,2.0,2,1.0,1.0,,2.0,False,Male,60_69
397,1.0,2.0,1.0,East Asia & Pacific (excluding high income),1.0,2.0,1.0,2.0,2.0,3.0,1.0,1,,,,,1.0,25.0,2021,,188321908,1,,58246340.0,,,3.0,2.0,1.0,2.0,0.161456091,2.0,1.0,Q2,,1.0,1.0,1.0,,1.0,2.0,Thailand,2.0,1,,,2.0,,2.0,1.0,2.0,1.0,0.0,1.0,2.0,,1.0,,,2.0,2.0,1.0,1.0,1.0,THA,4.0,4.0,1.0,1.0,1.0,2.0,1,2.0,1.0,2.0,,False,Female,23_29
398,1.0,2.0,1.0,East Asia & Pacific (excluding high income),1.0,1.0,1.0,2.0,2.0,3.0,,1,,,,,1.0,45.0,2021,,117185066,1,,58246340.0,1.0,,3.0,2.0,1.0,,0.152100909,2.0,1.0,Q5 Highest,,1.0,1.0,1.0,,,1.0,Thailand,1.0,1,,,1.0,,,4.0,,1.0,1.0,1.0,2.0,,1.0,1.0,,3.0,,1.0,1.0,,THA,4.0,1.0,2.0,1.0,1.0,2.0,1,1.0,1.0,,1.0,False,Female,40_49
399,1.0,2.0,1.0,East Asia & Pacific (excluding high income),1.0,1.0,1.0,2.0,2.0,3.0,1.0,1,,,,,1.0,33.0,2021,,113258400,1,,58246340.0,1.0,,2.0,2.0,1.0,,1.286453,1.0,1.0,Q5 Highest,,2.0,1.0,1.0,,,1.0,Thailand,1.0,1,,,,,2.0,4.0,,1.0,1.0,3.0,1.0,,1.0,1.0,1.0,3.0,1.0,1.0,1.0,,THA,4.0,1.0,2.0,1.0,1.0,1.0,1,2.0,1.0,1.0,1.0,False,Female,30_39
400,1.0,2.0,1.0,East Asia & Pacific (excluding high income),2.0,1.0,1.0,2.0,2.0,1.0,2.0,1,,,,,1.0,29.0,2021,,209219626,1,,58246340.0,,,1.0,2.0,,,2.320584425,2.0,,Q1 Lowest,,2.0,1.0,1.0,,,1.0,Thailand,2.0,2,,,3.0,,2.0,4.0,,1.0,0.0,2.0,2.0,,1.0,2.0,,1.0,1.0,1.0,1.0,,THA,4.0,1.0,2.0,1.0,1.0,2.0,2,2.0,1.0,2.0,1.0,False,Male,23_29
401,1.0,2.0,1.0,East Asia & Pacific (excluding high income),2.0,1.0,1.0,2.0,2.0,3.0,,1,,,,,1.0,37.0,2021,,163370095,1,,58246340.0,1.0,,3.0,1.0,2.0,,0.180142039,2.0,,Q5 Highest,,2.0,1.0,1.0,,,1.0,Thailand,1.0,2,,,,,,4.0,,1.0,1.0,1.0,2.0,,1.0,2.0,,3.0,,0.0,2.0,,THA,4.0,1.0,2.0,1.0,2.0,2.0,2,1.0,1.0,,1.0,False,Male,30_39
402,1.0,2.0,1.0,East Asia & Pacific (excluding high income),1.0,1.0,1.0,2.0,2.0,3.0,1.0,1,,,,,1.0,40.0,2021,,163359176,1,,58246340.0,2.0,,3.0,5.0,1.0,2.0,0.138056999,2.0,2.0,Q5 Highest,,1.0,1.0,1.0,,2.0,1.0,Thailand,1.0,1,,,,,2.0,1.0,2.0,1.0,0.0,1.0,2.0,,1.0,1.0,,3.0,2.0,1.0,2.0,1.0,THA,4.0,1.0,1.0,1.0,1.0,2.0,2,1.0,1.0,1.0,1.0,False,Male,40_49
403,1.0,2.0,1.0,East Asia & Pacific (excluding high income),1.0,2.0,1.0,2.0,2.0,3.0,,1,,,,,1.0,30.0,2021,,129373018,1,,58246340.0,1.0,,3.0,2.0,1.0,,0.492041084,2.0,2.0,Q4,,1.0,1.0,1.0,,,1.0,Thailand,1.0,1,,,,,,4.0,,1.0,1.0,3.0,2.0,,1.0,,,3.0,,0.0,2.0,,THA,4.0,4.0,2.0,1.0,1.0,1.0,1,1.0,1.0,,,False,Female,30_39
404,1.0,2.0,2.0,East Asia & Pacific (excluding high income),1.0,1.0,1.0,2.0,2.0,3.0,,1,,,,,2.0,67.0,2021,,189415194,1,,58246340.0,,,2.0,2.0,1.0,,0.138056999,2.0,2.0,Q1 Lowest,,2.0,2.0,2.0,,,1.0,Thailand,2.0,1,,,,,,4.0,,0.0,1.0,,2.0,1.0,1.0,2.0,,3.0,,0.0,2.0,,THA,4.0,2.0,2.0,1.0,1.0,1.0,2,1.0,2.0,,2.0,False,Male,60_69
405,1.0,2.0,1.0,East Asia & Pacific (excluding high income),1.0,1.0,1.0,2.0,2.0,3.0,1.0,1,,,,,1.0,38.0,2021,,153317788,1,,58246340.0,1.0,,3.0,2.0,1.0,2.0,0.138056999,2.0,1.0,Q5 Highest,,1.0,1.0,1.0,,2.0,1.0,Thailand,1.0,1,,,,,2.0,1.0,1.0,1.0,1.0,1.0,2.0,,1.0,1.0,,2.0,1.0,1.0,1.0,1.0,THA,4.0,1.0,1.0,1.0,1.0,1.0,1,2.0,1.0,1.0,1.0,False,Female,30_39
406,1.0,2.0,1.0,East Asia & Pacific (excluding high income),1.0,1.0,1.0,2.0,2.0,3.0,,1,,,,,1.0,35.0,2021,,176226785,1,,58246340.0,1.0,,3.0,1.0,1.0,,0.138056999,2.0,2.0,Q4,,2.0,1.0,1.0,,,1.0,Thailand,1.0,1,,,,,,4.0,,1.0,1.0,3.0,2.0,,2.0,1.0,,3.0,,0.0,,,THA,4.0,1.0,2.0,4.0,1.0,2.0,1,,1.0,,2.0,False,Female,30_39
407,1.0,2.0,1.0,East Asia & Pacific (excluding high income),1.0,1.0,1.0,2.0,2.0,3.0,,1,,,,,1.0,34.0,2021,,165930982,1,,58246340.0,1.0,,3.0,2.0,2.0,2.0,0.5261178,2.0,1.0,Q5 Highest,,2.0,2.0,1.0,,2.0,1.0,Thailand,1.0,1,,,,,,1.0,2.0,1.0,1.0,1.0,2.0,,1.0,2.0,,3.0,,1.0,1.0,1.0,THA,4.0,1.0,1.0,1.0,1.0,2.0,2,1.0,1.0,,1.0,False,Male,30_39
408,1.0,2.0,1.0,East Asia & Pacific (excluding high income),2.0,2.0,0.0,2.0,1.0,3.0,,1,2.0,,2.0,,1.0,42.0,2021,,145154762,1,,58246340.0,,,1.0,2.0,2.0,,1.184889262,2.0,2.0,Q3,,2.0,1.0,1.0,,,2.0,Thailand,2.0,1,,,,1.0,,4.0,,1.0,0.0,3.0,2.0,,1.0,,,3.0,,1.0,1.0,,THA,2.0,4.0,2.0,1.0,1.0,2.0,2,1.0,1.0,,,False,Male,40_49
409,1.0,2.0,1.0,East Asia & Pacific (excluding high income),1.0,1.0,1.0,2.0,2.0,3.0,,1,,,,,1.0,26.0,2021,,116492779,1,,58246340.0,1.0,,3.0,2.0,1.0,2.0,0.723324305,2.0,1.0,Q4,,2.0,1.0,1.0,,2.0,1.0,Thailand,1.0,1,,,2.0,,,1.0,2.0,1.0,1.0,1.0,2.0,,1.0,1.0,,2.0,,1.0,1.0,1.0,THA,4.0,1.0,1.0,1.0,1.0,2.0,1,1.0,1.0,,1.0,False,Female,23_29
410,1.0,2.0,2.0,East Asia & Pacific (excluding high income),1.0,2.0,1.0,2.0,2.0,3.0,,1,,,,,1.0,56.0,2021,,128047051,1,,58246340.0,1.0,,3.0,4.0,2.0,2.0,0.138056999,2.0,2.0,Q5 Highest,,1.0,1.0,1.0,,2.0,1.0,Thailand,1.0,1,,,,,,1.0,1.0,1.0,1.0,,2.0,,1.0,,,3.0,,0.0,2.0,1.0,THA,4.0,4.0,1.0,1.0,1.0,2.0,1,1.0,2.0,,,False,Female,50_59
411,1.0,2.0,1.0,East Asia & Pacific (excluding high income),1.0,1.0,1.0,2.0,2.0,3.0,1.0,1,,,,,1.0,44.0,2021,,113858867,1,,58246340.0,1.0,,2.0,2.0,1.0,2.0,0.82171974,2.0,1.0,Q4,,1.0,1.0,1.0,,2.0,1.0,Thailand,1.0,1,,,,,2.0,1.0,2.0,1.0,1.0,1.0,2.0,1.0,1.0,2.0,,3.0,2.0,1.0,2.0,1.0,THA,4.0,2.0,1.0,1.0,1.0,2.0,2,1.0,1.0,2.0,2.0,False,Male,40_49
412,1.0,2.0,1.0,East Asia & Pacific (excluding high income),1.0,1.0,1.0,2.0,2.0,3.0,1.0,1,,,,,1.0,29.0,2021,,113334102,1,,58246340.0,1.0,,3.0,2.0,1.0,3.0,0.205283208,1.0,2.0,Q5 Highest,,1.0,1.0,1.0,,2.0,1.0,Thailand,1.0,1,,,,,2.0,1.0,2.0,1.0,1.0,1.0,2.0,,1.0,2.0,,3.0,2.0,1.0,1.0,1.0,THA,4.0,1.0,1.0,1.0,1.0,2.0,2,1.0,1.0,2.0,1.0,False,Male,23_29
413,1.0,2.0,1.0,East Asia & Pacific (excluding high income),1.0,1.0,1.0,2.0,2.0,3.0,1.0,1,,,,,1.0,54.0,2021,,183882107,1,,58246340.0,,,2.0,1.0,2.0,2.0,1.485642246,2.0,,Q3,,2.0,1.0,1.0,,1.0,1.0,Thailand,2.0,2,,,,,2.0,1.0,2.0,1.0,0.0,1.0,2.0,,1.0,1.0,,3.0,1.0,1.0,2.0,1.0,THA,4.0,1.0,1.0,1.0,1.0,2.0,1,1.0,1.0,1.0,1.0,False,Female,50_59
414,1.0,2.0,2.0,East Asia & Pacific (excluding high income),2.0,2.0,0.0,2.0,2.0,,,1,,,,,1.0,48.0,2021,,172896494,1,,58246340.0,,,3.0,9.0,,,0.556236615,2.0,2.0,Q5 Highest,,1.0,2.0,1.0,,,2.0,Thailand,2.0,1,,,,,,4.0,,0.0,0.0,,2.0,,1.0,,,,,1.0,1.0,,THA,4.0,4.0,2.0,1.0,2.0,2.0,1,2.0,2.0,,,False,Female,40_49
415,1.0,2.0,1.0,East Asia & Pacific (excluding high income),1.0,1.0,1.0,2.0,2.0,3.0,,1,,,,,1.0,27.0,2021,,203834401,1,,58246340.0,,,1.0,4.0,2.0,,2.132876568,1.0,2.0,Q4,1.0,1.0,2.0,1.0,,2.0,2.0,Thailand,2.0,1,,,,,,2.0,2.0,1.0,1.0,1.0,2.0,1.0,1.0,2.0,,3.0,,0.0,2.0,2.0,THA,4.0,2.0,1.0,1.0,1.0,1.0,2,1.0,2.0,,2.0,False,Male,23_29
416,1.0,2.0,1.0,East Asia & Pacific (excluding high income),1.0,2.0,1.0,1.0,2.0,3.0,1.0,1,,,,,1.0,19.0,2021,,185512458,1,,58246340.0,,,2.0,4.0,1.0,,1.545543227,2.0,,Q5 Highest,,1.0,1.0,2.0,,,1.0,Thailand,2.0,2,,,,,2.0,4.0,,1.0,0.0,1.0,2.0,,1.0,,,3.0,1.0,1.0,1.0,,THA,4.0,4.0,2.0,1.0,1.0,2.0,2,1.0,1.0,1.0,,False,Male,18_22
417,1.0,2.0,1.0,East Asia & Pacific (excluding high income),1.0,1.0,1.0,2.0,2.0,3.0,,1,,,,,1.0,56.0,2021,,126424390,1,,58246340.0,,,3.0,1.0,1.0,2.0,0.194256906,2.0,1.0,Q4,,1.0,1.0,1.0,,2.0,1.0,Thailand,2.0,1,,,,,,1.0,2.0,1.0,0.0,2.0,2.0,,2.0,2.0,,3.0,,0.0,,1.0,THA,4.0,1.0,1.0,4.0,1.0,2.0,1,,1.0,,1.0,False,Female,50_59
418,1.0,2.0,1.0,East Asia & Pacific (excluding high income),1.0,2.0,1.0,2.0,2.0,1.0,1.0,1,,,,,1.0,60.0,2021,,194434838,1,,58246340.0,,,3.0,4.0,1.0,,0.178323941,1.0,1.0,Q1 Lowest,,1.0,1.0,1.0,,,2.0,Thailand,2.0,1,,,4.0,,1.0,4.0,,1.0,1.0,1.0,2.0,,1.0,,,1.0,1.0,1.0,1.0,,THA,4.0,4.0,2.0,1.0,1.0,1.0,2,1.0,1.0,1.0,,False,Male,60_69
419,1.0,1.0,1.0,East Asia & Pacific (excluding high income),1.0,1.0,1.0,2.0,2.0,3.0,1.0,1,,,,,1.0,40.0,2021,,121413220,1,,58246340.0,,,3.0,1.0,2.0,2.0,0.422313498,2.0,2.0,Q5 Highest,,1.0,1.0,1.0,,2.0,1.0,Thailand,2.0,1,,,,,1.0,1.0,1.0,1.0,1.0,1.0,2.0,,1.0,1.0,,3.0,2.0,1.0,1.0,1.0,THA,4.0,1.0,1.0,1.0,1.0,2.0,2,1.0,1.0,1.0,1.0,False,Male,40_49
420,1.0,2.0,1.0,East Asia & Pacific (excluding high income),1.0,1.0,1.0,2.0,2.0,2.0,,1,,,,,1.0,22.0,2021,,209356414,1,,58246340.0,,,2.0,3.0,1.0,2.0,0.715608194,1.0,1.0,Q3,,1.0,1.0,1.0,,1.0,2.0,Thailand,2.0,1,,,3.0,,,1.0,2.0,1.0,1.0,2.0,2.0,1.0,1.0,2.0,,1.0,,1.0,1.0,1.0,THA,4.0,2.0,1.0,1.0,1.0,2.0,1,1.0,1.0,,2.0,False,Female,18_22
421,1.0,2.0,2.0,East Asia & Pacific (excluding high income),2.0,2.0,0.0,2.0,1.0,1.0,,1,2.0,,2.0,,1.0,45.0,2021,,176776493,1,,58246340.0,,,1.0,5.0,,,0.610308504,2.0,,Q1 Lowest,,1.0,1.0,1.0,,,2.0,Thailand,2.0,2,,,,1.0,,4.0,,1.0,0.0,,2.0,,1.0,,,1.0,,0.0,2.0,,THA,2.0,4.0,2.0,1.0,1.0,2.0,2,1.0,2.0,,,False,Male,40_49
422,1.0,2.0,2.0,East Asia & Pacific (excluding high income),2.0,1.0,0.0,2.0,2.0,2.0,,1,,,,,2.0,47.0,2021,,121360040,1,,58246340.0,,,2.0,2.0,2.0,3.0,1.169913949,2.0,2.0,Q3,,2.0,2.0,1.0,,2.0,2.0,Thailand,2.0,1,,,2.0,,,1.0,2.0,1.0,0.0,,2.0,1.0,1.0,2.0,,1.0,,1.0,1.0,1.0,THA,4.0,2.0,1.0,1.0,1.0,2.0,2,2.0,2.0,,2.0,False,Male,40_49
423,1.0,2.0,1.0,East Asia & Pacific (excluding high income),1.0,1.0,1.0,2.0,2.0,3.0,1.0,1,,,,,1.0,52.0,2021,,119486603,1,,58246340.0,1.0,,3.0,1.0,1.0,3.0,0.381592008,2.0,2.0,Q5 Highest,,1.0,1.0,1.0,,2.0,1.0,Thailand,1.0,1,,,,,2.0,1.0,2.0,1.0,1.0,1.0,2.0,,1.0,1.0,,3.0,1.0,1.0,1.0,1.0,THA,4.0,1.0,1.0,1.0,1.0,2.0,1,2.0,1.0,1.0,1.0,False,Female,50_59
424,1.0,2.0,1.0,East Asia & Pacific (excluding high income),1.0,1.0,1.0,2.0,2.0,3.0,,1,,,,,1.0,36.0,2021,,129368068,1,,58246340.0,1.0,,2.0,2.0,1.0,2.0,2.47477418,2.0,2.0,Q4,,1.0,2.0,1.0,,2.0,1.0,Thailand,1.0,1,,,,,,1.0,2.0,1.0,1.0,3.0,2.0,1.0,1.0,2.0,,2.0,,1.0,1.0,1.0,THA,4.0,2.0,1.0,1.0,1.0,2.0,1,2.0,2.0,,2.0,False,Female,30_39
425,1.0,2.0,1.0,East Asia & Pacific (excluding high income),1.0,2.0,1.0,1.0,2.0,3.0,,1,,,,,1.0,60.0,2021,,157941567,1,,58246340.0,1.0,,3.0,2.0,3.0,2.0,0.615713306,2.0,2.0,Q4,,1.0,1.0,2.0,,2.0,1.0,Thailand,1.0,1,,,,,,1.0,2.0,1.0,1.0,3.0,1.0,,1.0,,2.0,3.0,,0.0,2.0,1.0,THA,4.0,4.0,1.0,1.0,1.0,2.0,2,1.0,2.0,,,False,Male,60_69
426,1.0,2.0,2.0,East Asia & Pacific (excluding high income),2.0,2.0,0.0,2.0,2.0,1.0,,1,,,,,2.0,15.0,2021,,201036522,1,,58246340.0,,,1.0,2.0,,,0.708467223,2.0,,Q5 Highest,,2.0,2.0,1.0,,,2.0,Thailand,2.0,2,,,,,,4.0,,0.0,0.0,,2.0,,1.0,,,1.0,,0.0,2.0,,THA,4.0,4.0,2.0,1.0,2.0,2.0,2,1.0,2.0,,,False,Male,17_or_less
427,1.0,2.0,2.0,East Asia & Pacific (excluding high income),2.0,2.0,0.0,2.0,1.0,1.0,,1,2.0,,2.0,,2.0,27.0,2021,,176411596,1,,58246340.0,,,1.0,2.0,,,0.905456944,2.0,2.0,Q1 Lowest,,2.0,1.0,1.0,,,2.0,Thailand,2.0,1,,,3.0,1.0,,4.0,,0.0,0.0,,2.0,,2.0,,,1.0,,0.0,,,THA,2.0,4.0,2.0,4.0,2.0,2.0,2,,2.0,,,False,Male,23_29
428,1.0,2.0,1.0,East Asia & Pacific (excluding high income),1.0,1.0,1.0,2.0,2.0,3.0,1.0,1,,,,,1.0,41.0,2021,,140043975,1,,58246340.0,,2.0,3.0,2.0,1.0,,0.138056999,2.0,,Q5 Highest,1.0,1.0,1.0,1.0,,2.0,1.0,Thailand,2.0,2,,,,,2.0,2.0,2.0,1.0,0.0,3.0,2.0,,1.0,1.0,,3.0,1.0,1.0,2.0,2.0,THA,4.0,1.0,1.0,3.0,1.0,2.0,2,2.0,1.0,1.0,1.0,False,Male,40_49
429,1.0,1.0,1.0,East Asia & Pacific (excluding high income),1.0,1.0,1.0,2.0,2.0,1.0,,1,,,,,2.0,39.0,2021,,179718857,1,,58246340.0,1.0,,3.0,4.0,1.0,1.0,0.179869145,1.0,1.0,Q3,,2.0,1.0,1.0,,1.0,1.0,Thailand,1.0,1,,,1.0,,,1.0,2.0,1.0,1.0,3.0,1.0,,1.0,1.0,2.0,1.0,,1.0,1.0,1.0,THA,4.0,1.0,1.0,1.0,1.0,1.0,1,2.0,1.0,,1.0,False,Female,30_39
430,1.0,2.0,1.0,East Asia & Pacific (excluding high income),1.0,2.0,1.0,2.0,2.0,3.0,1.0,1,,,,,1.0,18.0,2021,,124438242,1,,58246340.0,,,2.0,2.0,2.0,,0.998332341,2.0,2.0,Q5 Highest,,1.0,1.0,2.0,,,1.0,Thailand,2.0,1,,,4.0,,2.0,4.0,,1.0,0.0,3.0,2.0,,1.0,,,3.0,1.0,1.0,2.0,,THA,4.0,4.0,2.0,1.0,1.0,2.0,1,1.0,1.0,1.0,,False,Female,18_22
431,1.0,2.0,1.0,East Asia & Pacific (excluding high income),2.0,1.0,1.0,2.0,2.0,3.0,1.0,1,,,,,1.0,32.0,2021,,129301580,1,,58246340.0,,,3.0,1.0,1.0,2.0,0.492041084,2.0,2.0,Q5 Highest,,2.0,1.0,1.0,,2.0,1.0,Thailand,2.0,1,,,,,2.0,1.0,1.0,1.0,0.0,1.0,1.0,,2.0,1.0,2.0,3.0,1.0,1.0,,1.0,THA,4.0,1.0,1.0,4.0,1.0,2.0,1,,1.0,1.0,1.0,False,Female,30_39
432,1.0,1.0,1.0,East Asia & Pacific (excluding high income),1.0,1.0,1.0,2.0,2.0,,1.0,1,,,,,1.0,54.0,2021,,148260396,1,,58246340.0,,,2.0,8.0,1.0,2.0,1.564152131,2.0,,Q2,,2.0,1.0,1.0,,1.0,2.0,Thailand,2.0,2,,,3.0,,2.0,1.0,2.0,1.0,1.0,3.0,2.0,,1.0,2.0,,,1.0,1.0,2.0,1.0,THA,4.0,1.0,1.0,1.0,1.0,2.0,2,1.0,1.0,1.0,1.0,False,Male,50_59
433,1.0,2.0,1.0,East Asia & Pacific (excluding high income),2.0,2.0,0.0,2.0,2.0,2.0,1.0,1,,,,,1.0,20.0,2021,,179712912,1,,58246340.0,,,1.0,3.0,3.0,2.0,1.944532089,1.0,2.0,Q5 Highest,,1.0,1.0,1.0,,1.0,2.0,Thailand,2.0,1,,,3.0,,1.0,1.0,2.0,1.0,1.0,3.0,2.0,,2.0,,,1.0,3.0,1.0,,1.0,THA,4.0,4.0,1.0,4.0,1.0,2.0,2,,2.0,1.0,,False,Male,18_22
434,1.0,2.0,1.0,East Asia & Pacific (excluding high income),1.0,2.0,1.0,2.0,2.0,2.0,,1,,,,,1.0,32.0,2021,,173698166,1,,58246340.0,1.0,,3.0,2.0,2.0,2.0,0.205283208,2.0,1.0,Q5 Highest,,1.0,1.0,1.0,,2.0,1.0,Thailand,1.0,1,,,1.0,,,1.0,2.0,1.0,1.0,1.0,2.0,,1.0,,,2.0,,1.0,1.0,1.0,THA,4.0,4.0,1.0,1.0,1.0,2.0,2,1.0,1.0,,,False,Male,30_39
435,1.0,2.0,1.0,East Asia & Pacific (excluding high income),1.0,1.0,1.0,2.0,2.0,3.0,,1,,,,,1.0,39.0,2021,,117304990,1,,58246340.0,1.0,,3.0,2.0,1.0,1.0,0.273252673,2.0,,Q5 Highest,,2.0,1.0,1.0,,1.0,1.0,Thailand,1.0,2,,,,,,1.0,2.0,1.0,1.0,3.0,2.0,,1.0,1.0,,3.0,,1.0,1.0,1.0,THA,4.0,1.0,1.0,1.0,1.0,2.0,1,1.0,1.0,,1.0,False,Female,30_39
436,1.0,2.0,1.0,East Asia & Pacific (excluding high income),1.0,2.0,1.0,2.0,2.0,3.0,,1,,,,,1.0,45.0,2021,,179153345,1,,58246340.0,1.0,,3.0,1.0,1.0,2.0,0.519390247,2.0,2.0,Q5 Highest,,2.0,1.0,1.0,,2.0,1.0,Thailand,1.0,1,,,,,,1.0,2.0,1.0,1.0,3.0,2.0,,1.0,,,3.0,,1.0,1.0,1.0,THA,4.0,4.0,1.0,1.0,1.0,2.0,1,1.0,1.0,,,False,Female,40_49
437,1.0,2.0,1.0,East Asia & Pacific (excluding high income),1.0,1.0,1.0,2.0,2.0,3.0,1.0,1,,,,,1.0,31.0,2021,,168115370,1,,58246340.0,1.0,,3.0,1.0,1.0,2.0,1.232493599,2.0,2.0,Q5 Highest,,1.0,1.0,1.0,,2.0,1.0,Thailand,1.0,1,,,2.0,,2.0,1.0,2.0,1.0,1.0,1.0,2.0,,2.0,2.0,,3.0,2.0,1.0,,1.0,THA,4.0,1.0,1.0,4.0,1.0,2.0,2,,1.0,1.0,1.0,False,Male,30_39
438,1.0,2.0,4.0,East Asia & Pacific (excluding high income),1.0,1.0,1.0,2.0,2.0,,,1,,,,,1.0,20.0,2021,,113319660,1,,58246340.0,,,3.0,9.0,2.0,2.0,0.679821138,1.0,2.0,Q5 Highest,,4.0,1.0,1.0,,2.0,1.0,Thailand,2.0,1,,,2.0,,,1.0,1.0,0.0,1.0,,2.0,1.0,1.0,2.0,,,,0.0,2.0,1.0,THA,4.0,2.0,1.0,1.0,1.0,2.0,2,1.0,4.0,,2.0,False,Male,18_22
439,1.0,2.0,2.0,East Asia & Pacific (excluding high income),2.0,2.0,0.0,2.0,2.0,3.0,,1,,,,,1.0,25.0,2021,,117722538,1,,58246340.0,,,1.0,2.0,1.0,,1.393369416,1.0,2.0,Q5 Highest,,1.0,1.0,1.0,,,2.0,Thailand,2.0,1,,,,,,4.0,,1.0,1.0,,2.0,,1.0,,,1.0,,1.0,1.0,,THA,4.0,4.0,2.0,1.0,1.0,2.0,2,2.0,2.0,,,False,Male,23_29
440,1.0,1.0,1.0,East Asia & Pacific (excluding high income),2.0,1.0,0.0,2.0,2.0,1.0,,1,,,,,1.0,45.0,2021,,116342525,1,,58246340.0,,,1.0,4.0,1.0,,0.924427522,2.0,,Q2,1.0,1.0,1.0,1.0,,2.0,2.0,Thailand,2.0,2,,,4.0,,,2.0,2.0,0.0,1.0,2.0,2.0,1.0,1.0,2.0,,1.0,,1.0,1.0,2.0,THA,4.0,2.0,1.0,1.0,1.0,2.0,1,1.0,2.0,,2.0,False,Female,40_49
441,1.0,2.0,1.0,East Asia & Pacific (excluding high income),1.0,1.0,1.0,2.0,2.0,3.0,,1,,,,,1.0,46.0,2021,,195326404,1,,58246340.0,,,2.0,4.0,1.0,,1.392867721,2.0,2.0,Q3,,2.0,1.0,2.0,,,1.0,Thailand,2.0,1,,,4.0,,,4.0,,1.0,1.0,3.0,2.0,1.0,1.0,2.0,,3.0,,1.0,1.0,,THA,4.0,2.0,2.0,1.0,1.0,1.0,1,1.0,1.0,,2.0,False,Female,40_49
442,1.0,2.0,1.0,East Asia & Pacific (excluding high income),1.0,1.0,1.0,2.0,2.0,2.0,2.0,1,,,,,1.0,43.0,2021,,162908331,1,,58246340.0,,,3.0,4.0,1.0,1.0,0.289066686,1.0,1.0,Q3,,1.0,1.0,1.0,,1.0,1.0,Thailand,2.0,1,,,3.0,,2.0,1.0,2.0,1.0,1.0,3.0,2.0,1.0,1.0,2.0,,2.0,1.0,1.0,1.0,1.0,THA,4.0,2.0,1.0,1.0,1.0,1.0,1,1.0,1.0,2.0,2.0,False,Female,40_49
443,1.0,2.0,1.0,East Asia & Pacific (excluding high income),1.0,2.0,1.0,2.0,2.0,2.0,1.0,1,,,,,1.0,22.0,2021,,189274613,1,,58246340.0,,,3.0,6.0,1.0,1.0,0.435480365,2.0,,Q3,,1.0,1.0,1.0,,2.0,1.0,Thailand,2.0,2,,,4.0,,2.0,1.0,1.0,1.0,0.0,1.0,2.0,,2.0,,,2.0,1.0,1.0,,1.0,THA,4.0,4.0,1.0,4.0,1.0,2.0,2,,1.0,1.0,,False,Male,18_22
444,1.0,2.0,1.0,East Asia & Pacific (excluding high income),1.0,1.0,1.0,2.0,1.0,1.0,1.0,1,1.0,,1.0,,1.0,32.0,2021,,136994868,1,,58246340.0,1.0,,2.0,2.0,1.0,1.0,0.28810274,1.0,1.0,Q3,,2.0,1.0,1.0,,1.0,1.0,Thailand,1.0,1,,,2.0,,2.0,1.0,2.0,1.0,1.0,1.0,2.0,,1.0,1.0,,1.0,1.0,1.0,1.0,1.0,THA,1.0,1.0,1.0,1.0,1.0,2.0,1,1.0,1.0,1.0,1.0,False,Female,30_39
445,1.0,2.0,1.0,East Asia & Pacific (excluding high income),1.0,1.0,1.0,2.0,2.0,3.0,2.0,1,,,,,1.0,51.0,2021,,148574404,1,,58246340.0,2.0,,1.0,2.0,2.0,2.0,2.338900333,2.0,1.0,Q5 Highest,,1.0,1.0,1.0,,1.0,1.0,Thailand,1.0,1,,,1.0,,2.0,1.0,2.0,1.0,0.0,3.0,2.0,1.0,1.0,2.0,,3.0,1.0,1.0,1.0,1.0,THA,4.0,2.0,1.0,1.0,1.0,2.0,1,1.0,2.0,1.0,2.0,False,Female,50_59
446,1.0,2.0,2.0,East Asia & Pacific (excluding high income),1.0,2.0,1.0,2.0,2.0,3.0,,1,,,,,2.0,45.0,2021,,187717886,1,,58246340.0,1.0,,3.0,1.0,1.0,2.0,0.560958796,2.0,1.0,Q5 Highest,,2.0,1.0,1.0,,2.0,1.0,Thailand,1.0,1,,,,,,1.0,3.0,1.0,1.0,,2.0,,2.0,,,3.0,,0.0,,1.0,THA,4.0,4.0,1.0,4.0,1.0,2.0,1,,2.0,,,False,Female,40_49
447,1.0,2.0,1.0,East Asia & Pacific (excluding high income),1.0,1.0,1.0,2.0,2.0,3.0,,1,,1.0,,1.0,,45.0,2021,1.0,127319756,1,2.0,58246340.0,,,2.0,2.0,,,1.119834655,2.0,,Q4,1.0,2.0,,1.0,2.0,2.0,1.0,Thailand,,2,2.0,,1.0,,,2.0,2.0,1.0,0.0,2.0,2.0,,1.0,1.0,,2.0,,1.0,1.0,2.0,THA,4.0,1.0,1.0,1.0,,2.0,2,2.0,1.0,,1.0,False,Male,40_49
448,1.0,2.0,1.0,East Asia & Pacific (excluding high income),1.0,1.0,1.0,2.0,2.0,2.0,1.0,1,,,,,1.0,45.0,2021,,186910869,1,,58246340.0,1.0,,3.0,2.0,2.0,2.0,0.381592008,2.0,2.0,Q3,,1.0,1.0,1.0,,2.0,1.0,Thailand,1.0,1,,,,,2.0,1.0,1.0,1.0,1.0,3.0,1.0,,1.0,1.0,2.0,2.0,1.0,1.0,2.0,1.0,THA,4.0,1.0,1.0,1.0,1.0,2.0,1,1.0,1.0,2.0,1.0,False,Female,40_49
449,1.0,2.0,1.0,East Asia & Pacific (excluding high income),1.0,1.0,1.0,2.0,1.0,2.0,,1,2.0,,2.0,,1.0,41.0,2021,,154441121,1,,58246340.0,1.0,,3.0,2.0,1.0,,0.179869145,1.0,1.0,Q4,,1.0,1.0,1.0,,,1.0,Thailand,1.0,1,,,,1.0,,4.0,,1.0,1.0,2.0,1.0,,1.0,1.0,1.0,2.0,,0.0,2.0,,THA,2.0,1.0,2.0,1.0,1.0,2.0,1,1.0,1.0,,1.0,False,Female,40_49
450,1.0,2.0,1.0,East Asia & Pacific (excluding high income),1.0,1.0,1.0,2.0,2.0,3.0,1.0,1,,,,,1.0,41.0,2021,,123427268,1,,58246340.0,1.0,,2.0,1.0,1.0,,0.672984322,2.0,,Q1 Lowest,,2.0,1.0,1.0,,,1.0,Thailand,1.0,2,,,,,2.0,4.0,,1.0,1.0,1.0,2.0,,1.0,2.0,,3.0,1.0,1.0,1.0,,THA,4.0,1.0,2.0,1.0,1.0,2.0,2,2.0,1.0,1.0,1.0,False,Male,40_49
451,1.0,2.0,2.0,East Asia & Pacific (excluding high income),2.0,1.0,1.0,1.0,2.0,,,1,,,,,1.0,48.0,2021,,174614104,1,,58246340.0,,,1.0,9.0,,,0.412110893,1.0,1.0,Q4,,2.0,2.0,1.0,,,1.0,Thailand,2.0,1,,,4.0,,,4.0,,0.0,1.0,,2.0,1.0,1.0,2.0,,,,0.0,2.0,,THA,4.0,2.0,2.0,1.0,1.0,2.0,1,1.0,2.0,,2.0,False,Female,40_49
452,1.0,2.0,1.0,East Asia & Pacific (excluding high income),1.0,1.0,1.0,2.0,2.0,3.0,,1,,,,,1.0,46.0,2021,,113559107,1,,58246340.0,1.0,,3.0,2.0,1.0,,0.218877638,2.0,1.0,Q4,,1.0,1.0,1.0,,,1.0,Thailand,1.0,1,,,1.0,,,4.0,,1.0,1.0,1.0,2.0,,2.0,1.0,,2.0,,0.0,,,THA,4.0,1.0,2.0,4.0,1.0,2.0,1,,1.0,,1.0,False,Female,40_49
453,1.0,2.0,1.0,East Asia & Pacific (excluding high income),1.0,1.0,1.0,2.0,2.0,2.0,1.0,1,,,,,1.0,49.0,2021,,208975298,1,,58246340.0,1.0,,3.0,1.0,1.0,2.0,0.138056999,1.0,2.0,Q5 Highest,,2.0,1.0,1.0,,2.0,1.0,Thailand,1.0,1,,,2.0,,2.0,1.0,2.0,1.0,1.0,3.0,2.0,,1.0,1.0,,2.0,1.0,1.0,1.0,1.0,THA,4.0,1.0,1.0,1.0,1.0,2.0,1,2.0,1.0,2.0,1.0,False,Female,40_49
454,1.0,2.0,1.0,East Asia & Pacific (excluding high income),1.0,2.0,1.0,2.0,2.0,,1.0,1,,,,,1.0,40.0,2021,,182112155,1,,58246340.0,,,3.0,7.0,1.0,2.0,0.138056999,2.0,1.0,Q5 Highest,,2.0,1.0,1.0,,2.0,1.0,Thailand,2.0,1,,,,,2.0,1.0,1.0,1.0,0.0,1.0,2.0,,1.0,,,,1.0,1.0,2.0,1.0,THA,4.0,4.0,1.0,1.0,1.0,2.0,1,1.0,2.0,2.0,,False,Female,40_49
455,1.0,2.0,1.0,East Asia & Pacific (excluding high income),1.0,1.0,1.0,2.0,2.0,2.0,1.0,1,,,,,1.0,46.0,2021,,151120850,1,,58246340.0,,,2.0,2.0,2.0,2.0,0.139028526,2.0,,Q4,,1.0,1.0,1.0,,1.0,1.0,Thailand,2.0,2,,,1.0,,2.0,1.0,2.0,1.0,0.0,2.0,2.0,,1.0,2.0,,1.0,1.0,1.0,1.0,1.0,THA,4.0,1.0,1.0,1.0,1.0,2.0,1,2.0,1.0,1.0,1.0,False,Female,40_49
456,1.0,2.0,1.0,East Asia & Pacific (excluding high income),1.0,1.0,1.0,2.0,2.0,3.0,1.0,1,,,,,1.0,23.0,2021,,202790056,1,,58246340.0,,,1.0,1.0,2.0,,5.714441691,2.0,2.0,Q3,,1.0,1.0,2.0,,,1.0,Thailand,2.0,1,,,,,2.0,4.0,,1.0,0.0,3.0,2.0,,1.0,1.0,,3.0,2.0,1.0,1.0,,THA,4.0,1.0,2.0,1.0,1.0,2.0,1,1.0,1.0,1.0,1.0,False,Female,23_29
457,1.0,2.0,1.0,East Asia & Pacific (excluding high income),2.0,2.0,0.0,2.0,2.0,1.0,1.0,1,,2.0,,2.0,,18.0,2021,2.0,118965431,1,2.0,58246340.0,,,2.0,2.0,,,3.987921876,2.0,,Q5 Highest,,1.0,,2.0,1.0,,2.0,Thailand,,2,2.0,,2.0,,1.0,4.0,,0.0,1.0,2.0,2.0,,1.0,,,1.0,1.0,1.0,2.0,,THA,4.0,4.0,2.0,1.0,,2.0,2,1.0,2.0,1.0,,False,Male,18_22
458,1.0,2.0,2.0,East Asia & Pacific (excluding high income),2.0,2.0,0.0,2.0,2.0,2.0,,1,,,,,1.0,32.0,2021,,154302453,1,,58246340.0,,2.0,2.0,2.0,1.0,,2.132876568,1.0,,Q4,,1.0,2.0,1.0,,,2.0,Thailand,2.0,2,,,4.0,,,4.0,,0.0,1.0,,2.0,,1.0,,,1.0,,0.0,2.0,,THA,4.0,4.0,2.0,1.0,1.0,2.0,2,2.0,2.0,,,False,Male,30_39
459,0.0,2.0,1.0,East Asia & Pacific (excluding high income),2.0,2.0,1.0,2.0,2.0,1.0,,0,,1.0,,2.0,,50.0,2021,2.0,143055314,0,2.0,58246340.0,,1.0,1.0,4.0,,,1.119834655,2.0,,Q1 Lowest,1.0,2.0,,1.0,2.0,2.0,1.0,Thailand,,2,1.0,1.0,3.0,,,2.0,2.0,0.0,0.0,2.0,2.0,,1.0,,,1.0,,0.0,2.0,2.0,THA,4.0,4.0,1.0,2.0,,2.0,2,2.0,2.0,,,False,Male,50_59
460,1.0,2.0,1.0,East Asia & Pacific (excluding high income),1.0,1.0,1.0,2.0,2.0,3.0,1.0,1,,,,,1.0,25.0,2021,,123140317,1,,58246340.0,,,3.0,5.0,1.0,2.0,0.224080829,2.0,1.0,Q1 Lowest,,1.0,1.0,1.0,,2.0,1.0,Thailand,2.0,1,,,3.0,,2.0,1.0,2.0,1.0,0.0,1.0,2.0,,1.0,2.0,,2.0,1.0,1.0,2.0,1.0,THA,4.0,1.0,1.0,1.0,1.0,2.0,1,1.0,1.0,1.0,1.0,False,Female,23_29
461,0.0,2.0,2.0,East Asia & Pacific (excluding high income),2.0,2.0,0.0,2.0,2.0,,,1,,,,,2.0,16.0,2021,,138498121,1,,58246340.0,,,1.0,9.0,,,1.698510942,2.0,,Q1 Lowest,,2.0,2.0,2.0,,,2.0,Thailand,2.0,2,,,3.0,,,4.0,,0.0,0.0,,2.0,,2.0,,,,,0.0,,,THA,4.0,4.0,2.0,4.0,2.0,2.0,1,,2.0,,,False,Female,17_or_less
462,1.0,2.0,2.0,East Asia & Pacific (excluding high income),1.0,2.0,1.0,2.0,2.0,3.0,,1,,,,,1.0,46.0,2021,,181600035,1,,58246340.0,,,2.0,2.0,2.0,2.0,0.620798208,2.0,2.0,Q5 Highest,,2.0,1.0,1.0,,2.0,2.0,Thailand,2.0,1,,,,,,1.0,2.0,0.0,0.0,,2.0,,2.0,,,3.0,,0.0,,1.0,THA,4.0,4.0,1.0,4.0,1.0,2.0,1,,2.0,,,False,Female,40_49
463,1.0,2.0,1.0,East Asia & Pacific (excluding high income),1.0,1.0,1.0,2.0,2.0,2.0,1.0,1,,,,,1.0,30.0,2021,,150432853,1,,58246340.0,,,3.0,3.0,1.0,1.0,0.357891433,2.0,2.0,Q3,,1.0,1.0,1.0,,1.0,1.0,Thailand,2.0,1,,,3.0,,1.0,1.0,2.0,1.0,1.0,1.0,2.0,,1.0,1.0,,1.0,1.0,1.0,1.0,1.0,THA,4.0,1.0,1.0,1.0,1.0,2.0,2,1.0,1.0,1.0,1.0,False,Male,30_39
464,1.0,2.0,1.0,East Asia & Pacific (excluding high income),1.0,1.0,1.0,2.0,2.0,3.0,1.0,1,,,,,1.0,38.0,2021,,173992066,1,,58246340.0,,,3.0,1.0,1.0,2.0,0.138056999,2.0,1.0,Q4,,1.0,1.0,1.0,,1.0,2.0,Thailand,2.0,1,,,2.0,,2.0,1.0,2.0,1.0,0.0,3.0,2.0,,1.0,1.0,,3.0,1.0,1.0,1.0,1.0,THA,4.0,1.0,1.0,1.0,1.0,2.0,1,1.0,1.0,1.0,1.0,False,Female,30_39
465,1.0,2.0,2.0,East Asia & Pacific (excluding high income),2.0,2.0,0.0,1.0,2.0,1.0,,1,,,,,2.0,62.0,2021,,145616884,1,,58246340.0,,,1.0,2.0,2.0,,5.395656489,1.0,,Q1 Lowest,,1.0,1.0,1.0,,,2.0,Thailand,2.0,2,,,2.0,,,4.0,,0.0,1.0,,2.0,,1.0,,,1.0,,0.0,2.0,,THA,4.0,4.0,2.0,1.0,1.0,2.0,1,1.0,2.0,,,False,Female,60_69
466,1.0,2.0,2.0,East Asia & Pacific (excluding high income),2.0,1.0,0.0,2.0,2.0,2.0,,1,,,,,1.0,37.0,2021,,201331315,1,,58246340.0,,,3.0,2.0,2.0,,0.269424034,2.0,2.0,Q3,,1.0,1.0,2.0,,,2.0,Thailand,2.0,1,,,4.0,,,4.0,,0.0,0.0,,2.0,1.0,1.0,2.0,,2.0,,1.0,1.0,,THA,4.0,2.0,2.0,1.0,1.0,2.0,1,2.0,1.0,,2.0,False,Female,30_39
467,1.0,2.0,1.0,East Asia & Pacific (excluding high income),1.0,1.0,1.0,2.0,2.0,1.0,,1,,,,,1.0,57.0,2021,,194327472,1,,58246340.0,,,2.0,2.0,1.0,,0.976110821,2.0,2.0,Q2,,1.0,1.0,1.0,,,1.0,Thailand,2.0,1,,,2.0,,,4.0,,1.0,0.0,3.0,2.0,1.0,1.0,2.0,,1.0,,1.0,1.0,,THA,4.0,2.0,2.0,1.0,1.0,2.0,2,2.0,1.0,,2.0,False,Male,50_59
468,1.0,2.0,1.0,East Asia & Pacific (excluding high income),1.0,1.0,1.0,2.0,2.0,3.0,1.0,1,,,,,1.0,40.0,2021,,121029659,1,,58246340.0,1.0,,3.0,2.0,1.0,2.0,0.989319659,2.0,2.0,Q5 Highest,,2.0,1.0,1.0,,2.0,1.0,Thailand,1.0,1,,,,,2.0,1.0,2.0,1.0,1.0,1.0,1.0,,1.0,2.0,2.0,3.0,1.0,1.0,1.0,1.0,THA,4.0,1.0,1.0,1.0,1.0,2.0,2,1.0,1.0,1.0,1.0,False,Male,40_49
469,1.0,2.0,2.0,East Asia & Pacific (excluding high income),1.0,1.0,1.0,2.0,2.0,,,1,,,,,1.0,38.0,2021,,143990734,1,,58246340.0,,2.0,1.0,8.0,2.0,,3.104973731,2.0,1.0,Q3,,2.0,1.0,2.0,,,2.0,Thailand,2.0,1,,,4.0,,,4.0,,1.0,0.0,,2.0,1.0,1.0,2.0,,,,0.0,2.0,,THA,4.0,2.0,2.0,3.0,1.0,2.0,1,2.0,2.0,,2.0,False,Female,30_39
470,1.0,1.0,1.0,East Asia & Pacific (excluding high income),2.0,2.0,0.0,2.0,2.0,2.0,,1,,,,,1.0,36.0,2021,,136672778,1,,58246340.0,,2.0,1.0,2.0,1.0,,0.517162093,1.0,2.0,Q4,,1.0,1.0,2.0,,,2.0,Thailand,2.0,1,,,3.0,,,4.0,,1.0,1.0,3.0,2.0,,1.0,,,1.0,,0.0,2.0,,THA,4.0,4.0,2.0,1.0,1.0,2.0,1,2.0,1.0,,,False,Female,30_39
471,1.0,2.0,1.0,East Asia & Pacific (excluding high income),1.0,1.0,1.0,2.0,2.0,2.0,,1,,,,,1.0,46.0,2021,,181252927,1,,58246340.0,1.0,,3.0,2.0,1.0,2.0,0.404584751,2.0,2.0,Q3,,2.0,1.0,1.0,,1.0,1.0,Thailand,1.0,1,,,4.0,,,1.0,2.0,1.0,1.0,3.0,4.0,,1.0,1.0,,1.0,,1.0,1.0,1.0,THA,4.0,1.0,1.0,1.0,1.0,2.0,2,1.0,1.0,,2.0,False,Male,40_49
472,1.0,2.0,2.0,East Asia & Pacific (excluding high income),1.0,1.0,1.0,2.0,2.0,2.0,,1,,,,,2.0,60.0,2021,,170045794,1,,58246340.0,1.0,,3.0,1.0,,2.0,0.138056999,2.0,,Q4,,1.0,2.0,1.0,,2.0,1.0,Thailand,1.0,4,,,2.0,,,1.0,1.0,1.0,1.0,,2.0,,2.0,1.0,,2.0,,0.0,,1.0,THA,4.0,1.0,1.0,4.0,1.0,2.0,1,,2.0,,2.0,False,Female,60_69
473,1.0,2.0,2.0,East Asia & Pacific (excluding high income),1.0,2.0,1.0,2.0,1.0,3.0,,1,2.0,,1.0,,1.0,50.0,2021,,208120245,1,,58246340.0,,,3.0,2.0,2.0,,0.172706162,2.0,2.0,Q2,,2.0,1.0,1.0,,,2.0,Thailand,2.0,1,,,,,,4.0,,0.0,0.0,,2.0,,1.0,,,3.0,,1.0,1.0,,THA,1.0,4.0,2.0,1.0,1.0,2.0,2,2.0,2.0,,,False,Male,50_59
474,1.0,2.0,2.0,East Asia & Pacific (excluding high income),2.0,2.0,1.0,2.0,2.0,3.0,,1,,,,,1.0,88.0,2021,,200661609,1,,58246340.0,1.0,,2.0,2.0,,,5.714441691,2.0,2.0,Q3,,1.0,2.0,2.0,,,1.0,Thailand,1.0,1,,,,,,4.0,,0.0,1.0,,2.0,,1.0,,,3.0,,0.0,2.0,,THA,4.0,4.0,2.0,1.0,2.0,2.0,2,1.0,2.0,,,False,Male,70_plus
475,1.0,2.0,1.0,East Asia & Pacific (excluding high income),2.0,1.0,1.0,1.0,2.0,1.0,1.0,1,,,,,1.0,37.0,2021,,209398381,1,,58246340.0,,,2.0,2.0,1.0,1.0,1.695310976,1.0,2.0,Q3,,2.0,1.0,1.0,,1.0,1.0,Thailand,2.0,1,,,3.0,,2.0,1.0,2.0,1.0,1.0,2.0,1.0,,1.0,1.0,1.0,1.0,1.0,1.0,2.0,1.0,THA,4.0,1.0,1.0,1.0,1.0,1.0,1,1.0,1.0,2.0,1.0,False,Female,30_39
476,1.0,2.0,1.0,East Asia & Pacific (excluding high income),1.0,1.0,1.0,2.0,2.0,3.0,1.0,1,,,,,1.0,22.0,2021,,136294868,1,,58246340.0,,,2.0,2.0,2.0,,4.84750417,2.0,1.0,Q5 Highest,,1.0,1.0,2.0,,,1.0,Thailand,2.0,1,,,,,2.0,4.0,,1.0,0.0,1.0,2.0,,1.0,1.0,,3.0,1.0,1.0,2.0,,THA,4.0,1.0,2.0,1.0,1.0,2.0,2,1.0,1.0,1.0,1.0,False,Male,18_22
477,1.0,2.0,1.0,East Asia & Pacific (excluding high income),2.0,1.0,0.0,2.0,2.0,2.0,,1,,,,,1.0,41.0,2021,,132934519,1,,58246340.0,,,4.0,2.0,2.0,1.0,0.169904481,1.0,1.0,Q3,,1.0,1.0,1.0,,2.0,2.0,Thailand,2.0,1,,,3.0,,,1.0,2.0,1.0,1.0,2.0,2.0,,2.0,1.0,,1.0,,0.0,,1.0,THA,4.0,1.0,1.0,4.0,1.0,2.0,1,,1.0,,1.0,False,Female,40_49
478,1.0,2.0,1.0,East Asia & Pacific (excluding high income),1.0,2.0,1.0,2.0,2.0,3.0,2.0,1,,,,,1.0,15.0,2021,,173566752,1,,58246340.0,,,1.0,2.0,,,0.70266613,2.0,1.0,Q4,,1.0,1.0,2.0,,,1.0,Thailand,2.0,1,,,,,2.0,4.0,,1.0,0.0,3.0,2.0,,2.0,,,3.0,1.0,1.0,,,THA,4.0,4.0,2.0,4.0,2.0,2.0,2,,1.0,2.0,,False,Male,17_or_less
479,1.0,2.0,1.0,East Asia & Pacific (excluding high income),2.0,1.0,1.0,2.0,1.0,3.0,,1,2.0,,1.0,,1.0,34.0,2021,,161173784,1,,58246340.0,,,3.0,5.0,2.0,2.0,0.337552293,2.0,,Q4,,2.0,1.0,1.0,,2.0,1.0,Thailand,2.0,2,,,,,,1.0,1.0,1.0,0.0,1.0,1.0,,1.0,1.0,2.0,3.0,,1.0,1.0,1.0,THA,1.0,1.0,1.0,1.0,1.0,2.0,1,2.0,1.0,,1.0,False,Female,30_39
480,1.0,2.0,1.0,East Asia & Pacific (excluding high income),1.0,1.0,1.0,2.0,1.0,2.0,1.0,1,2.0,,2.0,,1.0,49.0,2021,,124013773,1,,58246340.0,1.0,,3.0,2.0,1.0,,0.14740566,1.0,1.0,Q4,,1.0,1.0,1.0,,,2.0,Thailand,1.0,1,,,2.0,1.0,2.0,4.0,,1.0,1.0,3.0,2.0,,1.0,2.0,,2.0,1.0,1.0,1.0,,THA,2.0,1.0,2.0,1.0,1.0,2.0,2,2.0,1.0,1.0,1.0,False,Male,40_49
481,1.0,2.0,1.0,East Asia & Pacific (excluding high income),1.0,1.0,1.0,2.0,2.0,3.0,2.0,1,,,,,1.0,38.0,2021,,175017046,1,,58246340.0,1.0,,3.0,1.0,2.0,2.0,0.640126926,2.0,2.0,Q5 Highest,,1.0,1.0,1.0,,2.0,1.0,Thailand,1.0,1,,,,,2.0,1.0,2.0,1.0,1.0,3.0,2.0,,2.0,2.0,,3.0,1.0,1.0,,1.0,THA,4.0,1.0,1.0,4.0,1.0,2.0,1,,1.0,2.0,1.0,False,Female,30_39
482,1.0,2.0,1.0,East Asia & Pacific (excluding high income),1.0,1.0,1.0,2.0,1.0,3.0,1.0,1,2.0,,2.0,,1.0,37.0,2021,,187752856,1,,58246340.0,,,2.0,6.0,1.0,2.0,0.253003918,2.0,,Q2,,1.0,1.0,1.0,,2.0,2.0,Thailand,2.0,2,,,3.0,1.0,1.0,1.0,1.0,1.0,1.0,1.0,1.0,,2.0,1.0,2.0,3.0,1.0,1.0,,1.0,THA,2.0,1.0,1.0,4.0,1.0,2.0,1,,1.0,1.0,1.0,False,Female,30_39
483,1.0,2.0,2.0,East Asia & Pacific (excluding high income),2.0,2.0,0.0,2.0,2.0,,,1,,,,,2.0,37.0,2021,,183824173,1,,58246340.0,,,2.0,8.0,2.0,,3.439763935,2.0,2.0,Q2,,2.0,1.0,1.0,,,2.0,Thailand,2.0,1,,,3.0,,,4.0,,0.0,0.0,,2.0,,1.0,,,,,1.0,1.0,,THA,4.0,4.0,2.0,1.0,1.0,2.0,2,2.0,2.0,,,False,Male,30_39
484,1.0,2.0,2.0,East Asia & Pacific (excluding high income),2.0,1.0,0.0,2.0,2.0,2.0,,1,,,,,1.0,35.0,2021,,177910671,1,,58246340.0,,,3.0,3.0,2.0,2.0,0.138056999,1.0,2.0,Q3,,1.0,1.0,1.0,,2.0,2.0,Thailand,2.0,1,,,1.0,,,1.0,2.0,0.0,1.0,,2.0,1.0,1.0,2.0,,2.0,,0.0,2.0,1.0,THA,4.0,2.0,1.0,1.0,1.0,2.0,2,1.0,1.0,,2.0,False,Male,30_39
485,1.0,2.0,1.0,East Asia & Pacific (excluding high income),1.0,1.0,1.0,2.0,2.0,2.0,3.0,1,,,,,1.0,60.0,2021,,165158293,1,,58246340.0,,,1.0,2.0,2.0,,0.188202683,1.0,,Q2,,1.0,1.0,2.0,,,2.0,Thailand,2.0,2,,,2.0,,2.0,4.0,,1.0,1.0,1.0,2.0,,1.0,1.0,,1.0,1.0,1.0,1.0,,THA,4.0,1.0,2.0,1.0,1.0,2.0,1,1.0,1.0,1.0,2.0,False,Female,60_69
486,1.0,2.0,1.0,East Asia & Pacific (excluding high income),1.0,1.0,1.0,2.0,2.0,2.0,,1,,,,,1.0,44.0,2021,,189633149,1,,58246340.0,,2.0,1.0,2.0,2.0,,2.453941397,1.0,1.0,Q1 Lowest,,1.0,1.0,1.0,,,1.0,Thailand,2.0,1,,,3.0,,,4.0,,1.0,1.0,2.0,2.0,1.0,1.0,2.0,,1.0,,0.0,2.0,,THA,4.0,2.0,2.0,3.0,1.0,2.0,1,2.0,1.0,,2.0,False,Female,40_49
487,1.0,2.0,1.0,East Asia & Pacific (excluding high income),1.0,1.0,1.0,2.0,2.0,3.0,1.0,1,,,,,1.0,27.0,2021,,153503372,1,,58246340.0,2.0,,2.0,6.0,1.0,,0.138056999,2.0,,Q3,1.0,2.0,1.0,1.0,,2.0,1.0,Thailand,1.0,2,,,2.0,,2.0,2.0,2.0,1.0,0.0,2.0,2.0,,1.0,2.0,,2.0,1.0,1.0,1.0,2.0,THA,4.0,1.0,1.0,1.0,1.0,2.0,1,1.0,1.0,1.0,1.0,False,Female,23_29
488,1.0,2.0,1.0,East Asia & Pacific (excluding high income),1.0,1.0,1.0,2.0,2.0,3.0,1.0,1,,,,,1.0,54.0,2021,,132409176,1,,58246340.0,1.0,,3.0,6.0,2.0,,0.157862851,2.0,1.0,Q3,,2.0,1.0,1.0,,,2.0,Thailand,1.0,1,,,2.0,,1.0,4.0,,1.0,1.0,1.0,1.0,,1.0,1.0,1.0,3.0,2.0,1.0,1.0,,THA,4.0,1.0,2.0,1.0,1.0,1.0,2,1.0,1.0,1.0,1.0,False,Male,50_59
489,1.0,2.0,1.0,East Asia & Pacific (excluding high income),1.0,1.0,1.0,2.0,2.0,3.0,,1,,,,,1.0,32.0,2021,,114828844,1,,58246340.0,,,1.0,1.0,1.0,,4.494112221,1.0,2.0,Q5 Highest,,1.0,1.0,1.0,,,1.0,Thailand,2.0,1,,,,,,4.0,,1.0,1.0,3.0,2.0,1.0,1.0,2.0,,3.0,,1.0,1.0,,THA,4.0,2.0,2.0,1.0,1.0,2.0,1,1.0,1.0,,2.0,False,Female,30_39
490,1.0,2.0,1.0,East Asia & Pacific (excluding high income),1.0,1.0,1.0,2.0,2.0,3.0,1.0,1,,,,,1.0,27.0,2021,,126490259,1,,58246340.0,1.0,,3.0,1.0,1.0,2.0,0.138056999,2.0,,Q5 Highest,,1.0,1.0,1.0,,1.0,1.0,Thailand,1.0,2,,,2.0,,2.0,1.0,2.0,1.0,1.0,1.0,2.0,,1.0,1.0,,3.0,1.0,1.0,1.0,1.0,THA,4.0,1.0,1.0,1.0,1.0,2.0,1,1.0,1.0,1.0,1.0,False,Female,23_29
491,1.0,2.0,1.0,East Asia & Pacific (excluding high income),2.0,1.0,1.0,2.0,1.0,3.0,1.0,1,2.0,,2.0,,1.0,25.0,2021,,169358840,1,,58246340.0,,,3.0,1.0,2.0,,0.334183898,2.0,2.0,Q4,,1.0,1.0,1.0,,,1.0,Thailand,2.0,1,,,,1.0,2.0,4.0,,1.0,0.0,3.0,2.0,1.0,1.0,2.0,,3.0,1.0,1.0,1.0,,THA,2.0,2.0,2.0,1.0,1.0,2.0,2,1.0,1.0,2.0,2.0,False,Male,23_29
492,1.0,2.0,1.0,East Asia & Pacific (excluding high income),1.0,1.0,1.0,2.0,2.0,3.0,1.0,1,,,,,1.0,39.0,2021,,206445351,1,,58246340.0,1.0,,3.0,2.0,1.0,2.0,0.169904481,2.0,,Q5 Highest,,2.0,1.0,1.0,,2.0,1.0,Thailand,1.0,2,,,,,2.0,1.0,2.0,1.0,1.0,3.0,2.0,,1.0,2.0,,3.0,1.0,1.0,1.0,1.0,THA,4.0,1.0,1.0,1.0,1.0,2.0,1,2.0,1.0,1.0,1.0,False,Female,30_39
493,1.0,2.0,1.0,East Asia & Pacific (excluding high income),1.0,2.0,1.0,2.0,2.0,3.0,,1,,,,,1.0,49.0,2021,,200693993,1,,58246340.0,,,3.0,1.0,2.0,,0.556236615,2.0,,Q5 Highest,,2.0,1.0,1.0,,,1.0,Thailand,2.0,2,,,,,,4.0,,1.0,0.0,1.0,2.0,,1.0,,,3.0,,1.0,1.0,,THA,4.0,4.0,2.0,1.0,1.0,2.0,1,1.0,2.0,,,False,Female,40_49
494,1.0,2.0,2.0,East Asia & Pacific (excluding high income),2.0,2.0,1.0,2.0,2.0,3.0,,1,,,,,1.0,19.0,2021,,206103876,1,,58246340.0,,,2.0,2.0,,,0.715608194,2.0,,Q4,,1.0,1.0,1.0,,,1.0,Thailand,2.0,2,,,,,,4.0,,0.0,0.0,,2.0,,2.0,,,2.0,,0.0,,,THA,4.0,4.0,2.0,4.0,2.0,2.0,1,,2.0,,,False,Female,18_22
495,1.0,2.0,1.0,East Asia & Pacific (excluding high income),1.0,2.0,1.0,2.0,2.0,2.0,,1,,,,,1.0,24.0,2021,,138572189,1,,58246340.0,,,2.0,2.0,2.0,,0.930097515,2.0,,Q1 Lowest,,2.0,1.0,1.0,,,2.0,Thailand,2.0,2,,,,,,4.0,,1.0,0.0,3.0,2.0,,1.0,,,2.0,,0.0,2.0,,THA,4.0,4.0,2.0,1.0,1.0,2.0,2,1.0,2.0,,,False,Male,23_29
496,1.0,2.0,1.0,East Asia & Pacific (excluding high income),2.0,2.0,0.0,2.0,2.0,2.0,1.0,1,,,,,1.0,21.0,2021,,126853275,1,,58246340.0,,,2.0,2.0,1.0,,2.712782339,2.0,1.0,Q4,,1.0,1.0,2.0,,,2.0,Thailand,2.0,1,,,2.0,,2.0,4.0,,1.0,0.0,1.0,2.0,,1.0,,,2.0,1.0,1.0,1.0,,THA,4.0,4.0,2.0,1.0,1.0,2.0,2,2.0,1.0,2.0,,False,Male,18_22
497,1.0,2.0,1.0,East Asia & Pacific (excluding high income),1.0,1.0,1.0,2.0,2.0,3.0,2.0,1,,,,,1.0,40.0,2021,,158372518,1,,58246340.0,1.0,,3.0,1.0,2.0,2.0,0.398313221,2.0,,Q4,,1.0,1.0,1.0,,2.0,1.0,Thailand,1.0,2,,,,,2.0,1.0,2.0,1.0,1.0,3.0,2.0,,2.0,2.0,,3.0,1.0,1.0,,1.0,THA,4.0,1.0,1.0,4.0,1.0,2.0,1,,1.0,1.0,1.0,False,Female,40_49
498,1.0,2.0,2.0,East Asia & Pacific (excluding high income),2.0,2.0,0.0,2.0,4.0,,,1,,,,,1.0,70.0,2021,,137604827,1,,58246340.0,,,3.0,9.0,,,0.287333685,2.0,,Q2,,2.0,2.0,2.0,,,2.0,Thailand,2.0,2,,,3.0,,,4.0,,0.0,0.0,,2.0,,1.0,,,,,1.0,1.0,,THA,5.0,4.0,2.0,1.0,1.0,2.0,2,2.0,2.0,,,False,Male,70_plus
499,1.0,2.0,1.0,East Asia & Pacific (excluding high income),2.0,1.0,1.0,2.0,2.0,2.0,1.0,1,,,,,1.0,41.0,2021,,180591346,1,,58246340.0,,,3.0,2.0,2.0,1.0,0.431100832,2.0,2.0,Q5 Highest,,2.0,1.0,1.0,,2.0,2.0,Thailand,2.0,1,,,4.0,,2.0,1.0,2.0,1.0,1.0,3.0,1.0,,1.0,1.0,1.0,2.0,1.0,1.0,2.0,1.0,THA,4.0,1.0,1.0,1.0,1.0,2.0,2,1.0,1.0,1.0,2.0,False,Male,40_49
500,1.0,2.0,2.0,East Asia & Pacific (excluding high income),2.0,1.0,0.0,2.0,2.0,,,1,,,,,1.0,21.0,2021,,176105088,1,,58246340.0,2.0,,1.0,9.0,2.0,,2.389125295,2.0,1.0,Q1 Lowest,,2.0,2.0,2.0,,,2.0,Thailand,1.0,1,,,3.0,,,4.0,,1.0,0.0,,2.0,,2.0,1.0,,,,0.0,,,THA,4.0,1.0,2.0,4.0,1.0,2.0,1,,2.0,,1.0,False,Female,18_22
501,1.0,2.0,1.0,East Asia & Pacific (excluding high income),2.0,1.0,0.0,2.0,2.0,3.0,,1,,,,,1.0,43.0,2021,,210572431,1,,58246340.0,1.0,,3.0,4.0,2.0,1.0,0.180142039,2.0,,Q5 Highest,,2.0,1.0,1.0,,2.0,2.0,Thailand,1.0,2,,,,,,1.0,2.0,1.0,1.0,1.0,2.0,,1.0,1.0,,3.0,,0.0,2.0,1.0,THA,4.0,1.0,1.0,1.0,1.0,1.0,2,1.0,1.0,,1.0,False,Male,40_49
502,1.0,2.0,1.0,East Asia & Pacific (excluding high income),1.0,1.0,1.0,2.0,2.0,,,1,,,,,1.0,60.0,2021,,155481372,1,,58246340.0,,,3.0,9.0,3.0,1.0,0.138056999,2.0,1.0,Q4,,2.0,1.0,1.0,,2.0,1.0,Thailand,2.0,1,,,,,,1.0,1.0,1.0,1.0,2.0,2.0,1.0,1.0,2.0,,,,1.0,1.0,1.0,THA,4.0,2.0,1.0,1.0,1.0,1.0,1,2.0,1.0,,2.0,False,Female,60_69
503,1.0,2.0,2.0,East Asia & Pacific (excluding high income),1.0,2.0,1.0,2.0,2.0,2.0,,1,,,,,1.0,55.0,2021,,159090655,1,,58246340.0,1.0,,2.0,2.0,,,0.580722026,2.0,,Q5 Highest,,2.0,1.0,2.0,,,2.0,Thailand,1.0,2,,,1.0,,,4.0,,1.0,1.0,,2.0,,2.0,,,2.0,,0.0,,,THA,4.0,4.0,2.0,4.0,1.0,2.0,1,,2.0,,,False,Female,50_59
504,1.0,2.0,1.0,East Asia & Pacific (excluding high income),2.0,1.0,1.0,2.0,2.0,3.0,1.0,1,,,,,1.0,42.0,2021,,120875770,1,,58246340.0,1.0,,3.0,1.0,1.0,2.0,0.270952417,2.0,1.0,Q4,,2.0,1.0,1.0,,2.0,1.0,Thailand,1.0,1,,,,,2.0,1.0,2.0,1.0,1.0,1.0,2.0,,1.0,2.0,,3.0,1.0,1.0,1.0,1.0,THA,4.0,1.0,1.0,1.0,1.0,2.0,1,1.0,1.0,1.0,1.0,False,Female,40_49
505,1.0,2.0,2.0,East Asia & Pacific (excluding high income),2.0,1.0,0.0,1.0,2.0,2.0,,1,,,,,2.0,35.0,2021,,114849694,1,,58246340.0,,,2.0,2.0,2.0,1.0,0.708411475,1.0,2.0,Q2,,2.0,2.0,1.0,,2.0,2.0,Thailand,2.0,1,,,2.0,,,1.0,1.0,1.0,1.0,,2.0,1.0,1.0,2.0,,2.0,,0.0,2.0,1.0,THA,4.0,2.0,1.0,1.0,2.0,2.0,1,1.0,2.0,,2.0,False,Female,30_39
506,1.0,2.0,1.0,East Asia & Pacific (excluding high income),2.0,1.0,0.0,2.0,2.0,3.0,1.0,1,,,,,1.0,41.0,2021,,198659966,1,,58246340.0,1.0,,3.0,2.0,1.0,2.0,0.414102951,2.0,1.0,Q4,,2.0,1.0,1.0,,1.0,2.0,Thailand,1.0,1,,,,,2.0,1.0,2.0,1.0,1.0,1.0,2.0,,2.0,1.0,,3.0,1.0,1.0,,2.0,THA,4.0,1.0,1.0,4.0,1.0,2.0,2,,1.0,2.0,1.0,False,Male,40_49
507,1.0,2.0,2.0,East Asia & Pacific (excluding high income),2.0,1.0,0.0,2.0,2.0,,,1,,,,,1.0,39.0,2021,,135745474,1,,58246340.0,1.0,,3.0,8.0,2.0,2.0,0.533798491,2.0,2.0,Q4,,2.0,2.0,1.0,,2.0,2.0,Thailand,1.0,1,,,4.0,,,1.0,1.0,1.0,1.0,,2.0,1.0,1.0,2.0,,,,1.0,1.0,1.0,THA,4.0,2.0,1.0,1.0,1.0,2.0,1,2.0,1.0,,2.0,False,Female,30_39
508,1.0,2.0,1.0,East Asia & Pacific (excluding high income),1.0,1.0,1.0,2.0,2.0,3.0,1.0,1,,,,,1.0,35.0,2021,,185143563,1,,58246340.0,,,3.0,2.0,1.0,2.0,0.169904481,2.0,2.0,Q2,,1.0,1.0,1.0,,1.0,1.0,Thailand,2.0,1,,,,,2.0,1.0,2.0,1.0,0.0,5.0,2.0,,1.0,1.0,,3.0,1.0,1.0,1.0,1.0,THA,4.0,1.0,1.0,1.0,1.0,2.0,1,1.0,1.0,1.0,1.0,False,Female,30_39
509,1.0,2.0,2.0,East Asia & Pacific (excluding high income),1.0,1.0,1.0,2.0,2.0,3.0,,1,,,,,2.0,41.0,2021,,190284314,1,,58246340.0,,,3.0,2.0,2.0,,0.270952417,1.0,2.0,Q3,,2.0,1.0,1.0,,,2.0,Thailand,2.0,1,,,,,,4.0,,0.0,1.0,,1.0,,2.0,1.0,2.0,3.0,,0.0,,,THA,4.0,1.0,2.0,4.0,1.0,2.0,1,,2.0,,1.0,False,Female,40_49
510,1.0,2.0,2.0,East Asia & Pacific (excluding high income),2.0,2.0,0.0,1.0,2.0,1.0,,1,,,,,2.0,66.0,2021,,196493576,1,,58246340.0,,,1.0,2.0,,,0.423836625,2.0,,Q2,,2.0,2.0,1.0,,,2.0,Thailand,2.0,2,,,1.0,,,4.0,,1.0,0.0,,2.0,,1.0,,,1.0,,1.0,1.0,,THA,4.0,4.0,2.0,1.0,1.0,2.0,1,1.0,2.0,,,False,Female,60_69
511,1.0,2.0,1.0,East Asia & Pacific (excluding high income),2.0,2.0,1.0,2.0,2.0,2.0,2.0,1,,,,,1.0,20.0,2021,,147723343,1,,58246340.0,,,3.0,2.0,2.0,,0.223577762,2.0,,Q5 Highest,1.0,2.0,1.0,1.0,,2.0,2.0,Thailand,2.0,2,,,2.0,,2.0,2.0,2.0,1.0,0.0,3.0,2.0,,1.0,,,2.0,2.0,1.0,1.0,2.0,THA,4.0,4.0,1.0,1.0,1.0,2.0,1,1.0,1.0,2.0,,False,Female,18_22
512,1.0,2.0,1.0,East Asia & Pacific (excluding high income),1.0,2.0,1.0,2.0,2.0,3.0,,1,,,,,1.0,25.0,2021,,142831772,1,,58246340.0,,,3.0,1.0,1.0,2.0,0.838403302,2.0,1.0,Q5 Highest,,2.0,1.0,1.0,,2.0,1.0,Thailand,2.0,1,,,,,,1.0,1.0,1.0,0.0,3.0,2.0,,2.0,,,3.0,,0.0,,1.0,THA,4.0,4.0,1.0,4.0,1.0,2.0,2,,1.0,,,False,Male,23_29
513,1.0,2.0,1.0,East Asia & Pacific (excluding high income),1.0,1.0,1.0,2.0,2.0,,1.0,1,,,,,1.0,37.0,2021,,191841531,1,,58246340.0,1.0,,2.0,7.0,1.0,,0.565962403,2.0,,Q5 Highest,,1.0,1.0,1.0,,,1.0,Thailand,1.0,2,,,,,2.0,4.0,,1.0,1.0,2.0,2.0,1.0,1.0,2.0,,,1.0,1.0,2.0,,THA,4.0,2.0,2.0,1.0,1.0,2.0,2,1.0,2.0,1.0,2.0,False,Male,30_39
514,1.0,2.0,1.0,East Asia & Pacific (excluding high income),1.0,1.0,1.0,2.0,2.0,3.0,1.0,1,,,,,1.0,21.0,2021,,127164132,1,,58246340.0,1.0,,3.0,2.0,1.0,1.0,1.096546866,2.0,1.0,Q3,,1.0,1.0,2.0,,2.0,2.0,Thailand,1.0,1,,,2.0,,2.0,1.0,2.0,1.0,1.0,1.0,2.0,,1.0,2.0,,3.0,1.0,1.0,1.0,1.0,THA,4.0,1.0,1.0,1.0,1.0,2.0,1,1.0,1.0,1.0,1.0,False,Female,18_22
515,1.0,2.0,2.0,East Asia & Pacific (excluding high income),1.0,2.0,1.0,1.0,2.0,3.0,1.0,1,,,,,1.0,71.0,2021,,163696236,1,,58246340.0,,,3.0,2.0,1.0,,0.138056999,2.0,2.0,Q3,,1.0,1.0,1.0,,,1.0,Thailand,2.0,1,,,,,2.0,4.0,,1.0,0.0,,2.0,,1.0,,,3.0,1.0,1.0,1.0,,THA,4.0,4.0,2.0,1.0,1.0,2.0,2,1.0,1.0,1.0,,False,Male,70_plus
516,1.0,2.0,1.0,East Asia & Pacific (excluding high income),1.0,1.0,1.0,2.0,2.0,3.0,,1,,,,,1.0,,2021,,155366396,1,,58246340.0,,,3.0,3.0,,,0.169904481,2.0,,Q5 Highest,,2.0,1.0,1.0,,,1.0,Thailand,2.0,2,,,,,,4.0,,0.0,0.0,2.0,2.0,,2.0,2.0,,3.0,,0.0,,,THA,4.0,1.0,2.0,4.0,1.0,2.0,1,,1.0,,1.0,False,Female,
517,1.0,2.0,1.0,East Asia & Pacific (excluding high income),1.0,2.0,1.0,2.0,2.0,3.0,1.0,1,,,,,1.0,38.0,2021,,167984432,1,,58246340.0,1.0,,3.0,1.0,1.0,2.0,0.461683808,2.0,2.0,Q5 Highest,,2.0,1.0,1.0,,1.0,1.0,Thailand,1.0,1,,,,,2.0,1.0,2.0,1.0,1.0,3.0,2.0,,1.0,,,3.0,1.0,1.0,1.0,1.0,THA,4.0,4.0,1.0,1.0,1.0,2.0,2,2.0,1.0,1.0,,False,Male,30_39
518,1.0,2.0,2.0,East Asia & Pacific (excluding high income),1.0,2.0,1.0,2.0,2.0,,1.0,1,,,,,2.0,62.0,2021,,147536036,1,,58246340.0,,,3.0,9.0,3.0,,0.287333685,2.0,1.0,Q3,,1.0,2.0,2.0,,,1.0,Thailand,2.0,1,,,2.0,,2.0,4.0,,1.0,0.0,,2.0,,1.0,,,,1.0,1.0,1.0,,THA,4.0,4.0,2.0,1.0,1.0,2.0,2,1.0,2.0,2.0,,False,Male,60_69
519,1.0,2.0,1.0,East Asia & Pacific (excluding high income),1.0,1.0,1.0,1.0,2.0,3.0,2.0,1,,,,,1.0,24.0,2021,,118858578,1,,58246340.0,,,3.0,2.0,1.0,,0.948406451,1.0,1.0,Q5 Highest,,1.0,1.0,2.0,,,1.0,Thailand,2.0,1,,,,,2.0,4.0,,1.0,1.0,3.0,2.0,,1.0,2.0,,3.0,1.0,1.0,1.0,,THA,4.0,1.0,2.0,1.0,1.0,2.0,2,1.0,1.0,2.0,1.0,False,Male,23_29
520,1.0,2.0,2.0,East Asia & Pacific (excluding high income),2.0,2.0,0.0,2.0,2.0,,,1,,,,,2.0,37.0,2021,,119231642,1,,58246340.0,,,2.0,7.0,2.0,,1.418666018,2.0,2.0,Q4,,2.0,1.0,1.0,,,2.0,Thailand,2.0,1,,,4.0,,,4.0,,0.0,0.0,,2.0,,2.0,,,,,0.0,,,THA,4.0,4.0,2.0,4.0,1.0,2.0,2,,2.0,,,False,Male,30_39
521,1.0,2.0,1.0,East Asia & Pacific (excluding high income),1.0,1.0,1.0,2.0,2.0,2.0,1.0,1,,,,,1.0,34.0,2021,,162909993,1,,58246340.0,,,2.0,2.0,2.0,,1.89114843,1.0,,Q1 Lowest,,1.0,1.0,1.0,,,2.0,Thailand,2.0,2,,,4.0,,2.0,4.0,,1.0,1.0,3.0,2.0,,1.0,1.0,,1.0,1.0,1.0,2.0,,THA,4.0,1.0,2.0,1.0,1.0,2.0,1,1.0,1.0,1.0,2.0,False,Female,30_39
522,1.0,2.0,2.0,East Asia & Pacific (excluding high income),1.0,2.0,1.0,2.0,2.0,3.0,,1,,,,,1.0,47.0,2021,,192860774,1,,58246340.0,,,2.0,2.0,1.0,2.0,1.591036062,2.0,2.0,Q4,,2.0,1.0,1.0,,2.0,1.0,Thailand,2.0,1,,,,,,1.0,2.0,1.0,0.0,,2.0,,1.0,,,3.0,,1.0,1.0,1.0,THA,4.0,4.0,1.0,1.0,1.0,2.0,1,1.0,2.0,,,False,Female,40_49
523,1.0,2.0,1.0,East Asia & Pacific (excluding high income),2.0,1.0,0.0,2.0,2.0,3.0,1.0,1,,,,,1.0,54.0,2021,,201424873,1,,58246340.0,1.0,,3.0,6.0,1.0,,0.138056999,2.0,2.0,Q3,,1.0,1.0,1.0,,,2.0,Thailand,1.0,1,,,,,2.0,4.0,,1.0,1.0,3.0,2.0,,1.0,1.0,,3.0,1.0,1.0,2.0,,THA,4.0,1.0,2.0,1.0,1.0,2.0,1,1.0,2.0,1.0,2.0,False,Female,50_59
524,1.0,2.0,2.0,East Asia & Pacific (excluding high income),1.0,1.0,1.0,2.0,1.0,2.0,1.0,1,1.0,,1.0,,1.0,42.0,2021,,132397686,1,,58246340.0,,,2.0,2.0,1.0,,1.205254596,1.0,2.0,Q3,,1.0,1.0,1.0,,,2.0,Thailand,2.0,1,,,1.0,,2.0,4.0,,1.0,1.0,,1.0,,1.0,1.0,2.0,2.0,2.0,1.0,2.0,,THA,1.0,1.0,2.0,1.0,1.0,2.0,1,1.0,1.0,1.0,1.0,False,Female,40_49
525,1.0,2.0,1.0,East Asia & Pacific (excluding high income),1.0,1.0,1.0,2.0,2.0,3.0,1.0,1,,,,,1.0,32.0,2021,,123016304,1,,58246340.0,,,3.0,2.0,1.0,2.0,0.217163609,2.0,1.0,Q5 Highest,,1.0,1.0,1.0,,1.0,1.0,Thailand,2.0,1,,,3.0,,2.0,1.0,2.0,1.0,0.0,1.0,2.0,,1.0,2.0,,3.0,1.0,1.0,1.0,1.0,THA,4.0,1.0,1.0,1.0,1.0,2.0,2,1.0,1.0,1.0,1.0,False,Male,30_39
526,1.0,2.0,2.0,East Asia & Pacific (excluding high income),1.0,2.0,1.0,2.0,2.0,1.0,,1,,,,,2.0,25.0,2021,,157631455,1,,58246340.0,,,3.0,2.0,2.0,2.0,0.193616866,1.0,2.0,Q3,,1.0,2.0,1.0,,2.0,1.0,Thailand,2.0,1,,,4.0,,,1.0,2.0,0.0,1.0,,2.0,,1.0,,,1.0,,1.0,1.0,1.0,THA,4.0,4.0,1.0,1.0,2.0,2.0,1,1.0,2.0,,,False,Female,23_29
527,1.0,2.0,1.0,East Asia & Pacific (excluding high income),2.0,1.0,0.0,2.0,2.0,3.0,,1,,,,,1.0,50.0,2021,,190578629,1,,58246340.0,1.0,,3.0,1.0,1.0,2.0,0.377784145,2.0,2.0,Q3,,2.0,1.0,1.0,,1.0,2.0,Thailand,1.0,1,,,4.0,,,1.0,2.0,1.0,1.0,3.0,2.0,,1.0,1.0,,3.0,,1.0,2.0,1.0,THA,4.0,1.0,1.0,1.0,1.0,1.0,2,1.0,1.0,,1.0,False,Male,50_59
528,1.0,2.0,1.0,East Asia & Pacific (excluding high income),2.0,2.0,1.0,2.0,2.0,3.0,,1,,,,,1.0,56.0,2021,,135425298,1,,58246340.0,,,1.0,2.0,,,1.341989724,2.0,,Q4,,2.0,1.0,1.0,,,2.0,Thailand,2.0,2,,,,,,4.0,,1.0,0.0,3.0,2.0,,1.0,,,2.0,,1.0,1.0,,THA,4.0,4.0,2.0,1.0,1.0,2.0,1,1.0,1.0,,,False,Female,50_59
529,1.0,2.0,2.0,East Asia & Pacific (excluding high income),1.0,1.0,1.0,2.0,1.0,2.0,,1,2.0,,2.0,,2.0,57.0,2021,,141070811,1,,58246340.0,,2.0,2.0,2.0,2.0,,0.498953766,1.0,,Q4,,2.0,2.0,1.0,,,1.0,Thailand,2.0,2,,,3.0,1.0,,4.0,,0.0,1.0,,2.0,1.0,1.0,2.0,,1.0,,0.0,2.0,,THA,2.0,2.0,2.0,1.0,1.0,2.0,2,2.0,2.0,,2.0,False,Male,50_59
530,1.0,2.0,2.0,East Asia & Pacific (excluding high income),1.0,1.0,1.0,2.0,2.0,2.0,,1,,,,,2.0,24.0,2021,,203419678,1,,58246340.0,,,2.0,2.0,2.0,2.0,0.61809717,2.0,2.0,Q3,,2.0,1.0,1.0,,2.0,2.0,Thailand,2.0,1,,,1.0,,,1.0,2.0,1.0,0.0,,2.0,1.0,1.0,2.0,,1.0,,1.0,1.0,1.0,THA,4.0,2.0,1.0,1.0,1.0,2.0,2,1.0,1.0,,2.0,False,Male,23_29
531,1.0,2.0,2.0,East Asia & Pacific (excluding high income),2.0,1.0,0.0,2.0,2.0,2.0,,1,,,,,1.0,42.0,2021,,189040691,1,,58246340.0,,,1.0,4.0,1.0,,0.775021017,1.0,2.0,Q5 Highest,,1.0,1.0,1.0,,,2.0,Thailand,2.0,1,,,2.0,,,4.0,,1.0,1.0,,2.0,,1.0,1.0,,1.0,,1.0,1.0,,THA,4.0,1.0,2.0,1.0,1.0,2.0,1,2.0,1.0,,1.0,False,Female,40_49
532,1.0,2.0,2.0,East Asia & Pacific (excluding high income),2.0,1.0,0.0,2.0,2.0,2.0,,1,,,,,1.0,41.0,2021,,119198451,1,,58246340.0,1.0,,2.0,4.0,1.0,,0.607483153,2.0,1.0,Q3,,2.0,1.0,2.0,,,2.0,Thailand,1.0,1,,,2.0,,,4.0,,0.0,1.0,,2.0,1.0,1.0,2.0,,2.0,,1.0,1.0,,THA,4.0,2.0,2.0,1.0,1.0,2.0,1,1.0,2.0,,2.0,False,Female,40_49
533,1.0,2.0,1.0,East Asia & Pacific (excluding high income),2.0,1.0,0.0,2.0,2.0,1.0,,1,,,,,1.0,40.0,2021,,182809169,1,,58246340.0,,,2.0,4.0,2.0,,2.04845674,1.0,1.0,Q1 Lowest,,2.0,1.0,1.0,,,2.0,Thailand,2.0,1,,,4.0,,,4.0,,1.0,1.0,3.0,2.0,,2.0,1.0,,1.0,,0.0,,,THA,4.0,1.0,2.0,4.0,1.0,1.0,2,,1.0,,1.0,False,Male,40_49
534,1.0,2.0,1.0,East Asia & Pacific (excluding high income),1.0,1.0,1.0,2.0,2.0,2.0,1.0,1,,,,,1.0,59.0,2021,,155433931,1,,58246340.0,1.0,,3.0,4.0,1.0,,0.441345501,2.0,2.0,Q5 Highest,,2.0,1.0,1.0,,,1.0,Thailand,1.0,1,,,,,2.0,4.0,,1.0,1.0,3.0,2.0,,2.0,1.0,,2.0,1.0,1.0,,,THA,4.0,1.0,2.0,4.0,1.0,2.0,2,,1.0,1.0,2.0,False,Male,50_59
535,1.0,2.0,2.0,East Asia & Pacific (excluding high income),2.0,2.0,0.0,2.0,2.0,,,1,,2.0,,2.0,,40.0,2021,2.0,168737108,0,2.0,58246340.0,,,1.0,7.0,,,5.714441691,2.0,,Q1 Lowest,,2.0,,1.0,1.0,,2.0,Thailand,,2,2.0,,,,,4.0,,1.0,0.0,,2.0,,1.0,,,,,1.0,1.0,,THA,4.0,4.0,2.0,1.0,,2.0,2,2.0,2.0,,,False,Male,40_49
536,1.0,2.0,1.0,East Asia & Pacific (excluding high income),1.0,1.0,1.0,2.0,2.0,3.0,1.0,1,,,,,1.0,30.0,2021,,178279741,1,,58246340.0,1.0,,3.0,4.0,1.0,1.0,0.777394936,2.0,1.0,Q4,,1.0,1.0,1.0,,1.0,2.0,Thailand,1.0,1,,,,,2.0,1.0,2.0,1.0,1.0,3.0,2.0,,1.0,1.0,,3.0,1.0,1.0,1.0,1.0,THA,4.0,1.0,1.0,1.0,1.0,1.0,2,1.0,1.0,2.0,1.0,False,Male,30_39
537,1.0,2.0,1.0,East Asia & Pacific (excluding high income),1.0,1.0,1.0,2.0,2.0,3.0,1.0,1,,,,,1.0,54.0,2021,,182612762,1,,58246340.0,2.0,,3.0,1.0,2.0,2.0,0.172706162,2.0,2.0,Q5 Highest,,2.0,1.0,1.0,,2.0,1.0,Thailand,1.0,1,,,2.0,,2.0,1.0,1.0,1.0,0.0,3.0,1.0,,1.0,1.0,2.0,3.0,1.0,1.0,1.0,1.0,THA,4.0,1.0,1.0,1.0,1.0,2.0,2,2.0,1.0,1.0,2.0,False,Male,50_59
538,1.0,2.0,1.0,East Asia & Pacific (excluding high income),2.0,2.0,1.0,2.0,2.0,3.0,1.0,1,,,,,2.0,16.0,2021,,184769721,1,,58246340.0,,,1.0,2.0,2.0,,1.371765268,2.0,2.0,Q1 Lowest,,1.0,1.0,1.0,,,2.0,Thailand,2.0,1,,,4.0,,2.0,4.0,,1.0,0.0,3.0,2.0,,1.0,,,3.0,1.0,1.0,2.0,,THA,4.0,4.0,2.0,1.0,1.0,2.0,1,1.0,1.0,1.0,,False,Female,17_or_less
539,1.0,2.0,1.0,East Asia & Pacific (excluding high income),1.0,1.0,1.0,2.0,2.0,3.0,1.0,1,,,,,1.0,21.0,2021,,197927088,1,,58246340.0,,,3.0,2.0,1.0,1.0,0.210396006,2.0,,Q1 Lowest,,1.0,1.0,1.0,,1.0,1.0,Thailand,2.0,2,,,2.0,,2.0,1.0,2.0,1.0,0.0,1.0,2.0,,2.0,1.0,,3.0,1.0,1.0,,1.0,THA,4.0,1.0,1.0,4.0,1.0,2.0,1,,1.0,1.0,1.0,False,Female,18_22
540,1.0,2.0,2.0,East Asia & Pacific (excluding high income),2.0,2.0,0.0,2.0,2.0,,,1,,,,,2.0,19.0,2021,,122172071,1,,58246340.0,,,2.0,7.0,,,3.325507166,1.0,2.0,Q1 Lowest,,1.0,2.0,1.0,,,2.0,Thailand,2.0,1,,,3.0,,,4.0,,1.0,1.0,,2.0,,1.0,,,,,1.0,1.0,,THA,4.0,4.0,2.0,1.0,2.0,2.0,2,2.0,1.0,,,False,Male,18_22
541,1.0,2.0,1.0,East Asia & Pacific (excluding high income),1.0,1.0,1.0,1.0,2.0,3.0,,1,,,,,1.0,43.0,2021,,172034317,1,,58246340.0,,,3.0,3.0,1.0,2.0,0.270952417,2.0,1.0,Q5 Highest,,1.0,1.0,1.0,,2.0,1.0,Thailand,2.0,1,,,,,,1.0,2.0,1.0,0.0,3.0,2.0,,1.0,1.0,,3.0,,1.0,1.0,1.0,THA,4.0,1.0,1.0,1.0,1.0,2.0,1,1.0,1.0,,1.0,False,Female,40_49
542,1.0,2.0,1.0,East Asia & Pacific (excluding high income),1.0,1.0,1.0,2.0,1.0,3.0,1.0,1,2.0,,1.0,,1.0,34.0,2021,,140348282,1,,58246340.0,,,3.0,2.0,1.0,,0.28810274,2.0,1.0,Q5 Highest,,2.0,1.0,1.0,,,1.0,Thailand,2.0,1,,,,,2.0,4.0,,1.0,1.0,1.0,2.0,1.0,1.0,2.0,,3.0,1.0,1.0,1.0,,THA,1.0,2.0,2.0,1.0,1.0,2.0,1,2.0,1.0,2.0,2.0,False,Female,30_39
543,1.0,2.0,1.0,East Asia & Pacific (excluding high income),1.0,1.0,1.0,2.0,2.0,2.0,1.0,1,,,,,1.0,28.0,2021,,182299863,1,,58246340.0,2.0,,3.0,2.0,2.0,2.0,0.138056999,1.0,1.0,Q4,,1.0,1.0,1.0,,2.0,1.0,Thailand,1.0,1,,,3.0,,2.0,1.0,2.0,1.0,1.0,3.0,2.0,,1.0,1.0,,2.0,1.0,1.0,2.0,1.0,THA,4.0,1.0,1.0,1.0,1.0,2.0,1,1.0,1.0,1.0,1.0,False,Female,23_29
544,1.0,2.0,1.0,East Asia & Pacific (excluding high income),1.0,1.0,1.0,2.0,2.0,3.0,1.0,1,,,,,1.0,57.0,2021,,202246860,1,,58246340.0,1.0,2.0,3.0,4.0,2.0,1.0,0.192318439,1.0,1.0,Q3,,1.0,1.0,1.0,,2.0,1.0,Thailand,1.0,1,,,1.0,,1.0,1.0,2.0,1.0,1.0,1.0,2.0,,1.0,1.0,,3.0,1.0,1.0,2.0,1.0,THA,4.0,1.0,1.0,3.0,1.0,1.0,2,2.0,1.0,2.0,1.0,False,Male,50_59
545,1.0,2.0,2.0,East Asia & Pacific (excluding high income),1.0,1.0,1.0,2.0,2.0,1.0,,1,,,,,2.0,59.0,2021,,146069267,1,,58246340.0,,,1.0,2.0,2.0,,1.447306336,1.0,1.0,Q1 Lowest,,1.0,2.0,1.0,,,1.0,Thailand,2.0,1,,,4.0,,,4.0,,0.0,1.0,,2.0,1.0,2.0,2.0,,2.0,,0.0,,,THA,4.0,2.0,2.0,4.0,1.0,1.0,1,,2.0,,2.0,False,Female,50_59
546,1.0,2.0,1.0,East Asia & Pacific (excluding high income),2.0,1.0,1.0,2.0,2.0,3.0,,1,,,,,1.0,39.0,2021,,142027178,1,,58246340.0,,,3.0,2.0,,,0.549563209,2.0,,Q4,1.0,2.0,1.0,1.0,,2.0,1.0,Thailand,2.0,2,,,,,,2.0,2.0,0.0,0.0,2.0,2.0,1.0,2.0,2.0,,3.0,,0.0,,2.0,THA,4.0,2.0,1.0,4.0,2.0,2.0,1,,2.0,,2.0,False,Female,30_39
547,1.0,2.0,2.0,East Asia & Pacific (excluding high income),2.0,1.0,0.0,2.0,2.0,3.0,,1,,,,,2.0,41.0,2021,,160557466,1,,58246340.0,1.0,,3.0,2.0,,2.0,0.435446098,1.0,2.0,Q5 Highest,,2.0,2.0,1.0,,2.0,2.0,Thailand,1.0,1,,,,,,1.0,2.0,1.0,1.0,,2.0,1.0,1.0,2.0,,2.0,,1.0,1.0,1.0,THA,4.0,2.0,1.0,1.0,2.0,2.0,1,2.0,1.0,,2.0,False,Female,40_49
548,1.0,2.0,1.0,East Asia & Pacific (excluding high income),2.0,2.0,0.0,2.0,2.0,3.0,2.0,1,,,,,1.0,67.0,2021,,199482149,1,,58246340.0,,,2.0,2.0,1.0,,0.180121351,2.0,2.0,Q2,,2.0,2.0,1.0,,,2.0,Thailand,2.0,1,,,1.0,,2.0,4.0,,1.0,0.0,3.0,2.0,,1.0,,,3.0,1.0,1.0,2.0,,THA,4.0,4.0,2.0,1.0,1.0,2.0,1,1.0,1.0,2.0,,False,Female,60_69
549,1.0,2.0,2.0,East Asia & Pacific (excluding high income),1.0,2.0,1.0,2.0,2.0,3.0,1.0,1,,,,,1.0,35.0,2021,,156015306,1,,58246340.0,,,1.0,2.0,2.0,,0.447294941,2.0,2.0,Q4,,1.0,1.0,2.0,,,2.0,Thailand,2.0,1,,,,,2.0,4.0,,0.0,0.0,,2.0,,1.0,,,3.0,1.0,1.0,1.0,,THA,4.0,4.0,2.0,1.0,1.0,2.0,2,1.0,2.0,1.0,,False,Male,30_39
550,1.0,2.0,1.0,East Asia & Pacific (excluding high income),1.0,2.0,1.0,2.0,2.0,1.0,1.0,1,,,,,1.0,24.0,2021,,195969759,1,,58246340.0,,,2.0,2.0,1.0,2.0,0.539221325,1.0,1.0,Q5 Highest,,1.0,1.0,1.0,,1.0,2.0,Thailand,2.0,1,,,1.0,,1.0,1.0,2.0,1.0,1.0,1.0,2.0,,1.0,,,1.0,1.0,1.0,2.0,1.0,THA,4.0,4.0,1.0,1.0,1.0,1.0,1,1.0,1.0,1.0,,False,Female,23_29
551,0.0,2.0,1.0,East Asia & Pacific (excluding high income),1.0,2.0,1.0,2.0,2.0,3.0,,0,,2.0,,2.0,,16.0,2021,2.0,130876175,0,2.0,58246340.0,,,1.0,2.0,,,1.454420686,2.0,,Q5 Highest,,1.0,,1.0,1.0,,2.0,Thailand,,2,2.0,2.0,,,,4.0,,0.0,0.0,2.0,2.0,,2.0,,,3.0,,0.0,,,THA,4.0,4.0,2.0,4.0,,2.0,2,,2.0,,,False,Male,17_or_less
552,1.0,2.0,1.0,East Asia & Pacific (excluding high income),2.0,1.0,1.0,2.0,2.0,2.0,1.0,1,,,,,1.0,22.0,2021,,131696288,1,,58246340.0,,,3.0,2.0,2.0,1.0,0.252305225,1.0,2.0,Q3,,1.0,1.0,1.0,,2.0,2.0,Thailand,2.0,1,,,1.0,,2.0,1.0,2.0,1.0,1.0,3.0,2.0,,1.0,2.0,,1.0,1.0,1.0,1.0,1.0,THA,4.0,1.0,1.0,1.0,1.0,2.0,1,2.0,1.0,1.0,1.0,False,Female,18_22
553,1.0,2.0,1.0,East Asia & Pacific (excluding high income),1.0,1.0,1.0,2.0,2.0,1.0,1.0,1,,,,,1.0,27.0,2021,,130537155,1,,58246340.0,1.0,,3.0,2.0,2.0,2.0,0.138056999,1.0,1.0,Q4,,1.0,1.0,1.0,,1.0,1.0,Thailand,1.0,1,,,,,2.0,1.0,1.0,1.0,1.0,3.0,2.0,,1.0,1.0,,1.0,1.0,1.0,1.0,1.0,THA,4.0,1.0,1.0,1.0,1.0,2.0,1,1.0,1.0,1.0,1.0,False,Female,23_29
554,1.0,2.0,1.0,East Asia & Pacific (excluding high income),1.0,1.0,1.0,2.0,2.0,2.0,,1,,,,,1.0,37.0,2021,,116028418,1,,58246340.0,1.0,,3.0,4.0,1.0,2.0,0.169904481,2.0,1.0,Q4,,2.0,1.0,1.0,,1.0,1.0,Thailand,1.0,1,,,4.0,,,1.0,2.0,1.0,1.0,3.0,2.0,,2.0,2.0,,1.0,,1.0,,1.0,THA,4.0,1.0,1.0,4.0,1.0,1.0,1,,1.0,,1.0,False,Female,30_39
555,1.0,2.0,1.0,East Asia & Pacific (excluding high income),1.0,1.0,1.0,2.0,1.0,3.0,2.0,1,1.0,,1.0,,1.0,50.0,2021,,175441653,1,,58246340.0,1.0,,2.0,4.0,2.0,1.0,0.138056999,2.0,1.0,Q5 Highest,,2.0,1.0,1.0,,1.0,2.0,Thailand,1.0,1,,,1.0,,2.0,1.0,2.0,1.0,1.0,1.0,2.0,,1.0,1.0,,3.0,1.0,1.0,1.0,1.0,THA,1.0,1.0,1.0,1.0,1.0,2.0,2,1.0,1.0,2.0,1.0,False,Male,50_59
556,1.0,2.0,1.0,East Asia & Pacific (excluding high income),1.0,1.0,1.0,2.0,2.0,3.0,1.0,1,,,,,1.0,51.0,2021,,123364529,1,,58246340.0,1.0,,3.0,2.0,1.0,2.0,0.157862851,2.0,1.0,Q4,,1.0,1.0,1.0,,1.0,1.0,Thailand,1.0,1,,,,,2.0,1.0,2.0,1.0,1.0,3.0,2.0,,1.0,1.0,,3.0,1.0,1.0,1.0,1.0,THA,4.0,1.0,1.0,1.0,1.0,2.0,2,1.0,1.0,1.0,1.0,False,Male,50_59
557,1.0,2.0,1.0,East Asia & Pacific (excluding high income),2.0,1.0,0.0,2.0,2.0,3.0,1.0,1,,,,,1.0,33.0,2021,,115614273,1,,58246340.0,,,2.0,4.0,1.0,2.0,0.308541205,2.0,1.0,Q4,,1.0,1.0,1.0,,2.0,2.0,Thailand,2.0,1,,,1.0,,2.0,1.0,2.0,1.0,0.0,1.0,2.0,,1.0,1.0,,2.0,1.0,1.0,1.0,1.0,THA,4.0,1.0,1.0,1.0,1.0,2.0,1,1.0,1.0,1.0,2.0,False,Female,30_39
558,1.0,2.0,1.0,East Asia & Pacific (excluding high income),2.0,1.0,0.0,2.0,2.0,3.0,,1,,,,,1.0,42.0,2021,,171814113,1,,58246340.0,1.0,,3.0,2.0,1.0,1.0,0.989319659,1.0,1.0,Q3,,1.0,1.0,1.0,,2.0,2.0,Thailand,1.0,1,,,3.0,,,1.0,2.0,1.0,1.0,3.0,2.0,1.0,1.0,2.0,,3.0,,0.0,3.0,1.0,THA,4.0,2.0,1.0,1.0,1.0,2.0,2,1.0,1.0,,2.0,False,Male,40_49
559,1.0,1.0,1.0,East Asia & Pacific (excluding high income),1.0,1.0,1.0,1.0,1.0,1.0,1.0,1,1.0,,1.0,,1.0,53.0,2021,,204021222,1,,58246340.0,1.0,,1.0,2.0,1.0,1.0,1.058571699,1.0,1.0,Q3,,1.0,1.0,1.0,,1.0,1.0,Thailand,1.0,1,,,2.0,,1.0,1.0,1.0,1.0,1.0,1.0,1.0,,1.0,1.0,1.0,1.0,1.0,1.0,1.0,1.0,THA,1.0,1.0,1.0,1.0,1.0,1.0,2,1.0,1.0,1.0,1.0,False,Male,50_59
560,1.0,2.0,1.0,East Asia & Pacific (excluding high income),2.0,1.0,1.0,2.0,2.0,,,1,,,,,1.0,44.0,2021,,156876483,1,,58246340.0,,,1.0,7.0,1.0,3.0,1.205254596,1.0,,Q2,,1.0,1.0,1.0,,3.0,2.0,Thailand,2.0,2,,,3.0,,,1.0,2.0,1.0,1.0,1.0,1.0,1.0,1.0,2.0,2.0,,,1.0,1.0,1.0,THA,4.0,2.0,1.0,1.0,1.0,2.0,1,1.0,1.0,,2.0,False,Female,40_49
561,1.0,2.0,1.0,East Asia & Pacific (excluding high income),1.0,2.0,1.0,2.0,2.0,1.0,1.0,1,,,,,1.0,16.0,2021,,160605120,1,,58246340.0,,,2.0,2.0,,,0.998332341,2.0,1.0,Q4,,2.0,1.0,2.0,,,1.0,Thailand,2.0,1,,,1.0,,1.0,4.0,,1.0,1.0,1.0,2.0,,1.0,,,1.0,1.0,1.0,1.0,,THA,4.0,4.0,2.0,1.0,1.0,1.0,1,1.0,2.0,1.0,,False,Female,17_or_less
562,1.0,2.0,1.0,East Asia & Pacific (excluding high income),1.0,2.0,1.0,2.0,2.0,3.0,,1,,,,,1.0,31.0,2021,,184733836,1,,58246340.0,1.0,,3.0,1.0,1.0,2.0,0.357891433,2.0,,Q5 Highest,,2.0,1.0,1.0,,2.0,1.0,Thailand,1.0,2,,,,,,1.0,2.0,1.0,1.0,1.0,2.0,,2.0,,,3.0,,0.0,,1.0,THA,4.0,4.0,1.0,4.0,1.0,2.0,2,,1.0,,,False,Male,30_39
563,1.0,2.0,1.0,East Asia & Pacific (excluding high income),1.0,2.0,1.0,2.0,2.0,2.0,2.0,1,,,,,1.0,36.0,2021,,155471927,1,,58246340.0,1.0,,3.0,1.0,1.0,,0.249767845,2.0,,Q4,1.0,2.0,1.0,1.0,,2.0,1.0,Thailand,1.0,2,,,2.0,,2.0,2.0,2.0,1.0,1.0,3.0,1.0,,1.0,,2.0,1.0,1.0,1.0,2.0,2.0,THA,4.0,4.0,1.0,1.0,1.0,2.0,1,1.0,1.0,2.0,,False,Female,30_39
564,1.0,2.0,2.0,East Asia & Pacific (excluding high income),2.0,1.0,0.0,2.0,2.0,2.0,2.0,1,,,,,1.0,43.0,2021,,150458194,1,,58246340.0,,,3.0,2.0,2.0,,0.403271822,1.0,2.0,Q2,,1.0,1.0,2.0,,,2.0,Thailand,2.0,1,,,4.0,,2.0,4.0,,1.0,1.0,,2.0,,1.0,2.0,,2.0,1.0,1.0,1.0,,THA,4.0,1.0,2.0,1.0,1.0,2.0,1,1.0,1.0,2.0,1.0,False,Female,40_49
565,1.0,2.0,2.0,East Asia & Pacific (excluding high income),2.0,1.0,1.0,2.0,2.0,,,1,,,,,1.0,26.0,2021,,154663806,1,,58246340.0,,,3.0,8.0,1.0,,0.238816598,2.0,2.0,Q4,,2.0,1.0,2.0,,,1.0,Thailand,2.0,1,,,,,,4.0,,1.0,0.0,,2.0,,2.0,1.0,,,,0.0,,,THA,4.0,1.0,2.0,4.0,1.0,2.0,2,,2.0,,1.0,False,Male,23_29
566,1.0,2.0,2.0,East Asia & Pacific (excluding high income),2.0,1.0,1.0,2.0,2.0,,,1,,1.0,,2.0,,34.0,2021,2.0,174014999,1,2.0,58246340.0,,,1.0,8.0,,,1.492217251,2.0,,Q3,,2.0,,1.0,1.0,,2.0,Thailand,,2,2.0,,2.0,,,4.0,,1.0,1.0,,2.0,1.0,1.0,2.0,,,,0.0,2.0,,THA,4.0,2.0,2.0,1.0,,2.0,2,1.0,2.0,,2.0,False,Male,30_39
567,1.0,2.0,2.0,East Asia & Pacific (excluding high income),2.0,1.0,0.0,2.0,2.0,,,1,,,,,2.0,72.0,2021,,163247542,1,,58246340.0,,2.0,1.0,9.0,,,5.714441691,2.0,2.0,Q1 Lowest,,1.0,2.0,1.0,,,2.0,Thailand,2.0,1,,,1.0,,,4.0,,0.0,0.0,,2.0,1.0,1.0,2.0,,,,0.0,2.0,,THA,4.0,2.0,2.0,1.0,2.0,2.0,2,2.0,2.0,,2.0,False,Male,70_plus
568,1.0,2.0,1.0,East Asia & Pacific (excluding high income),2.0,1.0,0.0,2.0,1.0,2.0,,1,2.0,,2.0,,2.0,55.0,2021,,181548342,1,,58246340.0,,,1.0,3.0,2.0,,1.341989724,2.0,2.0,Q3,1.0,2.0,2.0,1.0,,2.0,2.0,Thailand,2.0,1,,,,1.0,,2.0,2.0,1.0,0.0,2.0,2.0,1.0,2.0,2.0,,1.0,,0.0,,2.0,THA,2.0,2.0,1.0,4.0,1.0,2.0,1,,2.0,,2.0,False,Female,50_59
569,1.0,4.0,4.0,East Asia & Pacific (excluding high income),4.0,4.0,0.0,4.0,4.0,,1.0,1,,,,,1.0,26.0,2021,,126200190,1,,58246340.0,1.0,,3.0,9.0,2.0,,0.138056999,4.0,1.0,Q2,,4.0,1.0,1.0,,,4.0,Thailand,1.0,1,,,,,2.0,5.0,,1.0,1.0,,4.0,,4.0,,,,2.0,1.0,,,THA,5.0,5.0,4.0,5.0,1.0,4.0,1,,4.0,4.0,,False,Female,23_29
570,1.0,2.0,1.0,East Asia & Pacific (excluding high income),1.0,1.0,1.0,2.0,2.0,,,1,,,,,1.0,38.0,2021,,184863330,1,,58246340.0,,,3.0,8.0,1.0,,0.138056999,2.0,2.0,Q3,,2.0,1.0,1.0,,,1.0,Thailand,2.0,1,,,2.0,,,4.0,,1.0,0.0,1.0,2.0,,1.0,2.0,,,,1.0,1.0,,THA,4.0,1.0,2.0,1.0,1.0,2.0,1,1.0,1.0,,1.0,False,Female,30_39
571,1.0,2.0,2.0,East Asia & Pacific (excluding high income),1.0,1.0,1.0,2.0,2.0,3.0,,1,,,,,2.0,82.0,2021,,114886281,1,,58246340.0,1.0,,3.0,2.0,1.0,,0.287333685,2.0,1.0,Q1 Lowest,,1.0,1.0,2.0,,,1.0,Thailand,1.0,1,,,,,,4.0,,1.0,1.0,,2.0,,1.0,1.0,,3.0,,1.0,1.0,,THA,4.0,1.0,2.0,1.0,1.0,2.0,2,2.0,2.0,,2.0,False,Male,70_plus
572,1.0,2.0,2.0,East Asia & Pacific (excluding high income),2.0,1.0,0.0,2.0,2.0,2.0,,1,,,,,1.0,30.0,2021,,119205314,1,,58246340.0,,,3.0,2.0,1.0,,0.413793821,2.0,2.0,Q5 Highest,,2.0,1.0,1.0,,,2.0,Thailand,2.0,1,,,3.0,,,4.0,,1.0,0.0,,2.0,,1.0,1.0,,1.0,,1.0,1.0,,THA,4.0,1.0,2.0,1.0,1.0,2.0,1,2.0,2.0,,2.0,False,Female,30_39
573,1.0,2.0,1.0,East Asia & Pacific (excluding high income),1.0,1.0,1.0,2.0,2.0,3.0,1.0,1,,,,,1.0,28.0,2021,,111571312,1,,58246340.0,1.0,,2.0,2.0,1.0,2.0,4.724792758,1.0,1.0,Q4,,1.0,1.0,1.0,,1.0,1.0,Thailand,1.0,1,,,2.0,,2.0,1.0,2.0,1.0,1.0,3.0,1.0,,1.0,1.0,2.0,3.0,1.0,1.0,1.0,1.0,THA,4.0,1.0,1.0,1.0,1.0,2.0,2,1.0,1.0,1.0,1.0,False,Male,23_29
574,1.0,2.0,2.0,East Asia & Pacific (excluding high income),2.0,2.0,1.0,2.0,2.0,3.0,,1,,,,,1.0,20.0,2021,,175634520,1,,58246340.0,1.0,,3.0,4.0,1.0,,0.395271222,2.0,1.0,Q5 Highest,,2.0,1.0,1.0,,,1.0,Thailand,1.0,1,,,2.0,,,4.0,,1.0,1.0,,2.0,,2.0,,,3.0,,0.0,,,THA,4.0,4.0,2.0,4.0,1.0,1.0,2,,2.0,,,False,Male,18_22
575,1.0,2.0,2.0,East Asia & Pacific (excluding high income),1.0,2.0,1.0,1.0,2.0,3.0,,1,,,,,2.0,62.0,2021,,175381706,1,,58246340.0,,,3.0,2.0,2.0,,0.342026338,2.0,2.0,Q5 Highest,,2.0,2.0,2.0,,,1.0,Thailand,2.0,1,,,,,,4.0,,0.0,0.0,,1.0,,2.0,,2.0,3.0,,0.0,2.0,,THA,4.0,4.0,2.0,4.0,1.0,2.0,1,1.0,2.0,,,False,Female,60_69
576,1.0,2.0,2.0,East Asia & Pacific (excluding high income),1.0,2.0,1.0,2.0,2.0,1.0,,1,,,,,1.0,65.0,2021,,132554813,1,,58246340.0,,,1.0,2.0,,,1.055094292,1.0,,Q1 Lowest,,1.0,1.0,2.0,,,2.0,Thailand,2.0,2,,,,,,4.0,,0.0,1.0,,2.0,,1.0,,,1.0,,0.0,2.0,,THA,4.0,4.0,2.0,1.0,1.0,2.0,1,1.0,2.0,,,False,Female,60_69
577,1.0,2.0,1.0,East Asia & Pacific (excluding high income),1.0,1.0,1.0,2.0,2.0,3.0,1.0,1,,,,,1.0,50.0,2021,,129714404,1,,58246340.0,1.0,,3.0,2.0,1.0,2.0,0.467780602,1.0,1.0,Q2,,1.0,1.0,1.0,,2.0,1.0,Thailand,1.0,1,,,,,1.0,1.0,2.0,1.0,1.0,3.0,2.0,,1.0,1.0,,3.0,1.0,1.0,1.0,1.0,THA,4.0,1.0,1.0,1.0,1.0,2.0,1,2.0,1.0,1.0,2.0,False,Female,50_59
578,1.0,2.0,2.0,East Asia & Pacific (excluding high income),1.0,1.0,1.0,2.0,2.0,2.0,1.0,1,,,,,1.0,50.0,2021,,149946484,1,,58246340.0,1.0,,3.0,2.0,1.0,2.0,0.218877638,2.0,2.0,Q5 Highest,,2.0,1.0,1.0,,1.0,1.0,Thailand,1.0,1,,,,,2.0,1.0,2.0,1.0,1.0,,2.0,,1.0,1.0,,2.0,1.0,1.0,2.0,1.0,THA,4.0,1.0,1.0,1.0,1.0,2.0,1,1.0,1.0,1.0,1.0,False,Female,50_59
579,1.0,2.0,1.0,East Asia & Pacific (excluding high income),2.0,1.0,1.0,2.0,2.0,2.0,1.0,1,,,,,1.0,30.0,2021,,175424318,1,,58246340.0,,,2.0,2.0,1.0,2.0,0.386514799,1.0,1.0,Q4,,2.0,1.0,1.0,,1.0,2.0,Thailand,2.0,1,,,1.0,,2.0,1.0,2.0,1.0,1.0,3.0,2.0,,1.0,1.0,,2.0,1.0,1.0,2.0,2.0,THA,4.0,1.0,1.0,1.0,1.0,2.0,2,1.0,1.0,2.0,1.0,False,Male,30_39
580,1.0,2.0,2.0,East Asia & Pacific (excluding high income),2.0,2.0,1.0,2.0,1.0,2.0,,1,2.0,,2.0,,1.0,46.0,2021,,147031842,1,,58246340.0,,,3.0,2.0,,,0.138056999,2.0,1.0,Q1 Lowest,,2.0,1.0,1.0,,,2.0,Thailand,2.0,1,,,,1.0,,4.0,,1.0,0.0,,2.0,,2.0,,,1.0,,0.0,,,THA,2.0,4.0,2.0,4.0,2.0,2.0,1,,2.0,,,False,Female,40_49
581,1.0,2.0,1.0,East Asia & Pacific (excluding high income),1.0,1.0,1.0,2.0,2.0,,,1,,,,,1.0,23.0,2021,,176618702,1,,58246340.0,,,3.0,8.0,2.0,2.0,0.292003301,2.0,,Q5 Highest,,1.0,1.0,1.0,,2.0,2.0,Thailand,2.0,2,,,1.0,,,1.0,2.0,1.0,0.0,1.0,1.0,,1.0,1.0,2.0,,,1.0,1.0,1.0,THA,4.0,1.0,1.0,1.0,1.0,2.0,1,2.0,1.0,,1.0,False,Female,23_29
582,1.0,2.0,1.0,East Asia & Pacific (excluding high income),1.0,2.0,1.0,2.0,2.0,4.0,1.0,1,,,,,1.0,44.0,2021,,137257404,1,,58246340.0,1.0,,3.0,1.0,1.0,2.0,0.185880027,2.0,,Q5 Highest,,1.0,1.0,1.0,,2.0,1.0,Thailand,1.0,2,,,2.0,,2.0,1.0,2.0,1.0,1.0,3.0,2.0,,1.0,,,3.0,1.0,1.0,1.0,1.0,THA,4.0,4.0,1.0,1.0,1.0,1.0,1,1.0,1.0,1.0,,False,Female,40_49
583,1.0,2.0,2.0,East Asia & Pacific (excluding high income),2.0,1.0,1.0,2.0,2.0,,,1,,,,,1.0,37.0,2021,,210374757,1,,58246340.0,1.0,,3.0,7.0,3.0,,0.208280098,2.0,2.0,Q4,,2.0,1.0,1.0,,,1.0,Thailand,1.0,1,,,3.0,,,4.0,,1.0,1.0,,2.0,1.0,2.0,2.0,,,,0.0,,,THA,4.0,2.0,2.0,4.0,1.0,1.0,1,,1.0,,2.0,False,Female,30_39
584,1.0,2.0,1.0,East Asia & Pacific (excluding high income),1.0,1.0,1.0,2.0,1.0,3.0,,1,2.0,,1.0,,1.0,47.0,2021,,149916659,1,,58246340.0,1.0,,3.0,1.0,2.0,2.0,0.391501521,2.0,,Q5 Highest,,1.0,1.0,1.0,,2.0,1.0,Thailand,1.0,2,,,,,,1.0,1.0,1.0,1.0,3.0,2.0,,1.0,1.0,,3.0,,0.0,2.0,1.0,THA,1.0,1.0,1.0,1.0,1.0,2.0,2,1.0,1.0,,1.0,False,Male,40_49
585,0.0,2.0,1.0,East Asia & Pacific (excluding high income),2.0,2.0,0.0,2.0,2.0,,,0,,2.0,,2.0,,40.0,2021,2.0,122939741,0,2.0,58246340.0,,,2.0,8.0,,,0.320622614,1.0,,Q2,1.0,1.0,,1.0,1.0,2.0,2.0,Thailand,,2,2.0,1.0,,,,2.0,2.0,0.0,1.0,2.0,2.0,,2.0,,,,,0.0,,2.0,THA,4.0,4.0,1.0,4.0,,2.0,2,,2.0,,,False,Male,40_49
586,1.0,2.0,1.0,East Asia & Pacific (excluding high income),1.0,1.0,1.0,2.0,2.0,,,1,,,,,1.0,33.0,2021,,207083594,1,,58246340.0,,,3.0,8.0,1.0,2.0,0.337552293,2.0,,Q5 Highest,,2.0,1.0,1.0,,2.0,1.0,Thailand,2.0,2,,,,,,1.0,2.0,1.0,0.0,2.0,2.0,1.0,2.0,2.0,,,,0.0,,1.0,THA,4.0,2.0,1.0,4.0,1.0,2.0,1,,2.0,,2.0,False,Female,30_39
587,1.0,2.0,1.0,East Asia & Pacific (excluding high income),1.0,1.0,1.0,2.0,2.0,3.0,1.0,1,,,,,1.0,35.0,2021,,136465109,1,,58246340.0,1.0,,3.0,4.0,1.0,1.0,0.180142039,2.0,1.0,Q4,,1.0,1.0,1.0,,2.0,1.0,Thailand,1.0,1,,,,,1.0,1.0,2.0,1.0,1.0,1.0,1.0,,1.0,2.0,1.0,3.0,1.0,1.0,1.0,1.0,THA,4.0,1.0,1.0,1.0,1.0,1.0,2,1.0,1.0,1.0,1.0,False,Male,30_39
588,1.0,2.0,1.0,East Asia & Pacific (excluding high income),1.0,1.0,1.0,2.0,2.0,3.0,1.0,1,,,,,1.0,44.0,2021,,116091018,1,,58246340.0,1.0,,3.0,1.0,1.0,2.0,0.167033585,2.0,1.0,Q5 Highest,,2.0,1.0,1.0,,1.0,1.0,Thailand,1.0,1,,,,,2.0,1.0,2.0,1.0,1.0,1.0,2.0,,1.0,1.0,,3.0,1.0,1.0,1.0,1.0,THA,4.0,1.0,1.0,1.0,1.0,1.0,2,1.0,1.0,2.0,1.0,False,Male,40_49
589,1.0,2.0,2.0,East Asia & Pacific (excluding high income),2.0,2.0,0.0,2.0,1.0,1.0,,1,2.0,,2.0,,2.0,57.0,2021,,153288864,1,,58246340.0,,,1.0,2.0,,,1.052714004,2.0,,Q1 Lowest,,2.0,2.0,1.0,,,2.0,Thailand,2.0,2,,,1.0,1.0,,4.0,,0.0,0.0,,2.0,,1.0,,,1.0,,1.0,1.0,,THA,2.0,4.0,2.0,1.0,2.0,2.0,2,2.0,2.0,,,False,Male,50_59
590,1.0,2.0,1.0,East Asia & Pacific (excluding high income),2.0,1.0,0.0,2.0,2.0,2.0,2.0,1,,,,,1.0,38.0,2021,,203363347,1,,58246340.0,1.0,,3.0,2.0,2.0,2.0,0.138056999,2.0,2.0,Q3,,2.0,1.0,1.0,,2.0,2.0,Thailand,1.0,1,,,3.0,,2.0,1.0,2.0,1.0,1.0,1.0,2.0,,1.0,2.0,,2.0,1.0,1.0,1.0,1.0,THA,4.0,1.0,1.0,1.0,4.0,2.0,1,1.0,1.0,1.0,1.0,False,Female,30_39
591,1.0,2.0,1.0,East Asia & Pacific (excluding high income),1.0,2.0,1.0,2.0,1.0,,,1,4.0,,1.0,,1.0,39.0,2021,,181596256,1,,58246340.0,1.0,,5.0,8.0,1.0,,4.124937688,2.0,,Q1 Lowest,,1.0,1.0,1.0,,,1.0,Thailand,1.0,2,,,,,,4.0,,1.0,1.0,3.0,1.0,,1.0,,2.0,,,1.0,1.0,,THA,1.0,4.0,2.0,1.0,2.0,2.0,2,1.0,1.0,,,False,Male,30_39
592,1.0,2.0,1.0,East Asia & Pacific (excluding high income),1.0,1.0,1.0,2.0,2.0,1.0,1.0,1,,,,,1.0,48.0,2021,,128542802,1,,58246340.0,1.0,,2.0,2.0,1.0,2.0,0.906454961,1.0,1.0,Q1 Lowest,,2.0,2.0,1.0,,2.0,1.0,Thailand,1.0,1,,,1.0,,2.0,1.0,1.0,1.0,1.0,1.0,2.0,,1.0,1.0,,2.0,1.0,1.0,1.0,1.0,THA,4.0,1.0,1.0,1.0,1.0,1.0,1,1.0,1.0,1.0,1.0,False,Female,40_49
593,1.0,2.0,1.0,East Asia & Pacific (excluding high income),1.0,2.0,1.0,2.0,2.0,2.0,,1,,,,,1.0,30.0,2021,,152246035,1,,58246340.0,1.0,,3.0,4.0,,2.0,1.162450402,2.0,,Q5 Highest,,1.0,2.0,1.0,,1.0,1.0,Thailand,1.0,2,,,,,,1.0,2.0,1.0,1.0,3.0,2.0,,1.0,,,3.0,,1.0,1.0,1.0,THA,4.0,4.0,1.0,1.0,1.0,2.0,1,1.0,1.0,,,False,Female,30_39
594,1.0,2.0,1.0,East Asia & Pacific (excluding high income),1.0,1.0,1.0,2.0,2.0,3.0,2.0,1,,,,,1.0,47.0,2021,,193157496,1,,58246340.0,,,2.0,4.0,1.0,,0.80687012,2.0,,Q3,,1.0,1.0,1.0,,,1.0,Thailand,2.0,2,,,,,2.0,4.0,,1.0,1.0,2.0,2.0,,1.0,1.0,,2.0,1.0,1.0,1.0,,THA,4.0,1.0,2.0,1.0,1.0,1.0,2,1.0,1.0,1.0,1.0,False,Male,40_49
595,1.0,2.0,1.0,East Asia & Pacific (excluding high income),1.0,2.0,1.0,2.0,2.0,3.0,,1,,,,,1.0,42.0,2021,,143195635,1,,58246340.0,1.0,,3.0,2.0,1.0,2.0,0.628404323,2.0,2.0,Q5 Highest,,2.0,1.0,1.0,,2.0,1.0,Thailand,1.0,1,,,2.0,,,1.0,2.0,1.0,1.0,3.0,2.0,,2.0,,,3.0,,0.0,,1.0,THA,4.0,4.0,1.0,4.0,1.0,2.0,2,,1.0,,,False,Male,40_49
596,1.0,2.0,1.0,East Asia & Pacific (excluding high income),1.0,1.0,1.0,2.0,2.0,3.0,,1,,,,,1.0,35.0,2021,,132518768,1,,58246340.0,2.0,,3.0,2.0,1.0,2.0,0.824988482,1.0,,Q4,,2.0,1.0,1.0,,1.0,1.0,Thailand,1.0,2,,,3.0,,,1.0,2.0,1.0,1.0,1.0,2.0,,1.0,1.0,,3.0,,1.0,2.0,1.0,THA,4.0,1.0,1.0,1.0,1.0,2.0,2,1.0,1.0,,1.0,False,Male,30_39
597,1.0,2.0,1.0,East Asia & Pacific (excluding high income),1.0,1.0,1.0,1.0,2.0,,1.0,1,,,,,1.0,46.0,2021,,115497120,1,,58246340.0,1.0,,3.0,9.0,1.0,,0.253316168,2.0,,Q4,,2.0,1.0,1.0,,,1.0,Thailand,1.0,2,,,3.0,,2.0,4.0,,1.0,1.0,1.0,2.0,,1.0,1.0,,,1.0,1.0,2.0,,THA,4.0,1.0,2.0,1.0,1.0,1.0,1,1.0,1.0,1.0,2.0,False,Female,40_49
598,1.0,2.0,1.0,East Asia & Pacific (excluding high income),2.0,1.0,1.0,2.0,2.0,,1.0,1,,,,,1.0,45.0,2021,,159016719,1,,58246340.0,,,1.0,7.0,2.0,2.0,1.513571473,1.0,,Q1 Lowest,,2.0,1.0,1.0,,2.0,1.0,Thailand,2.0,2,,,4.0,,2.0,1.0,2.0,1.0,1.0,1.0,1.0,1.0,1.0,2.0,2.0,,2.0,1.0,1.0,1.0,THA,4.0,2.0,1.0,1.0,1.0,2.0,2,2.0,1.0,2.0,2.0,False,Male,40_49
599,1.0,2.0,2.0,East Asia & Pacific (excluding high income),1.0,1.0,1.0,1.0,2.0,3.0,,1,,,,,2.0,69.0,2021,,132513065,1,,58246340.0,,,1.0,2.0,1.0,,5.714441691,1.0,1.0,Q2,,1.0,2.0,1.0,,,2.0,Thailand,2.0,1,,,2.0,,,4.0,,0.0,1.0,,2.0,1.0,1.0,2.0,,3.0,,0.0,2.0,,THA,4.0,2.0,2.0,1.0,1.0,1.0,1,1.0,2.0,,2.0,False,Female,60_69
600,1.0,2.0,1.0,East Asia & Pacific (excluding high income),1.0,1.0,1.0,2.0,2.0,3.0,1.0,1,,,,,1.0,55.0,2021,,190058776,1,,58246340.0,1.0,,3.0,1.0,2.0,,0.138056999,2.0,,Q1 Lowest,,2.0,1.0,2.0,,,1.0,Thailand,1.0,2,,,,,2.0,4.0,,1.0,1.0,2.0,2.0,,1.0,2.0,,3.0,1.0,1.0,1.0,,THA,4.0,1.0,2.0,1.0,1.0,2.0,1,1.0,1.0,2.0,1.0,False,Female,50_59
601,1.0,2.0,1.0,East Asia & Pacific (excluding high income),1.0,2.0,1.0,2.0,2.0,3.0,1.0,1,,,,,1.0,37.0,2021,,166013336,1,,58246340.0,1.0,,3.0,2.0,2.0,,0.348446705,2.0,,Q5 Highest,,1.0,1.0,2.0,,,1.0,Thailand,1.0,2,,,,,1.0,4.0,,1.0,1.0,3.0,2.0,,1.0,,,2.0,2.0,1.0,1.0,,THA,4.0,4.0,2.0,1.0,1.0,2.0,1,1.0,1.0,1.0,,False,Female,30_39
602,1.0,2.0,2.0,East Asia & Pacific (excluding high income),1.0,2.0,1.0,2.0,2.0,3.0,,1,,,,,1.0,52.0,2021,,129184487,1,,58246340.0,,,3.0,5.0,2.0,2.0,3.536007908,2.0,2.0,Q5 Highest,,2.0,1.0,1.0,,2.0,2.0,Thailand,2.0,1,,,,,,1.0,2.0,0.0,0.0,,2.0,,2.0,,,3.0,,0.0,,1.0,THA,4.0,4.0,1.0,4.0,1.0,2.0,2,,2.0,,,False,Male,50_59
603,1.0,2.0,1.0,East Asia & Pacific (excluding high income),1.0,2.0,1.0,2.0,2.0,3.0,2.0,1,,,,,1.0,23.0,2021,,184261353,1,,58246340.0,,,3.0,2.0,2.0,,0.138056999,2.0,1.0,Q4,,2.0,1.0,1.0,,,2.0,Thailand,2.0,1,,,,,2.0,4.0,,1.0,0.0,1.0,2.0,,1.0,,,3.0,1.0,1.0,1.0,,THA,4.0,4.0,2.0,1.0,1.0,2.0,1,1.0,1.0,1.0,,False,Female,23_29
604,0.0,2.0,2.0,East Asia & Pacific (excluding high income),1.0,1.0,1.0,2.0,2.0,2.0,,1,,,,,2.0,37.0,2021,,195346616,1,,58246340.0,,,1.0,2.0,2.0,,2.620112369,2.0,2.0,Q2,,2.0,2.0,1.0,,,2.0,Thailand,2.0,1,,,1.0,,,4.0,,0.0,0.0,,2.0,1.0,2.0,2.0,,2.0,,0.0,,,THA,4.0,2.0,2.0,4.0,1.0,2.0,2,,2.0,,2.0,False,Male,30_39
605,1.0,2.0,1.0,East Asia & Pacific (excluding high income),1.0,1.0,1.0,2.0,2.0,3.0,,1,,,,,1.0,35.0,2021,,199212857,1,,58246340.0,,,2.0,2.0,1.0,,0.579680122,1.0,2.0,Q4,,2.0,1.0,1.0,,,2.0,Thailand,2.0,1,,,,,,4.0,,1.0,1.0,3.0,2.0,,1.0,1.0,,3.0,,1.0,1.0,,THA,4.0,1.0,2.0,1.0,1.0,2.0,1,2.0,1.0,,1.0,False,Female,30_39
606,1.0,2.0,2.0,East Asia & Pacific (excluding high income),2.0,2.0,0.0,2.0,2.0,1.0,,1,,,,,2.0,62.0,2021,,120685573,1,,58246340.0,,,1.0,2.0,2.0,,0.648125606,2.0,,Q4,,2.0,2.0,2.0,,,2.0,Thailand,2.0,2,,,2.0,,,4.0,,0.0,0.0,,2.0,,1.0,,,1.0,,0.0,2.0,,THA,4.0,4.0,2.0,1.0,1.0,2.0,1,1.0,2.0,,,False,Female,60_69
607,1.0,2.0,2.0,East Asia & Pacific (excluding high income),2.0,2.0,0.0,2.0,2.0,2.0,,1,,,,,2.0,28.0,2021,,165600021,1,,58246340.0,,,1.0,4.0,,,0.905456944,2.0,1.0,Q2,,2.0,1.0,1.0,,,2.0,Thailand,2.0,1,,,4.0,,,4.0,,1.0,0.0,,2.0,,1.0,,,2.0,,1.0,1.0,,THA,4.0,4.0,2.0,1.0,2.0,2.0,2,1.0,2.0,,,False,Male,23_29
608,1.0,2.0,1.0,East Asia & Pacific (excluding high income),1.0,1.0,1.0,2.0,1.0,2.0,,1,2.0,,2.0,,1.0,42.0,2021,,148635701,1,,58246340.0,1.0,,2.0,1.0,2.0,,0.533798491,2.0,2.0,Q4,,1.0,1.0,1.0,,,1.0,Thailand,1.0,1,,,,1.0,,4.0,,1.0,1.0,3.0,2.0,,1.0,2.0,,1.0,,1.0,1.0,,THA,2.0,1.0,2.0,1.0,1.0,1.0,1,2.0,1.0,,1.0,False,Female,40_49
609,1.0,2.0,2.0,East Asia & Pacific (excluding high income),1.0,1.0,1.0,2.0,1.0,2.0,1.0,1,1.0,,1.0,,1.0,48.0,2021,,141360695,1,,58246340.0,1.0,,1.0,4.0,1.0,,0.569880293,2.0,1.0,Q4,,1.0,1.0,1.0,,,1.0,Thailand,1.0,1,,,4.0,,1.0,4.0,,1.0,1.0,,1.0,1.0,1.0,2.0,2.0,1.0,1.0,1.0,2.0,,THA,1.0,2.0,2.0,1.0,1.0,2.0,2,1.0,1.0,1.0,2.0,False,Male,40_49
610,1.0,2.0,1.0,East Asia & Pacific (excluding high income),1.0,1.0,1.0,2.0,2.0,2.0,1.0,1,,,,,2.0,21.0,2021,,203144796,1,,58246340.0,,,2.0,5.0,,,4.84750417,1.0,2.0,Q3,,1.0,1.0,2.0,,,1.0,Thailand,2.0,1,,,1.0,,2.0,4.0,,1.0,1.0,3.0,2.0,1.0,1.0,2.0,,1.0,1.0,1.0,1.0,,THA,4.0,2.0,2.0,1.0,1.0,2.0,2,1.0,2.0,1.0,2.0,False,Male,18_22
611,1.0,2.0,1.0,East Asia & Pacific (excluding high income),1.0,1.0,1.0,2.0,2.0,3.0,1.0,1,,,,,1.0,27.0,2021,,146076486,1,,58246340.0,1.0,,3.0,2.0,2.0,2.0,0.492041084,1.0,1.0,Q5 Highest,,2.0,1.0,1.0,,2.0,1.0,Thailand,1.0,1,,,1.0,,2.0,1.0,2.0,1.0,1.0,3.0,2.0,,1.0,1.0,,3.0,2.0,1.0,1.0,1.0,THA,4.0,1.0,1.0,1.0,1.0,2.0,1,1.0,1.0,1.0,1.0,False,Female,23_29
612,0.0,2.0,2.0,East Asia & Pacific (excluding high income),2.0,2.0,1.0,2.0,2.0,3.0,,0,,2.0,,2.0,,35.0,2021,1.0,154650443,0,2.0,58246340.0,,,3.0,1.0,,,0.138056999,2.0,,Q5 Highest,,2.0,,1.0,2.0,,1.0,Thailand,,2,2.0,1.0,,,,4.0,,0.0,0.0,,2.0,,2.0,,,3.0,,0.0,,,THA,4.0,4.0,2.0,4.0,,2.0,1,,2.0,,,False,Female,30_39
613,1.0,2.0,1.0,East Asia & Pacific (excluding high income),2.0,2.0,0.0,2.0,2.0,3.0,1.0,1,,,,,1.0,23.0,2021,,179578332,1,,58246340.0,,,3.0,2.0,1.0,,0.171630533,1.0,,Q4,1.0,1.0,1.0,1.0,,2.0,2.0,Thailand,2.0,2,,,2.0,,2.0,2.0,2.0,1.0,1.0,3.0,2.0,,1.0,,,1.0,1.0,1.0,1.0,2.0,THA,4.0,4.0,1.0,1.0,1.0,2.0,1,1.0,1.0,1.0,,False,Female,23_29
614,1.0,1.0,1.0,East Asia & Pacific (excluding high income),1.0,1.0,1.0,2.0,2.0,2.0,1.0,1,,,,,1.0,38.0,2021,,130599665,1,,58246340.0,1.0,,3.0,2.0,2.0,1.0,0.179869145,2.0,1.0,Q5 Highest,,1.0,1.0,1.0,,1.0,1.0,Thailand,1.0,1,,,2.0,,1.0,1.0,2.0,1.0,1.0,1.0,2.0,,1.0,2.0,,2.0,2.0,1.0,1.0,2.0,THA,4.0,1.0,1.0,1.0,1.0,2.0,1,2.0,1.0,1.0,1.0,False,Female,30_39
615,1.0,2.0,1.0,East Asia & Pacific (excluding high income),1.0,1.0,1.0,2.0,2.0,3.0,1.0,1,,,,,1.0,37.0,2021,,142551845,1,,58246340.0,1.0,,3.0,1.0,1.0,2.0,0.227863973,2.0,2.0,Q5 Highest,,1.0,1.0,1.0,,2.0,1.0,Thailand,1.0,1,,,,,2.0,1.0,2.0,1.0,1.0,1.0,2.0,,1.0,1.0,,3.0,2.0,1.0,1.0,1.0,THA,4.0,1.0,1.0,1.0,1.0,2.0,1,2.0,1.0,2.0,2.0,False,Female,30_39
616,1.0,2.0,1.0,East Asia & Pacific (excluding high income),2.0,1.0,1.0,2.0,2.0,,,1,,,,,1.0,62.0,2021,,145871335,1,,58246340.0,1.0,,3.0,7.0,,,0.138056999,1.0,2.0,Q1 Lowest,,2.0,1.0,2.0,,,2.0,Thailand,1.0,1,,,2.0,,,4.0,,1.0,1.0,1.0,2.0,,1.0,2.0,,,,1.0,1.0,,THA,4.0,1.0,2.0,1.0,1.0,2.0,1,2.0,1.0,,1.0,False,Female,60_69
617,1.0,2.0,1.0,East Asia & Pacific (excluding high income),1.0,1.0,1.0,2.0,1.0,,1.0,1,2.0,,2.0,,1.0,33.0,2021,,192575016,1,,58246340.0,,,1.0,8.0,1.0,,1.113824762,1.0,2.0,Q4,,1.0,1.0,1.0,,,2.0,Thailand,2.0,1,,,3.0,1.0,2.0,4.0,,1.0,1.0,2.0,2.0,,1.0,1.0,,,1.0,1.0,1.0,,THA,2.0,1.0,2.0,1.0,1.0,2.0,1,1.0,1.0,1.0,1.0,False,Female,30_39
618,1.0,2.0,2.0,East Asia & Pacific (excluding high income),3.0,2.0,0.0,2.0,2.0,,,1,,,,,2.0,26.0,2021,,161831812,1,,58246340.0,1.0,,2.0,8.0,2.0,,2.320584425,1.0,1.0,Q3,,1.0,1.0,1.0,,,2.0,Thailand,1.0,1,,,4.0,,,4.0,,1.0,1.0,,2.0,,1.0,,,,,1.0,1.0,,THA,4.0,4.0,2.0,1.0,1.0,2.0,2,2.0,2.0,,,False,Male,23_29
619,1.0,2.0,1.0,East Asia & Pacific (excluding high income),2.0,1.0,0.0,2.0,2.0,3.0,,1,,,,,1.0,41.0,2021,,194405066,1,,58246340.0,1.0,,3.0,4.0,1.0,2.0,0.678697635,2.0,2.0,Q5 Highest,,1.0,1.0,1.0,,2.0,2.0,Thailand,1.0,1,,,,,,1.0,2.0,1.0,1.0,3.0,2.0,,1.0,2.0,,3.0,,0.0,2.0,1.0,THA,4.0,1.0,1.0,1.0,1.0,1.0,2,1.0,1.0,,1.0,False,Male,40_49
620,1.0,2.0,1.0,East Asia & Pacific (excluding high income),2.0,1.0,1.0,2.0,2.0,2.0,1.0,1,,,,,1.0,28.0,2021,,156403337,1,,58246340.0,,,2.0,2.0,2.0,2.0,0.138056999,2.0,,Q5 Highest,,2.0,1.0,1.0,,2.0,2.0,Thailand,2.0,2,,,2.0,,2.0,1.0,2.0,1.0,0.0,3.0,2.0,1.0,1.0,2.0,,1.0,2.0,1.0,2.0,1.0,THA,4.0,2.0,1.0,1.0,1.0,2.0,1,1.0,2.0,1.0,2.0,False,Female,23_29
621,1.0,2.0,1.0,East Asia & Pacific (excluding high income),1.0,1.0,1.0,2.0,2.0,3.0,1.0,1,,,,,1.0,26.0,2021,,171959584,1,,58246340.0,,,3.0,2.0,2.0,2.0,0.32663672,1.0,,Q4,,2.0,1.0,1.0,,2.0,1.0,Thailand,2.0,2,,,2.0,,2.0,1.0,2.0,1.0,1.0,3.0,2.0,,1.0,2.0,,3.0,1.0,1.0,1.0,1.0,THA,4.0,1.0,1.0,1.0,1.0,2.0,1,2.0,1.0,2.0,1.0,False,Female,23_29
622,1.0,2.0,1.0,East Asia & Pacific (excluding high income),1.0,1.0,1.0,2.0,2.0,3.0,1.0,1,,,,,1.0,56.0,2021,,159893128,1,,58246340.0,1.0,,3.0,1.0,1.0,2.0,0.138056999,2.0,2.0,Q4,,2.0,1.0,1.0,,2.0,1.0,Thailand,1.0,1,,,,,2.0,1.0,2.0,1.0,1.0,3.0,2.0,,1.0,1.0,,3.0,1.0,1.0,1.0,1.0,THA,4.0,1.0,1.0,1.0,1.0,2.0,1,2.0,1.0,1.0,2.0,False,Female,50_59
623,1.0,2.0,2.0,East Asia & Pacific (excluding high income),2.0,1.0,1.0,2.0,2.0,,,1,,,,,1.0,50.0,2021,,149050588,1,,58246340.0,1.0,,3.0,8.0,2.0,2.0,0.404584751,2.0,2.0,Q4,,2.0,1.0,1.0,,2.0,1.0,Thailand,1.0,1,,,,,,1.0,2.0,1.0,1.0,,2.0,,2.0,1.0,,,,0.0,,1.0,THA,4.0,1.0,1.0,4.0,1.0,1.0,2,,1.0,,2.0,False,Male,50_59
624,1.0,2.0,1.0,East Asia & Pacific (excluding high income),1.0,1.0,1.0,1.0,2.0,1.0,1.0,1,,,,,1.0,62.0,2021,,196537105,1,,58246340.0,,,3.0,2.0,2.0,2.0,0.138056999,1.0,2.0,Q5 Highest,,2.0,1.0,1.0,,2.0,1.0,Thailand,2.0,1,,,,,2.0,1.0,1.0,1.0,1.0,3.0,2.0,,1.0,1.0,,1.0,1.0,1.0,2.0,1.0,THA,4.0,1.0,1.0,1.0,1.0,2.0,2,1.0,1.0,1.0,1.0,False,Male,60_69
625,1.0,2.0,1.0,East Asia & Pacific (excluding high income),1.0,1.0,1.0,2.0,2.0,3.0,1.0,1,,,,,1.0,51.0,2021,,114838202,1,,58246340.0,1.0,,1.0,4.0,1.0,1.0,0.80687012,2.0,1.0,Q5 Highest,,2.0,1.0,1.0,,2.0,1.0,Thailand,1.0,1,,,,,2.0,1.0,2.0,1.0,1.0,3.0,2.0,,1.0,1.0,,3.0,1.0,1.0,2.0,1.0,THA,4.0,1.0,1.0,1.0,1.0,1.0,2,1.0,1.0,2.0,1.0,False,Male,50_59
626,1.0,2.0,1.0,East Asia & Pacific (excluding high income),2.0,1.0,1.0,2.0,2.0,3.0,2.0,1,,,,,1.0,37.0,2021,,181224337,1,,58246340.0,,,3.0,2.0,2.0,3.0,0.588550094,2.0,,Q3,,1.0,1.0,1.0,,1.0,1.0,Thailand,2.0,2,,,,,2.0,1.0,2.0,1.0,0.0,3.0,2.0,,2.0,1.0,,3.0,1.0,1.0,,1.0,THA,4.0,1.0,1.0,4.0,1.0,2.0,1,,1.0,2.0,1.0,False,Female,30_39
627,1.0,2.0,1.0,East Asia & Pacific (excluding high income),1.0,2.0,1.0,2.0,1.0,1.0,,1,2.0,,2.0,,1.0,47.0,2021,,167589060,1,,58246340.0,,,2.0,4.0,1.0,,1.591036062,2.0,2.0,Q4,,2.0,1.0,1.0,,,1.0,Thailand,2.0,1,,,1.0,1.0,,4.0,,1.0,1.0,3.0,2.0,,1.0,,,1.0,,0.0,2.0,,THA,2.0,4.0,2.0,1.0,1.0,1.0,1,1.0,2.0,,,False,Female,40_49
628,1.0,2.0,1.0,East Asia & Pacific (excluding high income),1.0,1.0,1.0,2.0,2.0,3.0,,1,,,,,1.0,37.0,2021,,193850941,1,,58246340.0,1.0,,3.0,1.0,2.0,2.0,0.640126926,2.0,2.0,Q5 Highest,,1.0,1.0,1.0,,1.0,1.0,Thailand,1.0,1,,,,,,1.0,2.0,1.0,1.0,3.0,2.0,,1.0,2.0,,3.0,,1.0,1.0,1.0,THA,4.0,1.0,1.0,1.0,1.0,2.0,1,2.0,1.0,,1.0,False,Female,30_39
629,1.0,2.0,1.0,East Asia & Pacific (excluding high income),2.0,1.0,0.0,2.0,2.0,3.0,1.0,1,,,,,1.0,28.0,2021,,174922163,1,,58246340.0,,2.0,3.0,2.0,1.0,,0.28810274,2.0,,Q4,1.0,2.0,1.0,1.0,,2.0,2.0,Thailand,2.0,2,,,3.0,,2.0,2.0,2.0,1.0,0.0,1.0,2.0,,1.0,1.0,,3.0,2.0,1.0,2.0,2.0,THA,4.0,1.0,1.0,1.0,1.0,2.0,1,2.0,1.0,1.0,1.0,False,Female,23_29
630,1.0,2.0,2.0,East Asia & Pacific (excluding high income),1.0,1.0,1.0,2.0,2.0,3.0,1.0,1,,,,,2.0,46.0,2021,,164094915,1,,58246340.0,,,1.0,1.0,2.0,1.0,0.324856616,2.0,2.0,Q2,,1.0,1.0,1.0,,2.0,1.0,Thailand,2.0,1,,,1.0,,2.0,1.0,2.0,1.0,0.0,,2.0,1.0,1.0,2.0,,3.0,1.0,1.0,2.0,1.0,THA,4.0,2.0,1.0,1.0,1.0,2.0,1,1.0,1.0,2.0,2.0,False,Female,40_49
631,1.0,2.0,1.0,East Asia & Pacific (excluding high income),1.0,1.0,1.0,2.0,2.0,3.0,1.0,1,,,,,1.0,23.0,2021,,174194975,1,,58246340.0,,,5.0,3.0,1.0,1.0,3.474708337,2.0,2.0,Q4,,1.0,1.0,1.0,,1.0,1.0,Thailand,2.0,1,,,,,2.0,1.0,1.0,1.0,0.0,1.0,2.0,,1.0,1.0,,2.0,1.0,1.0,1.0,1.0,THA,4.0,1.0,1.0,1.0,1.0,2.0,2,1.0,1.0,2.0,1.0,False,Male,23_29
632,1.0,2.0,1.0,East Asia & Pacific (excluding high income),2.0,1.0,1.0,2.0,2.0,1.0,,1,,,,,1.0,38.0,2021,,147332174,1,,58246340.0,,,2.0,5.0,1.0,2.0,2.225656282,1.0,2.0,Q4,,1.0,1.0,1.0,,2.0,2.0,Thailand,2.0,1,,,3.0,,,1.0,2.0,1.0,1.0,3.0,2.0,,1.0,1.0,,1.0,,1.0,1.0,1.0,THA,4.0,1.0,1.0,1.0,1.0,1.0,1,1.0,1.0,,1.0,False,Female,30_39
633,1.0,2.0,1.0,East Asia & Pacific (excluding high income),2.0,1.0,1.0,2.0,2.0,3.0,1.0,1,,,,,1.0,49.0,2021,,149971257,1,,58246340.0,,,3.0,1.0,1.0,,0.157862851,2.0,2.0,Q4,,1.0,1.0,1.0,,,2.0,Thailand,2.0,1,,,,,2.0,4.0,,1.0,0.0,3.0,2.0,,1.0,1.0,,3.0,1.0,1.0,1.0,,THA,4.0,1.0,2.0,1.0,1.0,2.0,2,1.0,1.0,1.0,1.0,False,Male,40_49
634,1.0,2.0,1.0,East Asia & Pacific (excluding high income),1.0,1.0,1.0,2.0,2.0,2.0,,1,,,,,1.0,67.0,2021,,138439215,1,,58246340.0,1.0,,2.0,2.0,2.0,,0.302773876,2.0,2.0,Q4,,2.0,1.0,1.0,,,1.0,Thailand,1.0,1,,,1.0,,,4.0,,1.0,1.0,3.0,2.0,1.0,2.0,2.0,,1.0,,0.0,,,THA,4.0,2.0,2.0,4.0,1.0,2.0,2,,1.0,,2.0,False,Male,60_69
635,1.0,2.0,2.0,East Asia & Pacific (excluding high income),1.0,2.0,1.0,2.0,1.0,2.0,,1,2.0,,2.0,,1.0,34.0,2021,,162581207,1,,58246340.0,,,1.0,2.0,2.0,,1.577018771,1.0,,Q1 Lowest,,2.0,1.0,1.0,,,2.0,Thailand,2.0,2,,,,1.0,,4.0,,1.0,1.0,,2.0,,1.0,,,1.0,,0.0,2.0,,THA,2.0,4.0,2.0,1.0,1.0,2.0,1,1.0,2.0,,,False,Female,30_39
636,1.0,2.0,1.0,East Asia & Pacific (excluding high income),1.0,1.0,1.0,2.0,2.0,2.0,1.0,1,,,,,1.0,43.0,2021,,166166531,1,,58246340.0,1.0,,3.0,1.0,1.0,2.0,0.678697635,2.0,2.0,Q4,,2.0,1.0,1.0,,2.0,1.0,Thailand,1.0,1,,,5.0,,2.0,1.0,2.0,1.0,1.0,3.0,2.0,,1.0,2.0,,3.0,1.0,1.0,1.0,1.0,THA,4.0,1.0,1.0,1.0,1.0,2.0,2,2.0,1.0,1.0,1.0,False,Male,40_49
637,1.0,2.0,1.0,East Asia & Pacific (excluding high income),1.0,1.0,1.0,2.0,2.0,3.0,1.0,1,,,,,1.0,30.0,2021,,170699330,1,,58246340.0,1.0,,3.0,2.0,1.0,2.0,0.496218276,2.0,,Q4,,1.0,1.0,1.0,,2.0,1.0,Thailand,1.0,2,,,2.0,,2.0,1.0,2.0,1.0,1.0,1.0,2.0,,1.0,1.0,,2.0,1.0,1.0,2.0,1.0,THA,4.0,1.0,1.0,1.0,1.0,2.0,1,1.0,1.0,1.0,2.0,False,Female,30_39
638,1.0,2.0,4.0,East Asia & Pacific (excluding high income),1.0,1.0,1.0,2.0,2.0,3.0,,1,,,,,1.0,39.0,2021,,131840238,1,,58246340.0,,,3.0,2.0,4.0,2.0,0.281693375,2.0,1.0,Q4,,1.0,1.0,1.0,,2.0,1.0,Thailand,2.0,1,,,,,,1.0,2.0,1.0,0.0,,2.0,,1.0,1.0,,3.0,,1.0,1.0,1.0,THA,4.0,1.0,1.0,1.0,4.0,2.0,2,1.0,4.0,,1.0,False,Male,30_39
639,1.0,2.0,1.0,East Asia & Pacific (excluding high income),2.0,1.0,1.0,2.0,1.0,2.0,2.0,1,2.0,,2.0,,1.0,29.0,2021,,112605377,1,,58246340.0,1.0,,1.0,2.0,2.0,2.0,0.807279529,1.0,1.0,Q4,,1.0,1.0,1.0,,3.0,2.0,Thailand,1.0,1,,,,1.0,2.0,1.0,2.0,1.0,1.0,3.0,1.0,,2.0,2.0,1.0,1.0,1.0,1.0,,1.0,THA,2.0,1.0,1.0,4.0,1.0,2.0,1,,1.0,1.0,1.0,False,Female,23_29
640,1.0,2.0,2.0,East Asia & Pacific (excluding high income),1.0,2.0,1.0,2.0,2.0,3.0,,1,,,,,1.0,47.0,2021,,180874506,1,,58246340.0,1.0,2.0,3.0,1.0,3.0,,0.251749222,2.0,1.0,Q5 Highest,,2.0,1.0,1.0,,,1.0,Thailand,1.0,1,,,,,,4.0,,1.0,1.0,,2.0,,1.0,,,3.0,,0.0,2.0,,THA,4.0,4.0,2.0,1.0,1.0,2.0,2,2.0,2.0,,,False,Male,40_49
641,1.0,1.0,1.0,East Asia & Pacific (excluding high income),2.0,2.0,1.0,2.0,2.0,1.0,1.0,1,,,,,1.0,20.0,2021,,180585158,1,,58246340.0,,,2.0,2.0,1.0,,1.698510942,2.0,2.0,Q2,,1.0,1.0,2.0,,,2.0,Thailand,2.0,1,,,3.0,,2.0,4.0,,1.0,1.0,1.0,2.0,,1.0,,,2.0,1.0,1.0,1.0,,THA,4.0,4.0,2.0,1.0,1.0,2.0,1,1.0,1.0,1.0,,False,Female,18_22
642,1.0,2.0,1.0,East Asia & Pacific (excluding high income),1.0,1.0,1.0,2.0,2.0,3.0,1.0,1,,,,,1.0,38.0,2021,,114423610,1,,58246340.0,,,3.0,4.0,1.0,2.0,0.672984322,2.0,1.0,Q5 Highest,,2.0,1.0,1.0,,1.0,1.0,Thailand,2.0,1,,,2.0,,1.0,1.0,2.0,1.0,1.0,1.0,2.0,,1.0,2.0,,3.0,1.0,1.0,1.0,1.0,THA,4.0,1.0,1.0,1.0,1.0,1.0,2,1.0,1.0,2.0,1.0,False,Male,30_39
643,1.0,2.0,1.0,East Asia & Pacific (excluding high income),2.0,1.0,0.0,2.0,2.0,1.0,1.0,1,,,,,1.0,40.0,2021,,187139987,1,,58246340.0,1.0,,3.0,2.0,2.0,1.0,0.369442285,2.0,1.0,Q4,,2.0,1.0,2.0,,2.0,2.0,Thailand,1.0,1,,,2.0,,2.0,1.0,2.0,1.0,1.0,3.0,2.0,,2.0,1.0,,1.0,1.0,1.0,,1.0,THA,4.0,1.0,1.0,4.0,1.0,2.0,2,,1.0,1.0,2.0,False,Male,40_49
644,1.0,2.0,1.0,East Asia & Pacific (excluding high income),1.0,1.0,1.0,2.0,2.0,3.0,,1,,,,,2.0,50.0,2021,,158136502,1,,58246340.0,,,3.0,1.0,2.0,,0.497088049,2.0,,Q1 Lowest,,2.0,2.0,2.0,,,1.0,Thailand,2.0,2,,,,,,4.0,,1.0,0.0,3.0,2.0,,1.0,1.0,,2.0,,1.0,1.0,,THA,4.0,1.0,2.0,1.0,1.0,2.0,1,2.0,1.0,,2.0,False,Female,50_59
645,1.0,2.0,2.0,East Asia & Pacific (excluding high income),2.0,1.0,1.0,2.0,2.0,3.0,,1,,,,,1.0,49.0,2021,,177495369,1,,58246340.0,1.0,,3.0,2.0,3.0,,0.866964882,2.0,1.0,Q3,,1.0,1.0,1.0,,,2.0,Thailand,1.0,1,,,5.0,,,4.0,,1.0,1.0,,2.0,,2.0,1.0,,3.0,,0.0,,,THA,4.0,1.0,2.0,4.0,1.0,2.0,2,,2.0,,2.0,False,Male,40_49
646,1.0,2.0,2.0,East Asia & Pacific (excluding high income),2.0,2.0,1.0,2.0,1.0,1.0,,1,2.0,,2.0,,2.0,47.0,2021,,183065484,1,,58246340.0,,,1.0,2.0,2.0,,2.06791747,1.0,,Q2,,2.0,1.0,1.0,,,1.0,Thailand,2.0,2,,,,1.0,,4.0,,0.0,1.0,,2.0,,1.0,,,1.0,,0.0,2.0,,THA,2.0,4.0,2.0,1.0,1.0,2.0,2,1.0,2.0,,,False,Male,40_49
647,1.0,1.0,1.0,East Asia & Pacific (excluding high income),1.0,1.0,1.0,2.0,2.0,3.0,1.0,1,,,,,1.0,26.0,2021,,206631582,1,,58246340.0,,,5.0,4.0,1.0,2.0,1.672041694,2.0,2.0,Q3,,1.0,1.0,1.0,,2.0,2.0,Thailand,2.0,1,,,1.0,,2.0,1.0,2.0,1.0,1.0,1.0,2.0,1.0,1.0,2.0,,3.0,1.0,1.0,1.0,1.0,THA,4.0,2.0,1.0,1.0,1.0,2.0,2,1.0,2.0,1.0,2.0,False,Male,23_29
648,1.0,2.0,1.0,East Asia & Pacific (excluding high income),1.0,1.0,1.0,2.0,2.0,3.0,1.0,1,,,,,1.0,28.0,2021,,116557469,1,,58246340.0,,,3.0,1.0,2.0,1.0,0.286089486,2.0,1.0,Q4,,1.0,1.0,1.0,,1.0,1.0,Thailand,2.0,1,,,2.0,,2.0,1.0,1.0,1.0,1.0,3.0,1.0,,1.0,1.0,2.0,3.0,1.0,1.0,1.0,1.0,THA,4.0,1.0,1.0,1.0,1.0,1.0,1,1.0,1.0,1.0,1.0,False,Female,23_29
649,1.0,2.0,1.0,East Asia & Pacific (excluding high income),2.0,1.0,1.0,2.0,2.0,1.0,1.0,1,,,,,1.0,18.0,2021,,121252082,1,,58246340.0,,,1.0,2.0,,,1.552531629,1.0,2.0,Q3,1.0,2.0,1.0,1.0,,2.0,2.0,Thailand,2.0,1,,,1.0,,2.0,2.0,2.0,1.0,1.0,2.0,2.0,,1.0,1.0,,1.0,1.0,1.0,2.0,2.0,THA,4.0,1.0,1.0,1.0,1.0,2.0,1,1.0,1.0,2.0,1.0,False,Female,18_22
650,1.0,2.0,1.0,East Asia & Pacific (excluding high income),2.0,2.0,1.0,2.0,2.0,3.0,2.0,1,,,,,1.0,52.0,2021,,113115563,1,,58246340.0,,,2.0,2.0,2.0,2.0,0.157862851,1.0,1.0,Q4,,2.0,1.0,1.0,,2.0,2.0,Thailand,2.0,1,,,,,2.0,1.0,2.0,1.0,1.0,3.0,2.0,,1.0,,,1.0,2.0,1.0,1.0,1.0,THA,4.0,4.0,1.0,1.0,1.0,1.0,2,1.0,1.0,1.0,,False,Male,50_59
651,1.0,2.0,1.0,East Asia & Pacific (excluding high income),2.0,2.0,1.0,2.0,2.0,2.0,1.0,1,,,,,1.0,42.0,2021,,140946118,1,,58246340.0,,,3.0,2.0,2.0,1.0,0.261195301,1.0,2.0,Q2,,1.0,1.0,1.0,,2.0,1.0,Thailand,2.0,1,,,3.0,,2.0,1.0,1.0,1.0,1.0,1.0,2.0,,1.0,,,2.0,1.0,1.0,2.0,1.0,THA,4.0,4.0,1.0,1.0,1.0,2.0,2,1.0,1.0,1.0,,False,Male,40_49
652,1.0,2.0,1.0,East Asia & Pacific (excluding high income),2.0,1.0,0.0,2.0,2.0,4.0,1.0,1,,,,,1.0,29.0,2021,,126489175,1,,58246340.0,2.0,,1.0,2.0,1.0,1.0,0.934298079,2.0,1.0,Q2,,1.0,1.0,1.0,,1.0,2.0,Thailand,1.0,1,,,3.0,,1.0,1.0,2.0,1.0,1.0,1.0,2.0,,1.0,1.0,,2.0,1.0,1.0,2.0,1.0,THA,4.0,1.0,1.0,1.0,1.0,1.0,1,1.0,1.0,1.0,1.0,False,Female,23_29
653,1.0,2.0,1.0,East Asia & Pacific (excluding high income),1.0,1.0,1.0,2.0,2.0,3.0,1.0,1,,,,,1.0,38.0,2021,,205815698,1,,58246340.0,2.0,,3.0,2.0,2.0,2.0,0.435446098,2.0,1.0,Q4,,1.0,1.0,1.0,,1.0,1.0,Thailand,1.0,1,,,3.0,,2.0,1.0,2.0,1.0,1.0,1.0,2.0,,1.0,2.0,,2.0,1.0,1.0,1.0,1.0,THA,4.0,1.0,1.0,1.0,1.0,2.0,1,2.0,1.0,1.0,1.0,False,Female,30_39
654,1.0,2.0,2.0,East Asia & Pacific (excluding high income),1.0,2.0,1.0,1.0,2.0,1.0,,1,,,,,2.0,60.0,2021,,153599642,1,,58246340.0,,,1.0,2.0,,,0.31602952,2.0,2.0,Q1 Lowest,,2.0,2.0,1.0,,,1.0,Thailand,2.0,1,,,,,,4.0,,0.0,0.0,,2.0,,1.0,,,1.0,,0.0,2.0,,THA,4.0,4.0,2.0,1.0,1.0,2.0,1,1.0,2.0,,,False,Female,60_69
655,1.0,2.0,1.0,East Asia & Pacific (excluding high income),1.0,2.0,1.0,2.0,2.0,1.0,,1,,,,,1.0,25.0,2021,,138765533,1,,58246340.0,,,2.0,2.0,1.0,2.0,3.973428471,1.0,2.0,Q3,,1.0,1.0,1.0,,1.0,1.0,Thailand,2.0,1,,,,,,1.0,2.0,1.0,1.0,1.0,2.0,,1.0,,,1.0,,1.0,1.0,1.0,THA,4.0,4.0,1.0,1.0,1.0,2.0,2,1.0,1.0,,,False,Male,23_29
656,1.0,2.0,1.0,East Asia & Pacific (excluding high income),1.0,2.0,1.0,2.0,2.0,3.0,,1,,,,,1.0,35.0,2021,,136495207,1,,58246340.0,2.0,,3.0,4.0,1.0,2.0,0.138056999,2.0,1.0,Q3,,2.0,1.0,1.0,,2.0,1.0,Thailand,1.0,1,,,,,,1.0,1.0,1.0,1.0,1.0,2.0,,2.0,,,3.0,,0.0,,1.0,THA,4.0,4.0,1.0,4.0,1.0,1.0,2,,1.0,,,False,Male,30_39
657,1.0,2.0,1.0,East Asia & Pacific (excluding high income),1.0,1.0,1.0,2.0,2.0,3.0,1.0,1,,,,,1.0,40.0,2021,,197007954,1,,58246340.0,1.0,,3.0,5.0,1.0,2.0,0.461683808,2.0,1.0,Q3,,1.0,1.0,1.0,,2.0,1.0,Thailand,1.0,1,,,,,2.0,1.0,2.0,1.0,1.0,3.0,2.0,,1.0,2.0,,3.0,1.0,1.0,1.0,1.0,THA,4.0,1.0,1.0,1.0,1.0,2.0,2,2.0,1.0,2.0,1.0,False,Male,40_49
658,1.0,2.0,1.0,East Asia & Pacific (excluding high income),1.0,1.0,1.0,2.0,2.0,3.0,,1,,,,,1.0,36.0,2021,,188433406,1,,58246340.0,1.0,,3.0,2.0,2.0,1.0,0.138056999,2.0,1.0,Q4,,2.0,1.0,1.0,,1.0,1.0,Thailand,1.0,1,,,3.0,,,1.0,2.0,1.0,1.0,2.0,2.0,,1.0,1.0,,1.0,,1.0,1.0,1.0,THA,4.0,1.0,1.0,1.0,1.0,2.0,1,1.0,1.0,,1.0,False,Female,30_39
659,0.0,2.0,2.0,East Asia & Pacific (excluding high income),1.0,1.0,1.0,2.0,2.0,1.0,,1,,,,,2.0,51.0,2021,,124792645,1,,58246340.0,,,1.0,1.0,2.0,,0.620798208,1.0,,Q3,,2.0,2.0,1.0,,,1.0,Thailand,2.0,2,,,3.0,,,4.0,,0.0,1.0,,2.0,1.0,2.0,2.0,,1.0,,0.0,,,THA,4.0,2.0,2.0,4.0,1.0,2.0,1,,2.0,,2.0,False,Female,50_59
660,1.0,2.0,2.0,East Asia & Pacific (excluding high income),2.0,1.0,0.0,2.0,2.0,1.0,,1,,,,,1.0,40.0,2021,,192843224,1,,58246340.0,,,2.0,2.0,1.0,2.0,0.261195301,1.0,2.0,Q1 Lowest,,2.0,1.0,1.0,,2.0,2.0,Thailand,2.0,1,,,1.0,,,1.0,2.0,1.0,1.0,,2.0,1.0,1.0,2.0,,1.0,,1.0,1.0,1.0,THA,4.0,2.0,1.0,1.0,1.0,2.0,2,1.0,2.0,,2.0,False,Male,40_49
661,1.0,2.0,2.0,East Asia & Pacific (excluding high income),2.0,1.0,1.0,2.0,2.0,3.0,,1,,,,,2.0,40.0,2021,,134084282,1,,58246340.0,,2.0,3.0,2.0,2.0,,0.138056999,2.0,2.0,Q2,1.0,2.0,2.0,1.0,,2.0,1.0,Thailand,2.0,1,,,,,,2.0,2.0,0.0,0.0,,2.0,1.0,1.0,2.0,,5.0,,0.0,2.0,2.0,THA,4.0,2.0,1.0,1.0,2.0,2.0,1,2.0,2.0,,2.0,False,Female,40_49
662,1.0,2.0,2.0,East Asia & Pacific (excluding high income),1.0,1.0,1.0,2.0,2.0,,,1,,,,,2.0,28.0,2021,,207974219,1,,58246340.0,,,2.0,8.0,,2.0,0.713748857,1.0,2.0,Q1 Lowest,,1.0,1.0,1.0,,2.0,1.0,Thailand,2.0,1,,,,,,1.0,2.0,0.0,1.0,,2.0,1.0,2.0,2.0,,,,0.0,,1.0,THA,4.0,2.0,1.0,4.0,1.0,2.0,2,,2.0,,2.0,False,Male,23_29
663,1.0,2.0,2.0,East Asia & Pacific (excluding high income),2.0,2.0,1.0,2.0,1.0,3.0,2.0,1,2.0,,2.0,,1.0,30.0,2021,,138363062,1,,58246340.0,,,3.0,1.0,1.0,2.0,0.413793821,2.0,2.0,Q1 Lowest,,2.0,1.0,1.0,,1.0,1.0,Thailand,2.0,1,,,1.0,1.0,1.0,1.0,2.0,1.0,1.0,,2.0,,2.0,,,2.0,1.0,1.0,,2.0,THA,2.0,4.0,1.0,4.0,1.0,2.0,1,,1.0,1.0,,False,Female,30_39
664,1.0,2.0,2.0,East Asia & Pacific (excluding high income),2.0,2.0,0.0,2.0,2.0,3.0,,1,,,,,1.0,40.0,2021,,176051460,1,,58246340.0,,,3.0,2.0,,2.0,0.289717453,2.0,2.0,Q5 Highest,,2.0,1.0,1.0,,2.0,2.0,Thailand,2.0,1,,,,,,1.0,2.0,0.0,0.0,,2.0,,2.0,,,3.0,,0.0,,1.0,THA,4.0,4.0,1.0,4.0,1.0,2.0,2,,2.0,,,False,Male,40_49
665,1.0,2.0,2.0,East Asia & Pacific (excluding high income),2.0,2.0,1.0,2.0,2.0,2.0,,1,,,,,1.0,20.0,2021,,201143122,1,,58246340.0,,,1.0,2.0,1.0,,2.496315048,2.0,2.0,Q5 Highest,,2.0,1.0,1.0,,,2.0,Thailand,2.0,1,,,,,,4.0,,0.0,1.0,,1.0,,1.0,,1.0,2.0,,0.0,2.0,,THA,4.0,4.0,2.0,1.0,1.0,2.0,1,1.0,2.0,,,False,Female,18_22
666,1.0,2.0,1.0,East Asia & Pacific (excluding high income),2.0,1.0,1.0,2.0,2.0,2.0,,1,,,,,1.0,23.0,2021,,122568649,1,,58246340.0,,,3.0,1.0,1.0,2.0,0.833369502,2.0,1.0,Q5 Highest,,1.0,1.0,1.0,,1.0,1.0,Thailand,2.0,1,,,,,,1.0,2.0,1.0,0.0,1.0,2.0,,1.0,1.0,,2.0,,1.0,1.0,1.0,THA,4.0,1.0,1.0,1.0,1.0,2.0,2,1.0,1.0,,1.0,False,Male,23_29
667,1.0,2.0,1.0,East Asia & Pacific (excluding high income),1.0,1.0,1.0,2.0,2.0,3.0,1.0,1,,,,,1.0,35.0,2021,,187350616,1,,58246340.0,1.0,,3.0,4.0,2.0,2.0,0.138056999,2.0,,Q4,,2.0,1.0,1.0,,3.0,1.0,Thailand,1.0,2,,,,,1.0,1.0,2.0,1.0,1.0,3.0,2.0,,1.0,1.0,,3.0,1.0,1.0,2.0,1.0,THA,4.0,1.0,1.0,1.0,1.0,1.0,1,1.0,1.0,1.0,1.0,False,Female,30_39
668,1.0,2.0,2.0,East Asia & Pacific (excluding high income),1.0,2.0,1.0,2.0,2.0,3.0,,1,,,,,1.0,40.0,2021,,204794210,1,,58246340.0,,,3.0,1.0,2.0,2.0,0.138056999,2.0,2.0,Q3,,2.0,1.0,1.0,,2.0,1.0,Thailand,2.0,1,,,,,,1.0,2.0,0.0,0.0,,2.0,,2.0,,,3.0,,0.0,,1.0,THA,4.0,4.0,1.0,4.0,1.0,2.0,1,,2.0,,,False,Female,40_49
669,1.0,2.0,1.0,East Asia & Pacific (excluding high income),1.0,1.0,1.0,2.0,2.0,3.0,,1,,,,,1.0,57.0,2021,,132245695,1,,58246340.0,1.0,,3.0,2.0,1.0,2.0,0.264787139,2.0,2.0,Q5 Highest,,1.0,1.0,1.0,,2.0,1.0,Thailand,1.0,1,,,4.0,,,1.0,2.0,1.0,1.0,3.0,2.0,,2.0,1.0,,3.0,,0.0,,1.0,THA,4.0,1.0,1.0,4.0,1.0,2.0,1,,1.0,,1.0,False,Female,50_59
670,1.0,2.0,1.0,East Asia & Pacific (excluding high income),1.0,1.0,1.0,2.0,2.0,3.0,1.0,1,,,,,1.0,42.0,2021,,119539690,1,,58246340.0,1.0,,3.0,2.0,3.0,2.0,0.139029722,2.0,2.0,Q5 Highest,,1.0,1.0,1.0,,3.0,1.0,Thailand,1.0,1,,,2.0,,2.0,1.0,2.0,1.0,1.0,3.0,2.0,,1.0,1.0,,3.0,1.0,1.0,2.0,1.0,THA,4.0,1.0,1.0,1.0,1.0,2.0,1,1.0,1.0,1.0,1.0,False,Female,40_49
671,1.0,2.0,1.0,East Asia & Pacific (excluding high income),1.0,2.0,1.0,2.0,2.0,3.0,,1,,,,,1.0,25.0,2021,,130780684,1,,58246340.0,1.0,,3.0,2.0,,2.0,0.496218276,2.0,1.0,Q5 Highest,,2.0,1.0,1.0,,2.0,1.0,Thailand,1.0,1,,,,,,1.0,2.0,1.0,1.0,2.0,2.0,,2.0,,,3.0,,0.0,,1.0,THA,4.0,4.0,1.0,4.0,1.0,2.0,1,,2.0,,,False,Female,23_29
672,1.0,2.0,2.0,East Asia & Pacific (excluding high income),2.0,2.0,1.0,2.0,2.0,3.0,,1,,,,,1.0,33.0,2021,,203512071,1,,58246340.0,,,1.0,2.0,2.0,,0.582240602,2.0,2.0,Q5 Highest,,2.0,1.0,1.0,,,1.0,Thailand,2.0,1,,,,,,4.0,,0.0,0.0,,2.0,,1.0,,,2.0,,1.0,1.0,,THA,4.0,4.0,2.0,1.0,1.0,2.0,2,2.0,2.0,,,False,Male,30_39
673,1.0,2.0,2.0,East Asia & Pacific (excluding high income),2.0,2.0,0.0,2.0,1.0,1.0,,1,2.0,,1.0,,2.0,45.0,2021,,191887939,1,,58246340.0,,,1.0,2.0,,2.0,0.80687012,2.0,,Q4,,2.0,1.0,1.0,,2.0,2.0,Thailand,2.0,2,,,5.0,,,1.0,1.0,1.0,0.0,,2.0,,2.0,,,1.0,,0.0,,1.0,THA,1.0,4.0,1.0,4.0,1.0,2.0,2,,2.0,,,False,Male,40_49
674,1.0,2.0,1.0,East Asia & Pacific (excluding high income),1.0,1.0,1.0,2.0,2.0,3.0,1.0,1,,,,,1.0,40.0,2021,,167697742,1,,58246340.0,1.0,,3.0,1.0,1.0,1.0,0.461683808,2.0,2.0,Q4,,1.0,1.0,1.0,,2.0,1.0,Thailand,1.0,1,,,3.0,,2.0,1.0,1.0,1.0,1.0,1.0,2.0,,1.0,2.0,,2.0,1.0,1.0,2.0,1.0,THA,4.0,1.0,1.0,1.0,1.0,2.0,2,1.0,1.0,1.0,1.0,False,Male,40_49
675,1.0,2.0,1.0,East Asia & Pacific (excluding high income),1.0,2.0,1.0,2.0,2.0,3.0,1.0,1,,,,,1.0,38.0,2021,,177542953,1,,58246340.0,1.0,,3.0,2.0,1.0,1.0,0.628404323,1.0,1.0,Q2,,1.0,1.0,1.0,,2.0,1.0,Thailand,1.0,1,,,2.0,,2.0,1.0,2.0,1.0,1.0,3.0,2.0,,2.0,,,2.0,2.0,1.0,,1.0,THA,4.0,4.0,1.0,4.0,1.0,2.0,2,,1.0,1.0,,False,Male,30_39
676,1.0,2.0,1.0,East Asia & Pacific (excluding high income),2.0,1.0,0.0,2.0,2.0,3.0,,1,,,,,1.0,41.0,2021,,164691252,1,,58246340.0,1.0,,3.0,5.0,2.0,2.0,0.264817552,2.0,2.0,Q5 Highest,,2.0,1.0,1.0,,1.0,2.0,Thailand,1.0,1,,,,,,1.0,2.0,1.0,1.0,3.0,2.0,1.0,1.0,2.0,,2.0,,1.0,1.0,1.0,THA,4.0,2.0,1.0,1.0,1.0,2.0,2,2.0,1.0,,2.0,False,Male,40_49
677,1.0,2.0,1.0,East Asia & Pacific (excluding high income),1.0,1.0,1.0,2.0,2.0,3.0,,1,,,,,2.0,35.0,2021,,165144055,1,,58246340.0,,,3.0,2.0,2.0,2.0,0.234665436,1.0,1.0,Q4,,2.0,2.0,1.0,,2.0,1.0,Thailand,2.0,1,,,3.0,,,1.0,2.0,0.0,1.0,2.0,2.0,,1.0,1.0,,1.0,,0.0,2.0,1.0,THA,4.0,1.0,1.0,1.0,1.0,2.0,2,1.0,2.0,,2.0,False,Male,30_39
678,1.0,2.0,2.0,East Asia & Pacific (excluding high income),1.0,1.0,1.0,2.0,1.0,3.0,,1,2.0,,2.0,,1.0,54.0,2021,,172739037,1,,58246340.0,,,2.0,2.0,2.0,2.0,0.658204269,2.0,2.0,Q2,,1.0,2.0,1.0,,2.0,2.0,Thailand,2.0,1,,,,1.0,,1.0,2.0,0.0,1.0,,1.0,1.0,2.0,2.0,1.0,3.0,,0.0,,1.0,THA,2.0,2.0,1.0,4.0,1.0,2.0,2,,2.0,,2.0,False,Male,50_59
679,1.0,2.0,2.0,East Asia & Pacific (excluding high income),2.0,2.0,1.0,2.0,2.0,1.0,,1,,,,,1.0,38.0,2021,,151236921,1,,58246340.0,,,2.0,2.0,2.0,2.0,0.805225006,2.0,1.0,Q4,,1.0,1.0,1.0,,2.0,1.0,Thailand,2.0,1,,,,,,1.0,2.0,1.0,1.0,,2.0,,1.0,,,1.0,,1.0,1.0,1.0,THA,4.0,4.0,1.0,1.0,1.0,2.0,1,1.0,1.0,,,False,Female,30_39
680,1.0,2.0,1.0,East Asia & Pacific (excluding high income),1.0,1.0,1.0,2.0,2.0,3.0,,1,,,,,1.0,22.0,2021,,179510637,1,,58246340.0,,,1.0,2.0,1.0,,2.178864188,2.0,2.0,Q1 Lowest,1.0,1.0,2.0,1.0,,2.0,2.0,Thailand,2.0,1,,,,,,2.0,2.0,1.0,0.0,2.0,2.0,1.0,1.0,2.0,,3.0,,1.0,1.0,2.0,THA,4.0,2.0,1.0,1.0,1.0,2.0,2,2.0,1.0,,2.0,False,Male,18_22
681,1.0,2.0,1.0,East Asia & Pacific (excluding high income),1.0,1.0,1.0,2.0,1.0,1.0,,1,2.0,,1.0,,2.0,47.0,2021,,202344353,1,,58246340.0,,,1.0,2.0,2.0,2.0,0.866064604,1.0,2.0,Q2,,1.0,2.0,2.0,,1.0,2.0,Thailand,2.0,1,,,3.0,,,1.0,2.0,1.0,1.0,1.0,1.0,,1.0,1.0,2.0,1.0,,1.0,1.0,1.0,THA,1.0,1.0,1.0,1.0,1.0,2.0,1,1.0,1.0,,2.0,False,Female,40_49
682,1.0,2.0,1.0,East Asia & Pacific (excluding high income),1.0,1.0,1.0,2.0,2.0,2.0,1.0,1,,,,,1.0,25.0,2021,,175203027,1,,58246340.0,1.0,,2.0,2.0,1.0,2.0,0.139643824,1.0,,Q3,,1.0,1.0,1.0,,2.0,2.0,Thailand,1.0,2,,,1.0,,2.0,1.0,2.0,1.0,1.0,1.0,2.0,,1.0,1.0,,1.0,1.0,1.0,1.0,1.0,THA,4.0,1.0,1.0,1.0,1.0,2.0,2,1.0,1.0,1.0,1.0,False,Male,23_29
683,1.0,2.0,1.0,East Asia & Pacific (excluding high income),1.0,1.0,1.0,2.0,2.0,,,1,,,,,1.0,40.0,2021,,186769721,1,,58246340.0,1.0,,3.0,7.0,1.0,,0.138056999,2.0,2.0,Q2,,1.0,1.0,1.0,,,1.0,Thailand,1.0,1,,,,,,4.0,,1.0,1.0,3.0,2.0,,1.0,1.0,,,,1.0,1.0,,THA,4.0,1.0,2.0,1.0,1.0,2.0,1,2.0,1.0,,2.0,False,Female,40_49
684,0.0,2.0,2.0,East Asia & Pacific (excluding high income),2.0,1.0,0.0,2.0,2.0,2.0,,1,,,,,2.0,19.0,2021,,131754846,1,,58246340.0,,,5.0,2.0,,,0.223577762,2.0,2.0,Q3,,2.0,2.0,1.0,,,2.0,Thailand,2.0,1,,,4.0,,,4.0,,0.0,0.0,,2.0,1.0,2.0,2.0,,2.0,,0.0,,,THA,4.0,2.0,2.0,4.0,2.0,2.0,1,,2.0,,2.0,False,Female,18_22
685,1.0,2.0,1.0,East Asia & Pacific (excluding high income),1.0,2.0,1.0,2.0,2.0,1.0,1.0,1,,,,,1.0,17.0,2021,,174014515,1,,58246340.0,,,2.0,2.0,1.0,,1.913725473,2.0,,Q5 Highest,,2.0,1.0,2.0,,,1.0,Thailand,2.0,2,,,4.0,,2.0,4.0,,1.0,0.0,1.0,2.0,,2.0,,,1.0,1.0,1.0,,,THA,4.0,4.0,2.0,4.0,1.0,2.0,1,,1.0,1.0,,False,Female,17_or_less
686,1.0,2.0,1.0,East Asia & Pacific (excluding high income),1.0,1.0,1.0,2.0,2.0,3.0,1.0,1,,,,,1.0,47.0,2021,,142646280,1,,58246340.0,1.0,,3.0,1.0,1.0,2.0,0.375144201,2.0,2.0,Q5 Highest,,2.0,1.0,1.0,,2.0,1.0,Thailand,1.0,1,,,2.0,,2.0,1.0,2.0,1.0,1.0,3.0,2.0,,1.0,1.0,,3.0,1.0,1.0,2.0,1.0,THA,4.0,1.0,1.0,1.0,1.0,2.0,2,1.0,1.0,2.0,1.0,False,Male,40_49
687,1.0,2.0,2.0,East Asia & Pacific (excluding high income),1.0,2.0,1.0,2.0,2.0,3.0,,1,,,,,2.0,34.0,2021,,199577113,1,,58246340.0,,,3.0,2.0,,,0.378230119,1.0,,Q3,,1.0,2.0,1.0,,,1.0,Thailand,2.0,2,,,,,,4.0,,1.0,1.0,,2.0,,1.0,,,3.0,,1.0,1.0,,THA,4.0,4.0,2.0,1.0,1.0,2.0,1,2.0,2.0,,,False,Female,30_39
688,1.0,2.0,2.0,East Asia & Pacific (excluding high income),1.0,1.0,1.0,1.0,2.0,3.0,,1,,,,,2.0,85.0,2021,,170688339,1,,58246340.0,,,3.0,2.0,,,0.138056999,2.0,2.0,Q5 Highest,,1.0,2.0,2.0,,,1.0,Thailand,2.0,1,,,,,,4.0,,0.0,0.0,,2.0,,2.0,1.0,,3.0,,0.0,2.0,,THA,4.0,1.0,2.0,4.0,2.0,2.0,1,1.0,2.0,,2.0,False,Female,70_plus
689,1.0,2.0,1.0,East Asia & Pacific (excluding high income),1.0,2.0,1.0,2.0,2.0,3.0,1.0,1,,,,,1.0,32.0,2021,,165328227,1,,58246340.0,1.0,,3.0,2.0,1.0,2.0,0.305462307,2.0,,Q5 Highest,,2.0,1.0,1.0,,2.0,1.0,Thailand,1.0,2,,,2.0,,1.0,1.0,2.0,1.0,1.0,3.0,2.0,,1.0,,,3.0,1.0,1.0,1.0,1.0,THA,4.0,4.0,1.0,1.0,1.0,2.0,2,2.0,1.0,1.0,,False,Male,30_39
690,1.0,2.0,1.0,East Asia & Pacific (excluding high income),2.0,2.0,0.0,2.0,2.0,3.0,1.0,1,,,,,1.0,50.0,2021,,151907985,1,,58246340.0,,,2.0,3.0,1.0,,0.353824578,2.0,1.0,Q2,,1.0,1.0,1.0,,,2.0,Thailand,2.0,1,,,1.0,,2.0,4.0,,1.0,0.0,2.0,2.0,,1.0,,,1.0,1.0,1.0,1.0,,THA,4.0,4.0,2.0,1.0,1.0,2.0,1,2.0,1.0,1.0,,False,Female,50_59
691,0.0,2.0,4.0,East Asia & Pacific (excluding high income),4.0,4.0,1.0,4.0,4.0,,,0,,4.0,,4.0,,58.0,2021,4.0,159301512,0,4.0,58246340.0,,,5.0,9.0,,,0.177691554,4.0,,Q3,,4.0,,1.0,4.0,,1.0,Thailand,,4,4.0,4.0,,,,5.0,,0.0,0.0,,4.0,,4.0,,,,,0.0,,,THA,5.0,5.0,4.0,5.0,,4.0,1,,4.0,,,False,Female,50_59
692,1.0,2.0,1.0,East Asia & Pacific (excluding high income),1.0,1.0,1.0,2.0,2.0,3.0,1.0,1,,,,,1.0,58.0,2021,,141892346,1,,58246340.0,1.0,,3.0,1.0,1.0,2.0,0.280337521,2.0,,Q5 Highest,,1.0,1.0,1.0,,2.0,1.0,Thailand,1.0,2,,,2.0,,2.0,1.0,2.0,1.0,1.0,3.0,2.0,,2.0,1.0,,3.0,1.0,1.0,,1.0,THA,4.0,1.0,1.0,4.0,1.0,2.0,2,,1.0,1.0,1.0,False,Male,50_59
693,1.0,2.0,1.0,East Asia & Pacific (excluding high income),1.0,1.0,1.0,2.0,2.0,1.0,1.0,1,,,,,1.0,33.0,2021,,156224215,1,,58246340.0,,,1.0,2.0,1.0,,1.550371692,1.0,2.0,Q5 Highest,1.0,1.0,1.0,1.0,,2.0,2.0,Thailand,2.0,1,,,1.0,,2.0,2.0,2.0,1.0,1.0,2.0,2.0,1.0,1.0,2.0,,1.0,1.0,1.0,1.0,2.0,THA,4.0,2.0,1.0,1.0,1.0,2.0,2,2.0,1.0,1.0,2.0,False,Male,30_39
694,1.0,2.0,1.0,East Asia & Pacific (excluding high income),1.0,1.0,1.0,2.0,1.0,3.0,1.0,1,1.0,,1.0,,1.0,55.0,2021,,149333736,1,,58246340.0,2.0,,2.0,2.0,2.0,,0.756295365,2.0,2.0,Q4,,2.0,1.0,1.0,,,1.0,Thailand,1.0,1,,,4.0,,2.0,4.0,,1.0,1.0,3.0,2.0,,1.0,2.0,,3.0,1.0,1.0,1.0,,THA,1.0,1.0,2.0,1.0,1.0,1.0,1,2.0,1.0,2.0,1.0,False,Female,50_59
695,1.0,2.0,2.0,East Asia & Pacific (excluding high income),1.0,2.0,1.0,2.0,2.0,1.0,,1,,,,,2.0,43.0,2021,,138662472,1,,58246340.0,2.0,,1.0,2.0,1.0,2.0,2.225656282,1.0,2.0,Q3,,1.0,2.0,1.0,,2.0,2.0,Thailand,1.0,1,,,2.0,,,1.0,2.0,1.0,1.0,,2.0,,1.0,,,1.0,,1.0,1.0,1.0,THA,4.0,4.0,1.0,1.0,1.0,2.0,1,1.0,2.0,,,False,Female,40_49
696,1.0,2.0,2.0,East Asia & Pacific (excluding high income),1.0,2.0,1.0,2.0,2.0,2.0,,1,,,,,1.0,27.0,2021,,196649878,1,,58246340.0,,,2.0,2.0,2.0,,0.543671672,1.0,,Q4,,2.0,1.0,1.0,,,2.0,Thailand,2.0,2,,,,,,4.0,,1.0,1.0,,2.0,,1.0,,,1.0,,0.0,2.0,,THA,4.0,4.0,2.0,1.0,1.0,2.0,2,1.0,2.0,,,False,Male,23_29
697,1.0,2.0,1.0,East Asia & Pacific (excluding high income),1.0,2.0,1.0,2.0,1.0,3.0,,1,1.0,,1.0,,1.0,,2021,,122943266,1,,58246340.0,1.0,,3.0,1.0,1.0,2.0,0.138056999,2.0,1.0,Q5 Highest,,2.0,1.0,1.0,,2.0,1.0,Thailand,1.0,1,,,,,,1.0,1.0,1.0,1.0,1.0,2.0,,2.0,,,3.0,,1.0,,1.0,THA,1.0,4.0,1.0,4.0,1.0,2.0,2,,2.0,,,False,Male,
698,1.0,2.0,1.0,East Asia & Pacific (excluding high income),1.0,2.0,1.0,2.0,1.0,3.0,1.0,1,1.0,,1.0,,1.0,24.0,2021,,164299301,1,,58246340.0,,,2.0,2.0,1.0,2.0,1.881650921,1.0,1.0,Q4,,1.0,1.0,1.0,,1.0,1.0,Thailand,2.0,1,,,2.0,,2.0,1.0,2.0,1.0,1.0,3.0,2.0,,1.0,,,1.0,1.0,1.0,1.0,1.0,THA,1.0,4.0,1.0,1.0,1.0,2.0,2,2.0,1.0,1.0,,False,Male,23_29
699,1.0,2.0,1.0,East Asia & Pacific (excluding high income),1.0,1.0,1.0,2.0,2.0,3.0,1.0,1,,,,,1.0,27.0,2021,,162379788,1,,58246340.0,1.0,,3.0,2.0,1.0,2.0,0.138056999,2.0,1.0,Q5 Highest,,1.0,1.0,1.0,,2.0,2.0,Thailand,1.0,1,,,3.0,,2.0,1.0,2.0,1.0,1.0,3.0,2.0,,1.0,1.0,,3.0,1.0,1.0,2.0,1.0,THA,4.0,1.0,1.0,1.0,1.0,1.0,2,1.0,1.0,1.0,1.0,False,Male,23_29
700,1.0,2.0,1.0,East Asia & Pacific (excluding high income),1.0,2.0,1.0,2.0,2.0,2.0,,1,,,,,1.0,33.0,2021,,164836652,1,,58246340.0,,,2.0,2.0,2.0,2.0,4.04172194,2.0,2.0,Q3,,2.0,1.0,1.0,,2.0,1.0,Thailand,2.0,1,,,4.0,,,1.0,2.0,1.0,0.0,1.0,2.0,,1.0,,,2.0,,1.0,1.0,1.0,THA,4.0,4.0,1.0,1.0,1.0,2.0,1,2.0,2.0,,,False,Female,30_39
701,1.0,2.0,1.0,East Asia & Pacific (excluding high income),1.0,1.0,1.0,2.0,2.0,3.0,2.0,1,,,,,1.0,28.0,2021,,137980565,1,,58246340.0,,,1.0,2.0,1.0,,1.407413836,2.0,2.0,Q4,,1.0,1.0,1.0,,,2.0,Thailand,2.0,1,,,,,2.0,4.0,,1.0,0.0,3.0,1.0,,1.0,2.0,2.0,3.0,1.0,1.0,1.0,,THA,4.0,1.0,2.0,1.0,1.0,2.0,1,2.0,1.0,1.0,1.0,False,Female,23_29
702,1.0,2.0,1.0,East Asia & Pacific (excluding high income),1.0,1.0,1.0,2.0,2.0,3.0,,1,,,,,1.0,40.0,2021,,165055622,1,,58246340.0,1.0,,3.0,1.0,1.0,,0.40375985,2.0,1.0,Q3,,1.0,1.0,1.0,,,1.0,Thailand,1.0,1,,,2.0,,,4.0,,1.0,1.0,3.0,1.0,,1.0,1.0,2.0,3.0,,1.0,1.0,,THA,4.0,1.0,2.0,1.0,1.0,2.0,1,1.0,1.0,,1.0,False,Female,40_49
703,1.0,2.0,2.0,East Asia & Pacific (excluding high income),2.0,1.0,1.0,2.0,2.0,1.0,,1,,,,,1.0,42.0,2021,,113252710,1,,58246340.0,,,1.0,2.0,1.0,,2.359762718,2.0,2.0,Q3,,2.0,1.0,1.0,,,2.0,Thailand,2.0,1,,,3.0,,,4.0,,0.0,0.0,,2.0,1.0,2.0,2.0,,1.0,,0.0,,,THA,4.0,2.0,2.0,4.0,1.0,2.0,2,,1.0,,2.0,False,Male,40_49
704,1.0,2.0,1.0,East Asia & Pacific (excluding high income),1.0,1.0,1.0,2.0,2.0,3.0,,1,,,,,1.0,45.0,2021,,191033872,1,,58246340.0,1.0,1.0,3.0,2.0,1.0,2.0,0.253886452,1.0,2.0,Q5 Highest,,1.0,1.0,1.0,,2.0,1.0,Thailand,1.0,1,,,3.0,,,1.0,2.0,1.0,1.0,1.0,2.0,,1.0,2.0,,2.0,,0.0,2.0,1.0,THA,4.0,1.0,1.0,2.0,1.0,2.0,2,2.0,1.0,,1.0,False,Male,40_49
705,1.0,2.0,1.0,East Asia & Pacific (excluding high income),1.0,1.0,1.0,2.0,2.0,3.0,2.0,1,,,,,1.0,50.0,2021,,154107257,1,,58246340.0,1.0,,3.0,1.0,1.0,2.0,0.589752531,2.0,1.0,Q5 Highest,,1.0,1.0,1.0,,2.0,1.0,Thailand,1.0,1,,,,,2.0,1.0,2.0,1.0,1.0,1.0,2.0,,1.0,1.0,,3.0,1.0,1.0,1.0,1.0,THA,4.0,1.0,1.0,1.0,1.0,2.0,2,2.0,1.0,3.0,2.0,False,Male,50_59
706,1.0,2.0,1.0,East Asia & Pacific (excluding high income),1.0,1.0,1.0,1.0,2.0,1.0,,1,,,,,1.0,31.0,2021,,163230430,1,,58246340.0,,,2.0,3.0,1.0,,1.829258135,1.0,,Q1 Lowest,,2.0,1.0,1.0,,,1.0,Thailand,2.0,2,,,3.0,,,4.0,,1.0,1.0,1.0,2.0,,1.0,2.0,,1.0,,1.0,1.0,,THA,4.0,1.0,2.0,1.0,1.0,2.0,2,1.0,1.0,,1.0,False,Male,30_39
707,1.0,2.0,1.0,East Asia & Pacific (excluding high income),1.0,1.0,1.0,1.0,2.0,,,1,,,,,1.0,60.0,2021,,133041587,1,,58246340.0,1.0,,3.0,8.0,1.0,,0.180121351,2.0,1.0,Q5 Highest,,2.0,1.0,1.0,,,1.0,Thailand,1.0,1,,,,,,4.0,,1.0,1.0,3.0,2.0,,1.0,1.0,,,,1.0,1.0,,THA,4.0,1.0,2.0,1.0,1.0,2.0,1,1.0,2.0,,2.0,False,Female,60_69
708,1.0,2.0,1.0,East Asia & Pacific (excluding high income),1.0,2.0,1.0,2.0,2.0,1.0,1.0,1,,,,,1.0,44.0,2021,,143748635,1,,58246340.0,,,3.0,6.0,2.0,,0.197080187,1.0,2.0,Q3,,1.0,1.0,1.0,,,2.0,Thailand,2.0,1,,,,,2.0,4.0,,0.0,1.0,2.0,2.0,,2.0,,,1.0,2.0,1.0,,,THA,4.0,4.0,2.0,4.0,1.0,2.0,2,,1.0,1.0,,False,Male,40_49
709,1.0,2.0,1.0,East Asia & Pacific (excluding high income),1.0,2.0,1.0,2.0,2.0,1.0,,1,,,,,1.0,26.0,2021,,148503935,1,,58246340.0,,,2.0,2.0,1.0,1.0,1.361901691,1.0,1.0,Q1 Lowest,,1.0,1.0,1.0,,2.0,1.0,Thailand,2.0,1,,,1.0,,,1.0,2.0,1.0,1.0,1.0,1.0,,2.0,,1.0,1.0,,0.0,,1.0,THA,4.0,4.0,1.0,4.0,1.0,2.0,1,,1.0,,,False,Female,23_29
710,1.0,2.0,2.0,East Asia & Pacific (excluding high income),1.0,1.0,1.0,2.0,2.0,2.0,,1,,,,,2.0,19.0,2021,,160682358,1,,58246340.0,1.0,,1.0,2.0,,,1.815721899,1.0,2.0,Q3,1.0,1.0,2.0,1.0,,2.0,1.0,Thailand,1.0,1,,,,,,2.0,2.0,0.0,1.0,,2.0,1.0,2.0,2.0,,2.0,,0.0,,2.0,THA,4.0,2.0,1.0,4.0,2.0,2.0,2,,2.0,,2.0,False,Male,18_22
711,1.0,2.0,1.0,East Asia & Pacific (excluding high income),1.0,1.0,1.0,2.0,2.0,2.0,,1,,,,,1.0,34.0,2021,,152677155,1,,58246340.0,,,3.0,2.0,1.0,2.0,0.782865577,1.0,1.0,Q3,,1.0,1.0,1.0,,1.0,1.0,Thailand,2.0,1,,,2.0,,,1.0,2.0,1.0,1.0,2.0,2.0,1.0,1.0,2.0,,2.0,,1.0,1.0,1.0,THA,4.0,2.0,1.0,1.0,1.0,2.0,2,1.0,1.0,,2.0,False,Male,30_39
712,1.0,2.0,1.0,East Asia & Pacific (excluding high income),1.0,1.0,1.0,2.0,2.0,2.0,,1,,,,,1.0,38.0,2021,,131547724,1,,58246340.0,,,2.0,2.0,1.0,2.0,1.815579024,2.0,1.0,Q1 Lowest,,1.0,1.0,1.0,,1.0,2.0,Thailand,2.0,1,,,1.0,,,1.0,2.0,1.0,0.0,2.0,2.0,,1.0,1.0,,1.0,,1.0,1.0,1.0,THA,4.0,1.0,1.0,1.0,1.0,2.0,1,1.0,2.0,,2.0,False,Female,30_39
713,1.0,2.0,1.0,East Asia & Pacific (excluding high income),2.0,2.0,1.0,2.0,2.0,2.0,1.0,1,,,,,1.0,19.0,2021,,161869703,1,,58246340.0,,,2.0,2.0,1.0,1.0,3.987921876,2.0,2.0,Q2,,1.0,1.0,2.0,,2.0,2.0,Thailand,2.0,1,,,1.0,,2.0,1.0,2.0,1.0,0.0,1.0,2.0,,2.0,,,1.0,2.0,1.0,,1.0,THA,4.0,4.0,1.0,4.0,1.0,2.0,2,,2.0,1.0,,False,Male,18_22
714,1.0,2.0,1.0,East Asia & Pacific (excluding high income),1.0,2.0,1.0,2.0,2.0,,1.0,1,,,,,1.0,35.0,2021,,202188888,1,,58246340.0,1.0,,3.0,9.0,1.0,,0.184025151,4.0,2.0,Q5 Highest,,4.0,1.0,1.0,,,1.0,Thailand,1.0,1,,,,,2.0,5.0,,1.0,1.0,3.0,4.0,,4.0,,,,1.0,1.0,,,THA,4.0,4.0,4.0,5.0,1.0,4.0,2,,1.0,1.0,,False,Male,30_39
715,1.0,2.0,1.0,East Asia & Pacific (excluding high income),1.0,1.0,1.0,2.0,1.0,3.0,1.0,1,2.0,,2.0,,1.0,30.0,2021,,192759079,1,,58246340.0,,,1.0,4.0,1.0,,1.263186975,2.0,2.0,Q3,,1.0,1.0,1.0,,,1.0,Thailand,2.0,1,,,3.0,1.0,1.0,4.0,,1.0,1.0,3.0,2.0,1.0,1.0,2.0,,1.0,1.0,1.0,1.0,,THA,2.0,2.0,2.0,1.0,1.0,2.0,2,1.0,2.0,1.0,2.0,False,Male,30_39
716,1.0,2.0,1.0,East Asia & Pacific (excluding high income),2.0,1.0,1.0,2.0,2.0,1.0,,1,,,,,1.0,40.0,2021,,169812392,1,,58246340.0,,,3.0,2.0,2.0,2.0,0.173566915,1.0,2.0,Q2,,2.0,1.0,1.0,,2.0,1.0,Thailand,2.0,1,,,3.0,,,1.0,2.0,1.0,1.0,2.0,2.0,,1.0,1.0,,2.0,,1.0,1.0,1.0,THA,4.0,1.0,1.0,1.0,1.0,2.0,1,2.0,1.0,,1.0,False,Female,40_49
717,1.0,2.0,1.0,East Asia & Pacific (excluding high income),2.0,1.0,1.0,2.0,2.0,3.0,1.0,1,,,,,1.0,36.0,2021,,184453914,1,,58246340.0,1.0,,3.0,4.0,1.0,2.0,0.180142039,1.0,1.0,Q5 Highest,,2.0,1.0,1.0,,1.0,2.0,Thailand,1.0,1,,,,,1.0,1.0,2.0,1.0,1.0,1.0,2.0,,1.0,1.0,,3.0,1.0,1.0,1.0,1.0,THA,4.0,1.0,1.0,1.0,1.0,1.0,2,1.0,1.0,1.0,1.0,False,Male,30_39
718,1.0,2.0,1.0,East Asia & Pacific (excluding high income),1.0,1.0,1.0,2.0,2.0,2.0,1.0,1,,,,,1.0,18.0,2021,,127757745,1,,58246340.0,,,2.0,2.0,1.0,,0.679821138,2.0,,Q4,,2.0,1.0,1.0,,,2.0,Thailand,2.0,2,,,4.0,,2.0,4.0,,1.0,0.0,1.0,2.0,,1.0,1.0,,1.0,1.0,1.0,2.0,,THA,4.0,1.0,2.0,1.0,1.0,2.0,2,1.0,1.0,1.0,1.0,False,Male,18_22
719,1.0,1.0,2.0,East Asia & Pacific (excluding high income),2.0,1.0,0.0,2.0,2.0,3.0,,1,,,,,1.0,40.0,2021,,117210309,1,,58246340.0,,,1.0,4.0,,,0.393040306,1.0,2.0,Q2,,1.0,1.0,1.0,,,2.0,Thailand,2.0,1,,,4.0,,,4.0,,1.0,1.0,,2.0,1.0,1.0,2.0,,3.0,,1.0,1.0,,THA,4.0,2.0,2.0,1.0,2.0,1.0,2,1.0,2.0,,2.0,False,Male,40_49
720,1.0,2.0,1.0,East Asia & Pacific (excluding high income),1.0,1.0,1.0,2.0,2.0,3.0,,1,,,,,1.0,50.0,2021,,206195254,1,,58246340.0,2.0,,3.0,2.0,2.0,2.0,0.370083591,1.0,1.0,Q5 Highest,,1.0,1.0,1.0,,2.0,2.0,Thailand,1.0,1,,,1.0,,,1.0,2.0,1.0,1.0,1.0,2.0,,1.0,1.0,,2.0,,1.0,1.0,1.0,THA,4.0,1.0,1.0,1.0,1.0,2.0,2,1.0,1.0,,1.0,False,Male,50_59
721,1.0,2.0,1.0,East Asia & Pacific (excluding high income),2.0,1.0,0.0,2.0,2.0,3.0,,1,,,,,1.0,45.0,2021,,156233073,1,,58246340.0,,,2.0,2.0,1.0,2.0,1.264579291,1.0,1.0,Q3,,1.0,1.0,2.0,,1.0,2.0,Thailand,2.0,1,,,1.0,,,1.0,2.0,1.0,1.0,1.0,2.0,,1.0,1.0,,3.0,,1.0,1.0,1.0,THA,4.0,1.0,1.0,1.0,1.0,2.0,1,1.0,1.0,,1.0,False,Female,40_49
722,1.0,2.0,1.0,East Asia & Pacific (excluding high income),1.0,1.0,1.0,2.0,2.0,2.0,,1,,,,,1.0,40.0,2021,,133722924,1,,58246340.0,,2.0,2.0,2.0,1.0,,0.167033585,1.0,2.0,Q4,,2.0,1.0,1.0,,,2.0,Thailand,2.0,1,,,4.0,,,4.0,,1.0,1.0,1.0,2.0,1.0,1.0,2.0,,2.0,,0.0,2.0,,THA,4.0,2.0,2.0,1.0,1.0,2.0,2,2.0,1.0,,2.0,False,Male,40_49
723,1.0,2.0,1.0,East Asia & Pacific (excluding high income),2.0,1.0,1.0,2.0,2.0,3.0,,1,,,,,1.0,23.0,2021,,200993791,1,,58246340.0,,,3.0,1.0,2.0,2.0,0.169917852,2.0,1.0,Q4,,1.0,1.0,1.0,,2.0,1.0,Thailand,2.0,1,,,,,,1.0,1.0,1.0,0.0,3.0,2.0,1.0,1.0,2.0,,3.0,,1.0,1.0,1.0,THA,4.0,2.0,1.0,1.0,1.0,2.0,2,2.0,2.0,,2.0,False,Male,23_29
724,1.0,2.0,2.0,East Asia & Pacific (excluding high income),1.0,1.0,1.0,2.0,2.0,3.0,,1,,,,,1.0,34.0,2021,,172090164,1,,58246340.0,1.0,,3.0,4.0,2.0,2.0,0.327132288,2.0,2.0,Q4,,2.0,1.0,1.0,,2.0,1.0,Thailand,1.0,1,,,1.0,,,1.0,2.0,0.0,1.0,,2.0,,2.0,1.0,,3.0,,0.0,,1.0,THA,4.0,1.0,1.0,4.0,1.0,2.0,2,,1.0,,1.0,False,Male,30_39
725,0.0,2.0,2.0,East Asia & Pacific (excluding high income),2.0,1.0,0.0,4.0,4.0,,,0,,2.0,,2.0,,65.0,2021,1.0,189414126,0,2.0,58246340.0,,,3.0,9.0,,,5.137413534,2.0,,Q5 Highest,,1.0,,2.0,1.0,,2.0,Thailand,,2,2.0,1.0,,,,4.0,,0.0,0.0,,2.0,1.0,4.0,2.0,,,,0.0,,,THA,5.0,2.0,2.0,5.0,,2.0,1,,2.0,,2.0,False,Female,60_69
726,1.0,2.0,1.0,East Asia & Pacific (excluding high income),1.0,1.0,1.0,2.0,2.0,3.0,1.0,1,,,,,1.0,30.0,2021,,116256278,1,,58246340.0,2.0,,3.0,2.0,1.0,,0.237582771,2.0,,Q4,2.0,1.0,1.0,1.0,,2.0,1.0,Thailand,1.0,2,,,,,2.0,3.0,2.0,1.0,0.0,3.0,2.0,,1.0,2.0,,3.0,1.0,1.0,1.0,2.0,THA,4.0,1.0,1.0,1.0,1.0,2.0,2,2.0,1.0,1.0,1.0,False,Male,30_39
727,0.0,2.0,2.0,East Asia & Pacific (excluding high income),2.0,1.0,0.0,2.0,2.0,3.0,,1,,,,,2.0,23.0,2021,,142108000,1,,58246340.0,,,2.0,5.0,2.0,,5.714441691,2.0,,Q4,,2.0,2.0,2.0,,,2.0,Thailand,2.0,2,,,,,,4.0,,0.0,0.0,,2.0,1.0,2.0,2.0,,3.0,,0.0,,,THA,4.0,2.0,2.0,4.0,1.0,2.0,1,,2.0,,2.0,False,Female,23_29
728,1.0,2.0,1.0,East Asia & Pacific (excluding high income),1.0,2.0,1.0,2.0,2.0,3.0,1.0,1,,,,,1.0,18.0,2021,,127103081,1,,58246340.0,,,1.0,2.0,1.0,2.0,2.673407595,2.0,,Q3,,1.0,1.0,1.0,,2.0,2.0,Thailand,2.0,2,,,,,2.0,1.0,2.0,1.0,0.0,1.0,2.0,,1.0,,,2.0,1.0,1.0,1.0,1.0,THA,4.0,4.0,1.0,1.0,1.0,2.0,1,1.0,1.0,1.0,,False,Female,18_22
729,1.0,2.0,1.0,East Asia & Pacific (excluding high income),1.0,1.0,1.0,2.0,2.0,3.0,1.0,1,,,,,1.0,24.0,2021,,155080057,1,,58246340.0,2.0,2.0,3.0,4.0,1.0,,0.292003301,2.0,1.0,Q4,,1.0,1.0,1.0,,,1.0,Thailand,1.0,1,,,,,1.0,4.0,,1.0,1.0,1.0,1.0,,1.0,1.0,1.0,3.0,1.0,1.0,2.0,,THA,4.0,1.0,2.0,3.0,2.0,2.0,1,2.0,1.0,1.0,1.0,False,Female,23_29
730,1.0,2.0,1.0,East Asia & Pacific (excluding high income),1.0,1.0,1.0,2.0,2.0,1.0,,1,,,,,1.0,44.0,2021,,187338443,1,,58246340.0,,,2.0,2.0,2.0,1.0,2.192996488,1.0,2.0,Q1 Lowest,,1.0,1.0,2.0,,2.0,2.0,Thailand,2.0,1,,,4.0,,,1.0,2.0,0.0,1.0,2.0,2.0,,1.0,1.0,,1.0,,1.0,1.0,1.0,THA,4.0,1.0,1.0,1.0,1.0,2.0,1,1.0,1.0,,1.0,False,Female,40_49
731,1.0,2.0,4.0,East Asia & Pacific (excluding high income),4.0,1.0,1.0,2.0,2.0,2.0,,1,,,,,4.0,46.0,2021,,165187139,1,,58246340.0,,,3.0,3.0,,,0.381592008,2.0,1.0,Q5 Highest,1.0,2.0,1.0,1.0,,4.0,1.0,Thailand,4.0,1,,,3.0,,,2.0,2.0,1.0,0.0,,4.0,4.0,1.0,2.0,,2.0,,0.0,4.0,4.0,THA,4.0,3.0,1.0,1.0,4.0,2.0,1,1.0,4.0,,4.0,False,Female,40_49
732,1.0,2.0,1.0,East Asia & Pacific (excluding high income),1.0,1.0,1.0,2.0,2.0,3.0,,1,,,,,1.0,63.0,2021,,133890246,1,,58246340.0,1.0,,2.0,1.0,1.0,2.0,0.138056999,2.0,2.0,Q5 Highest,,2.0,1.0,1.0,,2.0,1.0,Thailand,1.0,1,,,,,,1.0,1.0,1.0,1.0,2.0,2.0,1.0,1.0,2.0,,3.0,,0.0,2.0,1.0,THA,4.0,2.0,1.0,1.0,1.0,1.0,2,1.0,2.0,,2.0,False,Male,60_69
733,1.0,2.0,1.0,East Asia & Pacific (excluding high income),2.0,1.0,1.0,2.0,2.0,3.0,1.0,1,,,,,1.0,35.0,2021,,150646483,1,,58246340.0,,,2.0,2.0,1.0,2.0,1.815579024,1.0,2.0,Q2,,1.0,1.0,1.0,,1.0,1.0,Thailand,2.0,1,,,1.0,,2.0,1.0,2.0,1.0,1.0,2.0,1.0,,1.0,2.0,2.0,2.0,1.0,1.0,1.0,1.0,THA,4.0,1.0,1.0,1.0,1.0,2.0,1,2.0,1.0,1.0,1.0,False,Female,30_39
734,1.0,2.0,1.0,East Asia & Pacific (excluding high income),2.0,1.0,1.0,2.0,1.0,1.0,2.0,1,2.0,,2.0,,2.0,48.0,2021,,200662474,1,,58246340.0,,,2.0,3.0,1.0,,0.412110893,1.0,1.0,Q4,,1.0,1.0,1.0,,,2.0,Thailand,2.0,1,,,,1.0,2.0,4.0,,1.0,1.0,3.0,2.0,,1.0,1.0,,3.0,1.0,1.0,1.0,,THA,2.0,1.0,2.0,1.0,1.0,2.0,1,1.0,1.0,2.0,1.0,False,Female,40_49
735,1.0,2.0,1.0,East Asia & Pacific (excluding high income),2.0,1.0,0.0,2.0,2.0,3.0,,1,,,,,1.0,40.0,2021,,208145018,1,,58246340.0,1.0,,2.0,2.0,1.0,2.0,2.829808776,1.0,2.0,Q4,,1.0,1.0,1.0,,3.0,2.0,Thailand,1.0,1,,,4.0,,,1.0,2.0,1.0,1.0,3.0,2.0,,1.0,1.0,,3.0,,1.0,1.0,1.0,THA,4.0,1.0,1.0,1.0,1.0,1.0,2,2.0,1.0,,1.0,False,Male,40_49
736,1.0,2.0,2.0,East Asia & Pacific (excluding high income),2.0,1.0,0.0,2.0,2.0,,,1,,,,,2.0,46.0,2021,,135558752,1,,58246340.0,,2.0,1.0,7.0,,,5.714441691,2.0,,Q1 Lowest,2.0,2.0,2.0,2.0,,2.0,2.0,Thailand,2.0,2,,,4.0,,,3.0,2.0,0.0,0.0,,2.0,1.0,1.0,2.0,,,,0.0,2.0,2.0,THA,4.0,2.0,1.0,3.0,2.0,2.0,1,2.0,2.0,,2.0,False,Female,40_49
737,1.0,2.0,1.0,East Asia & Pacific (excluding high income),2.0,1.0,1.0,2.0,1.0,3.0,1.0,1,2.0,,2.0,,1.0,36.0,2021,,195564584,1,,58246340.0,1.0,,1.0,4.0,1.0,2.0,4.124937688,2.0,1.0,Q5 Highest,,1.0,1.0,1.0,,2.0,1.0,Thailand,1.0,1,,,2.0,1.0,2.0,1.0,2.0,1.0,1.0,1.0,2.0,,1.0,1.0,,1.0,1.0,1.0,1.0,1.0,THA,2.0,1.0,1.0,1.0,1.0,1.0,2,1.0,1.0,2.0,1.0,False,Male,30_39
738,1.0,2.0,1.0,East Asia & Pacific (excluding high income),1.0,1.0,1.0,2.0,2.0,3.0,,1,,,,,1.0,33.0,2021,,192076474,1,,58246340.0,1.0,,3.0,4.0,1.0,,0.521688912,2.0,1.0,Q4,,1.0,1.0,1.0,,,1.0,Thailand,1.0,1,,,,,,4.0,,1.0,1.0,1.0,2.0,,1.0,1.0,,3.0,,1.0,1.0,,THA,4.0,1.0,2.0,1.0,1.0,2.0,2,2.0,1.0,,1.0,False,Male,30_39
739,1.0,2.0,1.0,East Asia & Pacific (excluding high income),1.0,1.0,1.0,2.0,2.0,3.0,1.0,1,,,,,1.0,58.0,2021,,177795753,1,,58246340.0,1.0,,5.0,2.0,3.0,,0.70906667,2.0,1.0,Q3,,1.0,1.0,2.0,,,1.0,Thailand,1.0,1,,,,,2.0,4.0,,1.0,1.0,1.0,2.0,,2.0,1.0,,3.0,1.0,1.0,,,THA,4.0,1.0,2.0,4.0,1.0,2.0,1,,1.0,1.0,1.0,False,Female,50_59
740,1.0,2.0,1.0,East Asia & Pacific (excluding high income),1.0,1.0,1.0,2.0,2.0,1.0,1.0,1,,,,,1.0,55.0,2021,,190015236,1,,58246340.0,1.0,,1.0,2.0,,2.0,0.809948157,1.0,2.0,Q5 Highest,,2.0,1.0,1.0,,1.0,1.0,Thailand,1.0,1,,,1.0,,2.0,1.0,2.0,1.0,1.0,1.0,2.0,1.0,1.0,2.0,,1.0,1.0,1.0,1.0,1.0,THA,4.0,2.0,1.0,1.0,1.0,2.0,1,1.0,1.0,1.0,2.0,False,Female,50_59
741,1.0,2.0,2.0,East Asia & Pacific (excluding high income),1.0,1.0,1.0,2.0,1.0,2.0,,1,2.0,,1.0,,1.0,29.0,2021,,183061818,1,,58246340.0,,,1.0,2.0,1.0,,4.285255017,2.0,2.0,Q2,,2.0,1.0,1.0,,,2.0,Thailand,2.0,1,,,2.0,,,4.0,,1.0,0.0,,2.0,1.0,1.0,2.0,,2.0,,1.0,1.0,,THA,1.0,2.0,2.0,1.0,1.0,2.0,2,1.0,2.0,,2.0,False,Male,23_29
742,1.0,2.0,1.0,East Asia & Pacific (excluding high income),1.0,1.0,1.0,2.0,1.0,3.0,1.0,1,1.0,,1.0,,1.0,39.0,2021,,152081642,1,,58246340.0,2.0,,3.0,5.0,1.0,2.0,0.138056999,2.0,1.0,Q4,,1.0,1.0,1.0,,2.0,1.0,Thailand,1.0,1,,,2.0,,2.0,1.0,1.0,1.0,0.0,1.0,2.0,,2.0,1.0,,3.0,1.0,1.0,,1.0,THA,1.0,1.0,1.0,4.0,1.0,2.0,1,,1.0,1.0,1.0,False,Female,30_39
743,1.0,2.0,1.0,East Asia & Pacific (excluding high income),2.0,1.0,0.0,2.0,2.0,3.0,1.0,1,,,,,1.0,32.0,2021,,115505695,1,,58246340.0,,,3.0,2.0,1.0,,0.480900361,1.0,1.0,Q3,,1.0,1.0,1.0,,,2.0,Thailand,2.0,1,,,2.0,,2.0,4.0,,1.0,1.0,3.0,2.0,,2.0,2.0,,3.0,1.0,1.0,,,THA,4.0,1.0,2.0,4.0,1.0,2.0,2,,1.0,1.0,1.0,False,Male,30_39
744,1.0,2.0,1.0,East Asia & Pacific (excluding high income),2.0,1.0,0.0,2.0,2.0,3.0,,1,,,,,1.0,36.0,2021,,198489204,1,,58246340.0,,2.0,3.0,2.0,,,0.138056999,2.0,1.0,Q5 Highest,,2.0,1.0,1.0,,,2.0,Thailand,2.0,1,,,,,,4.0,,1.0,0.0,3.0,2.0,,1.0,2.0,,3.0,,0.0,2.0,,THA,4.0,1.0,2.0,3.0,1.0,2.0,2,2.0,1.0,,1.0,False,Male,30_39
745,1.0,2.0,2.0,East Asia & Pacific (excluding high income),2.0,2.0,1.0,2.0,2.0,3.0,,1,,,,,2.0,43.0,2021,,173207570,1,,58246340.0,,,3.0,1.0,2.0,2.0,0.138056999,2.0,2.0,Q5 Highest,,1.0,2.0,1.0,,2.0,1.0,Thailand,2.0,1,,,,,,1.0,1.0,0.0,0.0,,2.0,,2.0,,,3.0,,0.0,,1.0,THA,4.0,4.0,1.0,4.0,1.0,2.0,2,,2.0,,,False,Male,40_49
746,1.0,2.0,1.0,East Asia & Pacific (excluding high income),1.0,1.0,1.0,2.0,1.0,3.0,1.0,1,2.0,,2.0,,1.0,52.0,2021,,197422193,1,,58246340.0,1.0,,3.0,1.0,1.0,2.0,0.594759246,2.0,1.0,Q4,,1.0,1.0,1.0,,2.0,1.0,Thailand,1.0,1,,,2.0,2.0,2.0,1.0,2.0,1.0,1.0,3.0,2.0,,1.0,2.0,,3.0,1.0,1.0,1.0,1.0,THA,3.0,1.0,1.0,1.0,1.0,2.0,2,1.0,1.0,1.0,1.0,False,Male,50_59
747,1.0,2.0,1.0,East Asia & Pacific (excluding high income),1.0,1.0,1.0,2.0,2.0,3.0,1.0,1,,,,,1.0,41.0,2021,,181949800,1,,58246340.0,1.0,,5.0,1.0,1.0,2.0,0.708411475,2.0,1.0,Q5 Highest,,1.0,1.0,1.0,,2.0,1.0,Thailand,1.0,1,,,,,2.0,1.0,2.0,1.0,1.0,2.0,1.0,,1.0,1.0,1.0,3.0,1.0,1.0,2.0,1.0,THA,4.0,1.0,1.0,1.0,1.0,2.0,1,1.0,1.0,1.0,1.0,False,Female,40_49
748,0.0,2.0,2.0,East Asia & Pacific (excluding high income),2.0,1.0,0.0,2.0,2.0,2.0,,1,,,,,1.0,17.0,2021,,177213171,1,,58246340.0,,1.0,1.0,2.0,2.0,,2.389125295,2.0,,Q1 Lowest,,2.0,2.0,2.0,,,2.0,Thailand,2.0,2,,,1.0,,,4.0,,0.0,0.0,,2.0,1.0,1.0,2.0,,1.0,,0.0,2.0,,THA,4.0,2.0,2.0,2.0,1.0,2.0,1,2.0,2.0,,2.0,False,Female,17_or_less
749,1.0,2.0,1.0,East Asia & Pacific (excluding high income),2.0,1.0,0.0,2.0,2.0,3.0,,1,,,,,1.0,39.0,2021,,144155116,1,,58246340.0,1.0,,5.0,2.0,1.0,,1.041399296,2.0,,Q4,,2.0,1.0,1.0,,,2.0,Thailand,1.0,2,,,2.0,,,4.0,,1.0,1.0,1.0,2.0,,2.0,1.0,,3.0,,0.0,,,THA,4.0,1.0,2.0,4.0,1.0,1.0,1,,1.0,,1.0,False,Female,30_39
750,1.0,2.0,1.0,East Asia & Pacific (excluding high income),1.0,1.0,1.0,2.0,2.0,2.0,1.0,1,,,,,1.0,39.0,2021,,148696852,1,,58246340.0,2.0,,2.0,2.0,2.0,2.0,0.393040306,2.0,2.0,Q1 Lowest,,2.0,1.0,1.0,,1.0,1.0,Thailand,1.0,1,,,1.0,,2.0,1.0,2.0,1.0,0.0,1.0,2.0,1.0,2.0,2.0,,1.0,2.0,1.0,,1.0,THA,4.0,2.0,1.0,4.0,1.0,2.0,2,,2.0,2.0,2.0,False,Male,30_39
751,0.0,2.0,2.0,East Asia & Pacific (excluding high income),2.0,1.0,0.0,2.0,2.0,,,1,,,,,2.0,46.0,2021,,154572537,1,,58246340.0,,,1.0,7.0,,,5.714441691,2.0,,Q1 Lowest,,2.0,2.0,2.0,,,2.0,Thailand,2.0,2,,,4.0,,,4.0,,0.0,0.0,,2.0,1.0,2.0,2.0,,,,0.0,,,THA,4.0,2.0,2.0,4.0,2.0,2.0,1,,2.0,,2.0,False,Female,40_49
752,1.0,2.0,1.0,East Asia & Pacific (excluding high income),1.0,2.0,1.0,2.0,2.0,3.0,,1,,,,,1.0,45.0,2021,,133132042,1,,58246340.0,1.0,,3.0,1.0,2.0,2.0,0.138056999,2.0,2.0,Q4,,2.0,1.0,1.0,,1.0,1.0,Thailand,1.0,1,,,,,,1.0,2.0,1.0,1.0,3.0,2.0,,1.0,,,3.0,,1.0,1.0,1.0,THA,4.0,4.0,1.0,1.0,1.0,2.0,1,1.0,2.0,,,False,Female,40_49
753,1.0,2.0,1.0,East Asia & Pacific (excluding high income),1.0,1.0,1.0,2.0,2.0,3.0,,1,,,,,1.0,60.0,2021,,120298795,1,,58246340.0,,2.0,3.0,1.0,3.0,,0.268300054,2.0,2.0,Q1 Lowest,,2.0,1.0,2.0,,,1.0,Thailand,2.0,1,,,,,,4.0,,1.0,0.0,1.0,2.0,,1.0,1.0,,3.0,,0.0,2.0,,THA,4.0,1.0,2.0,3.0,1.0,2.0,2,2.0,2.0,,2.0,False,Male,60_69
754,1.0,2.0,2.0,East Asia & Pacific (excluding high income),2.0,2.0,0.0,2.0,2.0,,2.0,1,,,,,1.0,48.0,2021,,137674030,1,,58246340.0,1.0,,2.0,7.0,2.0,1.0,0.551480207,2.0,1.0,Q4,,1.0,1.0,1.0,,1.0,2.0,Thailand,1.0,1,,,3.0,,2.0,1.0,2.0,1.0,1.0,,2.0,,1.0,,,,2.0,1.0,1.0,2.0,THA,4.0,4.0,1.0,1.0,1.0,2.0,2,2.0,1.0,2.0,,False,Male,40_49
755,1.0,2.0,1.0,East Asia & Pacific (excluding high income),1.0,1.0,1.0,2.0,1.0,3.0,,1,2.0,,2.0,,1.0,35.0,2021,,154890650,1,,58246340.0,,,3.0,2.0,1.0,,0.138056999,2.0,2.0,Q5 Highest,,2.0,1.0,2.0,,,1.0,Thailand,2.0,1,,,,1.0,,4.0,,1.0,0.0,1.0,2.0,,1.0,1.0,,3.0,,1.0,1.0,,THA,2.0,1.0,2.0,1.0,1.0,2.0,1,1.0,1.0,,1.0,False,Female,30_39
756,1.0,2.0,1.0,East Asia & Pacific (excluding high income),1.0,1.0,1.0,2.0,2.0,3.0,1.0,1,,,,,1.0,30.0,2021,,157811129,1,,58246340.0,1.0,,3.0,1.0,1.0,2.0,0.337552293,2.0,,Q4,,1.0,1.0,1.0,,2.0,1.0,Thailand,1.0,2,,,2.0,,2.0,1.0,2.0,1.0,1.0,1.0,2.0,,1.0,1.0,,3.0,1.0,1.0,1.0,1.0,THA,4.0,1.0,1.0,1.0,1.0,2.0,1,1.0,1.0,1.0,1.0,False,Female,30_39
757,1.0,2.0,1.0,East Asia & Pacific (excluding high income),1.0,1.0,1.0,2.0,2.0,3.0,1.0,1,,,,,1.0,36.0,2021,,162389038,1,,58246340.0,1.0,,3.0,1.0,2.0,2.0,0.184025151,2.0,2.0,Q5 Highest,,2.0,1.0,1.0,,2.0,1.0,Thailand,1.0,1,,,3.0,,2.0,1.0,2.0,1.0,1.0,3.0,2.0,,2.0,1.0,,3.0,1.0,1.0,,1.0,THA,4.0,1.0,1.0,4.0,2.0,1.0,2,,1.0,2.0,1.0,False,Male,30_39
758,1.0,2.0,2.0,East Asia & Pacific (excluding high income),1.0,1.0,1.0,2.0,2.0,4.0,,1,,,,,1.0,27.0,2021,,205751088,1,,58246340.0,,,3.0,1.0,1.0,2.0,0.193616866,2.0,1.0,Q4,,1.0,1.0,1.0,,1.0,1.0,Thailand,2.0,1,,,1.0,,,1.0,2.0,1.0,0.0,,2.0,,2.0,2.0,,2.0,,1.0,,1.0,THA,4.0,1.0,1.0,4.0,1.0,2.0,1,,1.0,,1.0,False,Female,23_29
759,1.0,2.0,1.0,East Asia & Pacific (excluding high income),1.0,1.0,1.0,2.0,1.0,3.0,1.0,1,2.0,,1.0,,1.0,38.0,2021,,206913055,1,,58246340.0,,,3.0,2.0,1.0,2.0,0.289717453,2.0,1.0,Q5 Highest,,1.0,1.0,1.0,,2.0,1.0,Thailand,2.0,1,,,,,2.0,1.0,1.0,1.0,0.0,3.0,2.0,,2.0,2.0,,3.0,1.0,1.0,,1.0,THA,1.0,1.0,1.0,4.0,1.0,2.0,2,,1.0,1.0,1.0,False,Male,30_39
760,1.0,2.0,2.0,East Asia & Pacific (excluding high income),1.0,2.0,1.0,2.0,2.0,3.0,,1,,,,,1.0,48.0,2021,,157267366,1,,58246340.0,,,2.0,2.0,2.0,,0.979337513,1.0,2.0,Q2,,2.0,1.0,1.0,,,2.0,Thailand,2.0,1,,,,,,4.0,,0.0,1.0,,2.0,,2.0,,,2.0,,0.0,,,THA,4.0,4.0,2.0,4.0,1.0,2.0,1,,2.0,,,False,Female,40_49
761,1.0,2.0,1.0,East Asia & Pacific (excluding high income),1.0,2.0,1.0,2.0,2.0,3.0,1.0,1,,,,,1.0,26.0,2021,,161727192,1,,58246340.0,1.0,,3.0,2.0,2.0,2.0,0.237582771,2.0,1.0,Q2,,2.0,1.0,1.0,,1.0,2.0,Thailand,1.0,1,,,,,2.0,1.0,1.0,1.0,1.0,1.0,2.0,,1.0,,,3.0,1.0,1.0,1.0,1.0,THA,4.0,4.0,1.0,1.0,1.0,2.0,2,2.0,1.0,1.0,,False,Male,23_29
762,1.0,2.0,2.0,East Asia & Pacific (excluding high income),2.0,1.0,0.0,2.0,2.0,3.0,,1,,,,,1.0,30.0,2021,,189705550,1,,58246340.0,,,1.0,2.0,1.0,,0.990594007,2.0,,Q4,,1.0,1.0,1.0,,,2.0,Thailand,2.0,2,,,,,,4.0,,1.0,0.0,,2.0,1.0,1.0,2.0,,3.0,,1.0,1.0,,THA,4.0,2.0,2.0,1.0,1.0,2.0,2,1.0,2.0,,2.0,False,Male,30_39
763,1.0,2.0,1.0,East Asia & Pacific (excluding high income),1.0,1.0,1.0,2.0,2.0,1.0,1.0,1,,,,,1.0,31.0,2021,,164659964,1,,58246340.0,,,2.0,4.0,2.0,2.0,0.782865577,1.0,2.0,Q5 Highest,,1.0,1.0,1.0,,1.0,2.0,Thailand,2.0,1,,,3.0,,2.0,1.0,2.0,1.0,1.0,3.0,2.0,,1.0,1.0,,1.0,2.0,1.0,1.0,1.0,THA,4.0,1.0,1.0,1.0,1.0,1.0,2,2.0,1.0,1.0,1.0,False,Male,30_39
764,1.0,2.0,2.0,East Asia & Pacific (excluding high income),1.0,2.0,1.0,2.0,2.0,1.0,,1,,,,,2.0,19.0,2021,,173430656,1,,58246340.0,,,2.0,2.0,2.0,,2.383735438,1.0,,Q4,,2.0,2.0,1.0,,,2.0,Thailand,2.0,2,,,,,,4.0,,0.0,1.0,,2.0,,1.0,,,1.0,,1.0,1.0,,THA,4.0,4.0,2.0,1.0,1.0,2.0,2,2.0,2.0,,,False,Male,18_22
765,1.0,2.0,1.0,East Asia & Pacific (excluding high income),2.0,1.0,0.0,2.0,2.0,1.0,,1,,,,,1.0,42.0,2021,,163640786,1,,58246340.0,,,3.0,2.0,1.0,,0.22082997,1.0,2.0,Q1 Lowest,,1.0,1.0,1.0,,,2.0,Thailand,2.0,1,,,,,,4.0,,1.0,1.0,3.0,2.0,1.0,1.0,2.0,,4.0,,1.0,1.0,,THA,4.0,2.0,2.0,1.0,1.0,1.0,2,2.0,2.0,,2.0,False,Male,40_49
766,1.0,2.0,2.0,East Asia & Pacific (excluding high income),2.0,1.0,0.0,2.0,1.0,1.0,,1,2.0,,2.0,,2.0,65.0,2021,,141653132,1,,58246340.0,1.0,1.0,1.0,2.0,,,5.714441691,2.0,,Q1 Lowest,,1.0,2.0,1.0,,,2.0,Thailand,1.0,2,,,4.0,1.0,,4.0,,1.0,1.0,,2.0,1.0,1.0,2.0,,1.0,,0.0,2.0,,THA,2.0,2.0,2.0,2.0,2.0,2.0,2,2.0,2.0,,2.0,False,Male,60_69
767,1.0,2.0,2.0,East Asia & Pacific (excluding high income),2.0,2.0,1.0,2.0,2.0,2.0,,1,,1.0,,2.0,,40.0,2021,2.0,130147986,1,2.0,58246340.0,,2.0,1.0,6.0,,,0.717756203,2.0,,Q4,1.0,2.0,,2.0,2.0,2.0,1.0,Thailand,,2,1.0,,4.0,,,2.0,1.0,0.0,0.0,,1.0,,1.0,,2.0,1.0,,0.0,2.0,2.0,THA,4.0,4.0,1.0,1.0,,2.0,1,2.0,2.0,,,False,Female,40_49
768,1.0,2.0,1.0,East Asia & Pacific (excluding high income),2.0,1.0,1.0,2.0,2.0,2.0,,1,,,,,1.0,42.0,2021,,149905140,1,,58246340.0,,,1.0,2.0,,,1.27787695,1.0,2.0,Q1 Lowest,,1.0,1.0,1.0,,,2.0,Thailand,2.0,1,,,3.0,,,4.0,,1.0,1.0,3.0,1.0,,2.0,2.0,2.0,2.0,,0.0,,,THA,4.0,1.0,2.0,4.0,1.0,1.0,2,,1.0,,1.0,False,Male,40_49
769,1.0,2.0,1.0,East Asia & Pacific (excluding high income),1.0,1.0,1.0,2.0,2.0,3.0,1.0,1,,,,,1.0,28.0,2021,,124967473,1,,58246340.0,1.0,,3.0,3.0,1.0,2.0,0.138056999,2.0,,Q5 Highest,,2.0,1.0,1.0,,2.0,1.0,Thailand,1.0,2,,,,,2.0,1.0,2.0,1.0,1.0,1.0,2.0,,1.0,1.0,,3.0,1.0,1.0,2.0,1.0,THA,4.0,1.0,1.0,1.0,1.0,2.0,1,1.0,1.0,1.0,1.0,False,Female,23_29
770,1.0,2.0,1.0,East Asia & Pacific (excluding high income),1.0,1.0,1.0,2.0,2.0,3.0,,1,,,,,1.0,51.0,2021,,198870866,1,,58246340.0,1.0,,3.0,4.0,2.0,2.0,0.369252303,2.0,1.0,Q4,,1.0,1.0,1.0,,2.0,1.0,Thailand,1.0,1,,,,,,1.0,1.0,1.0,1.0,1.0,1.0,,2.0,1.0,1.0,3.0,,0.0,,1.0,THA,4.0,1.0,1.0,4.0,1.0,1.0,1,,1.0,,2.0,False,Female,50_59
771,1.0,2.0,2.0,East Asia & Pacific (excluding high income),2.0,2.0,0.0,2.0,2.0,2.0,,1,,1.0,,2.0,,38.0,2021,2.0,113123052,1,1.0,58246340.0,,2.0,1.0,2.0,,,0.43605167,2.0,,Q3,1.0,2.0,,1.0,1.0,2.0,2.0,Thailand,,2,1.0,,4.0,,,2.0,2.0,0.0,0.0,,2.0,,1.0,,,2.0,,0.0,2.0,2.0,THA,4.0,4.0,1.0,1.0,,2.0,1,2.0,2.0,,,False,Female,30_39
772,1.0,2.0,1.0,East Asia & Pacific (excluding high income),1.0,1.0,1.0,2.0,2.0,1.0,1.0,1,,,,,1.0,30.0,2021,,202351283,1,,58246340.0,,,2.0,2.0,1.0,2.0,0.401020293,2.0,2.0,Q4,,1.0,1.0,1.0,,2.0,1.0,Thailand,2.0,1,,,4.0,,2.0,1.0,2.0,1.0,0.0,1.0,2.0,,1.0,1.0,,1.0,1.0,1.0,1.0,1.0,THA,4.0,1.0,1.0,1.0,1.0,2.0,2,1.0,1.0,1.0,1.0,False,Male,30_39
773,1.0,2.0,2.0,East Asia & Pacific (excluding high income),1.0,1.0,1.0,2.0,2.0,3.0,,1,,,,,1.0,,2021,,130035489,1,,58246340.0,1.0,,3.0,1.0,2.0,2.0,0.138056999,2.0,1.0,Q5 Highest,,1.0,1.0,1.0,,2.0,1.0,Thailand,1.0,1,,,,,,1.0,2.0,1.0,1.0,,2.0,,2.0,2.0,,3.0,,0.0,,1.0,THA,4.0,1.0,1.0,4.0,1.0,2.0,2,,1.0,,1.0,False,Male,
774,1.0,2.0,2.0,East Asia & Pacific (excluding high income),1.0,1.0,1.0,2.0,1.0,3.0,,1,2.0,,1.0,,1.0,33.0,2021,,123512851,1,,58246340.0,1.0,,3.0,1.0,1.0,2.0,0.811291495,2.0,1.0,Q5 Highest,,1.0,1.0,1.0,,2.0,1.0,Thailand,1.0,1,,,,,,1.0,1.0,1.0,1.0,,1.0,1.0,1.0,2.0,2.0,3.0,,1.0,1.0,1.0,THA,1.0,2.0,1.0,1.0,1.0,2.0,2,2.0,2.0,,2.0,False,Male,30_39
775,1.0,2.0,1.0,East Asia & Pacific (excluding high income),1.0,2.0,1.0,2.0,2.0,3.0,,1,,,,,1.0,36.0,2021,,181942005,1,,58246340.0,1.0,,3.0,4.0,1.0,2.0,0.461683808,2.0,,Q5 Highest,,2.0,1.0,1.0,,2.0,1.0,Thailand,1.0,2,,,2.0,,,1.0,2.0,1.0,1.0,1.0,2.0,,1.0,,,3.0,,0.0,2.0,1.0,THA,4.0,4.0,1.0,1.0,1.0,1.0,2,1.0,1.0,,,False,Male,30_39
776,1.0,2.0,1.0,East Asia & Pacific (excluding high income),1.0,2.0,1.0,2.0,2.0,2.0,1.0,1,,,,,1.0,23.0,2021,,158350998,1,,58246340.0,,,3.0,2.0,1.0,,0.311205716,2.0,1.0,Q5 Highest,,2.0,1.0,2.0,,,1.0,Thailand,2.0,1,,,,,2.0,4.0,,1.0,0.0,3.0,2.0,,2.0,,,2.0,2.0,1.0,,,THA,4.0,4.0,2.0,4.0,1.0,2.0,2,,1.0,2.0,,False,Male,23_29
777,1.0,2.0,1.0,East Asia & Pacific (excluding high income),1.0,2.0,1.0,1.0,2.0,3.0,,1,,,,,1.0,80.0,2021,,152089449,1,,58246340.0,1.0,,3.0,2.0,,,0.422394481,2.0,2.0,Q5 Highest,,1.0,1.0,2.0,,,1.0,Thailand,1.0,1,,,,,,4.0,,1.0,1.0,1.0,2.0,,1.0,,,3.0,,1.0,1.0,,THA,4.0,4.0,2.0,1.0,1.0,2.0,2,1.0,1.0,,,False,Male,70_plus
778,0.0,2.0,2.0,East Asia & Pacific (excluding high income),2.0,1.0,0.0,2.0,2.0,,,0,,1.0,,2.0,,50.0,2021,2.0,142519153,0,2.0,58246340.0,,,2.0,7.0,,,5.714441691,1.0,,Q5 Highest,1.0,1.0,,1.0,1.0,2.0,2.0,Thailand,,2,1.0,1.0,,,,2.0,2.0,0.0,1.0,,2.0,1.0,2.0,2.0,,,,0.0,,2.0,THA,4.0,2.0,1.0,4.0,,2.0,1,,2.0,,2.0,False,Female,50_59
779,1.0,2.0,2.0,East Asia & Pacific (excluding high income),2.0,1.0,0.0,2.0,1.0,,,1,2.0,,2.0,,2.0,51.0,2021,,188617374,1,,58246340.0,,,1.0,7.0,2.0,,0.620798208,1.0,,Q2,,2.0,2.0,1.0,,,2.0,Thailand,2.0,2,,,3.0,1.0,,4.0,,1.0,1.0,,2.0,1.0,1.0,2.0,,,,0.0,2.0,,THA,2.0,2.0,2.0,1.0,2.0,1.0,1,1.0,2.0,,2.0,False,Female,50_59
780,1.0,2.0,1.0,East Asia & Pacific (excluding high income),1.0,1.0,1.0,2.0,2.0,3.0,2.0,1,,,,,1.0,37.0,2021,,149125172,1,,58246340.0,1.0,,2.0,5.0,1.0,2.0,0.273252673,1.0,1.0,Q3,,1.0,1.0,1.0,,2.0,1.0,Thailand,1.0,1,,,1.0,,2.0,1.0,2.0,1.0,1.0,3.0,2.0,,1.0,1.0,,3.0,1.0,1.0,1.0,1.0,THA,4.0,1.0,1.0,1.0,1.0,2.0,1,1.0,1.0,2.0,1.0,False,Female,30_39
781,1.0,2.0,1.0,East Asia & Pacific (excluding high income),1.0,1.0,1.0,2.0,2.0,3.0,1.0,1,,,,,1.0,36.0,2021,,200896289,1,,58246340.0,1.0,,1.0,2.0,1.0,,0.74995883,2.0,1.0,Q4,,1.0,1.0,1.0,,,1.0,Thailand,1.0,1,,,,,2.0,4.0,,1.0,1.0,3.0,2.0,,1.0,1.0,,3.0,1.0,1.0,1.0,,THA,4.0,1.0,2.0,1.0,1.0,2.0,1,1.0,1.0,1.0,1.0,False,Female,30_39
782,1.0,2.0,2.0,East Asia & Pacific (excluding high income),1.0,1.0,1.0,2.0,2.0,,,1,,,,,2.0,60.0,2021,,154228679,1,,58246340.0,,,1.0,9.0,,,0.591286983,2.0,,Q1 Lowest,,2.0,2.0,2.0,,,1.0,Thailand,2.0,2,,,3.0,,,4.0,,1.0,0.0,,2.0,1.0,1.0,2.0,,,,1.0,1.0,,THA,4.0,2.0,2.0,1.0,1.0,2.0,1,2.0,2.0,,2.0,False,Female,60_69
783,0.0,2.0,2.0,East Asia & Pacific (excluding high income),2.0,2.0,0.0,2.0,2.0,,,1,,,,,2.0,55.0,2021,,119372700,1,,58246340.0,,,2.0,7.0,,,0.300225109,2.0,,Q2,,2.0,2.0,1.0,,,2.0,Thailand,2.0,2,,,,,,4.0,,0.0,0.0,,2.0,,2.0,,,,,0.0,,,THA,4.0,4.0,2.0,4.0,1.0,2.0,2,,2.0,,,False,Male,50_59
784,1.0,2.0,2.0,East Asia & Pacific (excluding high income),2.0,2.0,0.0,2.0,2.0,1.0,,1,,,,,2.0,26.0,2021,,210641780,1,,58246340.0,,,1.0,2.0,2.0,,4.264931454,1.0,2.0,Q1 Lowest,,1.0,1.0,1.0,,,2.0,Thailand,2.0,1,,,3.0,,,4.0,,1.0,1.0,,2.0,,1.0,,,1.0,,1.0,1.0,,THA,4.0,4.0,2.0,1.0,1.0,2.0,1,1.0,1.0,,,False,Female,23_29
785,1.0,2.0,1.0,East Asia & Pacific (excluding high income),1.0,2.0,1.0,2.0,2.0,,,1,,,,,1.0,40.0,2021,,199920178,1,,58246340.0,,,1.0,8.0,2.0,,5.714441691,1.0,,Q5 Highest,,2.0,1.0,1.0,,,2.0,Thailand,2.0,2,,,1.0,,,4.0,,1.0,1.0,2.0,2.0,,1.0,,,,,1.0,1.0,,THA,4.0,4.0,2.0,1.0,1.0,2.0,1,1.0,2.0,,,False,Female,40_49
786,1.0,2.0,2.0,East Asia & Pacific (excluding high income),1.0,2.0,1.0,2.0,1.0,3.0,,1,2.0,2.0,2.0,2.0,,42.0,2021,2.0,181788535,1,2.0,58246340.0,,,2.0,2.0,,2.0,0.138056999,2.0,,Q2,,2.0,,1.0,2.0,2.0,1.0,Thailand,,2,2.0,,,1.0,,1.0,2.0,1.0,0.0,,2.0,,1.0,,,3.0,,1.0,1.0,1.0,THA,2.0,4.0,1.0,1.0,,2.0,2,2.0,2.0,,,False,Male,40_49
787,1.0,1.0,2.0,East Asia & Pacific (excluding high income),2.0,1.0,0.0,2.0,2.0,2.0,,1,,,,,1.0,59.0,2021,,196803228,1,,58246340.0,,,2.0,2.0,2.0,,0.701261774,1.0,2.0,Q3,1.0,1.0,1.0,1.0,,2.0,2.0,Thailand,2.0,1,,,3.0,,,2.0,2.0,0.0,1.0,,2.0,1.0,1.0,2.0,,1.0,,1.0,1.0,2.0,THA,4.0,2.0,1.0,1.0,1.0,1.0,1,1.0,1.0,,2.0,False,Female,50_59
788,1.0,2.0,1.0,East Asia & Pacific (excluding high income),1.0,1.0,1.0,2.0,2.0,3.0,,1,,,,,1.0,55.0,2021,,124232721,1,,58246340.0,,,3.0,1.0,2.0,2.0,0.194256906,2.0,2.0,Q5 Highest,,2.0,1.0,1.0,,2.0,1.0,Thailand,2.0,1,,,,,,1.0,2.0,1.0,0.0,3.0,2.0,,1.0,1.0,,3.0,,1.0,1.0,1.0,THA,4.0,1.0,1.0,1.0,1.0,2.0,1,2.0,1.0,,2.0,False,Female,50_59
789,1.0,2.0,1.0,East Asia & Pacific (excluding high income),1.0,1.0,1.0,2.0,2.0,1.0,1.0,1,,,,,1.0,69.0,2021,,145311960,1,,58246340.0,1.0,,3.0,2.0,1.0,,0.302773876,2.0,1.0,Q4,,1.0,1.0,1.0,,,1.0,Thailand,1.0,1,,,2.0,,2.0,4.0,,1.0,1.0,3.0,2.0,,1.0,1.0,,3.0,2.0,1.0,1.0,,THA,4.0,1.0,2.0,1.0,1.0,2.0,2,1.0,1.0,2.0,1.0,False,Male,60_69
790,0.0,2.0,2.0,East Asia & Pacific (excluding high income),2.0,2.0,0.0,2.0,2.0,2.0,,1,,,,,2.0,22.0,2021,,130324197,1,,58246340.0,,,2.0,4.0,,,1.881650921,2.0,,Q2,,2.0,2.0,1.0,,,2.0,Thailand,2.0,2,,,,,,4.0,,0.0,0.0,,2.0,,2.0,,,3.0,,0.0,,,THA,4.0,4.0,2.0,4.0,2.0,2.0,2,,2.0,,,False,Male,18_22
791,1.0,2.0,1.0,East Asia & Pacific (excluding high income),1.0,1.0,1.0,2.0,2.0,2.0,,1,,,,,1.0,63.0,2021,,145814414,1,,58246340.0,,,3.0,1.0,1.0,,0.287333685,1.0,2.0,Q3,,1.0,1.0,2.0,,,1.0,Thailand,2.0,1,,,,,,4.0,,1.0,1.0,2.0,2.0,1.0,1.0,2.0,,3.0,,1.0,1.0,,THA,4.0,2.0,2.0,1.0,1.0,2.0,2,2.0,2.0,,2.0,False,Male,60_69
792,1.0,2.0,1.0,East Asia & Pacific (excluding high income),1.0,1.0,1.0,2.0,2.0,3.0,1.0,1,,,,,1.0,38.0,2021,,124662148,1,,58246340.0,1.0,,3.0,1.0,2.0,1.0,0.461683808,2.0,,Q5 Highest,,2.0,1.0,1.0,,2.0,1.0,Thailand,1.0,2,,,,,2.0,1.0,2.0,1.0,1.0,1.0,2.0,,1.0,1.0,,3.0,1.0,1.0,2.0,1.0,THA,4.0,1.0,1.0,1.0,1.0,1.0,2,1.0,1.0,1.0,1.0,False,Male,30_39
793,1.0,2.0,1.0,East Asia & Pacific (excluding high income),2.0,1.0,0.0,2.0,2.0,1.0,2.0,1,,,,,1.0,54.0,2021,,168187125,1,,58246340.0,1.0,,1.0,5.0,1.0,1.0,0.70563826,2.0,1.0,Q4,,2.0,1.0,1.0,,1.0,2.0,Thailand,1.0,1,,,3.0,,2.0,1.0,2.0,1.0,1.0,3.0,2.0,,2.0,2.0,,1.0,1.0,1.0,,1.0,THA,4.0,1.0,1.0,4.0,1.0,1.0,1,,1.0,2.0,1.0,False,Female,50_59
794,1.0,2.0,1.0,East Asia & Pacific (excluding high income),1.0,2.0,1.0,2.0,2.0,3.0,,1,,,,,1.0,24.0,2021,,112716761,1,,58246340.0,1.0,,3.0,1.0,1.0,,0.439869775,2.0,,Q5 Highest,,2.0,1.0,1.0,,,1.0,Thailand,1.0,2,,,1.0,,,4.0,,1.0,1.0,1.0,2.0,,1.0,,,3.0,,1.0,1.0,,THA,4.0,4.0,2.0,1.0,1.0,2.0,1,1.0,1.0,,,False,Female,23_29
795,1.0,2.0,2.0,East Asia & Pacific (excluding high income),2.0,1.0,1.0,2.0,1.0,,,1,2.0,,2.0,,2.0,41.0,2021,,119296189,1,,58246340.0,,1.0,3.0,9.0,2.0,2.0,0.138056999,1.0,,Q3,,1.0,1.0,1.0,,2.0,2.0,Thailand,2.0,2,,,3.0,1.0,,1.0,1.0,1.0,1.0,,1.0,2.0,1.0,2.0,1.0,,,0.0,2.0,1.0,THA,2.0,3.0,1.0,2.0,1.0,2.0,1,2.0,2.0,,2.0,False,Female,40_49
796,1.0,2.0,2.0,East Asia & Pacific (excluding high income),2.0,1.0,0.0,2.0,2.0,,,1,,,,,1.0,51.0,2021,,114529752,1,,58246340.0,,,1.0,7.0,,,0.382122685,2.0,1.0,Q1 Lowest,,2.0,2.0,1.0,,,2.0,Thailand,2.0,1,,,3.0,,,4.0,,0.0,1.0,,2.0,1.0,2.0,2.0,,,,0.0,,,THA,4.0,2.0,2.0,4.0,1.0,1.0,1,,2.0,,2.0,False,Female,50_59
797,1.0,2.0,1.0,East Asia & Pacific (excluding high income),1.0,1.0,1.0,2.0,2.0,3.0,1.0,1,,,,,1.0,33.0,2021,,130885922,1,,58246340.0,1.0,,3.0,1.0,1.0,2.0,0.189917742,2.0,1.0,Q4,,1.0,1.0,1.0,,1.0,1.0,Thailand,1.0,1,,,,,1.0,1.0,2.0,1.0,1.0,3.0,2.0,,1.0,1.0,,3.0,1.0,1.0,2.0,1.0,THA,4.0,1.0,1.0,1.0,1.0,1.0,1,1.0,1.0,1.0,1.0,False,Female,30_39
798,1.0,2.0,1.0,East Asia & Pacific (excluding high income),1.0,1.0,1.0,2.0,1.0,,,1,2.0,,1.0,,2.0,42.0,2021,,195171941,1,,58246340.0,,2.0,1.0,9.0,2.0,1.0,2.063701227,1.0,2.0,Q1 Lowest,,2.0,2.0,1.0,,2.0,1.0,Thailand,2.0,1,,,2.0,,,1.0,2.0,0.0,1.0,2.0,1.0,1.0,1.0,2.0,1.0,,,0.0,2.0,1.0,THA,1.0,2.0,1.0,1.0,1.0,2.0,1,2.0,2.0,,2.0,False,Female,40_49
799,1.0,2.0,2.0,East Asia & Pacific (excluding high income),2.0,1.0,0.0,2.0,2.0,1.0,,1,,1.0,,2.0,,35.0,2021,2.0,167417071,1,2.0,58246340.0,,2.0,2.0,2.0,,,2.063701227,1.0,,Q2,1.0,2.0,,1.0,2.0,2.0,2.0,Thailand,,2,2.0,,1.0,,,2.0,2.0,0.0,1.0,,2.0,1.0,1.0,2.0,,1.0,,0.0,2.0,2.0,THA,4.0,2.0,1.0,1.0,,2.0,1,2.0,2.0,,2.0,False,Female,30_39
800,1.0,2.0,2.0,East Asia & Pacific (excluding high income),2.0,2.0,0.0,1.0,2.0,,,1,,,,,2.0,68.0,2021,,193390158,1,,58246340.0,,,2.0,8.0,2.0,,1.38516017,2.0,2.0,Q5 Highest,,2.0,2.0,2.0,,,2.0,Thailand,2.0,1,,,,,,4.0,,0.0,0.0,,2.0,,1.0,,,,,0.0,2.0,,THA,4.0,4.0,2.0,1.0,1.0,2.0,1,1.0,2.0,,,False,Female,60_69
801,1.0,2.0,2.0,East Asia & Pacific (excluding high income),2.0,1.0,0.0,2.0,2.0,,,1,,,,,2.0,60.0,2021,,201770650,1,,58246340.0,,,3.0,9.0,,,0.138056999,1.0,,Q4,,2.0,2.0,1.0,,,2.0,Thailand,2.0,2,,,,,,4.0,,0.0,1.0,,2.0,1.0,1.0,2.0,,,,1.0,1.0,,THA,4.0,2.0,2.0,1.0,1.0,2.0,1,2.0,2.0,,2.0,False,Female,60_69
802,1.0,2.0,1.0,East Asia & Pacific (excluding high income),1.0,2.0,1.0,2.0,2.0,2.0,1.0,1,,,,,1.0,40.0,2021,,154007769,1,,58246340.0,1.0,,3.0,2.0,1.0,2.0,0.138056999,2.0,1.0,Q5 Highest,,2.0,1.0,1.0,,2.0,1.0,Thailand,1.0,1,,,2.0,,1.0,1.0,2.0,1.0,1.0,3.0,2.0,,2.0,,,1.0,1.0,1.0,,1.0,THA,4.0,4.0,1.0,4.0,1.0,2.0,1,,1.0,1.0,,False,Female,40_49
803,1.0,2.0,1.0,East Asia & Pacific (excluding high income),1.0,2.0,1.0,2.0,2.0,3.0,,1,,,,,1.0,45.0,2021,,204536454,1,,58246340.0,,,2.0,1.0,1.0,,1.029253265,1.0,2.0,Q4,,1.0,1.0,1.0,,,1.0,Thailand,2.0,1,,,,,,4.0,,1.0,1.0,3.0,2.0,,2.0,,,3.0,,0.0,,,THA,4.0,4.0,2.0,4.0,1.0,2.0,2,,1.0,,,False,Male,40_49
804,1.0,2.0,1.0,East Asia & Pacific (excluding high income),1.0,1.0,1.0,2.0,2.0,3.0,,1,,,,,1.0,70.0,2021,,132759973,1,,58246340.0,1.0,,3.0,2.0,1.0,,0.266425182,2.0,2.0,Q5 Highest,,2.0,1.0,2.0,,,1.0,Thailand,1.0,1,,,,,,4.0,,1.0,1.0,1.0,2.0,,1.0,1.0,,3.0,,0.0,2.0,,THA,4.0,1.0,2.0,1.0,1.0,2.0,2,1.0,1.0,,1.0,False,Male,70_plus
805,1.0,2.0,2.0,East Asia & Pacific (excluding high income),2.0,3.0,1.0,2.0,2.0,,,1,,,,,2.0,39.0,2021,,136663154,1,,58246340.0,,,3.0,9.0,2.0,,0.138056999,2.0,,Q4,,2.0,1.0,1.0,,,1.0,Thailand,2.0,2,,,,,,5.0,,0.0,1.0,,2.0,,2.0,,,,,0.0,,,THA,4.0,5.0,3.0,4.0,1.0,2.0,1,,2.0,,,False,Female,30_39
806,1.0,2.0,1.0,East Asia & Pacific (excluding high income),2.0,1.0,0.0,2.0,2.0,2.0,1.0,1,,,,,1.0,53.0,2021,,119488321,1,,58246340.0,,,3.0,2.0,1.0,2.0,0.138056999,2.0,,Q4,,2.0,1.0,1.0,,2.0,2.0,Thailand,2.0,2,,,,,2.0,1.0,2.0,1.0,0.0,3.0,2.0,,2.0,1.0,,1.0,1.0,1.0,,1.0,THA,4.0,1.0,1.0,4.0,1.0,2.0,2,,2.0,1.0,2.0,False,Male,50_59
807,1.0,2.0,1.0,East Asia & Pacific (excluding high income),2.0,1.0,0.0,2.0,1.0,1.0,2.0,1,2.0,,2.0,,1.0,56.0,2021,,128636869,1,,58246340.0,,,2.0,5.0,1.0,,0.295095013,2.0,,Q3,,2.0,1.0,1.0,,,2.0,Thailand,2.0,2,,,2.0,1.0,2.0,4.0,,1.0,1.0,2.0,2.0,,1.0,2.0,,1.0,1.0,1.0,1.0,,THA,2.0,1.0,2.0,1.0,1.0,1.0,1,1.0,2.0,2.0,1.0,False,Female,50_59
808,1.0,2.0,1.0,East Asia & Pacific (excluding high income),1.0,1.0,1.0,2.0,2.0,2.0,1.0,1,,,,,1.0,18.0,2021,,120367531,1,,58246340.0,,,1.0,2.0,2.0,,2.712782339,1.0,2.0,Q2,,1.0,1.0,2.0,,,2.0,Thailand,2.0,1,,,4.0,,,4.0,,1.0,1.0,2.0,2.0,1.0,1.0,2.0,,1.0,,1.0,1.0,,THA,4.0,2.0,2.0,1.0,1.0,2.0,2,1.0,2.0,,2.0,False,Male,18_22
809,1.0,2.0,1.0,East Asia & Pacific (excluding high income),1.0,2.0,1.0,2.0,2.0,2.0,1.0,1,,,,,1.0,35.0,2021,,192542690,1,,58246340.0,,,2.0,4.0,1.0,,0.147406928,1.0,,Q2,,1.0,1.0,1.0,,,2.0,Thailand,2.0,2,,,3.0,,1.0,4.0,,1.0,1.0,1.0,1.0,,1.0,,2.0,2.0,1.0,1.0,1.0,,THA,4.0,4.0,2.0,1.0,1.0,2.0,2,2.0,1.0,1.0,,False,Male,30_39
810,1.0,2.0,2.0,East Asia & Pacific (excluding high income),2.0,2.0,1.0,2.0,2.0,,,1,,,,,1.0,43.0,2021,,184612592,1,,58246340.0,1.0,,3.0,9.0,2.0,2.0,2.505130596,1.0,1.0,Q5 Highest,,2.0,1.0,1.0,,2.0,1.0,Thailand,1.0,1,,,,,,1.0,2.0,1.0,1.0,,1.0,,1.0,,2.0,,,1.0,1.0,1.0,THA,4.0,4.0,1.0,1.0,1.0,1.0,1,2.0,2.0,,,False,Female,40_49
811,1.0,2.0,2.0,East Asia & Pacific (excluding high income),1.0,2.0,1.0,2.0,2.0,,,1,,,,,2.0,43.0,2021,,146850593,1,,58246340.0,,,1.0,8.0,1.0,,5.714441691,2.0,,Q2,,1.0,1.0,1.0,,,2.0,Thailand,2.0,2,,,2.0,,,4.0,,0.0,0.0,,2.0,,1.0,,,,,0.0,2.0,,THA,4.0,4.0,2.0,1.0,1.0,2.0,1,1.0,2.0,,,False,Female,40_49
812,1.0,2.0,2.0,East Asia & Pacific (excluding high income),2.0,2.0,1.0,2.0,2.0,3.0,,1,,,,,1.0,18.0,2021,,176898401,1,,58246340.0,,,1.0,2.0,,,1.371765268,2.0,,Q5 Highest,,2.0,1.0,1.0,,,2.0,Thailand,2.0,2,,,,,,4.0,,0.0,1.0,,1.0,,1.0,,1.0,2.0,,1.0,1.0,,THA,4.0,4.0,2.0,1.0,1.0,2.0,1,1.0,2.0,,,False,Female,18_22
813,0.0,1.0,2.0,East Asia & Pacific (excluding high income),1.0,1.0,1.0,2.0,2.0,1.0,,0,,2.0,,1.0,,42.0,2021,2.0,157546717,0,2.0,58246340.0,,,1.0,4.0,,,5.714441691,1.0,,Q1 Lowest,,2.0,,1.0,1.0,,2.0,Thailand,,2,1.0,1.0,4.0,,,4.0,,0.0,1.0,,2.0,1.0,2.0,2.0,,1.0,,0.0,,,THA,4.0,2.0,2.0,4.0,,2.0,1,,2.0,,2.0,False,Female,40_49
814,1.0,2.0,2.0,East Asia & Pacific (excluding high income),1.0,1.0,1.0,2.0,2.0,3.0,,1,,,,,1.0,34.0,2021,,154296729,1,,58246340.0,,,3.0,2.0,1.0,2.0,0.334183898,2.0,1.0,Q4,,1.0,2.0,1.0,,2.0,1.0,Thailand,2.0,1,,,,,,1.0,2.0,1.0,0.0,,1.0,,2.0,1.0,2.0,3.0,,0.0,,1.0,THA,4.0,1.0,1.0,4.0,1.0,2.0,2,,2.0,,2.0,False,Male,30_39
815,1.0,2.0,1.0,East Asia & Pacific (excluding high income),2.0,2.0,1.0,2.0,2.0,3.0,,1,,,,,1.0,41.0,2021,,111152651,1,,58246340.0,,,1.0,2.0,1.0,,2.359762718,1.0,2.0,Q5 Highest,,1.0,1.0,1.0,,,2.0,Thailand,2.0,1,,,3.0,,,4.0,,1.0,1.0,1.0,1.0,,2.0,,2.0,3.0,,0.0,,,THA,4.0,4.0,2.0,4.0,1.0,2.0,2,,2.0,,,False,Male,40_49
816,1.0,2.0,1.0,East Asia & Pacific (excluding high income),1.0,1.0,1.0,2.0,1.0,3.0,1.0,1,2.0,,2.0,,1.0,60.0,2021,,209864450,1,,58246340.0,2.0,,1.0,1.0,1.0,1.0,0.858751407,2.0,1.0,Q5 Highest,,1.0,1.0,1.0,,1.0,1.0,Thailand,1.0,1,,,,1.0,1.0,1.0,2.0,1.0,1.0,1.0,2.0,,1.0,1.0,,3.0,1.0,1.0,1.0,1.0,THA,2.0,1.0,1.0,1.0,1.0,2.0,2,1.0,1.0,1.0,1.0,False,Male,60_69
817,1.0,2.0,1.0,East Asia & Pacific (excluding high income),1.0,1.0,1.0,2.0,2.0,2.0,1.0,1,,,,,1.0,60.0,2021,,145308216,1,,58246340.0,1.0,,5.0,4.0,,4.0,0.756295365,1.0,,Q4,,1.0,1.0,1.0,,1.0,2.0,Thailand,1.0,2,,,,,2.0,1.0,2.0,1.0,1.0,3.0,2.0,,4.0,1.0,,2.0,1.0,1.0,,1.0,THA,4.0,1.0,1.0,5.0,1.0,2.0,1,,1.0,1.0,2.0,False,Female,60_69
818,1.0,2.0,1.0,East Asia & Pacific (excluding high income),1.0,2.0,1.0,2.0,2.0,2.0,1.0,1,,,,,1.0,16.0,2021,,194957039,1,,58246340.0,2.0,,1.0,2.0,1.0,,0.70266613,2.0,2.0,Q3,,2.0,1.0,2.0,,,1.0,Thailand,1.0,1,,,3.0,,1.0,4.0,,1.0,1.0,3.0,2.0,,1.0,,,2.0,1.0,1.0,2.0,,THA,4.0,4.0,2.0,1.0,1.0,2.0,2,1.0,2.0,1.0,,False,Male,17_or_less
819,1.0,2.0,1.0,East Asia & Pacific (excluding high income),1.0,1.0,1.0,2.0,2.0,3.0,,1,,,,,1.0,35.0,2021,,111706517,1,,58246340.0,1.0,,3.0,4.0,1.0,2.0,0.306484336,2.0,2.0,Q4,,2.0,1.0,1.0,,2.0,1.0,Thailand,1.0,1,,,,,,1.0,1.0,1.0,1.0,2.0,2.0,,1.0,1.0,,2.0,,0.0,2.0,1.0,THA,4.0,1.0,1.0,1.0,1.0,2.0,2,1.0,1.0,,1.0,False,Male,30_39
820,1.0,2.0,1.0,East Asia & Pacific (excluding high income),1.0,1.0,1.0,1.0,2.0,1.0,1.0,1,,,,,1.0,40.0,2021,,196981467,1,,58246340.0,1.0,,2.0,1.0,1.0,1.0,1.104148584,2.0,1.0,Q3,,2.0,1.0,1.0,,1.0,1.0,Thailand,1.0,1,,,3.0,,2.0,1.0,2.0,1.0,1.0,2.0,2.0,,1.0,1.0,,1.0,1.0,1.0,2.0,1.0,THA,4.0,1.0,1.0,1.0,1.0,1.0,2,1.0,2.0,1.0,1.0,False,Male,40_49
821,1.0,2.0,1.0,East Asia & Pacific (excluding high income),1.0,1.0,1.0,2.0,2.0,3.0,,1,,,,,1.0,67.0,2021,,176920076,1,,58246340.0,1.0,,3.0,1.0,2.0,2.0,0.205961814,2.0,2.0,Q5 Highest,,2.0,1.0,1.0,,2.0,1.0,Thailand,1.0,1,,,,,,1.0,2.0,1.0,1.0,3.0,2.0,,2.0,1.0,,3.0,,0.0,,1.0,THA,4.0,1.0,1.0,4.0,1.0,2.0,2,,2.0,,2.0,False,Male,60_69
822,1.0,2.0,1.0,East Asia & Pacific (excluding high income),2.0,1.0,1.0,2.0,2.0,3.0,1.0,1,,,,,1.0,40.0,2021,,191084217,1,,58246340.0,,,2.0,2.0,1.0,2.0,0.185880027,2.0,2.0,Q4,,1.0,1.0,1.0,,1.0,2.0,Thailand,2.0,1,,,2.0,,2.0,1.0,2.0,1.0,0.0,3.0,2.0,,1.0,1.0,,2.0,1.0,1.0,1.0,1.0,THA,4.0,1.0,1.0,1.0,1.0,2.0,1,1.0,1.0,1.0,1.0,False,Female,40_49
823,1.0,2.0,2.0,East Asia & Pacific (excluding high income),2.0,1.0,0.0,2.0,1.0,1.0,,1,2.0,,2.0,,1.0,47.0,2021,,112812584,1,,58246340.0,,,1.0,2.0,1.0,,0.412110893,2.0,,Q3,1.0,1.0,1.0,1.0,,2.0,2.0,Thailand,2.0,2,,,1.0,1.0,,2.0,2.0,1.0,1.0,,2.0,1.0,1.0,2.0,,1.0,,1.0,1.0,2.0,THA,2.0,2.0,1.0,1.0,2.0,2.0,1,1.0,2.0,,2.0,False,Female,40_49
824,1.0,2.0,2.0,East Asia & Pacific (excluding high income),2.0,1.0,1.0,2.0,2.0,1.0,,1,,,,,2.0,25.0,2021,,121805971,1,,58246340.0,,,2.0,2.0,2.0,2.0,0.855921981,2.0,2.0,Q4,,1.0,2.0,1.0,,2.0,2.0,Thailand,2.0,1,,,,,,1.0,2.0,0.0,0.0,,1.0,1.0,2.0,2.0,2.0,1.0,,0.0,,1.0,THA,4.0,2.0,1.0,4.0,1.0,2.0,2,,2.0,,2.0,False,Male,23_29
825,1.0,2.0,1.0,East Asia & Pacific (excluding high income),1.0,1.0,1.0,2.0,2.0,3.0,1.0,1,,,,,1.0,42.0,2021,,114103093,1,,58246340.0,1.0,,3.0,1.0,2.0,2.0,0.273252673,2.0,1.0,Q5 Highest,,2.0,1.0,1.0,,2.0,2.0,Thailand,1.0,1,,,1.0,,2.0,1.0,2.0,1.0,1.0,1.0,2.0,,1.0,1.0,,3.0,1.0,1.0,1.0,1.0,THA,4.0,1.0,1.0,1.0,1.0,1.0,1,2.0,1.0,1.0,1.0,False,Female,40_49
826,0.0,2.0,2.0,East Asia & Pacific (excluding high income),2.0,1.0,0.0,2.0,2.0,,,0,,2.0,,2.0,,55.0,2021,2.0,209291573,0,2.0,58246340.0,,,1.0,9.0,,,0.751010395,2.0,,Q2,1.0,2.0,,1.0,2.0,2.0,2.0,Thailand,,4,2.0,1.0,,,,2.0,2.0,0.0,0.0,,2.0,1.0,2.0,2.0,,,,0.0,,2.0,THA,4.0,2.0,1.0,4.0,,2.0,1,,2.0,,2.0,False,Female,50_59
827,1.0,2.0,2.0,East Asia & Pacific (excluding high income),2.0,2.0,0.0,2.0,2.0,1.0,,1,,,,,2.0,24.0,2021,,147077164,1,,58246340.0,,,1.0,2.0,,,1.845068187,2.0,,Q1 Lowest,,2.0,2.0,1.0,,,2.0,Thailand,2.0,2,,,,,,4.0,,0.0,0.0,,2.0,,1.0,,,2.0,,1.0,1.0,,THA,4.0,4.0,2.0,1.0,2.0,2.0,2,2.0,2.0,,,False,Male,23_29
828,1.0,2.0,1.0,East Asia & Pacific (excluding high income),2.0,1.0,0.0,2.0,2.0,1.0,1.0,1,,,,,1.0,56.0,2021,,114726592,1,,58246340.0,,,3.0,3.0,2.0,2.0,0.409229969,2.0,,Q4,,2.0,1.0,1.0,,2.0,2.0,Thailand,2.0,2,,,,,2.0,1.0,2.0,1.0,0.0,1.0,2.0,,2.0,1.0,,1.0,1.0,1.0,,1.0,THA,4.0,1.0,1.0,4.0,1.0,2.0,2,,2.0,1.0,2.0,False,Male,50_59
829,1.0,2.0,1.0,East Asia & Pacific (excluding high income),1.0,1.0,1.0,2.0,2.0,1.0,1.0,1,,,,,1.0,45.0,2021,,138367803,1,,58246340.0,,,1.0,2.0,,2.0,0.575624382,1.0,2.0,Q5 Highest,,1.0,1.0,1.0,,2.0,2.0,Thailand,2.0,1,,,1.0,,1.0,1.0,2.0,1.0,1.0,1.0,2.0,1.0,1.0,2.0,,1.0,1.0,1.0,1.0,1.0,THA,4.0,2.0,1.0,1.0,1.0,2.0,1,1.0,1.0,1.0,2.0,False,Female,40_49
830,1.0,2.0,1.0,East Asia & Pacific (excluding high income),1.0,1.0,1.0,2.0,2.0,3.0,1.0,1,,,,,1.0,35.0,2021,,178266612,1,,58246340.0,,,3.0,2.0,1.0,2.0,0.273252673,2.0,,Q4,,1.0,1.0,1.0,,1.0,2.0,Thailand,2.0,2,,,,,2.0,1.0,2.0,1.0,0.0,3.0,2.0,,1.0,1.0,,3.0,1.0,1.0,2.0,1.0,THA,4.0,1.0,1.0,1.0,1.0,2.0,1,1.0,1.0,1.0,1.0,False,Female,30_39
831,1.0,2.0,2.0,East Asia & Pacific (excluding high income),2.0,1.0,0.0,2.0,2.0,,,1,,2.0,,2.0,,53.0,2021,2.0,144912189,1,2.0,58246340.0,,2.0,1.0,7.0,,,5.714441691,2.0,,Q1 Lowest,,2.0,,1.0,1.0,,2.0,Thailand,,2,1.0,,,,,4.0,,0.0,0.0,,2.0,1.0,1.0,2.0,,,,0.0,2.0,,THA,4.0,2.0,2.0,1.0,,2.0,1,2.0,2.0,,2.0,False,Female,50_59
832,1.0,2.0,1.0,East Asia & Pacific (excluding high income),1.0,1.0,1.0,2.0,1.0,3.0,1.0,1,1.0,,1.0,,1.0,43.0,2021,,187479944,1,,58246340.0,,,1.0,1.0,1.0,,0.701342319,2.0,2.0,Q5 Highest,,1.0,1.0,1.0,,,1.0,Thailand,2.0,1,,,,,2.0,4.0,,1.0,1.0,1.0,2.0,2.0,2.0,2.0,,3.0,1.0,1.0,,,THA,1.0,3.0,2.0,4.0,1.0,1.0,2,,1.0,1.0,2.0,False,Male,40_49
833,1.0,2.0,2.0,East Asia & Pacific (excluding high income),2.0,1.0,0.0,2.0,2.0,2.0,1.0,1,,,,,1.0,32.0,2021,,164723955,1,,58246340.0,,,1.0,2.0,1.0,,1.363967946,2.0,,Q3,,1.0,1.0,1.0,,,2.0,Thailand,2.0,2,,,3.0,,2.0,4.0,,1.0,1.0,,2.0,1.0,1.0,2.0,,2.0,1.0,1.0,1.0,,THA,4.0,2.0,2.0,1.0,1.0,1.0,2,1.0,1.0,1.0,2.0,False,Male,30_39
834,1.0,2.0,2.0,East Asia & Pacific (excluding high income),2.0,1.0,0.0,2.0,2.0,1.0,,1,,,,,1.0,38.0,2021,,135971097,1,,58246340.0,,,1.0,2.0,,,0.735378259,1.0,2.0,Q3,1.0,1.0,2.0,1.0,,2.0,2.0,Thailand,2.0,1,,,3.0,,,2.0,2.0,0.0,1.0,,2.0,1.0,1.0,2.0,,1.0,,0.0,2.0,2.0,THA,4.0,2.0,1.0,1.0,1.0,2.0,1,1.0,2.0,,2.0,False,Female,30_39
835,1.0,2.0,2.0,East Asia & Pacific (excluding high income),1.0,1.0,1.0,2.0,2.0,3.0,1.0,1,,,,,1.0,39.0,2021,,189995988,1,,58246340.0,,,3.0,2.0,1.0,,0.242140134,2.0,1.0,Q3,,1.0,1.0,2.0,,,1.0,Thailand,2.0,1,,,4.0,,2.0,4.0,,0.0,0.0,,2.0,,1.0,1.0,,2.0,1.0,1.0,2.0,,THA,4.0,1.0,2.0,1.0,1.0,2.0,1,1.0,1.0,2.0,1.0,False,Female,30_39
836,1.0,2.0,2.0,East Asia & Pacific (excluding high income),2.0,2.0,0.0,2.0,2.0,1.0,,1,,,,,2.0,49.0,2021,,152334051,1,,58246340.0,,,1.0,3.0,1.0,,0.436942545,1.0,2.0,Q3,,2.0,2.0,1.0,,,2.0,Thailand,2.0,1,,,3.0,,,4.0,,0.0,1.0,,2.0,,1.0,,,1.0,,1.0,1.0,,THA,4.0,4.0,2.0,1.0,1.0,2.0,2,2.0,2.0,,,False,Male,40_49
837,1.0,2.0,1.0,East Asia & Pacific (excluding high income),1.0,1.0,1.0,2.0,2.0,3.0,,1,,,,,1.0,40.0,2021,,177922647,1,,58246340.0,1.0,,3.0,4.0,2.0,2.0,0.138056999,2.0,2.0,Q5 Highest,,1.0,1.0,1.0,,2.0,1.0,Thailand,1.0,1,,,,,,1.0,2.0,1.0,1.0,1.0,2.0,,2.0,1.0,,3.0,,0.0,,1.0,THA,4.0,1.0,1.0,4.0,1.0,2.0,2,,1.0,,1.0,False,Male,40_49
838,1.0,2.0,1.0,East Asia & Pacific (excluding high income),1.0,1.0,1.0,2.0,2.0,2.0,,1,,,,,1.0,62.0,2021,,157475622,1,,58246340.0,,,3.0,2.0,3.0,,0.190974524,1.0,1.0,Q4,,1.0,1.0,1.0,,,2.0,Thailand,2.0,1,,,3.0,,,4.0,,1.0,1.0,2.0,2.0,,1.0,2.0,,2.0,,1.0,1.0,,THA,4.0,1.0,2.0,1.0,1.0,2.0,2,1.0,1.0,,1.0,False,Male,60_69
839,1.0,2.0,2.0,East Asia & Pacific (excluding high income),1.0,2.0,1.0,2.0,2.0,2.0,,1,,,,,2.0,59.0,2021,,133749837,1,,58246340.0,,,1.0,2.0,2.0,,5.714441691,2.0,2.0,Q2,,2.0,2.0,2.0,,,1.0,Thailand,2.0,1,,,2.0,,,4.0,,1.0,0.0,,2.0,,2.0,,,2.0,,0.0,,,THA,4.0,4.0,2.0,4.0,1.0,2.0,1,,2.0,,,False,Female,50_59
840,1.0,2.0,1.0,East Asia & Pacific (excluding high income),2.0,1.0,1.0,2.0,2.0,3.0,1.0,1,,,,,1.0,35.0,2021,,138475386,1,,58246340.0,1.0,,3.0,2.0,1.0,1.0,0.248085059,1.0,1.0,Q4,,1.0,1.0,1.0,,1.0,1.0,Thailand,1.0,1,,,,,2.0,1.0,2.0,1.0,1.0,3.0,1.0,,1.0,1.0,1.0,3.0,1.0,1.0,1.0,2.0,THA,4.0,1.0,1.0,1.0,1.0,2.0,1,1.0,1.0,1.0,1.0,False,Female,30_39
841,1.0,2.0,2.0,East Asia & Pacific (excluding high income),1.0,1.0,1.0,2.0,1.0,2.0,,1,2.0,,2.0,,2.0,53.0,2021,,181403559,1,,58246340.0,,,1.0,2.0,,,0.80687012,1.0,2.0,Q3,,2.0,2.0,1.0,,,1.0,Thailand,2.0,1,,,,1.0,,4.0,,0.0,1.0,,2.0,1.0,1.0,2.0,,1.0,,0.0,2.0,,THA,2.0,2.0,2.0,1.0,2.0,2.0,2,1.0,2.0,,2.0,False,Male,50_59
842,1.0,2.0,1.0,East Asia & Pacific (excluding high income),1.0,1.0,1.0,2.0,2.0,3.0,1.0,1,,,,,1.0,40.0,2021,,145723132,1,,58246340.0,1.0,,3.0,4.0,1.0,,0.593546602,2.0,1.0,Q4,,1.0,1.0,1.0,,,1.0,Thailand,1.0,1,,,4.0,,2.0,4.0,,1.0,1.0,3.0,2.0,1.0,1.0,2.0,,3.0,1.0,1.0,1.0,,THA,4.0,2.0,2.0,1.0,1.0,2.0,1,2.0,1.0,2.0,2.0,False,Female,40_49
843,0.0,2.0,2.0,East Asia & Pacific (excluding high income),1.0,2.0,1.0,2.0,2.0,3.0,,1,,,,,2.0,60.0,2021,,176431850,1,,58246340.0,,,3.0,1.0,1.0,,0.138056999,2.0,,Q1 Lowest,,2.0,2.0,2.0,,,1.0,Thailand,2.0,2,,,,,,4.0,,0.0,0.0,,2.0,,2.0,,,3.0,,0.0,,,THA,4.0,4.0,2.0,4.0,1.0,2.0,1,,2.0,,,False,Female,60_69
844,1.0,2.0,2.0,East Asia & Pacific (excluding high income),2.0,1.0,0.0,2.0,2.0,1.0,,1,,,,,1.0,33.0,2021,,208103410,1,,58246340.0,,,1.0,2.0,,,1.363967946,2.0,2.0,Q3,1.0,2.0,1.0,1.0,,2.0,2.0,Thailand,2.0,1,,,,,,2.0,2.0,0.0,0.0,,2.0,1.0,2.0,2.0,,1.0,,0.0,,2.0,THA,4.0,2.0,1.0,4.0,1.0,2.0,2,,2.0,,2.0,False,Male,30_39
845,1.0,2.0,2.0,East Asia & Pacific (excluding high income),2.0,1.0,0.0,2.0,2.0,,,1,,,,,2.0,83.0,2021,,209081523,1,,58246340.0,,,1.0,8.0,2.0,,5.714441691,2.0,1.0,Q2,,2.0,2.0,2.0,,,2.0,Thailand,2.0,1,,,3.0,,,4.0,,0.0,1.0,,2.0,1.0,1.0,2.0,,,,0.0,2.0,,THA,4.0,2.0,2.0,1.0,1.0,1.0,2,1.0,2.0,,2.0,False,Male,70_plus
846,1.0,1.0,1.0,East Asia & Pacific (excluding high income),1.0,2.0,1.0,2.0,2.0,3.0,1.0,1,,,,,1.0,48.0,2021,,199809686,1,,58246340.0,,,3.0,2.0,1.0,,0.218877638,2.0,1.0,Q4,,1.0,1.0,1.0,,,1.0,Thailand,2.0,1,,,,,2.0,4.0,,1.0,1.0,1.0,1.0,,2.0,,2.0,3.0,1.0,1.0,,,THA,4.0,4.0,2.0,4.0,1.0,2.0,1,,1.0,1.0,,False,Female,40_49
847,1.0,2.0,1.0,East Asia & Pacific (excluding high income),1.0,1.0,1.0,2.0,2.0,,,1,,,,,1.0,26.0,2021,,163020902,1,,58246340.0,,,2.0,8.0,2.0,3.0,0.237582771,1.0,2.0,Q4,,2.0,1.0,1.0,,2.0,1.0,Thailand,2.0,1,,,,,,1.0,2.0,1.0,1.0,3.0,2.0,,1.0,1.0,,,,1.0,1.0,1.0,THA,4.0,1.0,1.0,1.0,1.0,2.0,2,1.0,1.0,,2.0,False,Male,23_29
848,1.0,2.0,1.0,East Asia & Pacific (excluding high income),1.0,2.0,1.0,2.0,2.0,2.0,,1,,,,,1.0,33.0,2021,,120218595,1,,58246340.0,1.0,,3.0,4.0,2.0,2.0,1.027769957,2.0,2.0,Q5 Highest,,1.0,1.0,1.0,,2.0,1.0,Thailand,1.0,1,,,,,,1.0,2.0,1.0,1.0,1.0,2.0,,1.0,,,1.0,,1.0,1.0,1.0,THA,4.0,4.0,1.0,1.0,1.0,2.0,2,2.0,1.0,,,False,Male,30_39
849,1.0,2.0,1.0,East Asia & Pacific (excluding high income),1.0,1.0,1.0,2.0,2.0,1.0,,1,,,,,1.0,29.0,2021,,205299973,1,,58246340.0,,,1.0,2.0,,1.0,1.577018771,1.0,2.0,Q4,,1.0,1.0,1.0,,1.0,2.0,Thailand,2.0,1,,,1.0,,,1.0,2.0,1.0,1.0,3.0,2.0,,1.0,1.0,,1.0,,1.0,1.0,1.0,THA,4.0,1.0,1.0,1.0,1.0,2.0,1,1.0,1.0,,1.0,False,Female,23_29
850,1.0,2.0,2.0,East Asia & Pacific (excluding high income),2.0,1.0,1.0,2.0,2.0,4.0,,1,,,,,2.0,26.0,2021,,189571106,1,,58246340.0,,,1.0,2.0,,,2.18870451,1.0,,Q1 Lowest,,2.0,1.0,1.0,,,2.0,Thailand,2.0,2,,,3.0,,,4.0,,0.0,1.0,,2.0,1.0,1.0,2.0,,4.0,,0.0,2.0,,THA,4.0,2.0,2.0,1.0,1.0,2.0,1,1.0,2.0,,2.0,False,Female,23_29
851,1.0,2.0,1.0,East Asia & Pacific (excluding high income),2.0,1.0,1.0,2.0,2.0,2.0,2.0,1,,,,,1.0,30.0,2021,,166035824,1,,58246340.0,,,2.0,2.0,2.0,1.0,0.28810274,2.0,1.0,Q3,,2.0,1.0,1.0,,1.0,2.0,Thailand,2.0,1,,,4.0,,2.0,1.0,2.0,1.0,0.0,1.0,2.0,1.0,1.0,2.0,,2.0,2.0,1.0,1.0,1.0,THA,4.0,2.0,1.0,1.0,1.0,2.0,1,2.0,1.0,2.0,2.0,False,Female,30_39
852,1.0,2.0,1.0,East Asia & Pacific (excluding high income),1.0,1.0,1.0,2.0,2.0,3.0,1.0,1,,,,,1.0,39.0,2021,,141792525,1,,58246340.0,1.0,,3.0,2.0,1.0,,0.138056999,2.0,1.0,Q4,,1.0,1.0,1.0,,,1.0,Thailand,1.0,1,,,1.0,,2.0,4.0,,1.0,1.0,1.0,2.0,,1.0,2.0,,1.0,1.0,1.0,1.0,,THA,4.0,1.0,2.0,1.0,1.0,2.0,1,1.0,1.0,1.0,1.0,False,Female,30_39
853,1.0,2.0,1.0,East Asia & Pacific (excluding high income),1.0,1.0,1.0,1.0,2.0,3.0,,1,,,,,1.0,64.0,2021,,164073709,1,,58246340.0,1.0,,3.0,1.0,1.0,,0.287333685,2.0,2.0,Q1 Lowest,,2.0,1.0,2.0,,,1.0,Thailand,1.0,1,,,,,,4.0,,1.0,1.0,3.0,2.0,,2.0,1.0,,3.0,,1.0,1.0,,THA,4.0,1.0,2.0,4.0,1.0,2.0,2,1.0,1.0,,2.0,False,Male,60_69
854,1.0,2.0,1.0,East Asia & Pacific (excluding high income),1.0,2.0,1.0,2.0,1.0,2.0,1.0,1,2.0,,1.0,,1.0,16.0,2021,,170626440,1,,58246340.0,,,1.0,1.0,1.0,,2.029036585,2.0,1.0,Q2,,1.0,1.0,2.0,,,2.0,Thailand,2.0,1,,,1.0,,2.0,4.0,,1.0,0.0,1.0,2.0,,2.0,,,1.0,1.0,1.0,,,THA,1.0,4.0,2.0,4.0,1.0,2.0,2,,1.0,1.0,,False,Male,17_or_less
855,1.0,2.0,1.0,East Asia & Pacific (excluding high income),1.0,1.0,1.0,2.0,2.0,3.0,2.0,1,,,,,1.0,56.0,2021,,181269941,1,,58246340.0,2.0,,3.0,2.0,1.0,2.0,0.138056999,2.0,2.0,Q5 Highest,,2.0,1.0,1.0,,2.0,1.0,Thailand,1.0,1,,,,,2.0,1.0,2.0,1.0,0.0,1.0,2.0,,1.0,1.0,,3.0,1.0,1.0,1.0,1.0,THA,4.0,1.0,1.0,1.0,1.0,2.0,2,1.0,1.0,2.0,2.0,False,Male,50_59
856,1.0,2.0,1.0,East Asia & Pacific (excluding high income),1.0,2.0,1.0,2.0,2.0,3.0,1.0,1,,,,,1.0,47.0,2021,,128340917,1,,58246340.0,1.0,,3.0,1.0,1.0,,0.227246618,2.0,2.0,Q5 Highest,,2.0,1.0,2.0,,,1.0,Thailand,1.0,1,,,,,2.0,4.0,,1.0,1.0,1.0,2.0,,1.0,,,3.0,1.0,1.0,1.0,,THA,4.0,4.0,2.0,1.0,1.0,2.0,1,2.0,1.0,2.0,,False,Female,40_49
857,1.0,2.0,1.0,East Asia & Pacific (excluding high income),1.0,1.0,1.0,2.0,2.0,2.0,1.0,1,,,,,1.0,30.0,2021,,182693822,1,,58246340.0,1.0,,3.0,1.0,2.0,2.0,1.694473321,2.0,,Q3,,2.0,1.0,1.0,,1.0,1.0,Thailand,1.0,2,,,5.0,,2.0,1.0,2.0,1.0,1.0,2.0,2.0,,1.0,1.0,,1.0,1.0,1.0,1.0,1.0,THA,4.0,1.0,1.0,1.0,1.0,2.0,1,1.0,1.0,1.0,1.0,False,Female,30_39
858,1.0,2.0,2.0,East Asia & Pacific (excluding high income),1.0,1.0,1.0,2.0,2.0,3.0,,1,,,,,1.0,32.0,2021,,185358434,1,,58246340.0,1.0,,3.0,1.0,2.0,2.0,0.193616866,1.0,2.0,Q5 Highest,,1.0,1.0,1.0,,2.0,2.0,Thailand,1.0,1,,,1.0,,,1.0,2.0,1.0,1.0,,2.0,,1.0,2.0,,3.0,,0.0,2.0,1.0,THA,4.0,1.0,1.0,1.0,1.0,2.0,1,1.0,1.0,,1.0,False,Female,30_39
859,1.0,1.0,2.0,East Asia & Pacific (excluding high income),2.0,1.0,1.0,2.0,2.0,3.0,,1,,2.0,,2.0,,35.0,2021,2.0,154938138,0,2.0,58246340.0,,,2.0,2.0,,,0.138056999,1.0,,Q3,1.0,2.0,,1.0,1.0,2.0,2.0,Thailand,,2,2.0,,3.0,,,2.0,2.0,1.0,1.0,,2.0,,1.0,2.0,,1.0,,1.0,1.0,2.0,THA,4.0,1.0,1.0,1.0,,2.0,2,2.0,2.0,,1.0,False,Male,30_39
860,1.0,2.0,2.0,East Asia & Pacific (excluding high income),2.0,2.0,0.0,2.0,2.0,,,1,,,,,2.0,47.0,2021,,118019219,1,,58246340.0,,,1.0,9.0,1.0,2.0,5.714441691,2.0,,Q2,,2.0,2.0,1.0,,2.0,2.0,Thailand,2.0,2,,,,,,1.0,2.0,0.0,0.0,,2.0,,2.0,,,,,0.0,,1.0,THA,4.0,4.0,1.0,4.0,1.0,2.0,2,,2.0,,,False,Male,40_49
861,1.0,2.0,2.0,East Asia & Pacific (excluding high income),1.0,1.0,1.0,1.0,2.0,,,1,,,,,1.0,66.0,2021,,113400630,1,,58246340.0,,,3.0,9.0,2.0,,0.180121351,2.0,2.0,Q4,,2.0,2.0,1.0,,,1.0,Thailand,2.0,1,,,,,,4.0,,1.0,0.0,,1.0,,1.0,2.0,2.0,,,1.0,1.0,,THA,4.0,1.0,2.0,1.0,1.0,2.0,1,1.0,2.0,,1.0,False,Female,60_69
862,1.0,2.0,1.0,East Asia & Pacific (excluding high income),1.0,1.0,1.0,2.0,2.0,3.0,,1,,,,,1.0,52.0,2021,,165180819,1,,58246340.0,1.0,,3.0,2.0,2.0,2.0,0.239457964,1.0,1.0,Q4,,1.0,1.0,1.0,,2.0,1.0,Thailand,1.0,1,,,2.0,,,1.0,1.0,1.0,1.0,3.0,2.0,,1.0,1.0,,1.0,,0.0,2.0,1.0,THA,4.0,1.0,1.0,1.0,1.0,2.0,1,1.0,1.0,,1.0,False,Female,50_59
863,1.0,2.0,2.0,East Asia & Pacific (excluding high income),1.0,2.0,1.0,2.0,2.0,2.0,,1,,,,,2.0,25.0,2021,,146072980,1,,58246340.0,,,3.0,2.0,2.0,2.0,0.413793821,1.0,,Q5 Highest,,2.0,2.0,1.0,,2.0,1.0,Thailand,2.0,2,,,,,,1.0,2.0,0.0,1.0,,2.0,,2.0,,,1.0,,0.0,,1.0,THA,4.0,4.0,1.0,4.0,1.0,2.0,1,,2.0,,,False,Female,23_29
864,1.0,2.0,1.0,East Asia & Pacific (excluding high income),1.0,1.0,1.0,2.0,2.0,3.0,1.0,1,,,,,1.0,43.0,2021,,178252165,1,,58246340.0,1.0,,3.0,1.0,1.0,2.0,0.678697635,2.0,2.0,Q4,,1.0,1.0,1.0,,2.0,1.0,Thailand,1.0,1,,,,,2.0,1.0,2.0,1.0,1.0,1.0,2.0,,2.0,2.0,,3.0,1.0,1.0,,1.0,THA,4.0,1.0,1.0,4.0,1.0,2.0,2,,1.0,1.0,1.0,False,Male,40_49
865,1.0,2.0,1.0,East Asia & Pacific (excluding high income),1.0,1.0,1.0,2.0,1.0,3.0,1.0,1,2.0,,2.0,,1.0,38.0,2021,,181289482,1,,58246340.0,,,3.0,2.0,1.0,2.0,0.138056999,2.0,1.0,Q3,,1.0,1.0,1.0,,1.0,1.0,Thailand,2.0,1,,,2.0,1.0,2.0,1.0,2.0,1.0,1.0,1.0,1.0,,1.0,2.0,2.0,3.0,2.0,1.0,1.0,1.0,THA,2.0,1.0,1.0,1.0,1.0,1.0,1,1.0,1.0,1.0,1.0,False,Female,30_39
866,1.0,2.0,1.0,East Asia & Pacific (excluding high income),1.0,2.0,1.0,2.0,2.0,3.0,1.0,1,,,,,1.0,30.0,2021,,192288864,1,,58246340.0,1.0,,3.0,2.0,2.0,2.0,0.138056999,2.0,2.0,Q5 Highest,,2.0,1.0,1.0,,2.0,1.0,Thailand,1.0,1,,,2.0,,2.0,1.0,2.0,1.0,1.0,1.0,2.0,,1.0,,,3.0,2.0,1.0,1.0,1.0,THA,4.0,4.0,1.0,1.0,1.0,2.0,2,2.0,1.0,1.0,,False,Male,30_39
867,1.0,2.0,2.0,East Asia & Pacific (excluding high income),1.0,2.0,1.0,1.0,2.0,3.0,,1,,,,,1.0,33.0,2021,,136338292,1,,58246340.0,1.0,,3.0,4.0,2.0,2.0,0.413793821,2.0,,Q2,,1.0,2.0,1.0,,2.0,1.0,Thailand,1.0,2,,,2.0,,,1.0,2.0,1.0,1.0,,2.0,,1.0,,,3.0,,0.0,2.0,1.0,THA,4.0,4.0,1.0,1.0,1.0,2.0,1,1.0,1.0,,,False,Female,30_39
868,1.0,2.0,2.0,East Asia & Pacific (excluding high income),2.0,1.0,1.0,2.0,2.0,,,1,,2.0,,1.0,,24.0,2021,1.0,187206938,1,2.0,58246340.0,,,2.0,7.0,,,1.43755885,2.0,,Q4,,1.0,,2.0,2.0,,1.0,Thailand,,2,1.0,,,,,4.0,,0.0,1.0,,1.0,1.0,1.0,2.0,1.0,,,0.0,2.0,,THA,4.0,2.0,2.0,1.0,,2.0,1,1.0,2.0,,2.0,False,Female,23_29
869,1.0,1.0,1.0,East Asia & Pacific (excluding high income),1.0,1.0,1.0,2.0,2.0,3.0,,1,,,,,1.0,25.0,2021,,154752022,1,,58246340.0,,,2.0,3.0,1.0,2.0,0.357891433,2.0,1.0,Q4,,2.0,1.0,1.0,,1.0,1.0,Thailand,2.0,1,,,,,,1.0,2.0,1.0,1.0,3.0,2.0,,1.0,1.0,,2.0,,1.0,1.0,2.0,THA,4.0,1.0,1.0,1.0,1.0,2.0,2,2.0,1.0,,2.0,False,Male,23_29
870,1.0,2.0,1.0,East Asia & Pacific (excluding high income),2.0,1.0,1.0,2.0,2.0,3.0,1.0,1,,,,,1.0,38.0,2021,,161735705,1,,58246340.0,,,3.0,4.0,1.0,,0.306484336,2.0,,Q2,,2.0,1.0,1.0,,,1.0,Thailand,2.0,2,,,4.0,,2.0,4.0,,1.0,1.0,1.0,2.0,,1.0,1.0,,2.0,1.0,1.0,1.0,,THA,4.0,1.0,2.0,1.0,1.0,1.0,2,1.0,1.0,1.0,1.0,False,Male,30_39
871,1.0,2.0,1.0,East Asia & Pacific (excluding high income),1.0,1.0,1.0,2.0,2.0,4.0,,1,,,,,1.0,39.0,2021,,182449190,1,,58246340.0,2.0,,2.0,2.0,3.0,,0.470272114,2.0,1.0,Q2,,2.0,1.0,1.0,,,1.0,Thailand,1.0,1,,,4.0,,,4.0,,1.0,0.0,3.0,2.0,1.0,1.0,2.0,,2.0,,1.0,1.0,,THA,4.0,2.0,2.0,1.0,1.0,2.0,1,1.0,2.0,,2.0,False,Female,30_39
872,1.0,2.0,1.0,East Asia & Pacific (excluding high income),1.0,1.0,1.0,2.0,2.0,1.0,1.0,1,,,,,1.0,37.0,2021,,178157054,1,,58246340.0,,,3.0,2.0,1.0,1.0,0.533798491,2.0,2.0,Q4,,2.0,1.0,1.0,,2.0,1.0,Thailand,2.0,1,,,4.0,,2.0,1.0,2.0,1.0,0.0,1.0,2.0,,1.0,2.0,,1.0,1.0,1.0,2.0,1.0,THA,4.0,1.0,1.0,1.0,1.0,2.0,1,1.0,1.0,1.0,1.0,False,Female,30_39
873,1.0,2.0,2.0,East Asia & Pacific (excluding high income),2.0,2.0,0.0,2.0,2.0,,,1,,,,,2.0,33.0,2021,,121683065,1,,58246340.0,,,2.0,7.0,,,5.714441691,1.0,2.0,Q1 Lowest,,2.0,1.0,2.0,,,2.0,Thailand,2.0,1,,,3.0,,,4.0,,0.0,1.0,,2.0,,2.0,,,,,0.0,,,THA,4.0,4.0,2.0,4.0,1.0,2.0,1,,2.0,,,False,Female,30_39
874,1.0,2.0,1.0,East Asia & Pacific (excluding high income),2.0,2.0,0.0,2.0,2.0,,,1,,,,,2.0,50.0,2021,,135113389,1,,58246340.0,,,3.0,7.0,,,0.782583699,2.0,,Q4,,2.0,2.0,2.0,,,2.0,Thailand,2.0,2,,,,,,4.0,,1.0,0.0,1.0,2.0,,2.0,,,,,0.0,,,THA,4.0,4.0,2.0,4.0,2.0,2.0,1,,1.0,,,False,Female,50_59
875,1.0,2.0,1.0,East Asia & Pacific (excluding high income),1.0,1.0,1.0,2.0,2.0,2.0,,1,,,,,1.0,28.0,2021,,118246605,1,,58246340.0,,,1.0,1.0,1.0,2.0,1.443962782,1.0,2.0,Q3,,1.0,1.0,1.0,,1.0,1.0,Thailand,2.0,1,,,3.0,,,1.0,2.0,1.0,1.0,2.0,2.0,1.0,1.0,2.0,,1.0,,1.0,1.0,1.0,THA,4.0,2.0,1.0,1.0,1.0,2.0,2,1.0,2.0,,2.0,False,Male,23_29
876,1.0,2.0,1.0,East Asia & Pacific (excluding high income),2.0,1.0,0.0,2.0,2.0,2.0,1.0,1,,,,,1.0,25.0,2021,,202935544,1,,58246340.0,,,2.0,2.0,1.0,2.0,1.829258135,1.0,2.0,Q2,,1.0,1.0,1.0,,1.0,2.0,Thailand,2.0,1,,,2.0,,2.0,1.0,2.0,1.0,1.0,3.0,2.0,,1.0,1.0,,2.0,1.0,1.0,2.0,1.0,THA,4.0,1.0,1.0,1.0,1.0,2.0,2,1.0,1.0,1.0,1.0,False,Male,23_29
877,1.0,2.0,1.0,East Asia & Pacific (excluding high income),2.0,1.0,1.0,2.0,2.0,3.0,2.0,1,,,,,1.0,35.0,2021,,210975911,1,,58246340.0,,,1.0,2.0,1.0,2.0,2.063701227,2.0,1.0,Q1 Lowest,,1.0,1.0,1.0,,2.0,2.0,Thailand,2.0,1,,,,,2.0,1.0,2.0,1.0,0.0,3.0,2.0,,1.0,1.0,,3.0,1.0,1.0,1.0,1.0,THA,4.0,1.0,1.0,1.0,1.0,2.0,1,2.0,1.0,2.0,1.0,False,Female,30_39
878,1.0,2.0,1.0,East Asia & Pacific (excluding high income),2.0,1.0,1.0,2.0,2.0,1.0,1.0,1,,,,,1.0,22.0,2021,,164550391,1,,58246340.0,,,3.0,2.0,2.0,2.0,0.439869775,2.0,2.0,Q5 Highest,,1.0,1.0,1.0,,2.0,1.0,Thailand,2.0,1,,,3.0,,2.0,1.0,2.0,1.0,0.0,1.0,2.0,,1.0,1.0,,1.0,2.0,1.0,1.0,1.0,THA,4.0,1.0,1.0,1.0,1.0,2.0,1,1.0,1.0,1.0,1.0,False,Female,18_22
879,1.0,2.0,1.0,East Asia & Pacific (excluding high income),2.0,1.0,1.0,2.0,2.0,3.0,1.0,1,,,,,1.0,38.0,2021,,145420851,1,,58246340.0,1.0,,3.0,4.0,1.0,,0.249767845,2.0,1.0,Q3,,2.0,1.0,1.0,,,1.0,Thailand,1.0,1,,,,,2.0,4.0,,1.0,1.0,1.0,2.0,,1.0,2.0,,3.0,1.0,1.0,1.0,,THA,4.0,1.0,2.0,1.0,1.0,2.0,1,2.0,1.0,1.0,1.0,False,Female,30_39
880,1.0,2.0,1.0,East Asia & Pacific (excluding high income),1.0,1.0,1.0,2.0,2.0,3.0,,1,,,,,1.0,41.0,2021,,194581675,1,,58246340.0,2.0,,2.0,2.0,1.0,,1.784900964,2.0,1.0,Q4,,2.0,1.0,1.0,,,1.0,Thailand,1.0,1,,,2.0,,,4.0,,1.0,1.0,1.0,1.0,,1.0,2.0,2.0,3.0,,1.0,1.0,,THA,4.0,1.0,2.0,1.0,1.0,1.0,2,1.0,1.0,,1.0,False,Male,40_49
881,1.0,2.0,2.0,East Asia & Pacific (excluding high income),1.0,1.0,1.0,2.0,2.0,1.0,,1,,,,,1.0,60.0,2021,,111882800,1,,58246340.0,,,1.0,4.0,3.0,,0.194527058,1.0,,Q2,1.0,1.0,1.0,1.0,,2.0,2.0,Thailand,2.0,2,,,1.0,,,2.0,2.0,0.0,1.0,,2.0,1.0,1.0,2.0,,1.0,,1.0,1.0,2.0,THA,4.0,2.0,1.0,1.0,1.0,1.0,1,1.0,2.0,,2.0,False,Female,60_69
882,1.0,2.0,1.0,East Asia & Pacific (excluding high income),1.0,1.0,1.0,2.0,2.0,,,1,,,,,1.0,41.0,2021,,169468697,1,,58246340.0,1.0,,3.0,7.0,1.0,2.0,0.287278596,2.0,2.0,Q4,,1.0,1.0,1.0,,1.0,1.0,Thailand,1.0,1,,,,,,1.0,1.0,1.0,1.0,2.0,2.0,,1.0,1.0,,,,1.0,2.0,1.0,THA,4.0,1.0,1.0,1.0,1.0,2.0,2,1.0,1.0,,1.0,False,Male,40_49
883,1.0,1.0,1.0,East Asia & Pacific (excluding high income),2.0,1.0,0.0,2.0,2.0,1.0,,1,,,,,1.0,33.0,2021,,163658896,1,,58246340.0,,2.0,2.0,2.0,1.0,,0.934298079,1.0,2.0,Q2,,2.0,1.0,1.0,,,2.0,Thailand,2.0,1,,,3.0,,,4.0,,1.0,1.0,2.0,2.0,,1.0,1.0,,1.0,,0.0,2.0,,THA,4.0,1.0,2.0,1.0,1.0,2.0,1,2.0,1.0,,1.0,False,Female,30_39
884,1.0,2.0,1.0,East Asia & Pacific (excluding high income),1.0,2.0,1.0,2.0,2.0,3.0,,1,,,,,1.0,29.0,2021,,131541941,1,,58246340.0,1.0,,3.0,1.0,1.0,2.0,0.252473611,2.0,1.0,Q4,,1.0,1.0,1.0,,2.0,1.0,Thailand,1.0,1,,,2.0,,,1.0,2.0,1.0,1.0,3.0,2.0,,1.0,,,3.0,,0.0,2.0,1.0,THA,4.0,4.0,1.0,1.0,1.0,1.0,1,1.0,1.0,,,False,Female,23_29
885,1.0,2.0,2.0,East Asia & Pacific (excluding high income),1.0,2.0,1.0,2.0,2.0,2.0,,1,,,,,1.0,45.0,2021,,113857514,1,,58246340.0,,,1.0,4.0,1.0,,0.413038667,2.0,,Q1 Lowest,1.0,1.0,1.0,1.0,,2.0,2.0,Thailand,2.0,2,,,3.0,,,2.0,2.0,0.0,0.0,,2.0,,1.0,,,1.0,,0.0,2.0,2.0,THA,4.0,4.0,1.0,1.0,1.0,2.0,2,1.0,2.0,,,False,Male,40_49
886,1.0,2.0,1.0,East Asia & Pacific (excluding high income),2.0,2.0,1.0,2.0,2.0,3.0,,1,,,,,1.0,30.0,2021,,147165189,1,,58246340.0,1.0,,3.0,2.0,1.0,1.0,0.521688912,2.0,,Q4,,1.0,1.0,1.0,,2.0,1.0,Thailand,1.0,2,,,,,,1.0,2.0,1.0,1.0,1.0,2.0,,1.0,,,3.0,,1.0,1.0,1.0,THA,4.0,4.0,1.0,1.0,1.0,2.0,2,2.0,1.0,,,False,Male,30_39
887,1.0,2.0,1.0,East Asia & Pacific (excluding high income),2.0,2.0,1.0,2.0,1.0,3.0,,1,2.0,,2.0,,1.0,67.0,2021,,162141804,1,,58246340.0,2.0,,2.0,2.0,1.0,,0.858751407,2.0,,Q3,,2.0,1.0,1.0,,,1.0,Thailand,1.0,2,,,,1.0,,4.0,,0.0,0.0,2.0,2.0,,2.0,,,3.0,,0.0,,,THA,2.0,4.0,2.0,4.0,1.0,2.0,2,,2.0,,,False,Male,60_69
888,1.0,2.0,1.0,East Asia & Pacific (excluding high income),2.0,1.0,0.0,2.0,1.0,3.0,1.0,1,2.0,,2.0,,1.0,55.0,2021,,122625986,1,,58246340.0,,,1.0,2.0,2.0,,0.335071811,2.0,2.0,Q2,,1.0,1.0,1.0,,,2.0,Thailand,2.0,1,,,,1.0,2.0,4.0,,1.0,1.0,1.0,2.0,,1.0,2.0,,3.0,1.0,1.0,1.0,,THA,2.0,1.0,2.0,1.0,1.0,2.0,2,1.0,1.0,1.0,1.0,False,Male,50_59
889,1.0,2.0,2.0,East Asia & Pacific (excluding high income),1.0,1.0,1.0,2.0,2.0,3.0,,1,,,,,2.0,67.0,2021,,122754090,1,,58246340.0,,,2.0,1.0,2.0,,1.180640086,2.0,,Q3,,1.0,1.0,1.0,,,1.0,Thailand,2.0,2,,,,,,4.0,,0.0,0.0,,2.0,1.0,1.0,2.0,,3.0,,0.0,2.0,,THA,4.0,2.0,2.0,1.0,1.0,2.0,1,1.0,2.0,,2.0,False,Female,60_69
890,1.0,2.0,1.0,East Asia & Pacific (excluding high income),1.0,1.0,1.0,2.0,2.0,2.0,,1,,,,,1.0,38.0,2021,,143194255,1,,58246340.0,,,3.0,2.0,1.0,2.0,0.289066686,2.0,,Q4,,1.0,1.0,1.0,,2.0,1.0,Thailand,2.0,2,,,,,,1.0,2.0,1.0,0.0,3.0,1.0,,1.0,1.0,2.0,2.0,,0.0,2.0,1.0,THA,4.0,1.0,1.0,1.0,1.0,2.0,1,1.0,1.0,,1.0,False,Female,30_39
891,1.0,2.0,2.0,East Asia & Pacific (excluding high income),2.0,2.0,0.0,1.0,2.0,1.0,,1,,,,,2.0,63.0,2021,,132342561,1,,58246340.0,,,3.0,2.0,,2.0,0.570909495,2.0,,Q3,,1.0,1.0,1.0,,2.0,2.0,Thailand,2.0,2,,,2.0,,,1.0,2.0,0.0,1.0,,2.0,,1.0,,,1.0,,0.0,2.0,1.0,THA,4.0,4.0,1.0,1.0,2.0,2.0,2,1.0,2.0,,,False,Male,60_69
892,1.0,2.0,1.0,East Asia & Pacific (excluding high income),1.0,1.0,1.0,2.0,2.0,2.0,,1,,,,,1.0,37.0,2021,,152107802,1,,58246340.0,,,1.0,1.0,,,0.959113692,2.0,2.0,Q3,,2.0,1.0,1.0,,,1.0,Thailand,2.0,1,,,4.0,,,4.0,,1.0,0.0,4.0,2.0,,1.0,1.0,,2.0,,1.0,1.0,,THA,4.0,1.0,2.0,1.0,2.0,2.0,1,1.0,1.0,,2.0,False,Female,30_39
893,1.0,2.0,2.0,East Asia & Pacific (excluding high income),2.0,2.0,1.0,2.0,2.0,2.0,1.0,1,,,,,1.0,26.0,2021,,137609567,1,,58246340.0,,,2.0,2.0,1.0,1.0,1.407413836,1.0,1.0,Q4,,2.0,1.0,1.0,,2.0,2.0,Thailand,2.0,1,,,3.0,,2.0,1.0,2.0,1.0,1.0,,2.0,,1.0,,,1.0,2.0,1.0,2.0,1.0,THA,4.0,4.0,1.0,1.0,1.0,1.0,1,1.0,1.0,1.0,,False,Female,23_29
894,1.0,2.0,1.0,East Asia & Pacific (excluding high income),1.0,1.0,1.0,2.0,2.0,3.0,,1,,,,,1.0,39.0,2021,,158892811,1,,58246340.0,,,2.0,5.0,2.0,,0.227863973,1.0,1.0,Q3,,2.0,1.0,1.0,,,2.0,Thailand,2.0,1,,,1.0,,,4.0,,1.0,1.0,3.0,2.0,,1.0,2.0,,3.0,,1.0,1.0,,THA,4.0,1.0,2.0,1.0,1.0,2.0,1,2.0,1.0,,1.0,False,Female,30_39
895,1.0,2.0,1.0,East Asia & Pacific (excluding high income),1.0,1.0,1.0,2.0,1.0,3.0,,1,1.0,,1.0,,1.0,51.0,2021,,159611540,1,,58246340.0,1.0,,3.0,1.0,1.0,2.0,0.681871458,2.0,2.0,Q5 Highest,,1.0,1.0,1.0,,2.0,1.0,Thailand,1.0,1,,,2.0,,,1.0,2.0,1.0,1.0,3.0,2.0,,1.0,2.0,,3.0,,1.0,1.0,1.0,THA,1.0,1.0,1.0,1.0,1.0,1.0,1,2.0,1.0,,1.0,False,Female,50_59
896,1.0,2.0,2.0,East Asia & Pacific (excluding high income),1.0,2.0,1.0,2.0,2.0,3.0,,1,,,,,1.0,18.0,2021,,111186389,1,,58246340.0,2.0,,2.0,2.0,,,1.944532089,2.0,2.0,Q4,,2.0,1.0,1.0,,,1.0,Thailand,1.0,1,,,4.0,,,4.0,,0.0,0.0,,2.0,,2.0,,,3.0,,0.0,,,THA,4.0,4.0,2.0,4.0,1.0,2.0,2,,1.0,,,False,Male,18_22
897,1.0,2.0,2.0,East Asia & Pacific (excluding high income),2.0,2.0,0.0,1.0,1.0,,,1,2.0,,2.0,,1.0,,2021,,143644053,1,,58246340.0,,,2.0,7.0,2.0,,1.159287731,2.0,2.0,Q1 Lowest,,2.0,1.0,2.0,,,2.0,Thailand,2.0,1,,,3.0,1.0,,4.0,,0.0,0.0,,2.0,,1.0,,,,,0.0,2.0,,THA,2.0,4.0,2.0,1.0,1.0,2.0,2,1.0,2.0,,,False,Male,
898,1.0,2.0,2.0,East Asia & Pacific (excluding high income),1.0,1.0,1.0,2.0,2.0,3.0,,1,,,,,1.0,35.0,2021,,197125292,1,,58246340.0,1.0,,3.0,1.0,2.0,1.0,0.138056999,2.0,2.0,Q5 Highest,,1.0,1.0,1.0,,3.0,2.0,Thailand,1.0,1,,,2.0,,,1.0,2.0,1.0,1.0,,2.0,,1.0,1.0,,3.0,,1.0,1.0,1.0,THA,4.0,1.0,1.0,1.0,1.0,2.0,1,1.0,1.0,,1.0,False,Female,30_39
899,1.0,2.0,1.0,East Asia & Pacific (excluding high income),1.0,2.0,1.0,2.0,2.0,2.0,,1,,,,,1.0,23.0,2021,,166422841,1,,58246340.0,,,1.0,2.0,2.0,2.0,2.422744642,2.0,1.0,Q5 Highest,,1.0,1.0,1.0,,2.0,1.0,Thailand,2.0,1,,,2.0,,,1.0,2.0,1.0,0.0,3.0,1.0,,1.0,,2.0,3.0,,1.0,1.0,1.0,THA,4.0,4.0,1.0,1.0,1.0,2.0,2,2.0,1.0,,,False,Male,23_29
900,1.0,2.0,2.0,East Asia & Pacific (excluding high income),1.0,2.0,1.0,2.0,2.0,3.0,,1,,,,,1.0,57.0,2021,,192506940,1,,58246340.0,1.0,,3.0,1.0,2.0,2.0,0.199301538,2.0,2.0,Q4,,2.0,1.0,1.0,,2.0,1.0,Thailand,1.0,1,,,,,,1.0,2.0,1.0,1.0,,2.0,,2.0,,,3.0,,0.0,,1.0,THA,4.0,4.0,1.0,4.0,1.0,2.0,2,,2.0,,,False,Male,50_59
901,1.0,2.0,1.0,East Asia & Pacific (excluding high income),1.0,1.0,1.0,2.0,2.0,1.0,,1,,,,,1.0,66.0,2021,,128107401,1,,58246340.0,1.0,,3.0,4.0,1.0,2.0,0.302773876,2.0,1.0,Q3,,2.0,1.0,1.0,,2.0,1.0,Thailand,1.0,1,,,,,,1.0,2.0,1.0,1.0,3.0,2.0,,2.0,1.0,,1.0,,0.0,,1.0,THA,4.0,1.0,1.0,4.0,1.0,2.0,2,,1.0,,1.0,False,Male,60_69
902,1.0,2.0,1.0,East Asia & Pacific (excluding high income),1.0,2.0,1.0,2.0,2.0,2.0,1.0,1,,,,,1.0,32.0,2021,,149238223,1,,58246340.0,,,2.0,2.0,1.0,,0.765185414,2.0,2.0,Q4,,1.0,1.0,1.0,,,2.0,Thailand,2.0,1,,,3.0,,2.0,4.0,,1.0,0.0,3.0,2.0,,1.0,,,1.0,1.0,1.0,2.0,,THA,4.0,4.0,2.0,1.0,1.0,2.0,1,1.0,1.0,1.0,,False,Female,30_39
903,1.0,2.0,1.0,East Asia & Pacific (excluding high income),1.0,1.0,1.0,2.0,2.0,3.0,1.0,1,,,,,1.0,31.0,2021,,177336488,1,,58246340.0,,1.0,3.0,2.0,1.0,2.0,0.969361303,2.0,,Q4,,1.0,1.0,1.0,,1.0,1.0,Thailand,2.0,2,,,,,2.0,1.0,2.0,1.0,0.0,3.0,2.0,1.0,1.0,2.0,,3.0,1.0,1.0,2.0,1.0,THA,4.0,2.0,1.0,2.0,1.0,2.0,1,2.0,1.0,2.0,2.0,False,Female,30_39
904,1.0,2.0,2.0,East Asia & Pacific (excluding high income),2.0,1.0,1.0,2.0,2.0,,,1,,,,,2.0,50.0,2021,,194036591,1,,58246340.0,,,2.0,8.0,1.0,,1.119834655,2.0,2.0,Q3,,2.0,1.0,1.0,,,1.0,Thailand,2.0,1,,,,,,4.0,,0.0,0.0,,2.0,1.0,1.0,2.0,,,,1.0,1.0,,THA,4.0,2.0,2.0,1.0,1.0,2.0,2,2.0,2.0,,2.0,False,Male,50_59
905,1.0,2.0,2.0,East Asia & Pacific (excluding high income),1.0,2.0,1.0,2.0,2.0,3.0,,1,,,,,2.0,,2021,,118936578,1,,58246340.0,,,3.0,3.0,1.0,2.0,0.138056999,2.0,2.0,Q3,,2.0,1.0,1.0,,2.0,1.0,Thailand,2.0,1,,,,,,1.0,2.0,1.0,1.0,,2.0,,2.0,,,3.0,,0.0,,1.0,THA,4.0,4.0,1.0,4.0,1.0,2.0,2,,2.0,,,False,Male,
906,1.0,2.0,2.0,East Asia & Pacific (excluding high income),2.0,1.0,0.0,2.0,2.0,1.0,,1,,,,,2.0,37.0,2021,,188631615,1,,58246340.0,,2.0,1.0,4.0,1.0,2.0,0.868417419,1.0,2.0,Q1 Lowest,,2.0,2.0,1.0,,2.0,2.0,Thailand,2.0,1,,,3.0,,,1.0,2.0,0.0,1.0,,2.0,1.0,1.0,2.0,,1.0,,0.0,2.0,1.0,THA,4.0,2.0,1.0,1.0,1.0,1.0,1,2.0,2.0,,2.0,False,Female,30_39
907,1.0,1.0,1.0,East Asia & Pacific (excluding high income),1.0,1.0,1.0,1.0,1.0,2.0,1.0,1,2.0,,1.0,,1.0,36.0,2021,,144487008,1,,58246340.0,1.0,,2.0,2.0,1.0,1.0,0.82171974,1.0,,Q5 Highest,,3.0,1.0,1.0,,1.0,1.0,Thailand,1.0,2,,,3.0,,1.0,1.0,1.0,1.0,1.0,1.0,2.0,,2.0,1.0,,3.0,1.0,1.0,2.0,1.0,THA,1.0,1.0,1.0,4.0,1.0,1.0,2,1.0,1.0,1.0,2.0,False,Male,30_39
908,1.0,2.0,1.0,East Asia & Pacific (excluding high income),2.0,1.0,0.0,2.0,1.0,3.0,1.0,1,2.0,,2.0,,1.0,35.0,2021,,112627653,1,,58246340.0,,,3.0,2.0,,,0.672984322,1.0,2.0,Q2,,2.0,1.0,1.0,,,2.0,Thailand,2.0,1,,,,1.0,2.0,4.0,,1.0,1.0,3.0,2.0,,2.0,1.0,,3.0,1.0,1.0,,,THA,2.0,1.0,2.0,4.0,1.0,2.0,2,,1.0,1.0,1.0,False,Male,30_39
909,1.0,2.0,1.0,East Asia & Pacific (excluding high income),1.0,1.0,1.0,2.0,2.0,2.0,1.0,1,,,,,1.0,29.0,2021,,145079177,1,,58246340.0,,,3.0,2.0,1.0,,1.067496643,2.0,1.0,Q4,,1.0,1.0,2.0,,,2.0,Thailand,2.0,1,,,2.0,,2.0,4.0,,1.0,1.0,2.0,2.0,,1.0,1.0,,2.0,1.0,1.0,1.0,,THA,4.0,1.0,2.0,1.0,1.0,1.0,1,1.0,1.0,1.0,1.0,False,Female,23_29
910,0.0,2.0,2.0,East Asia & Pacific (excluding high income),2.0,1.0,0.0,2.0,2.0,,,1,,,,,2.0,40.0,2021,,127062297,1,,58246340.0,,,2.0,8.0,,,5.714441691,2.0,,Q2,,2.0,2.0,1.0,,,2.0,Thailand,2.0,2,,,,,,4.0,,0.0,0.0,,2.0,1.0,2.0,2.0,,,,0.0,,,THA,4.0,2.0,2.0,4.0,1.0,2.0,1,,2.0,,2.0,False,Female,40_49
911,1.0,2.0,1.0,East Asia & Pacific (excluding high income),1.0,1.0,1.0,2.0,2.0,3.0,1.0,1,,,,,1.0,20.0,2021,,203857625,1,,58246340.0,,,2.0,2.0,1.0,,3.136517015,2.0,2.0,Q5 Highest,,1.0,1.0,2.0,,,2.0,Thailand,2.0,1,,,2.0,,2.0,4.0,,1.0,0.0,1.0,2.0,1.0,1.0,2.0,,1.0,1.0,1.0,1.0,,THA,4.0,2.0,2.0,1.0,1.0,2.0,1,2.0,1.0,2.0,2.0,False,Female,18_22
912,1.0,2.0,1.0,East Asia & Pacific (excluding high income),2.0,1.0,1.0,2.0,2.0,3.0,,1,,,,,1.0,31.0,2021,,145800606,1,,58246340.0,1.0,,3.0,4.0,1.0,2.0,0.733215213,2.0,1.0,Q5 Highest,,1.0,1.0,1.0,,2.0,1.0,Thailand,1.0,1,,,2.0,,,1.0,2.0,1.0,1.0,3.0,2.0,,1.0,2.0,,3.0,,1.0,1.0,1.0,THA,4.0,1.0,1.0,1.0,1.0,1.0,1,1.0,1.0,,1.0,False,Female,30_39
913,1.0,1.0,1.0,East Asia & Pacific (excluding high income),2.0,1.0,0.0,2.0,2.0,1.0,,1,,,,,1.0,51.0,2021,,134683808,1,,58246340.0,,,3.0,2.0,,,0.138056999,1.0,,Q3,1.0,2.0,1.0,1.0,,2.0,2.0,Thailand,2.0,2,,,3.0,,,2.0,2.0,1.0,1.0,3.0,2.0,,1.0,1.0,,1.0,,1.0,1.0,2.0,THA,4.0,1.0,1.0,1.0,1.0,2.0,1,1.0,1.0,,1.0,False,Female,50_59
914,1.0,2.0,1.0,East Asia & Pacific (excluding high income),1.0,1.0,1.0,2.0,2.0,2.0,1.0,1,,,,,1.0,53.0,2021,,111545534,1,,58246340.0,1.0,,2.0,4.0,,2.0,0.846195817,2.0,,Q5 Highest,,2.0,1.0,1.0,,2.0,1.0,Thailand,1.0,2,,,1.0,,2.0,1.0,2.0,1.0,1.0,3.0,2.0,,1.0,2.0,,2.0,1.0,1.0,1.0,1.0,THA,4.0,1.0,1.0,1.0,1.0,2.0,1,1.0,1.0,1.0,1.0,False,Female,50_59
915,1.0,2.0,1.0,East Asia & Pacific (excluding high income),2.0,1.0,0.0,2.0,1.0,1.0,1.0,1,2.0,,2.0,,1.0,52.0,2021,,164465468,1,,58246340.0,,,1.0,4.0,1.0,2.0,0.906454961,1.0,2.0,Q4,,1.0,1.0,1.0,,1.0,2.0,Thailand,2.0,1,,,1.0,1.0,2.0,1.0,2.0,1.0,1.0,3.0,2.0,1.0,1.0,2.0,,1.0,1.0,1.0,2.0,1.0,THA,2.0,2.0,1.0,1.0,1.0,1.0,1,1.0,1.0,1.0,2.0,False,Female,50_59
916,1.0,2.0,1.0,East Asia & Pacific (excluding high income),1.0,1.0,1.0,2.0,2.0,3.0,2.0,1,,,,,1.0,33.0,2021,,139310772,1,,58246340.0,,,3.0,1.0,1.0,2.0,0.838403302,2.0,,Q4,,2.0,1.0,1.0,,1.0,2.0,Thailand,2.0,2,,,,,2.0,1.0,2.0,1.0,0.0,1.0,2.0,,2.0,1.0,,2.0,1.0,1.0,,1.0,THA,4.0,1.0,1.0,4.0,1.0,2.0,2,,1.0,2.0,1.0,False,Male,30_39
917,1.0,2.0,1.0,East Asia & Pacific (excluding high income),1.0,1.0,1.0,2.0,2.0,3.0,,1,,,,,1.0,42.0,2021,,118251090,1,,58246340.0,,,2.0,1.0,2.0,2.0,2.359762718,1.0,2.0,Q3,,2.0,1.0,1.0,,2.0,1.0,Thailand,2.0,1,,,,,,1.0,2.0,1.0,1.0,3.0,2.0,,1.0,2.0,,2.0,,1.0,1.0,1.0,THA,4.0,1.0,1.0,1.0,1.0,2.0,2,1.0,1.0,,1.0,False,Male,40_49
918,1.0,2.0,2.0,East Asia & Pacific (excluding high income),2.0,2.0,0.0,2.0,2.0,3.0,,1,,2.0,,2.0,,33.0,2021,2.0,115653644,0,2.0,58246340.0,,,1.0,2.0,,,1.829258135,2.0,,Q1 Lowest,2.0,1.0,,1.0,1.0,2.0,2.0,Thailand,,2,2.0,,1.0,,,3.0,2.0,0.0,0.0,,2.0,,1.0,,,2.0,,1.0,1.0,2.0,THA,4.0,4.0,1.0,1.0,,2.0,2,2.0,2.0,,,False,Male,30_39
919,0.0,2.0,2.0,East Asia & Pacific (excluding high income),2.0,2.0,1.0,2.0,2.0,2.0,,0,,2.0,,2.0,,19.0,2021,2.0,145025619,0,2.0,58246340.0,,,2.0,2.0,,,0.752258138,1.0,,Q1 Lowest,,1.0,,1.0,2.0,,1.0,Thailand,,2,2.0,2.0,1.0,,,4.0,,0.0,1.0,,2.0,,2.0,,,1.0,,0.0,,,THA,4.0,4.0,2.0,4.0,,2.0,1,,1.0,,,False,Female,18_22
920,1.0,2.0,1.0,East Asia & Pacific (excluding high income),1.0,1.0,1.0,2.0,2.0,3.0,,1,,,,,1.0,45.0,2021,,139727058,1,,58246340.0,1.0,,3.0,1.0,2.0,2.0,0.235072786,2.0,1.0,Q5 Highest,,1.0,1.0,1.0,,2.0,1.0,Thailand,1.0,1,,,1.0,,,1.0,2.0,1.0,1.0,2.0,2.0,,2.0,1.0,,3.0,,0.0,,1.0,THA,4.0,1.0,1.0,4.0,1.0,2.0,2,,1.0,,1.0,False,Male,40_49
921,1.0,2.0,1.0,East Asia & Pacific (excluding high income),2.0,2.0,0.0,2.0,2.0,2.0,,1,,,,,1.0,47.0,2021,,153121336,1,,58246340.0,1.0,,3.0,2.0,1.0,2.0,0.202950498,1.0,1.0,Q4,,1.0,2.0,1.0,,1.0,2.0,Thailand,1.0,1,,,2.0,,,1.0,1.0,1.0,1.0,2.0,2.0,,1.0,,,2.0,,1.0,1.0,1.0,THA,4.0,4.0,1.0,1.0,1.0,1.0,1,1.0,2.0,,,False,Female,40_49
922,1.0,2.0,1.0,East Asia & Pacific (excluding high income),1.0,1.0,1.0,2.0,2.0,3.0,1.0,1,,,,,1.0,29.0,2021,,148242353,1,,58246340.0,,,2.0,1.0,1.0,2.0,1.162450402,2.0,1.0,Q2,,1.0,1.0,1.0,,1.0,1.0,Thailand,2.0,1,,,,,2.0,1.0,2.0,1.0,0.0,1.0,2.0,,1.0,1.0,,3.0,1.0,1.0,1.0,1.0,THA,4.0,1.0,1.0,1.0,1.0,2.0,1,1.0,1.0,1.0,1.0,False,Female,23_29
923,1.0,2.0,2.0,East Asia & Pacific (excluding high income),2.0,2.0,1.0,2.0,2.0,3.0,,1,,,,,1.0,54.0,2021,,138068732,1,,58246340.0,,,1.0,3.0,2.0,2.0,5.714441691,2.0,2.0,Q5 Highest,,2.0,1.0,1.0,,2.0,2.0,Thailand,2.0,1,,,2.0,,,1.0,2.0,1.0,1.0,,2.0,,1.0,,,1.0,,1.0,1.0,1.0,THA,4.0,4.0,1.0,1.0,1.0,1.0,1,1.0,2.0,,,False,Female,50_59
924,1.0,2.0,2.0,East Asia & Pacific (excluding high income),1.0,1.0,1.0,2.0,2.0,3.0,,1,,,,,1.0,37.0,2021,,200218523,1,,58246340.0,,,3.0,2.0,1.0,2.0,0.138056999,2.0,,Q5 Highest,,1.0,2.0,1.0,,2.0,2.0,Thailand,2.0,2,,,,,,1.0,2.0,1.0,0.0,,2.0,1.0,1.0,2.0,,3.0,,1.0,1.0,1.0,THA,4.0,2.0,1.0,1.0,1.0,2.0,2,2.0,1.0,,2.0,False,Male,30_39
925,1.0,2.0,1.0,East Asia & Pacific (excluding high income),1.0,1.0,1.0,2.0,2.0,3.0,,1,,,,,1.0,40.0,2021,,146557609,1,,58246340.0,,,3.0,2.0,1.0,2.0,0.422313498,2.0,1.0,Q4,,1.0,1.0,1.0,,2.0,1.0,Thailand,2.0,1,,,,,,1.0,2.0,1.0,1.0,3.0,2.0,,2.0,1.0,,2.0,,0.0,,1.0,THA,4.0,1.0,1.0,4.0,1.0,1.0,2,,1.0,,1.0,False,Male,40_49
926,1.0,2.0,1.0,East Asia & Pacific (excluding high income),1.0,2.0,1.0,2.0,2.0,4.0,,1,,,,,1.0,31.0,2021,,111852716,1,,58246340.0,,,2.0,2.0,1.0,2.0,1.407413836,2.0,2.0,Q2,,2.0,1.0,1.0,,2.0,1.0,Thailand,2.0,1,,,3.0,,,1.0,2.0,1.0,0.0,3.0,2.0,,1.0,,,2.0,,1.0,1.0,1.0,THA,4.0,4.0,1.0,1.0,1.0,2.0,1,1.0,2.0,,,False,Female,30_39
927,1.0,2.0,1.0,East Asia & Pacific (excluding high income),1.0,1.0,1.0,2.0,1.0,2.0,1.0,1,2.0,,2.0,,1.0,38.0,2021,,193939882,1,,58246340.0,2.0,,2.0,2.0,1.0,,0.227863973,1.0,1.0,Q1 Lowest,1.0,1.0,1.0,1.0,,2.0,1.0,Thailand,1.0,1,,,2.0,1.0,2.0,2.0,2.0,1.0,1.0,3.0,2.0,,2.0,1.0,,1.0,1.0,1.0,,2.0,THA,2.0,1.0,1.0,4.0,1.0,2.0,1,,1.0,1.0,1.0,False,Female,30_39
928,1.0,2.0,1.0,East Asia & Pacific (excluding high income),2.0,1.0,0.0,2.0,2.0,2.0,,1,,,,,1.0,50.0,2021,,145383971,1,,58246340.0,1.0,,3.0,4.0,2.0,2.0,0.138056999,1.0,,Q5 Highest,,1.0,1.0,1.0,,1.0,2.0,Thailand,1.0,2,,,1.0,,,1.0,2.0,1.0,1.0,3.0,2.0,1.0,1.0,2.0,,1.0,,1.0,1.0,1.0,THA,4.0,2.0,1.0,1.0,1.0,2.0,1,1.0,1.0,,2.0,False,Female,50_59
929,1.0,2.0,2.0,East Asia & Pacific (excluding high income),2.0,1.0,1.0,1.0,1.0,3.0,,1,2.0,,2.0,,2.0,52.0,2021,,199298646,1,,58246340.0,,,2.0,2.0,2.0,,4.205264729,1.0,1.0,Q3,,1.0,1.0,2.0,,,1.0,Thailand,2.0,1,,,,2.0,,4.0,,0.0,1.0,,2.0,1.0,2.0,2.0,,3.0,,0.0,2.0,,THA,3.0,2.0,2.0,4.0,1.0,2.0,2,1.0,2.0,,2.0,False,Male,50_59
930,1.0,2.0,1.0,East Asia & Pacific (excluding high income),2.0,1.0,0.0,2.0,2.0,1.0,1.0,1,,,,,1.0,53.0,2021,,171484655,1,,58246340.0,,,3.0,5.0,1.0,1.0,0.157862851,1.0,2.0,Q3,,1.0,1.0,1.0,,1.0,2.0,Thailand,2.0,1,,,2.0,,2.0,1.0,2.0,1.0,1.0,3.0,2.0,,1.0,1.0,,1.0,1.0,1.0,1.0,2.0,THA,4.0,1.0,1.0,1.0,1.0,2.0,2,1.0,1.0,1.0,1.0,False,Male,50_59
931,1.0,2.0,1.0,East Asia & Pacific (excluding high income),2.0,1.0,0.0,2.0,2.0,3.0,1.0,1,,,,,1.0,38.0,2021,,129989941,1,,58246340.0,1.0,,3.0,4.0,2.0,2.0,0.289717453,2.0,1.0,Q5 Highest,,1.0,1.0,1.0,,2.0,2.0,Thailand,1.0,1,,,1.0,,2.0,1.0,2.0,1.0,1.0,1.0,2.0,,2.0,1.0,,2.0,1.0,1.0,,1.0,THA,4.0,1.0,1.0,4.0,1.0,1.0,2,,1.0,1.0,1.0,False,Male,30_39
932,1.0,2.0,2.0,East Asia & Pacific (excluding high income),1.0,1.0,1.0,2.0,1.0,3.0,,1,2.0,,2.0,,2.0,21.0,2021,,152701474,1,,58246340.0,,,1.0,1.0,,,5.714441691,2.0,1.0,Q4,,2.0,2.0,1.0,,,2.0,Thailand,2.0,1,,,2.0,1.0,,4.0,,0.0,0.0,,2.0,1.0,2.0,2.0,,1.0,,0.0,,,THA,2.0,2.0,2.0,4.0,1.0,2.0,2,,2.0,,2.0,False,Male,18_22
933,1.0,2.0,1.0,East Asia & Pacific (excluding high income),1.0,2.0,1.0,2.0,2.0,3.0,,1,,,,,1.0,49.0,2021,,130145865,1,,58246340.0,1.0,,3.0,1.0,1.0,2.0,0.381592008,2.0,,Q4,,2.0,1.0,1.0,,2.0,1.0,Thailand,1.0,2,,,,,,1.0,2.0,1.0,1.0,3.0,2.0,,2.0,,,3.0,,0.0,,1.0,THA,4.0,4.0,1.0,4.0,1.0,2.0,1,,1.0,,,False,Female,40_49
934,1.0,2.0,1.0,East Asia & Pacific (excluding high income),1.0,1.0,1.0,2.0,2.0,3.0,,1,,,,,1.0,28.0,2021,,151840002,1,,58246340.0,,,1.0,1.0,1.0,,3.297034512,2.0,,Q1 Lowest,,2.0,1.0,1.0,,,1.0,Thailand,2.0,2,,,,,,4.0,,1.0,0.0,2.0,2.0,,1.0,1.0,,3.0,,1.0,1.0,,THA,4.0,1.0,2.0,1.0,1.0,2.0,1,1.0,1.0,,1.0,False,Female,23_29
935,1.0,2.0,1.0,East Asia & Pacific (excluding high income),1.0,1.0,1.0,2.0,2.0,2.0,,1,,,,,1.0,57.0,2021,,129251205,1,,58246340.0,,,1.0,2.0,1.0,,1.447306336,2.0,1.0,Q2,,2.0,1.0,1.0,,,2.0,Thailand,2.0,1,,,3.0,,,4.0,,1.0,0.0,3.0,2.0,1.0,1.0,2.0,,2.0,,1.0,1.0,,THA,4.0,2.0,2.0,1.0,1.0,2.0,1,2.0,2.0,,2.0,False,Female,50_59
936,1.0,2.0,2.0,East Asia & Pacific (excluding high income),2.0,2.0,1.0,2.0,2.0,2.0,,1,,,,,1.0,35.0,2021,,153472949,1,,58246340.0,1.0,,3.0,6.0,3.0,2.0,0.421364891,1.0,2.0,Q4,,2.0,1.0,1.0,,2.0,1.0,Thailand,1.0,1,,,1.0,,,1.0,2.0,1.0,1.0,,2.0,,2.0,,,3.0,,0.0,,1.0,THA,4.0,4.0,1.0,4.0,1.0,2.0,1,,1.0,,,False,Female,30_39
937,1.0,2.0,1.0,East Asia & Pacific (excluding high income),1.0,2.0,1.0,2.0,2.0,2.0,,1,,,,,1.0,35.0,2021,,209769331,1,,58246340.0,,,2.0,2.0,2.0,2.0,1.571947731,2.0,2.0,Q3,,1.0,1.0,1.0,,2.0,1.0,Thailand,2.0,1,,,,,,1.0,2.0,1.0,0.0,1.0,2.0,,1.0,,,1.0,,1.0,1.0,1.0,THA,4.0,4.0,1.0,1.0,1.0,2.0,1,1.0,1.0,,,False,Female,30_39
938,1.0,2.0,1.0,East Asia & Pacific (excluding high income),2.0,1.0,0.0,2.0,2.0,3.0,,1,,,,,1.0,50.0,2021,,203639066,1,,58246340.0,1.0,,1.0,2.0,1.0,,0.658204269,2.0,1.0,Q3,,1.0,1.0,1.0,,,2.0,Thailand,1.0,1,,,,,,4.0,,1.0,1.0,3.0,2.0,,1.0,1.0,,3.0,,1.0,1.0,,THA,4.0,1.0,2.0,1.0,1.0,2.0,2,1.0,1.0,,1.0,False,Male,50_59
939,1.0,2.0,1.0,East Asia & Pacific (excluding high income),2.0,1.0,1.0,1.0,1.0,3.0,2.0,1,2.0,,2.0,,1.0,67.0,2021,,184113517,1,,58246340.0,,,3.0,2.0,2.0,,0.205961814,1.0,2.0,Q5 Highest,,1.0,1.0,1.0,,,1.0,Thailand,2.0,1,,,,1.0,2.0,4.0,,1.0,1.0,1.0,2.0,,1.0,1.0,,3.0,2.0,1.0,2.0,,THA,2.0,1.0,2.0,1.0,1.0,1.0,2,1.0,1.0,2.0,2.0,False,Male,60_69
940,1.0,2.0,2.0,East Asia & Pacific (excluding high income),2.0,1.0,1.0,2.0,2.0,,,1,,1.0,,1.0,,60.0,2021,1.0,128776675,1,2.0,58246340.0,,2.0,1.0,9.0,,,5.714441691,2.0,,Q2,,1.0,,2.0,1.0,,2.0,Thailand,,2,1.0,,3.0,,,4.0,,0.0,0.0,,2.0,1.0,1.0,2.0,,,,0.0,2.0,,THA,4.0,2.0,2.0,1.0,,2.0,1,2.0,2.0,,2.0,False,Female,60_69
941,1.0,2.0,1.0,East Asia & Pacific (excluding high income),1.0,1.0,1.0,2.0,1.0,3.0,1.0,1,1.0,,2.0,,2.0,55.0,2021,,208746352,1,,58246340.0,1.0,,3.0,2.0,2.0,2.0,0.192318439,2.0,1.0,Q5 Highest,,2.0,1.0,1.0,,2.0,1.0,Thailand,1.0,1,,,,,2.0,1.0,2.0,1.0,1.0,1.0,2.0,,1.0,1.0,,3.0,1.0,1.0,2.0,1.0,THA,1.0,1.0,1.0,1.0,1.0,2.0,2,1.0,2.0,1.0,1.0,False,Male,50_59
942,1.0,2.0,2.0,East Asia & Pacific (excluding high income),1.0,1.0,1.0,2.0,2.0,2.0,,1,,,,,1.0,33.0,2021,,208445763,1,,58246340.0,,,2.0,2.0,1.0,2.0,1.393369416,1.0,,Q4,,2.0,1.0,1.0,,2.0,2.0,Thailand,2.0,2,,,,,,1.0,2.0,1.0,1.0,,2.0,1.0,1.0,2.0,,1.0,,1.0,1.0,1.0,THA,4.0,2.0,1.0,1.0,1.0,2.0,2,1.0,2.0,,2.0,False,Male,30_39
943,1.0,2.0,2.0,East Asia & Pacific (excluding high income),2.0,1.0,0.0,2.0,2.0,2.0,,1,,,,,1.0,36.0,2021,,142440492,1,,58246340.0,,,2.0,2.0,1.0,2.0,0.661484702,2.0,1.0,Q2,,2.0,2.0,1.0,,2.0,2.0,Thailand,2.0,1,,,1.0,,,1.0,2.0,0.0,0.0,,2.0,1.0,1.0,2.0,,2.0,,0.0,2.0,1.0,THA,4.0,2.0,1.0,1.0,1.0,2.0,1,1.0,1.0,,2.0,False,Female,30_39
944,0.0,2.0,2.0,East Asia & Pacific (excluding high income),2.0,2.0,1.0,2.0,2.0,2.0,,0,,2.0,,2.0,,19.0,2021,2.0,182403371,0,2.0,58246340.0,,,3.0,2.0,,,0.64118658,2.0,,Q5 Highest,,1.0,,1.0,2.0,,1.0,Thailand,,2,2.0,1.0,2.0,,,4.0,,0.0,0.0,,2.0,,2.0,,,1.0,,0.0,,,THA,4.0,4.0,2.0,4.0,,2.0,1,,2.0,,,False,Female,18_22
945,1.0,2.0,1.0,East Asia & Pacific (excluding high income),1.0,1.0,1.0,2.0,2.0,3.0,1.0,1,,,,,1.0,48.0,2021,,193322526,1,,58246340.0,1.0,,3.0,1.0,1.0,2.0,0.404584751,2.0,1.0,Q5 Highest,,1.0,1.0,1.0,,2.0,1.0,Thailand,1.0,1,,,,,2.0,1.0,2.0,1.0,1.0,2.0,2.0,,1.0,1.0,,3.0,1.0,1.0,1.0,1.0,THA,4.0,1.0,1.0,1.0,1.0,2.0,2,1.0,1.0,1.0,1.0,False,Male,40_49
946,1.0,2.0,2.0,East Asia & Pacific (excluding high income),2.0,1.0,0.0,2.0,2.0,1.0,,1,,,,,2.0,36.0,2021,,129261208,1,,58246340.0,,,1.0,2.0,1.0,,3.423450259,1.0,,Q2,1.0,2.0,2.0,2.0,,2.0,2.0,Thailand,2.0,2,,,3.0,,,2.0,2.0,1.0,1.0,,2.0,1.0,1.0,2.0,,1.0,,0.0,2.0,2.0,THA,4.0,2.0,1.0,1.0,1.0,2.0,1,1.0,2.0,,2.0,False,Female,30_39
947,1.0,2.0,1.0,East Asia & Pacific (excluding high income),1.0,1.0,1.0,2.0,2.0,2.0,1.0,1,,,,,1.0,25.0,2021,,206848739,1,,58246340.0,,2.0,1.0,4.0,1.0,2.0,1.462263333,1.0,1.0,Q1 Lowest,,2.0,1.0,1.0,,1.0,2.0,Thailand,2.0,1,,,4.0,,2.0,1.0,2.0,1.0,1.0,1.0,1.0,,1.0,1.0,2.0,1.0,1.0,1.0,2.0,1.0,THA,4.0,1.0,1.0,1.0,1.0,1.0,1,2.0,1.0,2.0,1.0,False,Female,23_29
948,1.0,2.0,1.0,East Asia & Pacific (excluding high income),1.0,2.0,1.0,2.0,2.0,3.0,2.0,1,,,,,1.0,25.0,2021,,151492090,1,,58246340.0,1.0,,3.0,2.0,1.0,2.0,0.337552293,2.0,2.0,Q5 Highest,,2.0,1.0,1.0,,2.0,1.0,Thailand,1.0,1,,,,,2.0,1.0,2.0,1.0,1.0,1.0,2.0,,2.0,,,3.0,1.0,1.0,,1.0,THA,4.0,4.0,1.0,4.0,1.0,2.0,1,,1.0,2.0,,False,Female,23_29
949,1.0,2.0,1.0,East Asia & Pacific (excluding high income),2.0,1.0,0.0,2.0,2.0,2.0,2.0,1,,,,,1.0,45.0,2021,,153841008,1,,58246340.0,,,3.0,2.0,2.0,2.0,0.202950498,1.0,1.0,Q4,,1.0,1.0,1.0,,2.0,2.0,Thailand,2.0,1,,,2.0,,2.0,1.0,2.0,1.0,1.0,1.0,2.0,,1.0,2.0,,2.0,1.0,1.0,1.0,1.0,THA,4.0,1.0,1.0,1.0,1.0,2.0,1,2.0,1.0,2.0,1.0,False,Female,40_49
950,1.0,2.0,2.0,East Asia & Pacific (excluding high income),1.0,1.0,1.0,1.0,2.0,1.0,,1,,,,,1.0,25.0,2021,,148138832,1,,58246340.0,,,2.0,4.0,,2.0,0.138056999,1.0,,Q1 Lowest,,2.0,1.0,1.0,,1.0,1.0,Thailand,2.0,2,,,3.0,,,1.0,2.0,0.0,1.0,,2.0,,1.0,1.0,,1.0,,1.0,1.0,2.0,THA,4.0,1.0,1.0,1.0,1.0,2.0,2,1.0,2.0,,1.0,False,Male,23_29
951,0.0,2.0,2.0,East Asia & Pacific (excluding high income),2.0,1.0,0.0,2.0,2.0,,,0,,2.0,,2.0,,53.0,2021,2.0,120984440,0,2.0,58246340.0,,,1.0,8.0,,,5.714441691,2.0,,Q3,1.0,2.0,,1.0,1.0,2.0,2.0,Thailand,,2,1.0,1.0,,,,2.0,2.0,0.0,0.0,,2.0,1.0,2.0,2.0,,,,0.0,,2.0,THA,4.0,2.0,1.0,4.0,,2.0,1,,2.0,,2.0,False,Female,50_59
952,1.0,2.0,1.0,East Asia & Pacific (excluding high income),1.0,1.0,1.0,2.0,2.0,3.0,1.0,1,,,,,1.0,34.0,2021,,192480754,1,,58246340.0,1.0,,3.0,2.0,1.0,2.0,0.337552293,2.0,1.0,Q5 Highest,,2.0,1.0,1.0,,2.0,1.0,Thailand,1.0,1,,,,,2.0,1.0,2.0,1.0,1.0,3.0,1.0,,2.0,2.0,2.0,3.0,1.0,1.0,,1.0,THA,4.0,1.0,1.0,4.0,1.0,2.0,1,,1.0,1.0,1.0,False,Female,30_39
953,1.0,2.0,1.0,East Asia & Pacific (excluding high income),2.0,1.0,1.0,2.0,2.0,1.0,1.0,1,,,,,1.0,19.0,2021,,140773914,1,,58246340.0,,2.0,2.0,2.0,1.0,2.0,0.181972094,1.0,2.0,Q2,,2.0,1.0,1.0,,1.0,2.0,Thailand,2.0,1,,,4.0,,2.0,1.0,2.0,1.0,1.0,2.0,2.0,,1.0,2.0,,1.0,2.0,1.0,2.0,2.0,THA,4.0,1.0,1.0,1.0,2.0,2.0,2,2.0,2.0,1.0,1.0,False,Male,18_22
954,1.0,2.0,2.0,East Asia & Pacific (excluding high income),2.0,1.0,0.0,2.0,2.0,1.0,,1,,,,,1.0,30.0,2021,,125885746,1,,58246340.0,,,2.0,5.0,1.0,1.0,0.171184592,2.0,2.0,Q4,,2.0,1.0,1.0,,1.0,2.0,Thailand,2.0,1,,,1.0,,,1.0,2.0,0.0,0.0,,2.0,,2.0,2.0,,1.0,,1.0,,2.0,THA,4.0,1.0,1.0,4.0,1.0,2.0,2,,1.0,,1.0,False,Male,30_39
955,1.0,2.0,1.0,East Asia & Pacific (excluding high income),1.0,1.0,1.0,2.0,1.0,2.0,1.0,1,2.0,,1.0,,1.0,37.0,2021,,157132457,1,,58246340.0,,,3.0,2.0,1.0,2.0,0.524778833,2.0,1.0,Q4,,1.0,1.0,1.0,,1.0,1.0,Thailand,2.0,1,,,6.0,,2.0,1.0,2.0,1.0,1.0,3.0,2.0,1.0,1.0,2.0,,2.0,1.0,1.0,2.0,1.0,THA,1.0,2.0,1.0,1.0,1.0,1.0,2,1.0,1.0,1.0,2.0,False,Male,30_39
956,1.0,2.0,1.0,East Asia & Pacific (excluding high income),1.0,1.0,1.0,2.0,2.0,3.0,,1,,,,,1.0,46.0,2021,,145103369,1,,58246340.0,1.0,,3.0,1.0,1.0,,0.157862851,2.0,,Q4,,1.0,1.0,1.0,,,1.0,Thailand,1.0,2,,,,,,4.0,,1.0,1.0,1.0,1.0,,2.0,2.0,2.0,3.0,,0.0,,,THA,4.0,1.0,2.0,4.0,1.0,2.0,2,,1.0,,1.0,False,Male,40_49
957,1.0,2.0,1.0,East Asia & Pacific (excluding high income),1.0,2.0,1.0,2.0,2.0,3.0,,1,,,,,1.0,36.0,2021,,180230959,1,,58246340.0,1.0,,3.0,1.0,2.0,2.0,0.398313221,2.0,1.0,Q5 Highest,,1.0,1.0,1.0,,2.0,1.0,Thailand,1.0,1,,,,,,1.0,1.0,1.0,1.0,3.0,1.0,,1.0,,2.0,3.0,,1.0,1.0,1.0,THA,4.0,4.0,1.0,1.0,1.0,2.0,1,1.0,1.0,,,False,Female,30_39
958,1.0,2.0,1.0,East Asia & Pacific (excluding high income),1.0,2.0,1.0,2.0,2.0,3.0,1.0,1,,,,,1.0,53.0,2021,,127652204,1,,58246340.0,1.0,,3.0,4.0,2.0,1.0,0.14740566,2.0,2.0,Q5 Highest,,1.0,1.0,1.0,,2.0,1.0,Thailand,1.0,1,,,1.0,,1.0,1.0,2.0,1.0,1.0,3.0,1.0,,2.0,,2.0,3.0,1.0,1.0,,1.0,THA,4.0,4.0,1.0,4.0,1.0,1.0,2,,1.0,1.0,,False,Male,50_59
959,1.0,2.0,2.0,East Asia & Pacific (excluding high income),1.0,1.0,1.0,2.0,2.0,3.0,1.0,1,,,,,1.0,44.0,2021,,186192953,1,,58246340.0,,,3.0,1.0,2.0,,0.32569368,2.0,1.0,Q4,,2.0,1.0,1.0,,,1.0,Thailand,2.0,1,,,1.0,,1.0,4.0,,1.0,1.0,,2.0,,1.0,1.0,,3.0,1.0,1.0,2.0,,THA,4.0,1.0,2.0,1.0,1.0,1.0,1,1.0,1.0,1.0,2.0,False,Female,40_49
960,0.0,2.0,2.0,East Asia & Pacific (excluding high income),1.0,2.0,1.0,2.0,2.0,3.0,,1,,,,,2.0,19.0,2021,,199874824,1,,58246340.0,,1.0,2.0,2.0,2.0,,1.834023407,2.0,,Q2,,2.0,2.0,1.0,,,2.0,Thailand,2.0,2,,,,,,4.0,,0.0,0.0,,2.0,,1.0,,,2.0,,0.0,2.0,,THA,4.0,4.0,2.0,2.0,1.0,2.0,1,2.0,2.0,,,False,Female,18_22
961,1.0,2.0,2.0,East Asia & Pacific (excluding high income),1.0,2.0,1.0,2.0,2.0,3.0,,1,,,,,1.0,25.0,2021,,181538968,1,,58246340.0,,,2.0,3.0,1.0,2.0,0.386514799,1.0,,Q3,,2.0,1.0,1.0,,1.0,2.0,Thailand,2.0,2,,,3.0,,,1.0,2.0,0.0,1.0,,2.0,,1.0,,,2.0,,1.0,1.0,1.0,THA,4.0,4.0,1.0,1.0,1.0,2.0,2,2.0,2.0,,,False,Male,23_29
962,1.0,2.0,1.0,East Asia & Pacific (excluding high income),1.0,1.0,1.0,2.0,2.0,3.0,1.0,1,,,,,1.0,23.0,2021,,147542205,1,,58246340.0,,,3.0,2.0,1.0,,0.171630533,1.0,2.0,Q1 Lowest,,1.0,1.0,1.0,,,1.0,Thailand,2.0,1,,,2.0,,2.0,4.0,,1.0,1.0,1.0,2.0,,1.0,1.0,,2.0,1.0,1.0,1.0,,THA,4.0,1.0,2.0,1.0,1.0,2.0,1,2.0,1.0,1.0,1.0,False,Female,23_29
963,1.0,2.0,1.0,East Asia & Pacific (excluding high income),1.0,1.0,1.0,1.0,2.0,3.0,1.0,1,,,,,1.0,47.0,2021,,184506152,1,,58246340.0,1.0,,3.0,2.0,1.0,2.0,0.589752531,2.0,1.0,Q3,,2.0,1.0,1.0,,1.0,2.0,Thailand,1.0,1,,,1.0,,2.0,1.0,1.0,1.0,1.0,1.0,2.0,,1.0,1.0,,3.0,1.0,1.0,1.0,1.0,THA,4.0,1.0,1.0,1.0,1.0,2.0,2,1.0,1.0,2.0,1.0,False,Male,40_49
964,1.0,2.0,2.0,East Asia & Pacific (excluding high income),2.0,1.0,0.0,2.0,2.0,3.0,,1,,1.0,,1.0,,70.0,2021,1.0,119262521,1,2.0,58246340.0,,,3.0,2.0,,,1.472720852,2.0,,Q3,,2.0,,2.0,1.0,,2.0,Thailand,,2,1.0,,,,,4.0,,0.0,0.0,,2.0,1.0,1.0,2.0,,3.0,,0.0,2.0,,THA,4.0,2.0,2.0,1.0,,2.0,1,1.0,2.0,,2.0,False,Female,70_plus
965,1.0,2.0,2.0,East Asia & Pacific (excluding high income),2.0,1.0,1.0,2.0,2.0,2.0,,1,,,,,2.0,59.0,2021,,134349829,1,,58246340.0,,,1.0,4.0,2.0,,0.273621738,2.0,2.0,Q2,,2.0,1.0,1.0,,,2.0,Thailand,2.0,1,,,2.0,,,4.0,,0.0,1.0,,1.0,1.0,1.0,2.0,1.0,2.0,,0.0,2.0,,THA,4.0,2.0,2.0,1.0,1.0,1.0,1,1.0,2.0,,2.0,False,Female,50_59
966,1.0,2.0,1.0,East Asia & Pacific (excluding high income),2.0,1.0,1.0,2.0,2.0,3.0,,1,,,,,1.0,32.0,2021,,173150323,1,,58246340.0,,2.0,2.0,2.0,1.0,2.0,0.438726878,2.0,2.0,Q4,,1.0,1.0,1.0,,2.0,1.0,Thailand,2.0,1,,,2.0,,,1.0,2.0,1.0,0.0,1.0,2.0,,1.0,2.0,,2.0,,0.0,2.0,1.0,THA,4.0,1.0,1.0,1.0,1.0,2.0,2,2.0,1.0,,1.0,False,Male,30_39
967,1.0,2.0,1.0,East Asia & Pacific (excluding high income),2.0,1.0,0.0,2.0,2.0,1.0,2.0,1,,,,,1.0,46.0,2021,,142252671,1,,58246340.0,1.0,,3.0,2.0,2.0,2.0,0.138056999,2.0,1.0,Q5 Highest,,2.0,1.0,1.0,,2.0,2.0,Thailand,1.0,1,,,2.0,,2.0,1.0,2.0,1.0,1.0,1.0,2.0,,1.0,1.0,,1.0,1.0,1.0,1.0,1.0,THA,4.0,1.0,1.0,1.0,1.0,2.0,1,1.0,1.0,2.0,1.0,False,Female,40_49
968,1.0,1.0,1.0,East Asia & Pacific (excluding high income),1.0,1.0,1.0,2.0,2.0,3.0,1.0,1,,,,,1.0,35.0,2021,,208033338,1,,58246340.0,1.0,,3.0,1.0,1.0,2.0,0.287278596,2.0,1.0,Q3,,1.0,1.0,1.0,,2.0,1.0,Thailand,1.0,1,,,1.0,,1.0,1.0,2.0,1.0,1.0,1.0,1.0,,1.0,2.0,2.0,3.0,1.0,1.0,2.0,1.0,THA,4.0,1.0,1.0,1.0,1.0,2.0,2,1.0,1.0,1.0,1.0,False,Male,30_39
969,1.0,2.0,1.0,East Asia & Pacific (excluding high income),1.0,1.0,1.0,2.0,2.0,3.0,1.0,1,,,,,1.0,37.0,2021,,200034630,1,,58246340.0,1.0,,3.0,2.0,1.0,2.0,0.678697635,2.0,3.0,Q4,,1.0,1.0,1.0,,3.0,1.0,Thailand,1.0,1,,,,,2.0,1.0,2.0,1.0,1.0,3.0,2.0,,1.0,1.0,,6.0,3.0,1.0,1.0,1.0,THA,4.0,1.0,1.0,1.0,1.0,1.0,2,1.0,1.0,1.0,1.0,False,Male,30_39
970,1.0,2.0,2.0,East Asia & Pacific (excluding high income),2.0,2.0,0.0,2.0,1.0,1.0,,1,2.0,,1.0,,2.0,60.0,2021,,204207994,1,,58246340.0,,,1.0,3.0,2.0,,5.714441691,2.0,1.0,Q1 Lowest,,2.0,2.0,1.0,,,2.0,Thailand,2.0,1,,,,,,4.0,,1.0,0.0,,2.0,,1.0,,,1.0,,0.0,2.0,,THA,1.0,4.0,2.0,1.0,2.0,2.0,1,1.0,2.0,,,False,Female,60_69
971,1.0,2.0,1.0,East Asia & Pacific (excluding high income),1.0,1.0,1.0,2.0,2.0,1.0,,1,,,,,1.0,50.0,2021,,188034371,1,,58246340.0,1.0,,3.0,5.0,1.0,,0.239457964,2.0,1.0,Q4,,2.0,1.0,1.0,,,2.0,Thailand,1.0,1,,,3.0,,,4.0,,1.0,1.0,2.0,2.0,,1.0,1.0,,1.0,,1.0,1.0,,THA,4.0,1.0,2.0,1.0,1.0,2.0,1,1.0,1.0,,1.0,False,Female,50_59
972,1.0,2.0,2.0,East Asia & Pacific (excluding high income),1.0,1.0,1.0,2.0,2.0,3.0,,1,,,,,1.0,50.0,2021,,195173084,1,,58246340.0,,2.0,3.0,1.0,3.0,,0.519390247,2.0,1.0,Q4,,2.0,1.0,1.0,,,1.0,Thailand,2.0,1,,,,,,4.0,,1.0,0.0,,2.0,,1.0,1.0,,3.0,,0.0,2.0,,THA,4.0,1.0,2.0,3.0,1.0,2.0,1,2.0,2.0,,2.0,False,Female,50_59
973,1.0,2.0,2.0,East Asia & Pacific (excluding high income),2.0,1.0,1.0,2.0,1.0,1.0,,1,2.0,,2.0,,1.0,25.0,2021,,170789180,1,,58246340.0,,,2.0,2.0,,,0.203900133,1.0,2.0,Q3,,1.0,1.0,1.0,,,2.0,Thailand,2.0,1,,,1.0,1.0,,4.0,,1.0,1.0,,2.0,1.0,1.0,2.0,,1.0,,1.0,1.0,,THA,2.0,2.0,2.0,1.0,1.0,1.0,2,2.0,1.0,,2.0,False,Male,23_29
974,1.0,1.0,1.0,East Asia & Pacific (excluding high income),2.0,1.0,1.0,2.0,2.0,1.0,,1,,,,,1.0,30.0,2021,,193890254,1,,58246340.0,1.0,,2.0,6.0,2.0,,0.138056999,1.0,2.0,Q1 Lowest,,1.0,1.0,1.0,,,2.0,Thailand,1.0,1,,,3.0,,,4.0,,1.0,1.0,2.0,1.0,,1.0,2.0,2.0,1.0,,1.0,1.0,,THA,4.0,1.0,2.0,1.0,1.0,1.0,1,1.0,2.0,,1.0,False,Female,30_39
975,1.0,2.0,1.0,East Asia & Pacific (excluding high income),1.0,1.0,1.0,2.0,2.0,3.0,1.0,1,,,,,1.0,32.0,2021,,118922173,1,,58246340.0,1.0,,3.0,2.0,1.0,2.0,0.60317635,2.0,1.0,Q5 Highest,,1.0,1.0,1.0,,1.0,1.0,Thailand,1.0,1,,,,,2.0,1.0,2.0,1.0,1.0,1.0,2.0,1.0,2.0,2.0,,3.0,1.0,1.0,,1.0,THA,4.0,2.0,1.0,4.0,1.0,2.0,1,,1.0,1.0,2.0,False,Female,30_39
976,1.0,2.0,1.0,East Asia & Pacific (excluding high income),1.0,1.0,1.0,2.0,2.0,3.0,,1,,,,,1.0,38.0,2021,,120893952,1,,58246340.0,1.0,,2.0,2.0,1.0,2.0,0.461683808,1.0,1.0,Q4,,1.0,1.0,1.0,,1.0,1.0,Thailand,1.0,1,,,2.0,,,1.0,2.0,1.0,1.0,1.0,2.0,,2.0,1.0,,2.0,,1.0,,1.0,THA,4.0,1.0,1.0,4.0,1.0,1.0,2,,1.0,,2.0,False,Male,30_39
977,1.0,2.0,1.0,East Asia & Pacific (excluding high income),1.0,1.0,1.0,2.0,2.0,3.0,,1,,,,,1.0,58.0,2021,,190837325,1,,58246340.0,,,2.0,4.0,1.0,,0.138056999,2.0,2.0,Q5 Highest,,1.0,1.0,1.0,,,1.0,Thailand,2.0,1,,,2.0,,,4.0,,1.0,0.0,2.0,2.0,,1.0,2.0,,3.0,,1.0,1.0,,THA,4.0,1.0,2.0,1.0,1.0,2.0,2,1.0,1.0,,1.0,False,Male,50_59
978,1.0,2.0,2.0,East Asia & Pacific (excluding high income),2.0,2.0,0.0,2.0,2.0,3.0,,1,,,,,1.0,48.0,2021,,154362285,1,,58246340.0,,,2.0,2.0,2.0,,0.147007556,2.0,2.0,Q4,,2.0,1.0,1.0,,,2.0,Thailand,2.0,1,,,1.0,,,4.0,,1.0,0.0,,2.0,,1.0,,,3.0,,1.0,1.0,,THA,4.0,4.0,2.0,1.0,1.0,2.0,2,1.0,2.0,,,False,Male,40_49
979,1.0,2.0,1.0,East Asia & Pacific (excluding high income),2.0,1.0,1.0,2.0,2.0,3.0,1.0,1,,,,,1.0,30.0,2021,,130522522,1,,58246340.0,1.0,,3.0,1.0,1.0,2.0,0.521688912,2.0,2.0,Q5 Highest,,2.0,1.0,1.0,,1.0,1.0,Thailand,1.0,1,,,1.0,,2.0,1.0,2.0,1.0,1.0,1.0,2.0,,1.0,1.0,,2.0,2.0,1.0,1.0,1.0,THA,4.0,1.0,1.0,1.0,1.0,2.0,2,1.0,1.0,1.0,1.0,False,Male,30_39
980,1.0,2.0,1.0,East Asia & Pacific (excluding high income),2.0,1.0,1.0,2.0,2.0,1.0,,1,,,,,1.0,38.0,2021,,142791045,1,,58246340.0,1.0,,3.0,2.0,1.0,2.0,0.190707121,1.0,1.0,Q5 Highest,,1.0,1.0,1.0,,2.0,1.0,Thailand,1.0,1,,,1.0,,,1.0,1.0,1.0,1.0,2.0,2.0,1.0,2.0,2.0,,2.0,,0.0,,1.0,THA,4.0,2.0,1.0,4.0,1.0,2.0,2,,1.0,,2.0,False,Male,30_39
981,1.0,2.0,1.0,East Asia & Pacific (excluding high income),1.0,2.0,1.0,2.0,2.0,3.0,,1,,,,,1.0,56.0,2021,,147236194,1,,58246340.0,1.0,,2.0,2.0,2.0,2.0,0.293032898,1.0,2.0,Q4,,1.0,1.0,1.0,,2.0,2.0,Thailand,1.0,1,,,1.0,,,1.0,2.0,1.0,1.0,1.0,2.0,,1.0,,,3.0,,1.0,1.0,1.0,THA,4.0,4.0,1.0,1.0,1.0,2.0,1,2.0,1.0,,,False,Female,50_59
982,1.0,2.0,1.0,East Asia & Pacific (excluding high income),1.0,1.0,1.0,2.0,2.0,3.0,1.0,1,,,,,1.0,20.0,2021,,198169827,1,,58246340.0,,,2.0,3.0,1.0,2.0,0.930097515,2.0,,Q4,,1.0,1.0,1.0,,1.0,2.0,Thailand,2.0,2,,,,,2.0,1.0,2.0,1.0,0.0,3.0,2.0,,1.0,1.0,,1.0,1.0,1.0,1.0,1.0,THA,4.0,1.0,1.0,1.0,1.0,2.0,2,2.0,1.0,1.0,1.0,False,Male,18_22
983,1.0,2.0,1.0,East Asia & Pacific (excluding high income),1.0,1.0,1.0,2.0,2.0,1.0,,1,,,,,1.0,29.0,2021,,119147073,1,,58246340.0,1.0,,1.0,2.0,1.0,2.0,3.297034512,2.0,,Q3,,2.0,1.0,1.0,,2.0,1.0,Thailand,1.0,2,,,3.0,,,1.0,2.0,1.0,1.0,3.0,2.0,1.0,1.0,2.0,,1.0,,1.0,1.0,1.0,THA,4.0,2.0,1.0,1.0,1.0,1.0,1,1.0,2.0,,2.0,False,Female,23_29
984,1.0,2.0,1.0,East Asia & Pacific (excluding high income),2.0,1.0,0.0,2.0,2.0,2.0,1.0,1,,,,,1.0,32.0,2021,,186438704,1,,58246340.0,1.0,,3.0,2.0,2.0,2.0,0.308541205,2.0,2.0,Q2,,1.0,1.0,1.0,,1.0,2.0,Thailand,1.0,1,,,1.0,,1.0,1.0,2.0,1.0,1.0,3.0,2.0,,1.0,2.0,,1.0,1.0,1.0,3.0,1.0,THA,4.0,1.0,1.0,1.0,1.0,2.0,1,1.0,1.0,1.0,1.0,False,Female,30_39
985,1.0,2.0,1.0,East Asia & Pacific (excluding high income),2.0,1.0,1.0,1.0,2.0,3.0,1.0,1,,,,,1.0,43.0,2021,,122256040,1,,58246340.0,1.0,,3.0,6.0,1.0,2.0,0.138056999,1.0,1.0,Q5 Highest,,1.0,1.0,1.0,,2.0,1.0,Thailand,1.0,1,,,,,2.0,1.0,2.0,1.0,1.0,1.0,2.0,,1.0,2.0,,3.0,1.0,1.0,2.0,1.0,THA,4.0,1.0,1.0,1.0,1.0,1.0,2,1.0,1.0,1.0,1.0,False,Male,40_49
986,1.0,2.0,1.0,East Asia & Pacific (excluding high income),1.0,1.0,1.0,2.0,2.0,1.0,,1,,,,,1.0,27.0,2021,,168018986,1,,58246340.0,1.0,,2.0,1.0,1.0,,0.334183898,2.0,1.0,Q5 Highest,1.0,1.0,1.0,1.0,,2.0,1.0,Thailand,1.0,1,,,3.0,,,2.0,2.0,1.0,1.0,2.0,2.0,1.0,1.0,2.0,,1.0,,1.0,1.0,2.0,THA,4.0,2.0,1.0,1.0,1.0,2.0,2,1.0,1.0,,2.0,False,Male,23_29
987,1.0,2.0,1.0,East Asia & Pacific (excluding high income),1.0,2.0,1.0,2.0,2.0,3.0,2.0,1,,,,,1.0,20.0,2021,,180738983,1,,58246340.0,,,3.0,2.0,1.0,,0.351986558,1.0,1.0,Q3,,1.0,1.0,2.0,,,2.0,Thailand,2.0,1,,,4.0,,2.0,4.0,,1.0,1.0,1.0,2.0,,1.0,,,2.0,1.0,1.0,1.0,,THA,4.0,4.0,2.0,1.0,1.0,2.0,1,1.0,1.0,2.0,,False,Female,18_22
988,1.0,2.0,1.0,East Asia & Pacific (excluding high income),1.0,1.0,1.0,2.0,2.0,3.0,1.0,1,,,,,1.0,38.0,2021,,155940035,1,,58246340.0,1.0,,3.0,5.0,1.0,2.0,0.180142039,2.0,1.0,Q5 Highest,,2.0,1.0,1.0,,1.0,1.0,Thailand,1.0,1,,,,,2.0,1.0,2.0,1.0,1.0,3.0,2.0,,1.0,2.0,,2.0,1.0,1.0,1.0,1.0,THA,4.0,1.0,1.0,1.0,1.0,2.0,2,1.0,1.0,2.0,1.0,False,Male,30_39
989,1.0,2.0,2.0,East Asia & Pacific (excluding high income),1.0,2.0,1.0,2.0,2.0,2.0,,1,,,,,2.0,53.0,2021,,177585068,1,,58246340.0,,,1.0,2.0,2.0,2.0,1.575159297,1.0,1.0,Q5 Highest,,1.0,2.0,1.0,,2.0,1.0,Thailand,2.0,1,,,,,,1.0,2.0,0.0,1.0,,1.0,,2.0,,2.0,1.0,,0.0,,1.0,THA,4.0,4.0,1.0,4.0,1.0,2.0,2,,2.0,,,False,Male,50_59
990,1.0,1.0,1.0,East Asia & Pacific (excluding high income),1.0,1.0,1.0,2.0,2.0,2.0,,1,,,,,2.0,40.0,2021,,171667257,1,,58246340.0,,,3.0,2.0,3.0,,0.421364891,1.0,1.0,Q3,1.0,1.0,2.0,1.0,,2.0,1.0,Thailand,2.0,1,,,2.0,,,2.0,2.0,1.0,1.0,5.0,2.0,1.0,1.0,2.0,,5.0,,0.0,2.0,2.0,THA,4.0,2.0,1.0,1.0,1.0,1.0,1,1.0,2.0,,2.0,False,Female,40_49
991,1.0,2.0,2.0,East Asia & Pacific (excluding high income),2.0,2.0,0.0,1.0,2.0,2.0,,1,,,,,2.0,73.0,2021,,189495129,1,,58246340.0,,,1.0,2.0,,,5.693638854,2.0,,Q2,,2.0,2.0,2.0,,,2.0,Thailand,2.0,2,,,,,,4.0,,0.0,0.0,,2.0,,2.0,,,1.0,,0.0,2.0,,THA,4.0,4.0,2.0,4.0,1.0,2.0,1,1.0,2.0,,,False,Female,70_plus
992,1.0,2.0,2.0,East Asia & Pacific (excluding high income),1.0,2.0,1.0,2.0,2.0,3.0,,1,,,,,1.0,44.0,2021,,118557805,1,,58246340.0,1.0,,3.0,2.0,1.0,,0.435446098,2.0,2.0,Q5 Highest,,2.0,1.0,1.0,,,1.0,Thailand,1.0,1,,,,,,4.0,,1.0,1.0,,2.0,,1.0,,,3.0,,1.0,1.0,,THA,4.0,4.0,2.0,1.0,1.0,2.0,1,1.0,2.0,,,False,Female,40_49
993,1.0,2.0,1.0,East Asia & Pacific (excluding high income),1.0,1.0,1.0,2.0,2.0,4.0,,1,,,,,1.0,47.0,2021,,160661608,1,,58246340.0,2.0,,3.0,2.0,2.0,2.0,0.182520916,2.0,2.0,Q4,,1.0,4.0,1.0,,2.0,1.0,Thailand,1.0,1,,,2.0,,,1.0,2.0,1.0,0.0,4.0,2.0,1.0,1.0,2.0,,3.0,,1.0,1.0,1.0,THA,4.0,2.0,1.0,1.0,1.0,2.0,1,1.0,1.0,,2.0,False,Female,40_49
994,1.0,2.0,1.0,East Asia & Pacific (excluding high income),1.0,1.0,1.0,2.0,2.0,3.0,1.0,1,,,,,1.0,44.0,2021,,156901309,1,,58246340.0,1.0,,3.0,3.0,1.0,2.0,0.392985447,1.0,,Q5 Highest,,1.0,1.0,2.0,,1.0,1.0,Thailand,1.0,2,,,,,1.0,1.0,1.0,1.0,1.0,1.0,1.0,,1.0,1.0,2.0,3.0,1.0,1.0,1.0,1.0,THA,4.0,1.0,1.0,1.0,1.0,1.0,2,1.0,1.0,1.0,1.0,False,Male,40_49
995,1.0,2.0,1.0,East Asia & Pacific (excluding high income),1.0,1.0,1.0,2.0,2.0,2.0,,1,,,,,1.0,35.0,2021,,120886504,1,,58246340.0,,,3.0,5.0,1.0,2.0,0.588550094,2.0,1.0,Q2,,1.0,1.0,1.0,,1.0,1.0,Thailand,2.0,1,,,1.0,,,1.0,2.0,1.0,0.0,2.0,2.0,1.0,1.0,2.0,,1.0,,1.0,1.0,1.0,THA,4.0,2.0,1.0,1.0,1.0,2.0,1,1.0,2.0,,2.0,False,Female,30_39
996,1.0,2.0,2.0,East Asia & Pacific (excluding high income),2.0,2.0,0.0,2.0,1.0,2.0,,1,2.0,,2.0,,2.0,65.0,2021,,139957438,1,,58246340.0,,,1.0,2.0,2.0,,5.714441691,2.0,2.0,Q2,,1.0,2.0,1.0,,,2.0,Thailand,2.0,1,,,1.0,1.0,,4.0,,0.0,0.0,,2.0,,1.0,,,1.0,,0.0,2.0,,THA,2.0,4.0,2.0,1.0,1.0,2.0,2,1.0,2.0,,,False,Male,60_69
997,1.0,2.0,2.0,East Asia & Pacific (excluding high income),1.0,2.0,1.0,2.0,2.0,2.0,,1,,,,,1.0,38.0,2021,,126370210,1,,58246340.0,,,1.0,2.0,2.0,,3.244280517,1.0,,Q2,1.0,2.0,1.0,1.0,,2.0,2.0,Thailand,2.0,2,,,,,,2.0,2.0,1.0,1.0,,2.0,,1.0,,,1.0,,0.0,2.0,2.0,THA,4.0,4.0,1.0,1.0,1.0,2.0,1,1.0,2.0,,,False,Female,30_39
998,1.0,2.0,1.0,East Asia & Pacific (excluding high income),1.0,1.0,1.0,2.0,2.0,2.0,,1,,,,,1.0,21.0,2021,,154718902,1,,58246340.0,,,2.0,2.0,2.0,,0.475049587,2.0,,Q5 Highest,,2.0,1.0,1.0,,,2.0,Thailand,2.0,2,,,3.0,,,4.0,,1.0,0.0,3.0,2.0,,1.0,2.0,,1.0,,1.0,1.0,,THA,4.0,1.0,2.0,1.0,1.0,2.0,1,1.0,1.0,,1.0,False,Female,18_22
999,1.0,2.0,1.0,East Asia & Pacific (excluding high income),1.0,1.0,1.0,2.0,2.0,3.0,,1,,,,,1.0,52.0,2021,,177308155,1,,58246340.0,1.0,,3.0,4.0,1.0,2.0,0.433741459,2.0,1.0,Q5 Highest,,2.0,1.0,1.0,,2.0,1.0,Thailand,1.0,1,,,,,,1.0,1.0,1.0,1.0,2.0,2.0,,2.0,1.0,,3.0,,0.0,,1.0,THA,4.0,1.0,1.0,4.0,1.0,2.0,1,,1.0,,1.0,False,Female,50_59
1000,1.0,1.0,1.0,East Asia & Pacific (excluding high income),1.0,1.0,1.0,2.0,2.0,3.0,,1,,,,,1.0,42.0,2021,,122946529,1,,58246340.0,1.0,,2.0,2.0,1.0,2.0,0.406601167,1.0,1.0,Q4,,2.0,1.0,1.0,,1.0,1.0,Thailand,1.0,1,,,3.0,,,1.0,2.0,1.0,1.0,1.0,1.0,,1.0,1.0,1.0,3.0,,1.0,1.0,1.0,THA,4.0,1.0,1.0,1.0,1.0,1.0,1,1.0,1.0,,2.0,False,Female,40_49
1001,0.0,1.0,2.0,East Asia & Pacific (excluding high income),2.0,1.0,1.0,2.0,1.0,2.0,,0,2.0,2.0,2.0,2.0,,46.0,2021,1.0,191735202,0,1.0,58246340.0,,,3.0,6.0,,,0.3541925,1.0,,Q5 Highest,1.0,1.0,,2.0,1.0,2.0,2.0,Thailand,,2,2.0,1.0,3.0,1.0,,2.0,2.0,0.0,1.0,,1.0,1.0,2.0,2.0,1.0,1.0,,0.0,,2.0,THA,2.0,2.0,1.0,4.0,,2.0,2,,2.0,,2.0,False,Male,40_49
1002,1.0,2.0,1.0,East Asia & Pacific (excluding high income),1.0,1.0,1.0,2.0,2.0,2.0,,1,,,,,1.0,30.0,2021,,183441295,1,,58246340.0,,,1.0,1.0,1.0,2.0,1.415889505,2.0,2.0,Q4,,2.0,1.0,1.0,,1.0,1.0,Thailand,2.0,1,,,4.0,,,1.0,2.0,1.0,0.0,2.0,2.0,1.0,1.0,2.0,,1.0,,1.0,1.0,1.0,THA,4.0,2.0,1.0,1.0,1.0,2.0,2,2.0,1.0,,2.0,False,Male,30_39
1003,1.0,2.0,2.0,East Asia & Pacific (excluding high income),1.0,2.0,1.0,2.0,2.0,3.0,,1,,,,,1.0,42.0,2021,,146021419,1,,58246340.0,1.0,,3.0,1.0,2.0,2.0,0.270952417,2.0,1.0,Q4,,2.0,1.0,1.0,,2.0,1.0,Thailand,1.0,1,,,,,,1.0,2.0,1.0,1.0,,2.0,,1.0,,,3.0,,1.0,1.0,1.0,THA,4.0,4.0,1.0,1.0,1.0,2.0,1,2.0,2.0,,,False,Female,40_49
1004,1.0,2.0,1.0,East Asia & Pacific (excluding high income),1.0,1.0,1.0,2.0,1.0,3.0,,1,1.0,,1.0,,1.0,60.0,2021,,166354332,1,,58246340.0,1.0,,3.0,1.0,1.0,2.0,0.138056999,2.0,2.0,Q5 Highest,,2.0,1.0,1.0,,2.0,1.0,Thailand,1.0,1,,,,,,1.0,2.0,1.0,1.0,3.0,2.0,,2.0,1.0,,3.0,,1.0,,1.0,THA,1.0,1.0,1.0,4.0,1.0,2.0,2,,1.0,,1.0,False,Male,60_69
1005,1.0,2.0,1.0,East Asia & Pacific (excluding high income),1.0,1.0,1.0,2.0,2.0,,1.0,1,,,,,1.0,33.0,2021,,155926710,1,,58246340.0,,,2.0,8.0,1.0,2.0,5.714441691,1.0,,Q2,,1.0,1.0,1.0,,1.0,2.0,Thailand,2.0,2,,,3.0,,2.0,1.0,2.0,1.0,1.0,1.0,1.0,,1.0,2.0,1.0,,1.0,1.0,2.0,1.0,THA,4.0,1.0,1.0,1.0,1.0,2.0,1,1.0,1.0,1.0,1.0,False,Female,30_39
1006,1.0,2.0,1.0,East Asia & Pacific (excluding high income),1.0,1.0,1.0,2.0,2.0,1.0,1.0,1,,,,,1.0,35.0,2021,,159783045,1,,58246340.0,,,3.0,2.0,1.0,,0.241593867,2.0,2.0,Q1 Lowest,,1.0,1.0,1.0,,,2.0,Thailand,2.0,1,,,2.0,,2.0,4.0,,1.0,1.0,1.0,2.0,,1.0,1.0,,1.0,1.0,1.0,1.0,,THA,4.0,1.0,2.0,1.0,1.0,1.0,2,1.0,1.0,1.0,1.0,False,Male,30_39
1007,1.0,2.0,2.0,East Asia & Pacific (excluding high income),2.0,2.0,0.0,2.0,2.0,1.0,1.0,1,,,,,1.0,27.0,2021,,142627757,1,,58246340.0,,,1.0,2.0,1.0,,1.833394266,1.0,2.0,Q2,,2.0,1.0,1.0,,,2.0,Thailand,2.0,1,,,1.0,,,4.0,,0.0,1.0,,2.0,,1.0,,,1.0,,1.0,1.0,,THA,4.0,4.0,2.0,1.0,1.0,2.0,1,2.0,2.0,,,False,Female,23_29
1008,1.0,2.0,2.0,East Asia & Pacific (excluding high income),2.0,2.0,1.0,2.0,2.0,3.0,1.0,1,,,,,1.0,29.0,2021,,183728007,1,,58246340.0,1.0,,3.0,1.0,1.0,2.0,0.161456091,2.0,2.0,Q5 Highest,,2.0,1.0,1.0,,1.0,2.0,Thailand,1.0,1,,,1.0,,2.0,1.0,2.0,1.0,1.0,,2.0,,1.0,,,3.0,1.0,1.0,1.0,1.0,THA,4.0,4.0,1.0,1.0,1.0,1.0,1,1.0,1.0,1.0,,False,Female,23_29
1009,1.0,2.0,1.0,East Asia & Pacific (excluding high income),1.0,1.0,1.0,2.0,1.0,3.0,1.0,1,1.0,,1.0,,1.0,42.0,2021,,159730590,1,,58246340.0,,,3.0,3.0,1.0,,0.422313498,2.0,,Q5 Highest,,2.0,1.0,1.0,,,1.0,Thailand,2.0,2,,,1.0,,2.0,4.0,,1.0,0.0,1.0,2.0,,1.0,1.0,,3.0,2.0,1.0,1.0,,THA,1.0,1.0,2.0,1.0,1.0,2.0,2,1.0,1.0,1.0,1.0,False,Male,40_49
1010,1.0,1.0,1.0,East Asia & Pacific (excluding high income),2.0,1.0,0.0,2.0,2.0,2.0,,1,,,,,1.0,,2021,,118055510,1,,58246340.0,1.0,,5.0,4.0,2.0,1.0,3.241324117,1.0,,Q2,,2.0,1.0,1.0,,2.0,2.0,Thailand,1.0,2,,,3.0,,,1.0,2.0,1.0,1.0,3.0,2.0,,1.0,2.0,,2.0,,0.0,2.0,1.0,THA,4.0,1.0,1.0,1.0,2.0,1.0,2,1.0,1.0,,1.0,False,Male,
1011,1.0,2.0,2.0,East Asia & Pacific (excluding high income),2.0,1.0,1.0,2.0,2.0,1.0,2.0,1,,,,,1.0,20.0,2021,,165834178,1,,58246340.0,,,1.0,2.0,,2.0,2.858556672,1.0,,Q2,,1.0,1.0,1.0,,2.0,2.0,Thailand,2.0,2,,,2.0,,2.0,1.0,2.0,1.0,1.0,,2.0,1.0,2.0,2.0,,1.0,1.0,1.0,,1.0,THA,4.0,2.0,1.0,4.0,1.0,2.0,2,,2.0,1.0,2.0,False,Male,18_22
1012,1.0,2.0,1.0,East Asia & Pacific (excluding high income),2.0,1.0,1.0,1.0,2.0,3.0,,1,,,,,1.0,67.0,2021,,114590580,1,,58246340.0,1.0,,3.0,5.0,1.0,,0.391657965,2.0,1.0,Q3,,2.0,1.0,2.0,,,2.0,Thailand,1.0,1,,,,,,4.0,,1.0,1.0,3.0,2.0,2.0,1.0,2.0,,3.0,,0.0,2.0,,THA,4.0,3.0,2.0,1.0,1.0,2.0,2,1.0,1.0,,2.0,False,Male,60_69
1013,1.0,2.0,1.0,East Asia & Pacific (excluding high income),1.0,2.0,1.0,2.0,2.0,3.0,1.0,1,,,,,1.0,53.0,2021,,158018681,1,,58246340.0,2.0,,1.0,4.0,1.0,,0.186518819,2.0,2.0,Q3,,2.0,1.0,1.0,,,2.0,Thailand,1.0,1,,,,,2.0,4.0,,1.0,0.0,1.0,2.0,,1.0,,,3.0,1.0,1.0,1.0,,THA,4.0,4.0,2.0,1.0,1.0,2.0,2,2.0,2.0,2.0,,False,Male,50_59
1014,1.0,2.0,1.0,East Asia & Pacific (excluding high income),1.0,1.0,1.0,2.0,1.0,3.0,,1,1.0,,1.0,,1.0,27.0,2021,,171458492,1,,58246340.0,,,3.0,5.0,2.0,2.0,0.205283208,2.0,1.0,Q5 Highest,,1.0,1.0,1.0,,1.0,2.0,Thailand,2.0,1,,,,,,1.0,2.0,1.0,0.0,1.0,2.0,,1.0,1.0,,3.0,,1.0,1.0,1.0,THA,1.0,1.0,1.0,1.0,1.0,2.0,2,1.0,1.0,,1.0,False,Male,23_29
1015,1.0,2.0,1.0,East Asia & Pacific (excluding high income),1.0,1.0,1.0,2.0,2.0,3.0,1.0,1,,,,,1.0,38.0,2021,,133666339,1,,58246340.0,1.0,,3.0,1.0,1.0,2.0,0.270952417,2.0,,Q5 Highest,,1.0,1.0,1.0,,2.0,1.0,Thailand,1.0,2,,,1.0,,2.0,1.0,2.0,1.0,1.0,1.0,2.0,,1.0,1.0,,3.0,1.0,1.0,1.0,1.0,THA,4.0,1.0,1.0,1.0,1.0,2.0,1,1.0,1.0,1.0,1.0,False,Female,30_39
1016,1.0,2.0,1.0,East Asia & Pacific (excluding high income),1.0,1.0,1.0,2.0,2.0,3.0,,1,,,,,1.0,35.0,2021,,167425484,1,,58246340.0,1.0,,3.0,2.0,2.0,2.0,0.185880027,2.0,2.0,Q5 Highest,,1.0,1.0,1.0,,2.0,1.0,Thailand,1.0,1,,,2.0,,,1.0,2.0,1.0,1.0,3.0,2.0,,1.0,1.0,,3.0,,0.0,2.0,1.0,THA,4.0,1.0,1.0,1.0,1.0,2.0,1,1.0,1.0,,2.0,False,Female,30_39
1017,1.0,2.0,,East Asia & Pacific (excluding high income),2.0,2.0,0.0,1.0,2.0,1.0,,1,,,,,2.0,64.0,2024,,111206042,1,,60882768.0,2.0,,1.0,2.0,2.0,,0.288872145,2.0,1.0,Q1 Lowest,,,2.0,2.0,,,,Thailand,,1,,,3.0,,,4.0,,0.0,0.0,,,,1.0,,,3.0,,0.0,2.0,,THA,4.0,4.0,2.0,1.0,2.0,2.0,1,1.0,,,,False,Female,60_69
1018,1.0,2.0,,East Asia & Pacific (excluding high income),2.0,1.0,1.0,2.0,1.0,,,1,2.0,,2.0,,1.0,56.0,2024,,111213880,1,,60882768.0,1.0,3.0,1.0,7.0,1.0,,0.343204036,1.0,1.0,Q1 Lowest,,,2.0,1.0,,,,Thailand,,1,,,6.0,,,4.0,,0.0,1.0,,,,1.0,2.0,1.0,3.0,,0.0,2.0,,THA,2.0,2.0,2.0,3.0,2.0,2.0,1,2.0,,,2.0,False,Female,50_59
1019,1.0,2.0,,East Asia & Pacific (excluding high income),1.0,1.0,1.0,2.0,1.0,1.0,,1,2.0,,1.0,,1.0,42.0,2024,,111282978,1,,60882768.0,1.0,,2.0,5.0,1.0,,0.313957204,2.0,1.0,Q3,,1.0,1.0,1.0,,,,Thailand,,1,,,5.0,,,4.0,,1.0,1.0,,1.0,,1.0,2.0,,1.0,,1.0,2.0,,THA,1.0,1.0,2.0,1.0,2.0,2.0,1,1.0,,,1.0,False,Female,40_49
1020,1.0,2.0,,East Asia & Pacific (excluding high income),2.0,2.0,0.0,2.0,2.0,1.0,,1,,,,,1.0,54.0,2024,,111585123,1,,60882768.0,2.0,,1.0,2.0,1.0,,1.840614134,1.0,2.0,Q4,,1.0,3.0,1.0,,,,Thailand,,2,,,2.0,,,4.0,,0.0,1.0,,,,2.0,,,1.0,,0.0,,,THA,4.0,4.0,2.0,4.0,2.0,2.0,1,,,,,False,Female,50_59
1021,1.0,2.0,,East Asia & Pacific (excluding high income),2.0,2.0,0.0,1.0,2.0,1.0,,1,,,,,3.0,75.0,2024,,111649185,1,,60882768.0,1.0,,1.0,1.0,2.0,,0.38608266,2.0,2.0,Q2,,,2.0,2.0,,,,Thailand,,1,,,3.0,,,4.0,,0.0,0.0,,,,1.0,,,1.0,,0.0,2.0,,THA,4.0,4.0,2.0,1.0,2.0,2.0,2,1.0,,,,False,Male,70_plus
1022,1.0,2.0,,East Asia & Pacific (excluding high income),1.0,1.0,1.0,2.0,2.0,2.0,,1,,,,,2.0,22.0,2024,,111650699,1,,60882768.0,1.0,2.0,2.0,1.0,1.0,2.0,0.497649937,1.0,1.0,Q4,,2.0,2.0,1.0,,1.0,,Thailand,,1,,,4.0,,,1.0,2.0,1.0,1.0,,1.0,,1.0,1.0,,2.0,,1.0,2.0,1.0,THA,4.0,1.0,1.0,3.0,1.0,2.0,1,2.0,,,1.0,False,Female,18_22
1023,1.0,2.0,,East Asia & Pacific (excluding high income),2.0,1.0,0.0,2.0,2.0,,,1,,,,,2.0,75.0,2024,,111673025,1,,60882768.0,2.0,,1.0,8.0,2.0,,0.135631464,2.0,1.0,Q3,,,2.0,1.0,,,,Thailand,,2,,,4.0,,,4.0,,0.0,0.0,,,,1.0,2.0,,5.0,,0.0,2.0,,THA,4.0,2.0,2.0,1.0,2.0,2.0,1,1.0,,,2.0,False,Female,70_plus
1024,0.0,2.0,,East Asia & Pacific (excluding high income),1.0,1.0,1.0,2.0,2.0,3.0,,1,,,,,4.0,52.0,2024,,111732480,1,,60882768.0,1.0,,1.0,2.0,2.0,,0.562052545,2.0,1.0,Q4,,,4.0,1.0,,,,Thailand,1.0,1,,,1.0,,,4.0,,0.0,0.0,,,,2.0,2.0,,3.0,,0.0,,,THA,4.0,2.0,2.0,4.0,2.0,2.0,1,,,,2.0,False,Female,50_59
1025,1.0,2.0,,East Asia & Pacific (excluding high income),2.0,1.0,0.0,2.0,1.0,1.0,,1,1.0,,1.0,,2.0,60.0,2024,,111739114,1,,60882768.0,2.0,,1.0,2.0,2.0,,0.988749998,1.0,2.0,Q4,,,2.0,1.0,,2.0,,Thailand,,1,,,4.0,,,2.0,2.0,0.0,1.0,,,,1.0,2.0,,1.0,,1.0,2.0,2.0,THA,1.0,2.0,1.0,1.0,2.0,2.0,1,1.0,,,2.0,False,Female,60_69
1026,1.0,2.0,,East Asia & Pacific (excluding high income),1.0,1.0,1.0,2.0,2.0,2.0,,1,,,,,1.0,46.0,2024,,111764704,1,,60882768.0,1.0,,1.0,3.0,1.0,,1.980691936,2.0,2.0,Q5 Highest,,,1.0,1.0,,2.0,,Thailand,,2,,,4.0,,,2.0,2.0,0.0,1.0,,,,1.0,1.0,,4.0,,0.0,2.0,2.0,THA,4.0,1.0,1.0,1.0,2.0,1.0,2,1.0,,,1.0,False,Male,40_49
1027,1.0,2.0,,East Asia & Pacific (excluding high income),2.0,2.0,1.0,2.0,2.0,3.0,,1,,,,,2.0,17.0,2024,,111831894,1,,60882768.0,1.0,,1.0,2.0,2.0,3.0,1.209486247,1.0,2.0,Q4,,1.0,2.0,1.0,,2.0,,Thailand,,2,,,4.0,,,1.0,2.0,1.0,1.0,,1.0,,2.0,,,4.0,,1.0,,1.0,THA,4.0,4.0,1.0,4.0,2.0,2.0,2,,,,,False,Male,17_or_less
1028,1.0,2.0,,East Asia & Pacific (excluding high income),2.0,2.0,0.0,2.0,2.0,1.0,,1,,,,,3.0,72.0,2024,,111859342,1,,60882768.0,2.0,,1.0,1.0,2.0,,0.57912399,2.0,1.0,Q1 Lowest,,,2.0,1.0,,2.0,,Thailand,,2,,,4.0,,,2.0,2.0,0.0,0.0,,,,1.0,,,4.0,,0.0,2.0,2.0,THA,4.0,4.0,1.0,1.0,2.0,2.0,2,1.0,,,,False,Male,70_plus
1029,1.0,2.0,,East Asia & Pacific (excluding high income),1.0,1.0,1.0,2.0,2.0,3.0,,1,,,,,2.0,53.0,2024,,112062893,1,,60882768.0,1.0,,1.0,1.0,2.0,2.0,1.523044361,2.0,1.0,Q5 Highest,,,2.0,1.0,,2.0,,Thailand,,2,,,1.0,,,1.0,2.0,0.0,0.0,,,,2.0,2.0,,4.0,,0.0,,1.0,THA,4.0,2.0,1.0,4.0,2.0,2.0,1,,,,2.0,False,Female,50_59
1030,0.0,2.0,,East Asia & Pacific (excluding high income),2.0,1.0,0.0,2.0,2.0,,,1,,,,,2.0,69.0,2024,,112066404,1,,60882768.0,2.0,,1.0,7.0,2.0,,1.251182398,2.0,1.0,Q1 Lowest,,,2.0,2.0,,,,Thailand,,1,,,4.0,,,4.0,,0.0,1.0,,,,2.0,2.0,,1.0,,0.0,,,THA,4.0,2.0,2.0,4.0,2.0,2.0,2,,,,2.0,False,Male,60_69
1031,1.0,2.0,,East Asia & Pacific (excluding high income),2.0,2.0,1.0,2.0,1.0,2.0,,1,1.0,,1.0,,2.0,20.0,2024,,112310027,1,,60882768.0,2.0,,2.0,2.0,2.0,,2.195619204,2.0,1.0,Q2,,,2.0,2.0,,,,Thailand,,2,,,4.0,,,4.0,,1.0,0.0,,1.0,,1.0,,,4.0,,1.0,1.0,,THA,1.0,4.0,2.0,1.0,2.0,2.0,1,1.0,,,,False,Female,18_22
1032,0.0,2.0,,East Asia & Pacific (excluding high income),2.0,2.0,0.0,2.0,2.0,1.0,,1,,,,,2.0,52.0,2024,,112351969,1,,60882768.0,2.0,,2.0,5.0,2.0,,0.457636728,2.0,2.0,Q3,,,2.0,1.0,,2.0,,Thailand,,2,,,3.0,,,2.0,2.0,0.0,0.0,,,,2.0,,,2.0,,0.0,,2.0,THA,4.0,4.0,1.0,4.0,2.0,2.0,1,,,,,False,Female,50_59
1033,1.0,2.0,,East Asia & Pacific (excluding high income),2.0,1.0,1.0,2.0,2.0,2.0,,1,,,,,3.0,74.0,2024,,112389819,1,,60882768.0,1.0,,1.0,2.0,2.0,,0.142070207,1.0,1.0,Q1 Lowest,,,4.0,2.0,,,,Thailand,1.0,2,,,4.0,,,4.0,,0.0,1.0,,,,1.0,2.0,,2.0,,0.0,2.0,,THA,4.0,2.0,2.0,1.0,2.0,2.0,1,1.0,,,2.0,False,Female,70_plus
1034,1.0,2.0,,East Asia & Pacific (excluding high income),4.0,1.0,1.0,2.0,2.0,1.0,,1,,,,,6.0,56.0,2024,,112501504,1,,60882768.0,4.0,,1.0,1.0,1.0,,0.237617495,2.0,2.0,Q4,,,6.0,1.0,,,,Thailand,4.0,2,,,3.0,,,4.0,,1.0,0.0,,,,2.0,1.0,,4.0,,0.0,,,THA,4.0,1.0,2.0,4.0,2.0,2.0,1,,,,1.0,False,Female,50_59
1035,1.0,2.0,,East Asia & Pacific (excluding high income),2.0,1.0,0.0,2.0,2.0,2.0,,1,,,,,3.0,52.0,2024,,112593007,1,,60882768.0,1.0,,1.0,2.0,2.0,2.0,0.73617497,2.0,1.0,Q5 Highest,,,1.0,1.0,,2.0,,Thailand,,1,,,1.0,,,1.0,2.0,0.0,0.0,,,,2.0,2.0,,2.0,,0.0,,1.0,THA,4.0,2.0,1.0,4.0,2.0,2.0,1,,,,2.0,False,Female,50_59
1036,1.0,2.0,,East Asia & Pacific (excluding high income),2.0,2.0,0.0,2.0,2.0,,,1,,,,,2.0,92.0,2024,,112703347,1,,60882768.0,2.0,,1.0,7.0,2.0,,0.402038313,2.0,1.0,Q3,,,2.0,2.0,,,,Thailand,,1,,,1.0,,,4.0,,0.0,0.0,,,,1.0,,,5.0,,0.0,2.0,,THA,4.0,4.0,2.0,1.0,2.0,2.0,2,1.0,,,,False,Male,70_plus
1037,1.0,2.0,,East Asia & Pacific (excluding high income),1.0,2.0,1.0,1.0,2.0,3.0,,1,,,,,1.0,32.0,2024,,112880476,1,,60882768.0,1.0,,1.0,6.0,2.0,2.0,0.67329594,2.0,2.0,Q5 Highest,,,1.0,1.0,,1.0,,Thailand,,1,,,6.0,,,1.0,2.0,1.0,0.0,,1.0,,2.0,,,4.0,,1.0,1.0,1.0,THA,4.0,4.0,1.0,4.0,2.0,2.0,2,1.0,,,,False,Male,30_39
1038,1.0,2.0,,East Asia & Pacific (excluding high income),1.0,1.0,1.0,2.0,2.0,2.0,,1,,,,,5.0,49.0,2024,,112936638,1,,60882768.0,4.0,,3.0,2.0,4.0,2.0,0.455356881,2.0,1.0,Q4,,1.0,5.0,1.0,,2.0,,Thailand,4.0,2,,,4.0,,,1.0,2.0,1.0,0.0,,,,2.0,1.0,,4.0,,0.0,,1.0,THA,4.0,1.0,1.0,4.0,2.0,2.0,1,,,,1.0,False,Female,40_49
1039,0.0,2.0,,East Asia & Pacific (excluding high income),2.0,2.0,0.0,2.0,2.0,,,0,,2.0,,2.0,,57.0,2024,1.0,113014630,0,1.0,60882768.0,,,1.0,8.0,,,0.135631464,2.0,,Q3,,,,2.0,2.0,,,Thailand,,2,2.0,1.0,6.0,,,4.0,,0.0,0.0,,,,2.0,,,5.0,,0.0,,,THA,4.0,4.0,2.0,4.0,,2.0,2,,,,,False,Male,50_59
1040,0.0,2.0,,East Asia & Pacific (excluding high income),2.0,1.0,0.0,2.0,2.0,,,1,,,,,2.0,74.0,2024,,113021807,1,,60882768.0,2.0,,1.0,7.0,2.0,,1.420683028,2.0,2.0,Q1 Lowest,,,2.0,1.0,,,,Thailand,,1,,,1.0,,,4.0,,0.0,0.0,,,,2.0,2.0,,1.0,,0.0,,,THA,4.0,2.0,2.0,4.0,2.0,2.0,1,,,,2.0,False,Female,70_plus
1041,1.0,2.0,,East Asia & Pacific (excluding high income),1.0,1.0,1.0,2.0,2.0,2.0,,1,,,,,1.0,41.0,2024,,113135212,1,,60882768.0,1.0,,2.0,1.0,2.0,,0.814749295,2.0,1.0,Q4,,,1.0,1.0,,,,Thailand,,1,,,4.0,,,4.0,,1.0,0.0,,1.0,,2.0,1.0,,2.0,,1.0,,,THA,4.0,1.0,2.0,4.0,2.0,2.0,1,,,,1.0,False,Female,40_49
1042,0.0,2.0,,East Asia & Pacific (excluding high income),2.0,1.0,1.0,2.0,2.0,1.0,,0,,1.0,,3.0,,73.0,2024,1.0,113159804,0,3.0,60882768.0,,,1.0,2.0,,,0.174598831,2.0,,Q5 Highest,,,,2.0,3.0,,,Thailand,,2,2.0,2.0,7.0,,,4.0,,0.0,0.0,,,,2.0,2.0,,3.0,,0.0,,,THA,4.0,2.0,2.0,4.0,,2.0,1,,,,2.0,False,Female,70_plus
1043,1.0,2.0,,East Asia & Pacific (excluding high income),2.0,1.0,0.0,2.0,2.0,3.0,,1,,,,,1.0,54.0,2024,,113164016,1,,60882768.0,1.0,,1.0,1.0,1.0,,1.208356907,2.0,1.0,Q5 Highest,,1.0,2.0,1.0,,,,Thailand,,1,,,5.0,,,4.0,,1.0,0.0,,,,2.0,1.0,,4.0,,0.0,,,THA,4.0,1.0,2.0,4.0,2.0,2.0,2,,,,1.0,False,Male,50_59
1044,1.0,2.0,,East Asia & Pacific (excluding high income),2.0,2.0,0.0,1.0,2.0,,,1,,,,,2.0,64.0,2024,,113333409,1,,60882768.0,2.0,,1.0,7.0,2.0,,0.135631464,2.0,1.0,Q1 Lowest,,,2.0,2.0,,,,Thailand,,1,,,4.0,,,4.0,,0.0,0.0,,,,2.0,,,5.0,,0.0,2.0,,THA,4.0,4.0,2.0,4.0,2.0,2.0,2,1.0,,,,False,Male,60_69
1045,1.0,2.0,,East Asia & Pacific (excluding high income),1.0,1.0,1.0,2.0,2.0,2.0,,1,,,,,1.0,28.0,2024,,113503533,1,,60882768.0,1.0,,2.0,2.0,1.0,2.0,2.322121231,1.0,1.0,Q5 Highest,,1.0,2.0,1.0,,2.0,,Thailand,,1,,,4.0,,,1.0,2.0,1.0,1.0,,1.0,,2.0,1.0,,4.0,,1.0,,1.0,THA,4.0,1.0,1.0,4.0,2.0,2.0,1,,,,1.0,False,Female,23_29
1046,1.0,2.0,,East Asia & Pacific (excluding high income),2.0,1.0,0.0,2.0,1.0,1.0,,1,2.0,,1.0,,1.0,46.0,2024,,113669111,1,,60882768.0,2.0,,1.0,2.0,2.0,,2.67012468,1.0,1.0,Q1 Lowest,,2.0,2.0,1.0,,2.0,,Thailand,,1,,,5.0,,,2.0,2.0,0.0,1.0,,,,1.0,2.0,,2.0,,0.0,2.0,2.0,THA,1.0,2.0,1.0,1.0,2.0,2.0,1,1.0,,,2.0,False,Female,40_49
1047,1.0,2.0,,East Asia & Pacific (excluding high income),1.0,2.0,1.0,2.0,1.0,2.0,,1,1.0,,1.0,,2.0,35.0,2024,,113704207,1,,60882768.0,1.0,,3.0,3.0,1.0,1.0,0.621931218,2.0,1.0,Q2,,,2.0,1.0,,1.0,,Thailand,,1,,,5.0,,,1.0,2.0,1.0,1.0,,1.0,,1.0,,,2.0,,1.0,1.0,1.0,THA,1.0,4.0,1.0,1.0,1.0,2.0,1,1.0,,,,False,Female,30_39
1048,1.0,2.0,,East Asia & Pacific (excluding high income),1.0,1.0,1.0,2.0,1.0,3.0,,1,1.0,,1.0,,4.0,61.0,2024,,113916887,1,,60882768.0,1.0,,2.0,5.0,2.0,,0.135631464,2.0,2.0,Q2,,,4.0,1.0,,,,Thailand,1.0,2,,,1.0,,,4.0,,0.0,0.0,,,,2.0,2.0,,2.0,,1.0,,,THA,1.0,2.0,2.0,4.0,2.0,2.0,1,,,,2.0,False,Female,60_69
1049,0.0,2.0,,East Asia & Pacific (excluding high income),2.0,1.0,1.0,2.0,2.0,1.0,,1,,,,,2.0,42.0,2024,,113959856,1,,60882768.0,1.0,,1.0,3.0,1.0,,1.607660963,1.0,1.0,Q1 Lowest,,,3.0,1.0,,,,Thailand,,1,,,5.0,,,4.0,,0.0,1.0,,,,2.0,2.0,,3.0,,0.0,,,THA,4.0,2.0,2.0,4.0,1.0,2.0,1,,,,2.0,False,Female,40_49
1050,1.0,2.0,,East Asia & Pacific (excluding high income),2.0,1.0,0.0,2.0,1.0,2.0,,1,2.0,,2.0,,2.0,70.0,2024,,114310042,1,,60882768.0,2.0,,1.0,2.0,2.0,,0.135631464,2.0,1.0,Q1 Lowest,,,3.0,1.0,,,,Thailand,,1,,,3.0,,,4.0,,0.0,0.0,,,,1.0,2.0,,1.0,,0.0,2.0,,THA,2.0,2.0,2.0,1.0,2.0,2.0,1,1.0,,,2.0,False,Female,70_plus
1051,1.0,2.0,,East Asia & Pacific (excluding high income),2.0,1.0,0.0,1.0,2.0,,,1,,,,,2.0,78.0,2024,,114493588,1,,60882768.0,2.0,,1.0,7.0,2.0,,0.135631464,1.0,1.0,Q1 Lowest,,,2.0,2.0,,,,Thailand,,1,,,1.0,,,4.0,,0.0,1.0,,,,1.0,2.0,,1.0,,0.0,2.0,,THA,4.0,2.0,2.0,1.0,2.0,2.0,1,1.0,,,2.0,False,Female,70_plus
1052,1.0,2.0,,East Asia & Pacific (excluding high income),1.0,2.0,1.0,2.0,2.0,2.0,,1,,,,,2.0,33.0,2024,,114649673,1,,60882768.0,2.0,,2.0,2.0,1.0,1.0,2.569006254,1.0,2.0,Q4,,,2.0,1.0,,1.0,,Thailand,,1,,,4.0,,,1.0,2.0,1.0,1.0,,1.0,,2.0,,2.0,2.0,,1.0,,1.0,THA,4.0,4.0,1.0,4.0,2.0,1.0,2,,,,,False,Male,30_39
1053,1.0,2.0,,East Asia & Pacific (excluding high income),1.0,1.0,1.0,2.0,2.0,2.0,,1,,,,,2.0,38.0,2024,,114745590,1,,60882768.0,2.0,,2.0,1.0,1.0,,1.276358623,2.0,1.0,Q4,,,6.0,1.0,,,,Thailand,,2,,,4.0,,,4.0,,1.0,1.0,,1.0,,2.0,1.0,2.0,6.0,,1.0,,,THA,4.0,1.0,2.0,4.0,2.0,1.0,1,,,,1.0,False,Female,30_39
1054,1.0,2.0,,East Asia & Pacific (excluding high income),2.0,1.0,0.0,2.0,2.0,1.0,,1,,,,,1.0,44.0,2024,,114758244,1,,60882768.0,1.0,,1.0,2.0,1.0,,0.987777983,1.0,2.0,Q4,,1.0,2.0,1.0,,,,Thailand,,1,,,3.0,,,4.0,,1.0,1.0,,,,2.0,1.0,,1.0,,0.0,,,THA,4.0,1.0,2.0,4.0,2.0,2.0,1,,,,1.0,False,Female,40_49
1055,1.0,2.0,,East Asia & Pacific (excluding high income),2.0,1.0,1.0,2.0,2.0,2.0,,1,,,,,3.0,17.0,2024,,114913301,1,,60882768.0,2.0,,1.0,4.0,2.0,,0.647184838,1.0,1.0,Q1 Lowest,,1.0,3.0,1.0,,,,Thailand,1.0,1,,,4.0,,,4.0,,1.0,1.0,,1.0,,2.0,2.0,,2.0,,1.0,,,THA,4.0,2.0,2.0,4.0,2.0,2.0,2,,,,2.0,False,Male,17_or_less
1056,1.0,1.0,,East Asia & Pacific (excluding high income),1.0,1.0,1.0,2.0,2.0,3.0,,1,,,,,1.0,25.0,2024,,114932774,1,,60882768.0,1.0,,3.0,1.0,1.0,,0.430984515,2.0,1.0,Q5 Highest,,1.0,1.0,1.0,,,,Thailand,,2,,,2.0,,,4.0,,1.0,1.0,,2.0,,1.0,1.0,,4.0,,1.0,1.0,,THA,4.0,1.0,2.0,1.0,2.0,1.0,2,1.0,,,1.0,False,Male,23_29
1057,1.0,2.0,,East Asia & Pacific (excluding high income),2.0,2.0,0.0,2.0,2.0,1.0,,1,,,,,4.0,56.0,2024,,115085434,1,,60882768.0,2.0,,1.0,1.0,2.0,,0.349015794,2.0,2.0,Q1 Lowest,,,4.0,2.0,,,,Thailand,1.0,2,,,5.0,,,4.0,,0.0,0.0,,,,1.0,,,4.0,,0.0,2.0,,THA,4.0,4.0,2.0,1.0,2.0,2.0,2,1.0,,,,False,Male,50_59
1058,1.0,2.0,,East Asia & Pacific (excluding high income),2.0,1.0,0.0,2.0,2.0,2.0,,1,,,,,1.0,57.0,2024,,115093871,1,,60882768.0,2.0,,1.0,2.0,2.0,,0.391693801,2.0,2.0,Q5 Highest,,,2.0,2.0,,,,Thailand,,1,,,1.0,,,4.0,,1.0,0.0,,2.0,,2.0,2.0,,2.0,,1.0,,,THA,4.0,1.0,2.0,4.0,2.0,2.0,1,,,,1.0,False,Female,50_59
1059,1.0,2.0,,East Asia & Pacific (excluding high income),2.0,2.0,1.0,2.0,2.0,1.0,,1,,1.0,,2.0,,38.0,2024,2.0,115292779,0,1.0,60882768.0,,2.0,1.0,4.0,,,0.329259328,2.0,,Q5 Highest,,2.0,,1.0,1.0,,,Thailand,,2,2.0,2.0,4.0,,,4.0,,0.0,0.0,,1.0,,1.0,,,1.0,,1.0,2.0,,THA,4.0,4.0,2.0,3.0,,2.0,1,2.0,,,,False,Female,30_39
1060,0.0,2.0,,East Asia & Pacific (excluding high income),2.0,1.0,1.0,2.0,2.0,2.0,,0,,1.0,,2.0,,62.0,2024,1.0,115328225,0,1.0,60882768.0,,2.0,2.0,2.0,,,0.313344866,2.0,,Q1 Lowest,,,,1.0,1.0,,,Thailand,,2,2.0,2.0,7.0,,,4.0,,0.0,0.0,,,,1.0,2.0,,4.0,,0.0,2.0,,THA,4.0,2.0,2.0,3.0,,2.0,1,2.0,,,2.0,False,Female,60_69
1061,1.0,2.0,,East Asia & Pacific (excluding high income),1.0,2.0,1.0,2.0,1.0,1.0,,1,2.0,,2.0,,1.0,16.0,2024,,115416244,1,,60882768.0,2.0,,2.0,1.0,1.0,2.0,1.492949812,1.0,2.0,Q3,,,1.0,1.0,,1.0,,Thailand,,2,,,3.0,,,1.0,2.0,1.0,1.0,,,,1.0,,,3.0,,1.0,2.0,1.0,THA,2.0,4.0,1.0,2.0,2.0,2.0,1,2.0,,,,False,Female,17_or_less
1062,1.0,2.0,,East Asia & Pacific (excluding high income),2.0,2.0,0.0,2.0,1.0,1.0,,1,2.0,,2.0,,,46.0,2024,,115564758,1,,60882768.0,,,1.0,3.0,,,1.042618296,2.0,,Q1 Lowest,2.0,1.0,,1.0,,2.0,,Thailand,,2,,,5.0,2.0,,3.0,2.0,0.0,1.0,,,,1.0,,,2.0,,0.0,2.0,2.0,THA,3.0,4.0,1.0,1.0,,1.0,2,1.0,,,,False,Male,40_49
1063,1.0,2.0,,East Asia & Pacific (excluding high income),2.0,1.0,0.0,2.0,2.0,,,1,,,,,2.0,62.0,2024,,115652463,1,,60882768.0,2.0,,1.0,9.0,2.0,,0.271262929,1.0,1.0,Q5 Highest,,,4.0,1.0,,,,Thailand,,2,,,4.0,,,4.0,,0.0,1.0,,,,1.0,2.0,,4.0,,0.0,2.0,,THA,4.0,2.0,2.0,1.0,2.0,1.0,2,1.0,,,2.0,False,Male,60_69
1064,1.0,2.0,,East Asia & Pacific (excluding high income),2.0,1.0,0.0,2.0,2.0,3.0,,1,,,,,2.0,40.0,2024,,115740620,1,,60882768.0,1.0,,1.0,4.0,1.0,2.0,3.424553462,2.0,1.0,Q3,,2.0,3.0,1.0,,2.0,,Thailand,,1,,,4.0,,,1.0,2.0,1.0,0.0,,,,2.0,1.0,,2.0,,0.0,,1.0,THA,4.0,1.0,1.0,4.0,2.0,2.0,2,,,,1.0,False,Male,40_49
1065,1.0,2.0,,East Asia & Pacific (excluding high income),2.0,1.0,0.0,2.0,2.0,,,1,,,,,3.0,64.0,2024,,115750412,1,,60882768.0,2.0,,1.0,7.0,2.0,,0.83319522,2.0,1.0,Q1 Lowest,,,2.0,1.0,,,,Thailand,,2,,,8.0,,,4.0,,0.0,0.0,,,,1.0,2.0,,4.0,,0.0,2.0,,THA,4.0,2.0,2.0,1.0,2.0,2.0,1,1.0,,,2.0,False,Female,60_69
1066,0.0,2.0,,East Asia & Pacific (excluding high income),2.0,2.0,0.0,2.0,2.0,2.0,,0,,2.0,,2.0,,15.0,2024,2.0,115875356,0,1.0,60882768.0,,,1.0,2.0,,,3.424553462,2.0,,Q2,,,,2.0,2.0,,,Thailand,,2,2.0,2.0,5.0,,,4.0,,0.0,0.0,,,,2.0,,,2.0,,0.0,,,THA,4.0,4.0,2.0,4.0,,2.0,1,,,,,False,Female,17_or_less
1067,1.0,2.0,,East Asia & Pacific (excluding high income),1.0,1.0,1.0,2.0,2.0,2.0,,1,,,,,3.0,35.0,2024,,115909159,1,,60882768.0,1.0,,1.0,4.0,1.0,,1.681903377,2.0,1.0,Q1 Lowest,,1.0,3.0,1.0,,,,Thailand,1.0,1,,,3.0,,,4.0,,1.0,1.0,,1.0,,1.0,2.0,,2.0,,1.0,2.0,,THA,4.0,1.0,2.0,1.0,2.0,1.0,2,1.0,,,1.0,False,Male,30_39
1068,1.0,2.0,,East Asia & Pacific (excluding high income),1.0,2.0,1.0,1.0,1.0,1.0,,1,2.0,,2.0,,3.0,69.0,2024,,116012712,1,,60882768.0,1.0,,1.0,5.0,2.0,,0.38608266,1.0,1.0,Q1 Lowest,,,2.0,1.0,,2.0,,Thailand,,2,,,1.0,,,2.0,2.0,0.0,1.0,,,,1.0,,,3.0,,0.0,2.0,2.0,THA,2.0,4.0,1.0,1.0,2.0,2.0,2,1.0,,,,False,Male,60_69
1069,1.0,2.0,,East Asia & Pacific (excluding high income),2.0,2.0,1.0,1.0,1.0,1.0,,1,2.0,,2.0,,3.0,58.0,2024,,116105814,1,,60882768.0,2.0,,1.0,4.0,2.0,,0.404653863,1.0,1.0,Q4,,,2.0,1.0,,,,Thailand,,2,,,4.0,,,4.0,,1.0,1.0,,,,1.0,,1.0,4.0,,1.0,1.0,,THA,2.0,4.0,2.0,1.0,2.0,2.0,2,1.0,,,,False,Male,50_59
1070,1.0,2.0,,East Asia & Pacific (excluding high income),1.0,1.0,1.0,2.0,1.0,2.0,,1,2.0,,2.0,,2.0,48.0,2024,,116346176,1,,60882768.0,2.0,,1.0,1.0,2.0,1.0,1.333948925,2.0,2.0,Q5 Highest,,1.0,3.0,1.0,,1.0,,Thailand,,1,,,4.0,1.0,,1.0,2.0,0.0,1.0,,,,2.0,1.0,,1.0,,1.0,,2.0,THA,1.0,1.0,1.0,4.0,2.0,1.0,1,,,,1.0,False,Female,40_49
1071,1.0,2.0,,East Asia & Pacific (excluding high income),2.0,1.0,1.0,2.0,1.0,1.0,,1,2.0,,2.0,,4.0,46.0,2024,,116359457,1,,60882768.0,1.0,,2.0,2.0,2.0,,0.414365204,2.0,1.0,Q3,,2.0,3.0,1.0,,,,Thailand,2.0,1,,,3.0,,,4.0,,0.0,0.0,,,,1.0,2.0,,1.0,,0.0,2.0,,THA,2.0,2.0,2.0,1.0,2.0,2.0,2,1.0,,,2.0,False,Male,40_49
1072,0.0,2.0,,East Asia & Pacific (excluding high income),2.0,1.0,0.0,2.0,2.0,1.0,,1,,,,,3.0,45.0,2024,,116382922,1,,60882768.0,2.0,,1.0,5.0,2.0,,1.055211718,2.0,1.0,Q1 Lowest,,,3.0,1.0,,2.0,,Thailand,2.0,1,,,4.0,,,2.0,2.0,0.0,0.0,,,,2.0,2.0,,4.0,,0.0,,2.0,THA,4.0,2.0,1.0,4.0,2.0,2.0,2,,,,2.0,False,Male,40_49
1073,1.0,2.0,,East Asia & Pacific (excluding high income),2.0,1.0,0.0,2.0,2.0,3.0,,1,,,,,1.0,47.0,2024,,116490869,1,,60882768.0,2.0,,1.0,2.0,2.0,2.0,0.510587354,2.0,1.0,Q4,,1.0,2.0,1.0,,2.0,,Thailand,,2,,,5.0,,,1.0,1.0,1.0,0.0,,2.0,,2.0,2.0,,1.0,,1.0,,1.0,THA,4.0,1.0,1.0,4.0,2.0,2.0,2,,,,1.0,False,Male,40_49
1074,1.0,2.0,,East Asia & Pacific (excluding high income),1.0,2.0,1.0,2.0,2.0,2.0,,1,,,,,3.0,60.0,2024,,116595262,1,,60882768.0,1.0,,1.0,2.0,2.0,,2.40586066,2.0,1.0,Q3,,,2.0,2.0,,,,Thailand,,1,,,1.0,,,4.0,,0.0,0.0,,,,1.0,,,2.0,,0.0,2.0,,THA,4.0,4.0,2.0,1.0,2.0,2.0,2,1.0,,,,False,Male,60_69
1075,0.0,2.0,,East Asia & Pacific (excluding high income),2.0,1.0,1.0,2.0,1.0,3.0,,1,2.0,,2.0,,1.0,58.0,2024,,116599604,1,,60882768.0,1.0,,1.0,1.0,1.0,,0.559899784,2.0,2.0,Q5 Highest,,,2.0,2.0,,,,Thailand,,1,,,3.0,,,4.0,,0.0,0.0,,,,2.0,2.0,2.0,4.0,,0.0,,,THA,2.0,2.0,2.0,4.0,2.0,2.0,1,,,,2.0,False,Female,50_59
1076,0.0,2.0,,East Asia & Pacific (excluding high income),2.0,2.0,0.0,2.0,2.0,1.0,,0,,2.0,,2.0,,63.0,2024,2.0,116639159,0,1.0,60882768.0,,,1.0,2.0,,,0.296876565,2.0,,Q1 Lowest,,,,2.0,2.0,,,Thailand,,2,2.0,2.0,1.0,,,4.0,,0.0,0.0,,,,2.0,,,4.0,,0.0,,,THA,4.0,4.0,2.0,4.0,,2.0,1,,,,,False,Female,60_69
1077,1.0,2.0,,East Asia & Pacific (excluding high income),2.0,1.0,0.0,2.0,2.0,1.0,,1,,,,,2.0,69.0,2024,,116824749,1,,60882768.0,2.0,,1.0,5.0,2.0,,3.424553462,2.0,1.0,Q1 Lowest,,,2.0,1.0,,,,Thailand,,2,,,4.0,,,4.0,,1.0,0.0,,,,1.0,2.0,,3.0,,0.0,2.0,,THA,4.0,2.0,2.0,1.0,2.0,2.0,1,1.0,,,2.0,False,Female,60_69
1078,1.0,2.0,,East Asia & Pacific (excluding high income),2.0,1.0,0.0,2.0,2.0,2.0,,1,,,,,2.0,47.0,2024,,116863718,1,,60882768.0,1.0,,2.0,2.0,2.0,,1.241637588,2.0,1.0,Q2,,,2.0,1.0,,,,Thailand,,2,,,8.0,,,4.0,,0.0,0.0,,2.0,,2.0,2.0,,4.0,,1.0,,,THA,4.0,2.0,2.0,4.0,2.0,2.0,2,,,,2.0,False,Male,40_49
1079,1.0,2.0,,East Asia & Pacific (excluding high income),1.0,2.0,1.0,2.0,2.0,2.0,,1,,,,,1.0,16.0,2024,,116947839,1,,60882768.0,1.0,,1.0,1.0,1.0,2.0,2.892024885,1.0,2.0,Q2,,,2.0,1.0,,1.0,,Thailand,,1,,,5.0,,,1.0,2.0,1.0,1.0,,,,1.0,,,4.0,,1.0,1.0,2.0,THA,4.0,4.0,1.0,1.0,1.0,2.0,2,2.0,,,,False,Male,17_or_less
1080,1.0,1.0,,East Asia & Pacific (excluding high income),2.0,1.0,0.0,2.0,2.0,1.0,,1,,,,,1.0,20.0,2024,,116952664,1,,60882768.0,2.0,,2.0,4.0,1.0,2.0,2.272175305,1.0,1.0,Q3,,1.0,2.0,1.0,,1.0,,Thailand,,2,,,4.0,,,1.0,2.0,1.0,1.0,,,,1.0,2.0,,4.0,,1.0,2.0,1.0,THA,4.0,1.0,1.0,1.0,2.0,1.0,1,1.0,,,1.0,False,Female,18_22
1081,0.0,2.0,,East Asia & Pacific (excluding high income),2.0,2.0,0.0,2.0,2.0,1.0,,1,,,,,5.0,48.0,2024,,116974224,1,,60882768.0,3.0,,1.0,5.0,2.0,,0.160194247,2.0,1.0,Q2,,,5.0,1.0,,,,Thailand,2.0,2,,,4.0,,,4.0,,0.0,0.0,,,,2.0,,,4.0,,0.0,,,THA,4.0,4.0,2.0,4.0,3.0,2.0,1,,,,,False,Female,40_49
1082,1.0,2.0,,East Asia & Pacific (excluding high income),1.0,1.0,1.0,2.0,2.0,3.0,,1,,,,,1.0,37.0,2024,,117284144,1,,60882768.0,1.0,,2.0,3.0,1.0,,1.681903377,1.0,1.0,Q2,,,1.0,1.0,,,,Thailand,,1,,,2.0,,,4.0,,1.0,1.0,,1.0,,2.0,1.0,,4.0,,1.0,,,THA,4.0,1.0,2.0,4.0,2.0,2.0,2,,,,1.0,False,Male,30_39
1083,1.0,2.0,,East Asia & Pacific (excluding high income),1.0,1.0,1.0,2.0,2.0,3.0,,1,,,,,4.0,41.0,2024,,117484141,1,,60882768.0,1.0,,2.0,5.0,2.0,2.0,0.538302898,2.0,1.0,Q5 Highest,,,4.0,1.0,,2.0,,Thailand,2.0,2,,,2.0,,,1.0,2.0,0.0,1.0,,1.0,,2.0,1.0,,4.0,,0.0,,1.0,THA,4.0,1.0,1.0,4.0,2.0,2.0,2,,,,1.0,False,Male,40_49
1084,1.0,2.0,,East Asia & Pacific (excluding high income),2.0,1.0,0.0,2.0,2.0,2.0,,1,,,,,2.0,33.0,2024,,117687188,1,,60882768.0,2.0,,1.0,2.0,2.0,,3.424553462,2.0,1.0,Q3,,,2.0,2.0,,,,Thailand,,2,,,4.0,,,4.0,,1.0,0.0,,,,1.0,2.0,,4.0,,1.0,1.0,,THA,4.0,2.0,2.0,1.0,2.0,2.0,1,1.0,,,2.0,False,Female,30_39
1085,1.0,2.0,,East Asia & Pacific (excluding high income),1.0,2.0,1.0,2.0,2.0,3.0,,1,,,,,1.0,53.0,2024,,117722705,1,,60882768.0,2.0,,2.0,1.0,1.0,,0.931220335,2.0,1.0,Q3,,,1.0,1.0,,,,Thailand,,1,,,1.0,,,4.0,,0.0,1.0,,,,2.0,,,4.0,,0.0,,,THA,4.0,4.0,2.0,4.0,2.0,1.0,1,,,,,False,Female,50_59
1086,1.0,2.0,,East Asia & Pacific (excluding high income),2.0,2.0,0.0,2.0,1.0,4.0,,1,2.0,,2.0,,,68.0,2024,,117870327,1,,60882768.0,,,1.0,2.0,,,0.135631464,2.0,,Q2,,,,1.0,,,,Thailand,,2,,,6.0,,,4.0,,0.0,0.0,,,,1.0,,,4.0,,0.0,2.0,,THA,2.0,4.0,2.0,1.0,,2.0,1,1.0,,,,False,Female,60_69
1087,1.0,2.0,,East Asia & Pacific (excluding high income),1.0,2.0,1.0,2.0,1.0,2.0,,1,2.0,,2.0,,3.0,67.0,2024,,117877694,1,,60882768.0,1.0,,1.0,2.0,2.0,,0.22668224,2.0,1.0,Q3,,,2.0,1.0,,,,Thailand,,2,,,3.0,,,4.0,,0.0,0.0,,,,1.0,,2.0,2.0,,0.0,2.0,,THA,2.0,4.0,2.0,1.0,2.0,2.0,2,1.0,,,,False,Male,60_69
1088,0.0,2.0,,East Asia & Pacific (excluding high income),2.0,1.0,1.0,2.0,2.0,1.0,,0,,2.0,,2.0,,60.0,2024,1.0,118053079,0,1.0,60882768.0,,,1.0,2.0,,,0.962091207,2.0,,Q4,,,,2.0,2.0,,,Thailand,,2,1.0,1.0,1.0,,,4.0,,0.0,1.0,,,,2.0,2.0,1.0,4.0,,0.0,,,THA,4.0,2.0,2.0,4.0,,2.0,1,,,,2.0,False,Female,60_69
1089,1.0,2.0,,East Asia & Pacific (excluding high income),2.0,1.0,0.0,2.0,2.0,,,1,,,,,2.0,70.0,2024,,118092967,1,,60882768.0,2.0,,1.0,7.0,2.0,,0.42656637,1.0,1.0,Q1 Lowest,,,2.0,1.0,,,,Thailand,,1,,,3.0,,,4.0,,0.0,1.0,,,,1.0,2.0,,4.0,,0.0,2.0,,THA,4.0,2.0,2.0,2.0,2.0,1.0,1,2.0,,,2.0,False,Female,70_plus
1090,1.0,2.0,,East Asia & Pacific (excluding high income),2.0,1.0,0.0,2.0,2.0,1.0,,1,,,,,2.0,66.0,2024,,118095662,1,,60882768.0,2.0,1.0,1.0,2.0,2.0,,0.343204036,2.0,2.0,Q2,,,2.0,1.0,,2.0,,Thailand,,1,,,4.0,,,2.0,2.0,1.0,0.0,,,,1.0,2.0,,1.0,,0.0,2.0,2.0,THA,4.0,2.0,1.0,1.0,2.0,2.0,1,2.0,,,2.0,False,Female,60_69
1091,1.0,2.0,,East Asia & Pacific (excluding high income),2.0,1.0,1.0,2.0,2.0,2.0,,1,,,,,2.0,82.0,2024,,118240405,1,,60882768.0,1.0,,1.0,1.0,2.0,,0.135631464,2.0,1.0,Q1 Lowest,,,2.0,2.0,,,,Thailand,,1,,,4.0,,,4.0,,0.0,1.0,,,,1.0,2.0,,6.0,,0.0,2.0,,THA,4.0,2.0,2.0,1.0,2.0,2.0,2,1.0,,,2.0,False,Male,70_plus
1092,1.0,2.0,,East Asia & Pacific (excluding high income),1.0,1.0,1.0,2.0,1.0,2.0,,1,1.0,,1.0,,1.0,49.0,2024,,118315783,1,,60882768.0,1.0,,1.0,1.0,1.0,,3.424553462,2.0,2.0,Q3,,1.0,1.0,1.0,,,,Thailand,,1,,,2.0,,,4.0,,1.0,1.0,,1.0,,2.0,1.0,,4.0,,1.0,,,THA,1.0,1.0,2.0,4.0,1.0,2.0,1,,,,1.0,False,Female,40_49
1093,1.0,2.0,,East Asia & Pacific (excluding high income),1.0,1.0,1.0,2.0,2.0,,,1,,,,,2.0,51.0,2024,,118323091,1,,60882768.0,1.0,,1.0,8.0,2.0,,0.920307067,2.0,1.0,Q2,,,2.0,1.0,,2.0,,Thailand,,1,,,4.0,,,2.0,2.0,0.0,1.0,,,,1.0,2.0,,5.0,,0.0,2.0,2.0,THA,4.0,2.0,1.0,1.0,2.0,2.0,1,1.0,,,2.0,False,Female,50_59
1094,0.0,2.0,,East Asia & Pacific (excluding high income),4.0,1.0,0.0,2.0,2.0,3.0,,0,,2.0,,2.0,,38.0,2024,4.0,118640054,0,4.0,60882768.0,,,,2.0,,,1.91981302,1.0,,Q4,,,,1.0,2.0,,,Thailand,,4,2.0,4.0,4.0,,,4.0,,0.0,1.0,,,,2.0,2.0,,6.0,,0.0,,,THA,4.0,2.0,2.0,4.0,,2.0,2,,,,2.0,False,Male,30_39
1095,1.0,1.0,,East Asia & Pacific (excluding high income),1.0,1.0,1.0,2.0,2.0,2.0,,1,,,,,3.0,16.0,2024,,118693968,1,,60882768.0,1.0,,1.0,1.0,1.0,,0.995299875,2.0,1.0,Q1 Lowest,,2.0,2.0,2.0,,,,Thailand,,1,,,4.0,,,4.0,,1.0,1.0,,,,2.0,2.0,,2.0,,0.0,,,THA,4.0,2.0,2.0,4.0,2.0,1.0,1,,,,2.0,False,Female,17_or_less
1096,1.0,2.0,,East Asia & Pacific (excluding high income),1.0,1.0,1.0,1.0,1.0,1.0,,1,2.0,,1.0,,3.0,56.0,2024,,118695893,1,,60882768.0,1.0,,1.0,1.0,2.0,,0.135631464,2.0,1.0,Q3,,1.0,3.0,2.0,,,,Thailand,1.0,2,,,1.0,,,4.0,,1.0,1.0,,,,1.0,1.0,,4.0,,0.0,2.0,,THA,1.0,1.0,2.0,1.0,2.0,2.0,1,1.0,,,2.0,False,Female,50_59
1097,1.0,2.0,,East Asia & Pacific (excluding high income),1.0,2.0,1.0,2.0,2.0,3.0,,1,,,,,3.0,16.0,2024,,118717172,1,,60882768.0,1.0,,1.0,1.0,1.0,,1.35125991,2.0,2.0,Q3,,,2.0,2.0,,,,Thailand,,1,,,4.0,,,4.0,,0.0,0.0,,,,1.0,,,2.0,,0.0,2.0,,THA,4.0,4.0,2.0,1.0,2.0,2.0,2,1.0,,,,False,Male,17_or_less
1098,1.0,2.0,,East Asia & Pacific (excluding high income),1.0,1.0,1.0,2.0,2.0,3.0,,1,,,,,2.0,58.0,2024,,118966850,1,,60882768.0,1.0,2.0,2.0,2.0,3.0,2.0,0.580528699,2.0,1.0,Q2,,,2.0,1.0,,2.0,,Thailand,,2,,,1.0,,,1.0,1.0,0.0,0.0,,,,1.0,2.0,,5.0,,0.0,2.0,1.0,THA,4.0,2.0,1.0,3.0,2.0,2.0,1,2.0,,,2.0,False,Female,50_59
1099,1.0,2.0,,East Asia & Pacific (excluding high income),1.0,1.0,1.0,2.0,2.0,2.0,,1,,,,,1.0,68.0,2024,,119023560,1,,60882768.0,1.0,,1.0,2.0,1.0,,1.849975983,1.0,1.0,Q4,,,1.0,1.0,,,,Thailand,,1,,,2.0,,,4.0,,0.0,1.0,,,,1.0,2.0,,2.0,,0.0,2.0,,THA,4.0,2.0,2.0,1.0,2.0,2.0,1,1.0,,,2.0,False,Female,60_69
1100,1.0,2.0,,East Asia & Pacific (excluding high income),1.0,1.0,1.0,2.0,2.0,2.0,,1,,,,,1.0,23.0,2024,,119174539,1,,60882768.0,1.0,1.0,3.0,2.0,1.0,,1.911308871,1.0,1.0,Q1 Lowest,,1.0,3.0,1.0,,2.0,,Thailand,,1,,,3.0,,,2.0,2.0,1.0,1.0,,1.0,,1.0,1.0,,5.0,,1.0,2.0,2.0,THA,4.0,1.0,1.0,1.0,2.0,2.0,1,2.0,,,1.0,False,Female,23_29
1101,0.0,2.0,,East Asia & Pacific (excluding high income),2.0,1.0,0.0,2.0,2.0,,,1,,,,,1.0,60.0,2024,,119391610,1,,60882768.0,2.0,2.0,1.0,7.0,1.0,,0.216180312,2.0,2.0,Q5 Highest,,,1.0,1.0,,,,Thailand,,1,,,4.0,,,4.0,,1.0,0.0,,,,1.0,2.0,,1.0,,0.0,2.0,,THA,4.0,2.0,2.0,3.0,2.0,2.0,1,2.0,,,2.0,False,Female,60_69
1102,1.0,2.0,,East Asia & Pacific (excluding high income),2.0,2.0,0.0,2.0,2.0,1.0,,1,,,,,1.0,57.0,2024,,119499119,1,,60882768.0,1.0,,1.0,2.0,1.0,4.0,0.641394138,2.0,1.0,Q5 Highest,,,2.0,1.0,,1.0,,Thailand,,1,,,4.0,,,1.0,2.0,1.0,1.0,,,,2.0,,,4.0,,1.0,,1.0,THA,4.0,4.0,1.0,4.0,2.0,2.0,1,,,,,False,Female,50_59
1103,1.0,1.0,,East Asia & Pacific (excluding high income),1.0,1.0,1.0,2.0,2.0,3.0,,1,,,,,3.0,52.0,2024,,119549444,1,,60882768.0,1.0,,3.0,5.0,1.0,,0.283892467,2.0,1.0,Q3,,,2.0,1.0,,,,Thailand,,1,,,4.0,,,4.0,,1.0,1.0,,1.0,,2.0,2.0,,2.0,,1.0,,,THA,4.0,1.0,2.0,4.0,2.0,2.0,1,,,,1.0,False,Female,50_59
1104,1.0,2.0,,East Asia & Pacific (excluding high income),2.0,2.0,0.0,2.0,2.0,1.0,,1,,,,,2.0,59.0,2024,,119623270,1,,60882768.0,2.0,,2.0,4.0,2.0,,0.562277255,2.0,1.0,Q1 Lowest,,,3.0,1.0,,2.0,,Thailand,,2,,,5.0,,,2.0,2.0,0.0,1.0,,,,1.0,,,2.0,,0.0,2.0,2.0,THA,4.0,4.0,1.0,1.0,2.0,2.0,2,1.0,,,,False,Male,50_59
1105,0.0,2.0,,East Asia & Pacific (excluding high income),1.0,2.0,1.0,2.0,2.0,2.0,,1,,,,,4.0,70.0,2024,,119686155,1,,60882768.0,1.0,,1.0,1.0,2.0,,0.135631464,2.0,1.0,Q5 Highest,,,2.0,2.0,,,,Thailand,,2,,,8.0,,,4.0,,0.0,0.0,,,,2.0,,,4.0,,0.0,,,THA,4.0,4.0,2.0,4.0,2.0,2.0,1,,,,,False,Female,70_plus
1106,1.0,2.0,,East Asia & Pacific (excluding high income),2.0,2.0,0.0,2.0,2.0,1.0,,1,,,,,3.0,77.0,2024,,119801539,1,,60882768.0,2.0,,1.0,2.0,2.0,,0.296876565,2.0,1.0,Q2,,,2.0,2.0,,,,Thailand,,1,,,1.0,,,4.0,,0.0,0.0,,,,1.0,,,2.0,,0.0,2.0,,THA,4.0,4.0,2.0,1.0,2.0,2.0,1,1.0,,,,False,Female,70_plus
1107,1.0,2.0,,East Asia & Pacific (excluding high income),2.0,2.0,0.0,2.0,2.0,,,1,,,,,2.0,85.0,2024,,119911434,1,,60882768.0,2.0,,1.0,7.0,2.0,,0.309145594,2.0,1.0,Q2,,,2.0,2.0,,,,Thailand,,1,,,1.0,,,4.0,,0.0,0.0,,,,2.0,,,5.0,,0.0,,,THA,4.0,4.0,2.0,4.0,2.0,2.0,1,,,,,False,Female,70_plus
1108,0.0,2.0,,East Asia & Pacific (excluding high income),2.0,1.0,0.0,2.0,2.0,,,1,,,,,4.0,54.0,2024,,119942776,1,,60882768.0,2.0,2.0,1.0,7.0,2.0,,0.456706777,1.0,1.0,Q1 Lowest,,,4.0,2.0,,,,Thailand,2.0,2,,,4.0,,,4.0,,0.0,1.0,,,,1.0,2.0,,5.0,,0.0,2.0,,THA,4.0,2.0,2.0,3.0,2.0,2.0,2,2.0,,,2.0,False,Male,50_59
1109,1.0,2.0,,East Asia & Pacific (excluding high income),1.0,1.0,1.0,2.0,2.0,3.0,,1,,,,,2.0,21.0,2024,,119975954,1,,60882768.0,1.0,,3.0,1.0,1.0,,1.114992752,2.0,1.0,Q5 Highest,,1.0,2.0,1.0,,,,Thailand,,1,,,2.0,,,4.0,,1.0,0.0,,1.0,,2.0,1.0,,1.0,,1.0,,,THA,4.0,1.0,2.0,4.0,2.0,2.0,1,,,,1.0,False,Female,18_22
1110,0.0,2.0,,East Asia & Pacific (excluding high income),2.0,2.0,0.0,2.0,2.0,,,1,,,,,4.0,68.0,2024,,120026314,1,,60882768.0,1.0,,1.0,8.0,2.0,,0.832112895,2.0,1.0,Q1 Lowest,,,4.0,2.0,,,,Thailand,2.0,1,,,7.0,,,4.0,,0.0,0.0,,,,2.0,,,5.0,,0.0,,,THA,4.0,4.0,2.0,4.0,2.0,2.0,2,,,,,False,Male,60_69
1111,1.0,2.0,,East Asia & Pacific (excluding high income),1.0,1.0,1.0,2.0,1.0,1.0,,1,2.0,,1.0,,2.0,58.0,2024,,120196937,1,,60882768.0,1.0,,2.0,4.0,1.0,,0.135631464,2.0,1.0,Q2,,,3.0,1.0,,,,Thailand,,1,,,4.0,,,4.0,,0.0,1.0,,,,1.0,2.0,,3.0,,0.0,2.0,,THA,1.0,2.0,2.0,1.0,2.0,1.0,1,1.0,,,2.0,False,Female,50_59
1112,1.0,2.0,,East Asia & Pacific (excluding high income),2.0,1.0,0.0,2.0,2.0,2.0,,1,,,,,1.0,51.0,2024,,120200205,1,,60882768.0,1.0,,1.0,4.0,1.0,2.0,0.734046451,2.0,1.0,Q5 Highest,,,2.0,2.0,,2.0,,Thailand,,1,,,1.0,,,1.0,2.0,1.0,1.0,,,,2.0,2.0,,2.0,,0.0,,1.0,THA,4.0,2.0,1.0,4.0,2.0,2.0,2,,,,2.0,False,Male,50_59
1113,1.0,2.0,,East Asia & Pacific (excluding high income),2.0,1.0,0.0,2.0,1.0,1.0,,1,2.0,,2.0,,4.0,77.0,2024,,120216160,1,,60882768.0,2.0,,1.0,5.0,2.0,,3.424553462,2.0,1.0,Q1 Lowest,,,4.0,1.0,,,,Thailand,2.0,2,,,4.0,,,4.0,,0.0,0.0,,,,1.0,2.0,,1.0,,0.0,2.0,,THA,2.0,2.0,2.0,1.0,2.0,2.0,2,1.0,,,2.0,False,Male,70_plus
1114,1.0,2.0,,East Asia & Pacific (excluding high income),2.0,1.0,1.0,2.0,2.0,2.0,,1,,,,,1.0,54.0,2024,,120230488,1,,60882768.0,1.0,,1.0,2.0,2.0,2.0,0.687733882,2.0,1.0,Q3,1.0,1.0,2.0,1.0,,2.0,,Thailand,,1,,,3.0,,,1.0,2.0,1.0,1.0,,,,2.0,1.0,1.0,2.0,,0.0,,2.0,THA,4.0,1.0,1.0,4.0,2.0,1.0,1,,,,1.0,False,Female,50_59
1115,1.0,2.0,,East Asia & Pacific (excluding high income),2.0,2.0,0.0,2.0,2.0,1.0,,1,,,,,5.0,69.0,2024,,120307084,1,,60882768.0,2.0,,1.0,2.0,2.0,,1.785322828,2.0,1.0,Q2,,,2.0,2.0,,,,Thailand,,1,,,5.0,,,4.0,,0.0,0.0,,,,1.0,,,4.0,,0.0,2.0,,THA,4.0,4.0,2.0,1.0,2.0,2.0,2,1.0,,,,False,Male,60_69
1116,1.0,2.0,,East Asia & Pacific (excluding high income),1.0,2.0,1.0,2.0,2.0,2.0,,1,,,,,1.0,20.0,2024,,120311674,1,,60882768.0,1.0,,2.0,2.0,1.0,2.0,0.886806606,1.0,2.0,Q5 Highest,,2.0,1.0,2.0,,1.0,,Thailand,,1,,,4.0,,,1.0,2.0,1.0,1.0,,1.0,,2.0,,,2.0,,1.0,,1.0,THA,4.0,4.0,1.0,4.0,2.0,2.0,1,,,,,False,Female,18_22
1117,1.0,2.0,,East Asia & Pacific (excluding high income),1.0,1.0,1.0,2.0,2.0,3.0,,1,,,,,1.0,39.0,2024,,120430835,1,,60882768.0,1.0,,1.0,4.0,1.0,2.0,0.969969158,2.0,1.0,Q3,,1.0,2.0,1.0,,3.0,,Thailand,,2,,,4.0,,,1.0,2.0,1.0,0.0,,,,1.0,2.0,,6.0,,1.0,1.0,1.0,THA,4.0,1.0,1.0,1.0,2.0,2.0,1,1.0,,,1.0,False,Female,30_39
1118,1.0,2.0,,East Asia & Pacific (excluding high income),2.0,1.0,0.0,2.0,1.0,2.0,,1,2.0,,1.0,,4.0,50.0,2024,,120564471,1,,60882768.0,1.0,,1.0,3.0,1.0,,2.416713814,2.0,1.0,Q4,,,4.0,1.0,,2.0,,Thailand,2.0,1,,,5.0,,,2.0,2.0,0.0,0.0,,,,2.0,1.0,,4.0,,0.0,,2.0,THA,1.0,1.0,1.0,4.0,2.0,2.0,2,,,,2.0,False,Male,50_59
1119,0.0,2.0,,East Asia & Pacific (excluding high income),2.0,1.0,1.0,2.0,2.0,1.0,,1,,,,,2.0,67.0,2024,,120624655,1,,60882768.0,2.0,,1.0,2.0,2.0,,0.559899784,2.0,1.0,Q1 Lowest,,,2.0,2.0,,,,Thailand,,1,,,4.0,,,4.0,,0.0,0.0,,,,2.0,2.0,,5.0,,0.0,,,THA,4.0,2.0,2.0,4.0,2.0,2.0,1,,,,2.0,False,Female,60_69
1120,1.0,2.0,,East Asia & Pacific (excluding high income),1.0,1.0,1.0,2.0,2.0,2.0,,1,,,,,1.0,45.0,2024,,120663385,1,,60882768.0,1.0,,1.0,1.0,1.0,2.0,2.702376182,2.0,1.0,Q5 Highest,,1.0,1.0,1.0,,1.0,,Thailand,,1,,,5.0,,,1.0,2.0,0.0,1.0,,,,2.0,1.0,,3.0,,1.0,,1.0,THA,4.0,1.0,1.0,4.0,2.0,2.0,1,,,,1.0,False,Female,40_49
1121,1.0,1.0,,East Asia & Pacific (excluding high income),1.0,1.0,1.0,2.0,2.0,2.0,,1,,,,,1.0,43.0,2024,,120881598,1,,60882768.0,1.0,,1.0,2.0,1.0,1.0,0.242899541,1.0,1.0,Q4,,1.0,2.0,1.0,,1.0,,Thailand,,1,,,4.0,,,1.0,1.0,1.0,1.0,,1.0,,2.0,1.0,,1.0,,1.0,,1.0,THA,4.0,1.0,1.0,4.0,1.0,2.0,1,,,,1.0,False,Female,40_49
1122,1.0,2.0,,East Asia & Pacific (excluding high income),2.0,1.0,0.0,2.0,1.0,3.0,,1,2.0,,2.0,,2.0,62.0,2024,,120953388,1,,60882768.0,2.0,,2.0,1.0,1.0,2.0,0.143544921,2.0,1.0,Q5 Highest,,,2.0,2.0,,2.0,,Thailand,,1,,,1.0,,,1.0,1.0,0.0,0.0,,,,2.0,2.0,,4.0,,0.0,,1.0,THA,2.0,2.0,1.0,4.0,2.0,2.0,2,,,,2.0,False,Male,60_69
1123,1.0,2.0,,East Asia & Pacific (excluding high income),2.0,1.0,0.0,2.0,2.0,1.0,,1,,,,,1.0,22.0,2024,,121037069,1,,60882768.0,2.0,,2.0,5.0,2.0,,2.195619204,1.0,1.0,Q2,,,2.0,2.0,,2.0,,Thailand,,1,,,3.0,,,2.0,2.0,1.0,1.0,,,,1.0,2.0,,2.0,,1.0,1.0,2.0,THA,4.0,1.0,1.0,1.0,2.0,2.0,1,1.0,,,1.0,False,Female,18_22
1124,1.0,2.0,,East Asia & Pacific (excluding high income),2.0,1.0,0.0,1.0,2.0,2.0,,1,,,,,2.0,66.0,2024,,121067830,1,,60882768.0,2.0,,1.0,5.0,2.0,,0.135631464,1.0,1.0,Q3,,,2.0,2.0,,,,Thailand,,2,,,4.0,,,4.0,,0.0,1.0,,,,1.0,2.0,,5.0,,0.0,2.0,,THA,4.0,2.0,2.0,1.0,2.0,2.0,1,1.0,,,2.0,False,Female,60_69
1125,1.0,2.0,,East Asia & Pacific (excluding high income),1.0,1.0,1.0,1.0,1.0,2.0,,1,1.0,,2.0,,2.0,53.0,2024,,121096376,1,,60882768.0,1.0,,2.0,5.0,1.0,,0.727389092,2.0,2.0,Q2,,,2.0,1.0,,,,Thailand,,1,,,3.0,,,4.0,,0.0,1.0,,,,2.0,2.0,1.0,1.0,,1.0,1.0,,THA,1.0,1.0,2.0,4.0,2.0,2.0,1,2.0,,,1.0,False,Female,50_59
1126,0.0,2.0,,East Asia & Pacific (excluding high income),2.0,1.0,0.0,2.0,2.0,2.0,,0,,1.0,,2.0,,62.0,2024,1.0,121288783,0,2.0,60882768.0,,,1.0,2.0,,,1.91039883,1.0,,Q4,,2.0,,1.0,1.0,,,Thailand,,2,2.0,1.0,2.0,,,4.0,,0.0,1.0,,,,2.0,2.0,,4.0,,0.0,,,THA,4.0,2.0,2.0,4.0,,2.0,2,,,,2.0,False,Male,60_69
1127,1.0,2.0,,East Asia & Pacific (excluding high income),2.0,2.0,0.0,2.0,2.0,2.0,,1,,,,,2.0,39.0,2024,,121341764,1,,60882768.0,2.0,1.0,1.0,2.0,1.0,,1.392392715,1.0,1.0,Q2,,,3.0,1.0,,2.0,,Thailand,,1,,,6.0,,,2.0,2.0,0.0,1.0,,2.0,,1.0,,,4.0,,1.0,2.0,2.0,THA,4.0,4.0,1.0,1.0,2.0,2.0,2,2.0,,,,False,Male,30_39
1128,1.0,2.0,,East Asia & Pacific (excluding high income),2.0,2.0,0.0,2.0,2.0,1.0,,1,,,,,4.0,75.0,2024,,121502835,1,,60882768.0,2.0,,1.0,2.0,3.0,,0.288872145,2.0,1.0,Q1 Lowest,,,2.0,1.0,,,,Thailand,,2,,,4.0,,,4.0,,0.0,0.0,,,,1.0,,,2.0,,0.0,2.0,,THA,4.0,4.0,2.0,1.0,2.0,2.0,1,1.0,,,,False,Female,70_plus
1129,1.0,2.0,,East Asia & Pacific (excluding high income),1.0,1.0,1.0,2.0,2.0,3.0,,1,,,,,1.0,49.0,2024,,121746709,1,,60882768.0,1.0,,3.0,4.0,1.0,,0.296091738,2.0,1.0,Q1 Lowest,,,1.0,1.0,,,,Thailand,,1,,,4.0,,,4.0,,1.0,1.0,,1.0,,2.0,2.0,,2.0,,1.0,,,THA,4.0,1.0,2.0,4.0,2.0,2.0,2,,,,1.0,False,Male,40_49
1130,1.0,2.0,,East Asia & Pacific (excluding high income),1.0,1.0,1.0,2.0,2.0,1.0,,1,,,,,3.0,47.0,2024,,121777447,1,,60882768.0,1.0,,1.0,1.0,1.0,,3.424553462,2.0,1.0,Q3,,,3.0,1.0,,,,Thailand,1.0,4,,,4.0,,,4.0,,1.0,1.0,,,,1.0,1.0,,4.0,,1.0,1.0,,THA,4.0,1.0,2.0,1.0,2.0,1.0,2,1.0,,,1.0,False,Male,40_49
1131,0.0,2.0,,East Asia & Pacific (excluding high income),2.0,1.0,1.0,2.0,2.0,3.0,,0,,1.0,,1.0,,28.0,2024,2.0,121781703,0,1.0,60882768.0,,,2.0,2.0,,,1.763907102,2.0,,Q3,,,,2.0,1.0,,,Thailand,,2,1.0,2.0,5.0,,,4.0,,0.0,0.0,,,,2.0,2.0,,4.0,,0.0,,,THA,4.0,2.0,2.0,4.0,,2.0,1,,,,2.0,False,Female,23_29
1132,1.0,2.0,,East Asia & Pacific (excluding high income),2.0,1.0,1.0,2.0,2.0,2.0,,1,,,,,1.0,45.0,2024,,121792174,1,,60882768.0,2.0,,2.0,2.0,4.0,2.0,0.278811913,2.0,1.0,Q4,,1.0,2.0,1.0,,2.0,,Thailand,,2,,,4.0,,,1.0,2.0,1.0,0.0,,2.0,,2.0,2.0,,5.0,,1.0,,1.0,THA,4.0,1.0,1.0,4.0,2.0,2.0,1,,,,1.0,False,Female,40_49
1133,1.0,2.0,,East Asia & Pacific (excluding high income),2.0,1.0,1.0,2.0,2.0,,,1,,,,,,67.0,2024,,121949628,1,,60882768.0,,,1.0,9.0,,,0.694698955,2.0,,Q2,,,,1.0,,2.0,,Thailand,,2,,,3.0,,,2.0,2.0,0.0,0.0,,,,1.0,2.0,2.0,6.0,,0.0,2.0,2.0,THA,4.0,2.0,1.0,1.0,,2.0,1,1.0,,,2.0,False,Female,60_69
1134,1.0,1.0,,East Asia & Pacific (excluding high income),2.0,1.0,1.0,2.0,2.0,2.0,,1,,,,,1.0,34.0,2024,,121982336,1,,60882768.0,1.0,,1.0,2.0,1.0,,0.590961931,2.0,1.0,Q4,,1.0,3.0,1.0,,,,Thailand,,1,,,1.0,,,4.0,,1.0,0.0,,2.0,,2.0,1.0,,4.0,,1.0,,,THA,4.0,1.0,2.0,4.0,1.0,2.0,1,,,,1.0,False,Female,30_39
1135,1.0,2.0,,East Asia & Pacific (excluding high income),1.0,1.0,1.0,2.0,2.0,1.0,,1,,,,,2.0,40.0,2024,,122212654,1,,60882768.0,1.0,,1.0,3.0,1.0,2.0,3.424553462,1.0,1.0,Q2,,,1.0,1.0,,2.0,,Thailand,,1,,,4.0,,,1.0,2.0,1.0,1.0,,,,2.0,2.0,,4.0,,0.0,,1.0,THA,4.0,1.0,1.0,4.0,2.0,2.0,2,,,,1.0,False,Male,40_49
1136,0.0,2.0,,East Asia & Pacific (excluding high income),2.0,1.0,1.0,1.0,2.0,2.0,,0,,2.0,,2.0,,71.0,2024,2.0,122367702,0,1.0,60882768.0,,2.0,1.0,5.0,,,0.206097063,2.0,,Q2,,,,2.0,2.0,,,Thailand,,2,1.0,1.0,1.0,,,4.0,,0.0,0.0,,,,1.0,2.0,,4.0,,0.0,2.0,,THA,4.0,2.0,2.0,3.0,,2.0,1,2.0,,,2.0,False,Female,70_plus
1137,1.0,2.0,,East Asia & Pacific (excluding high income),1.0,1.0,1.0,2.0,2.0,2.0,,1,,,,,3.0,18.0,2024,,122403016,1,,60882768.0,1.0,,1.0,5.0,1.0,,1.81422937,2.0,1.0,Q3,,1.0,3.0,1.0,,,,Thailand,1.0,2,,,4.0,,,4.0,,1.0,0.0,,1.0,,2.0,2.0,,2.0,,1.0,,,THA,4.0,2.0,2.0,4.0,2.0,2.0,2,,,,2.0,False,Male,18_22
1138,0.0,2.0,,East Asia & Pacific (excluding high income),1.0,2.0,1.0,2.0,2.0,2.0,,1,,,,,3.0,45.0,2024,,122644515,1,,60882768.0,2.0,,1.0,1.0,1.0,,0.419370176,2.0,1.0,Q1 Lowest,,,3.0,1.0,,,,Thailand,2.0,2,,,7.0,,,4.0,,0.0,0.0,,2.0,,1.0,,,2.0,,0.0,2.0,,THA,4.0,4.0,2.0,2.0,2.0,2.0,2,2.0,,,,False,Male,40_49
1139,1.0,2.0,,East Asia & Pacific (excluding high income),1.0,2.0,1.0,2.0,2.0,1.0,,1,,,,,1.0,38.0,2024,,122910631,1,,60882768.0,1.0,,1.0,2.0,2.0,,3.424553462,1.0,1.0,Q3,,,1.0,1.0,,,,Thailand,,2,,,3.0,,,4.0,,1.0,1.0,,,,2.0,,,1.0,,0.0,,,THA,4.0,4.0,2.0,4.0,2.0,2.0,2,,,,,False,Male,30_39
1140,1.0,2.0,,East Asia & Pacific (excluding high income),4.0,1.0,0.0,2.0,2.0,2.0,,1,,,,,6.0,35.0,2024,,122946951,1,,60882768.0,4.0,,2.0,2.0,4.0,,0.913114857,2.0,1.0,Q3,,,2.0,1.0,,,,Thailand,,2,,,4.0,,,4.0,,1.0,0.0,,,,2.0,2.0,,4.0,,0.0,,,THA,4.0,1.0,2.0,4.0,4.0,2.0,1,,,,1.0,False,Female,30_39
1141,1.0,2.0,,East Asia & Pacific (excluding high income),2.0,1.0,0.0,2.0,2.0,,,1,,,,,2.0,53.0,2024,,122998615,1,,60882768.0,2.0,,1.0,7.0,2.0,,0.801716758,1.0,1.0,Q1 Lowest,,2.0,2.0,1.0,,2.0,,Thailand,,1,,,1.0,,,2.0,2.0,0.0,1.0,,,,1.0,2.0,,4.0,,0.0,2.0,2.0,THA,4.0,2.0,1.0,1.0,2.0,2.0,1,1.0,,,2.0,False,Female,50_59
1142,1.0,1.0,,East Asia & Pacific (excluding high income),1.0,1.0,1.0,2.0,2.0,2.0,,1,,,,,1.0,33.0,2024,,123021669,1,,60882768.0,1.0,,1.0,2.0,1.0,,2.322121231,1.0,1.0,Q4,,1.0,2.0,1.0,,,,Thailand,,1,,,4.0,,,4.0,,1.0,1.0,,1.0,,2.0,1.0,1.0,3.0,,1.0,,,THA,4.0,1.0,2.0,4.0,2.0,1.0,1,,,,1.0,False,Female,30_39
1143,1.0,2.0,,East Asia & Pacific (excluding high income),1.0,1.0,1.0,2.0,2.0,1.0,,1,,,,,1.0,33.0,2024,,123063487,1,,60882768.0,1.0,,2.0,1.0,1.0,,0.978301442,2.0,2.0,Q2,,1.0,1.0,1.0,,,,Thailand,,1,,,3.0,,,4.0,,1.0,0.0,,,,2.0,2.0,,4.0,,0.0,,,THA,4.0,3.0,2.0,4.0,1.0,2.0,1,,,,2.0,False,Female,30_39
1144,1.0,2.0,,East Asia & Pacific (excluding high income),1.0,1.0,1.0,2.0,2.0,2.0,,1,,,,,1.0,48.0,2024,,123244102,1,,60882768.0,1.0,,2.0,1.0,1.0,2.0,0.94246822,2.0,1.0,Q5 Highest,,1.0,2.0,1.0,,1.0,,Thailand,,1,,,5.0,,,1.0,2.0,1.0,1.0,,,,2.0,1.0,,4.0,,1.0,,1.0,THA,4.0,1.0,1.0,4.0,1.0,2.0,1,,,,1.0,False,Female,40_49
1145,1.0,2.0,,East Asia & Pacific (excluding high income),1.0,1.0,1.0,2.0,2.0,1.0,,1,,,,,1.0,27.0,2024,,123251633,1,,60882768.0,1.0,,3.0,2.0,1.0,2.0,1.164560593,2.0,1.0,Q3,,1.0,2.0,1.0,,2.0,,Thailand,,1,,,3.0,,,1.0,1.0,1.0,1.0,,,,2.0,2.0,,2.0,,0.0,,1.0,THA,4.0,1.0,1.0,4.0,2.0,2.0,2,,,,1.0,False,Male,23_29
1146,0.0,2.0,,East Asia & Pacific (excluding high income),2.0,1.0,0.0,2.0,2.0,3.0,,0,,2.0,,2.0,,62.0,2024,2.0,123479855,0,1.0,60882768.0,,2.0,3.0,2.0,,,0.497889098,2.0,,Q4,,,,1.0,2.0,,,Thailand,,2,2.0,2.0,1.0,,,4.0,,0.0,0.0,,,,1.0,2.0,,4.0,,0.0,2.0,,THA,4.0,2.0,2.0,3.0,,2.0,2,2.0,,,2.0,False,Male,60_69
1147,1.0,2.0,,East Asia & Pacific (excluding high income),2.0,1.0,0.0,2.0,2.0,1.0,,1,,,,,2.0,65.0,2024,,123503382,1,,60882768.0,2.0,,1.0,2.0,2.0,,0.135631464,2.0,1.0,Q2,,,2.0,2.0,,,,Thailand,,1,,,4.0,,,4.0,,0.0,0.0,,,,1.0,2.0,,4.0,,0.0,2.0,,THA,4.0,2.0,2.0,1.0,2.0,2.0,2,1.0,,,2.0,False,Male,60_69
1148,0.0,2.0,,East Asia & Pacific (excluding high income),1.0,1.0,1.0,2.0,1.0,2.0,,1,2.0,,2.0,,2.0,61.0,2024,,123604192,1,,60882768.0,1.0,,1.0,3.0,1.0,,0.988749998,2.0,1.0,Q5 Highest,,,2.0,1.0,,,,Thailand,,2,,,1.0,,,4.0,,0.0,0.0,,,,2.0,2.0,2.0,4.0,,0.0,,,THA,2.0,2.0,2.0,4.0,2.0,2.0,1,,,,2.0,False,Female,60_69
1149,0.0,2.0,,East Asia & Pacific (excluding high income),2.0,1.0,0.0,2.0,2.0,2.0,,0,,1.0,,2.0,,57.0,2024,1.0,123606351,0,2.0,60882768.0,,,1.0,2.0,,,0.647578073,2.0,,Q1 Lowest,,,,1.0,2.0,2.0,,Thailand,,2,2.0,2.0,4.0,,,2.0,2.0,0.0,1.0,,,,2.0,2.0,,6.0,,0.0,,2.0,THA,4.0,2.0,1.0,4.0,,2.0,1,,,,2.0,False,Female,50_59
1150,1.0,2.0,,East Asia & Pacific (excluding high income),1.0,1.0,1.0,2.0,1.0,1.0,,1,2.0,,2.0,,4.0,31.0,2024,,123763370,1,,60882768.0,1.0,,1.0,1.0,2.0,,3.424553462,1.0,2.0,Q1 Lowest,,,4.0,1.0,,,,Thailand,1.0,1,,,2.0,,,4.0,,0.0,1.0,,,,1.0,2.0,,2.0,,0.0,2.0,,THA,2.0,2.0,2.0,1.0,2.0,2.0,1,1.0,,,2.0,False,Female,30_39
1151,1.0,2.0,,East Asia & Pacific (excluding high income),2.0,1.0,0.0,2.0,1.0,1.0,,1,2.0,,2.0,,2.0,55.0,2024,,123780801,1,,60882768.0,1.0,,1.0,2.0,1.0,,1.23068801,2.0,1.0,Q2,,1.0,2.0,2.0,,,,Thailand,,1,,,4.0,,,4.0,,0.0,0.0,,,,1.0,2.0,,1.0,,0.0,2.0,,THA,2.0,2.0,2.0,1.0,1.0,2.0,2,1.0,,,2.0,False,Male,50_59
1152,1.0,2.0,,East Asia & Pacific (excluding high income),1.0,1.0,1.0,2.0,2.0,2.0,,1,,,,,1.0,40.0,2024,,123801264,1,,60882768.0,1.0,,3.0,4.0,1.0,1.0,0.789484437,2.0,1.0,Q5 Highest,,1.0,1.0,1.0,,1.0,,Thailand,,1,,,4.0,,,1.0,2.0,1.0,1.0,,1.0,,2.0,1.0,,3.0,,1.0,,1.0,THA,4.0,1.0,1.0,4.0,1.0,2.0,1,,,,1.0,False,Female,40_49
1153,0.0,2.0,,East Asia & Pacific (excluding high income),2.0,1.0,0.0,2.0,2.0,1.0,,0,,2.0,,2.0,,72.0,2024,1.0,123856275,0,3.0,60882768.0,,,2.0,2.0,,,0.271666261,2.0,,Q1 Lowest,,,,1.0,2.0,,,Thailand,,2,2.0,2.0,1.0,,,4.0,,0.0,0.0,,,,2.0,2.0,,2.0,,0.0,,,THA,4.0,2.0,2.0,4.0,,2.0,2,,,,2.0,False,Male,70_plus
1154,1.0,2.0,,East Asia & Pacific (excluding high income),1.0,1.0,1.0,2.0,2.0,2.0,,1,,,,,1.0,50.0,2024,,123964050,1,,60882768.0,1.0,,2.0,2.0,1.0,,0.412837204,1.0,1.0,Q5 Highest,,1.0,2.0,1.0,,,,Thailand,,1,,,4.0,,,4.0,,1.0,1.0,,1.0,,2.0,1.0,2.0,4.0,,1.0,,,THA,4.0,1.0,2.0,4.0,2.0,2.0,1,,,,1.0,False,Female,50_59
1155,1.0,2.0,,East Asia & Pacific (excluding high income),2.0,1.0,0.0,1.0,2.0,2.0,,1,,,,,2.0,75.0,2024,,123984227,1,,60882768.0,2.0,,1.0,5.0,2.0,,0.174507897,2.0,2.0,Q1 Lowest,,,2.0,2.0,,,,Thailand,,2,,,1.0,,,4.0,,0.0,1.0,,,,1.0,2.0,,1.0,,0.0,2.0,,THA,4.0,2.0,2.0,1.0,2.0,2.0,2,1.0,,,2.0,False,Male,70_plus
1156,1.0,2.0,,East Asia & Pacific (excluding high income),1.0,1.0,1.0,2.0,1.0,2.0,,1,2.0,,2.0,,2.0,33.0,2024,,124029325,1,,60882768.0,1.0,,1.0,4.0,1.0,,2.056867034,1.0,1.0,Q2,,,3.0,1.0,,,,Thailand,,1,,,5.0,,,4.0,,1.0,1.0,,,,1.0,1.0,,2.0,,1.0,1.0,,THA,2.0,1.0,2.0,1.0,2.0,1.0,2,1.0,,,1.0,False,Male,30_39
1157,0.0,2.0,,East Asia & Pacific (excluding high income),1.0,2.0,1.0,2.0,2.0,2.0,,0,,1.0,,3.0,,65.0,2024,2.0,124120672,0,1.0,60882768.0,,,3.0,2.0,,,0.281919369,2.0,,Q5 Highest,,,,2.0,1.0,,,Thailand,,2,1.0,1.0,3.0,,,4.0,,0.0,0.0,,,,2.0,,,2.0,,0.0,,,THA,4.0,4.0,2.0,4.0,,2.0,2,,,,,False,Male,60_69
1158,1.0,2.0,,East Asia & Pacific (excluding high income),2.0,1.0,1.0,2.0,2.0,3.0,,1,,,,,1.0,32.0,2024,,124266784,1,,60882768.0,2.0,,2.0,2.0,1.0,1.0,2.372428302,2.0,1.0,Q3,,1.0,1.0,1.0,,1.0,,Thailand,,1,,,3.0,,,1.0,2.0,0.0,1.0,,1.0,,2.0,1.0,,2.0,,1.0,,1.0,THA,4.0,1.0,1.0,4.0,1.0,2.0,1,,,,1.0,False,Female,30_39
1159,1.0,2.0,,East Asia & Pacific (excluding high income),1.0,1.0,1.0,1.0,2.0,3.0,,1,,,,,1.0,64.0,2024,,124316208,1,,60882768.0,1.0,,3.0,1.0,1.0,2.0,0.341546087,2.0,1.0,Q5 Highest,,2.0,2.0,2.0,,2.0,,Thailand,,1,,,4.0,,,1.0,1.0,1.0,1.0,,,,1.0,1.0,,2.0,,0.0,2.0,1.0,THA,4.0,1.0,1.0,1.0,1.0,2.0,1,1.0,,,1.0,False,Female,60_69
1160,1.0,2.0,,East Asia & Pacific (excluding high income),1.0,1.0,1.0,2.0,2.0,2.0,,1,,,,,1.0,42.0,2024,,124505821,1,,60882768.0,1.0,,2.0,2.0,1.0,,1.362959318,1.0,1.0,Q4,,,1.0,2.0,,,,Thailand,,1,,,4.0,,,4.0,,1.0,1.0,,1.0,,2.0,2.0,,3.0,,1.0,,,THA,4.0,2.0,2.0,4.0,2.0,2.0,1,,,,2.0,False,Female,40_49
1161,1.0,2.0,,East Asia & Pacific (excluding high income),2.0,1.0,0.0,2.0,1.0,2.0,,1,1.0,,1.0,,1.0,35.0,2024,,124582445,1,,60882768.0,2.0,,2.0,5.0,1.0,,0.621931218,2.0,1.0,Q4,,,1.0,1.0,,,,Thailand,,2,,,4.0,,,4.0,,1.0,1.0,,,,2.0,1.0,,3.0,,1.0,,,THA,1.0,1.0,2.0,4.0,2.0,1.0,1,,,,1.0,False,Female,30_39
1162,0.0,2.0,,East Asia & Pacific (excluding high income),2.0,2.0,1.0,2.0,1.0,3.0,,0,2.0,1.0,2.0,1.0,,51.0,2024,1.0,124635345,0,1.0,60882768.0,,2.0,1.0,2.0,,,0.66550369,1.0,,Q1 Lowest,,,,1.0,1.0,2.0,,Thailand,,2,1.0,2.0,2.0,,,2.0,2.0,0.0,1.0,,,,1.0,,,3.0,,0.0,2.0,2.0,THA,2.0,4.0,1.0,3.0,,2.0,2,2.0,,,,False,Male,50_59
1163,1.0,2.0,,East Asia & Pacific (excluding high income),2.0,1.0,0.0,2.0,2.0,1.0,,1,,,,,1.0,62.0,2024,,124644273,1,,60882768.0,1.0,,1.0,2.0,1.0,1.0,1.616716984,2.0,1.0,Q5 Highest,,1.0,1.0,1.0,,1.0,,Thailand,,1,,,3.0,,,1.0,2.0,1.0,0.0,,2.0,,2.0,1.0,,4.0,,1.0,,1.0,THA,4.0,1.0,1.0,4.0,2.0,2.0,2,,,,1.0,False,Male,60_69
1164,1.0,2.0,,East Asia & Pacific (excluding high income),2.0,2.0,1.0,2.0,2.0,2.0,,1,,,,,1.0,31.0,2024,,124780285,1,,60882768.0,2.0,2.0,2.0,1.0,2.0,,2.245569161,1.0,1.0,Q2,,1.0,3.0,1.0,,2.0,,Thailand,,2,,,3.0,,,2.0,2.0,0.0,1.0,,,,1.0,,2.0,4.0,,0.0,2.0,2.0,THA,4.0,4.0,1.0,3.0,2.0,1.0,1,2.0,,,,False,Female,30_39
1165,1.0,2.0,,East Asia & Pacific (excluding high income),1.0,1.0,1.0,2.0,2.0,1.0,,1,,,,,1.0,49.0,2024,,125016290,1,,60882768.0,1.0,,3.0,1.0,2.0,,0.619255807,2.0,1.0,Q2,,1.0,2.0,1.0,,,,Thailand,,2,,,4.0,,,4.0,,1.0,1.0,,,,2.0,2.0,,4.0,,0.0,,,THA,4.0,1.0,2.0,4.0,2.0,1.0,1,,,,1.0,False,Female,40_49
1166,0.0,4.0,,East Asia & Pacific (excluding high income),4.0,2.0,0.0,2.0,2.0,,,1,,,,,6.0,43.0,2024,,125086736,1,,60882768.0,4.0,,,9.0,2.0,,0.253129738,2.0,4.0,Q1 Lowest,,,6.0,1.0,,,,Thailand,4.0,4,,,8.0,,,5.0,,0.0,0.0,,,,4.0,,,6.0,,0.0,,,THA,4.0,4.0,4.0,5.0,2.0,2.0,1,,,,,False,Female,40_49
1167,1.0,2.0,,East Asia & Pacific (excluding high income),1.0,2.0,1.0,2.0,1.0,3.0,,1,2.0,,2.0,,1.0,45.0,2024,,125135217,1,,60882768.0,1.0,,2.0,4.0,1.0,,0.553795609,2.0,1.0,Q4,,,3.0,1.0,,2.0,,Thailand,,1,,,5.0,,,2.0,2.0,0.0,0.0,,2.0,,1.0,,,4.0,,1.0,2.0,2.0,THA,2.0,4.0,1.0,1.0,2.0,2.0,2,1.0,,,,False,Male,40_49
1168,0.0,2.0,,East Asia & Pacific (excluding high income),2.0,1.0,0.0,2.0,2.0,,,1,,,,,2.0,66.0,2024,,125159571,1,,60882768.0,2.0,,1.0,7.0,2.0,,0.135631464,2.0,1.0,Q1 Lowest,,,2.0,2.0,,,,Thailand,,1,,,7.0,,,4.0,,0.0,0.0,,,,2.0,2.0,,5.0,,0.0,,,THA,4.0,2.0,2.0,4.0,2.0,2.0,1,,,,2.0,False,Female,60_69
1169,1.0,2.0,,East Asia & Pacific (excluding high income),2.0,1.0,0.0,2.0,2.0,2.0,,1,,,,,1.0,66.0,2024,,125171155,1,,60882768.0,2.0,,1.0,2.0,1.0,,0.135631464,2.0,1.0,Q5 Highest,,1.0,3.0,1.0,,,,Thailand,,1,,,1.0,,,4.0,,1.0,1.0,,,,1.0,2.0,,5.0,,1.0,1.0,,THA,4.0,1.0,2.0,1.0,2.0,2.0,1,1.0,,,1.0,False,Female,60_69
1170,1.0,2.0,,East Asia & Pacific (excluding high income),2.0,1.0,0.0,1.0,2.0,,,1,,,,,2.0,32.0,2024,,125339275,1,,60882768.0,2.0,,1.0,7.0,2.0,,3.424553462,2.0,1.0,Q1 Lowest,,,2.0,1.0,,2.0,,Thailand,,2,,,5.0,,,2.0,2.0,0.0,1.0,,,,1.0,2.0,,3.0,,0.0,2.0,2.0,THA,4.0,2.0,1.0,1.0,2.0,2.0,2,1.0,,,2.0,False,Male,30_39
1171,1.0,2.0,,East Asia & Pacific (excluding high income),1.0,1.0,1.0,2.0,2.0,3.0,,1,,,,,1.0,60.0,2024,,125378521,1,,60882768.0,1.0,1.0,1.0,4.0,1.0,,2.875685924,2.0,1.0,Q2,,,1.0,1.0,,,,Thailand,,1,,,4.0,,,4.0,,1.0,1.0,,1.0,,1.0,2.0,,1.0,,1.0,2.0,,THA,4.0,2.0,2.0,1.0,2.0,1.0,1,2.0,,,2.0,False,Female,60_69
1172,1.0,2.0,,East Asia & Pacific (excluding high income),1.0,2.0,1.0,2.0,2.0,2.0,,1,,,,,2.0,41.0,2024,,125461425,1,,60882768.0,1.0,,1.0,2.0,1.0,2.0,2.044438978,2.0,2.0,Q4,,,2.0,1.0,,2.0,,Thailand,,1,,,5.0,,,1.0,1.0,1.0,0.0,,1.0,,2.0,,,4.0,,1.0,,1.0,THA,4.0,4.0,1.0,4.0,2.0,2.0,1,,,,,False,Female,40_49
1173,1.0,2.0,,East Asia & Pacific (excluding high income),2.0,1.0,0.0,2.0,2.0,,,1,,,,,2.0,66.0,2024,,125614959,1,,60882768.0,2.0,,1.0,7.0,2.0,,3.174248245,2.0,1.0,Q1 Lowest,,,2.0,1.0,,,,Thailand,,1,,,3.0,,,4.0,,0.0,0.0,,,,1.0,2.0,,5.0,,0.0,2.0,,THA,4.0,3.0,2.0,1.0,2.0,2.0,1,1.0,,,2.0,False,Female,60_69
1174,1.0,2.0,,East Asia & Pacific (excluding high income),1.0,1.0,1.0,2.0,2.0,3.0,,1,,,,,1.0,23.0,2024,,125639493,1,,60882768.0,1.0,,2.0,1.0,1.0,,2.515645954,2.0,1.0,Q4,,,1.0,1.0,,,,Thailand,,2,,,1.0,,,4.0,,0.0,0.0,,,,2.0,1.0,2.0,4.0,,0.0,,,THA,4.0,1.0,2.0,4.0,2.0,2.0,2,,,,1.0,False,Male,23_29
1175,1.0,2.0,,East Asia & Pacific (excluding high income),2.0,2.0,0.0,2.0,2.0,2.0,,1,,,,,3.0,20.0,2024,,125663775,1,,60882768.0,1.0,,1.0,2.0,1.0,,0.480318658,2.0,1.0,Q1 Lowest,,,4.0,2.0,,,,Thailand,1.0,2,,,7.0,,,4.0,,0.0,0.0,,2.0,,2.0,,,5.0,,1.0,,,THA,4.0,4.0,2.0,4.0,2.0,2.0,1,,,,,False,Female,18_22
1176,1.0,2.0,,East Asia & Pacific (excluding high income),1.0,1.0,1.0,2.0,2.0,1.0,,1,,,,,,34.0,2024,,125687103,1,,60882768.0,,,2.0,2.0,,2.0,0.879458129,2.0,,Q5 Highest,,,,1.0,,2.0,,Thailand,,4,,,4.0,,,1.0,2.0,0.0,0.0,,,,2.0,2.0,,1.0,,0.0,,1.0,THA,4.0,2.0,1.0,4.0,,2.0,1,,,,2.0,False,Female,30_39
1177,1.0,2.0,,East Asia & Pacific (excluding high income),1.0,1.0,1.0,2.0,2.0,2.0,,1,,,,,2.0,44.0,2024,,125817418,1,,60882768.0,1.0,,1.0,1.0,2.0,2.0,3.424553462,2.0,1.0,Q3,,,2.0,1.0,,2.0,,Thailand,,1,,,1.0,,,1.0,2.0,0.0,0.0,,,,2.0,2.0,,4.0,,0.0,,1.0,THA,4.0,2.0,1.0,4.0,2.0,2.0,1,,,,2.0,False,Female,40_49
1178,1.0,2.0,,East Asia & Pacific (excluding high income),4.0,2.0,0.0,2.0,1.0,2.0,,1,2.0,,4.0,,2.0,68.0,2024,,126051004,1,,60882768.0,4.0,,1.0,2.0,4.0,,0.842163696,2.0,1.0,Q4,,,2.0,2.0,,,,Thailand,,2,,,3.0,,,4.0,,0.0,0.0,,,,1.0,,,5.0,,0.0,2.0,,THA,2.0,4.0,2.0,1.0,2.0,2.0,2,1.0,,,,False,Male,60_69
1179,1.0,2.0,,East Asia & Pacific (excluding high income),1.0,1.0,1.0,2.0,2.0,2.0,,1,,,,,1.0,36.0,2024,,126114767,1,,60882768.0,2.0,,1.0,2.0,1.0,1.0,0.658518656,2.0,1.0,Q3,,2.0,1.0,1.0,,1.0,,Thailand,,1,,,4.0,,,1.0,2.0,1.0,0.0,,1.0,,1.0,1.0,,1.0,,1.0,2.0,1.0,THA,4.0,1.0,1.0,1.0,2.0,2.0,1,1.0,,,1.0,False,Female,30_39
1180,1.0,2.0,,East Asia & Pacific (excluding high income),1.0,1.0,1.0,2.0,1.0,1.0,,1,1.0,,1.0,,1.0,53.0,2024,,126187117,1,,60882768.0,2.0,,2.0,2.0,1.0,2.0,0.155073953,1.0,1.0,Q5 Highest,,1.0,1.0,1.0,,1.0,,Thailand,,2,,,5.0,,,1.0,2.0,1.0,1.0,,1.0,,2.0,1.0,,2.0,,1.0,,1.0,THA,1.0,1.0,1.0,4.0,2.0,2.0,1,,,,1.0,False,Female,50_59
1181,1.0,2.0,,East Asia & Pacific (excluding high income),1.0,2.0,1.0,2.0,2.0,1.0,,1,,,,,4.0,56.0,2024,,126468114,1,,60882768.0,1.0,,1.0,3.0,2.0,,1.616716984,2.0,1.0,Q3,,,4.0,1.0,,2.0,,Thailand,1.0,1,,,4.0,,,2.0,2.0,0.0,0.0,,,,1.0,,,2.0,,0.0,2.0,2.0,THA,4.0,4.0,1.0,1.0,2.0,2.0,2,1.0,,,,False,Male,50_59
1182,0.0,2.0,,East Asia & Pacific (excluding high income),2.0,2.0,0.0,2.0,2.0,1.0,,0,,2.0,,1.0,,71.0,2024,1.0,126581429,0,1.0,60882768.0,,2.0,1.0,5.0,,,0.402561242,2.0,,Q4,,,,2.0,1.0,,,Thailand,,2,1.0,2.0,3.0,,,4.0,,0.0,0.0,,,,1.0,,,4.0,,0.0,2.0,,THA,4.0,4.0,2.0,3.0,,2.0,1,2.0,,,,False,Female,70_plus
1183,1.0,2.0,,East Asia & Pacific (excluding high income),2.0,1.0,0.0,2.0,1.0,,,1,2.0,,2.0,,2.0,72.0,2024,,126660786,1,,60882768.0,2.0,,1.0,7.0,2.0,,0.135631464,1.0,1.0,Q1 Lowest,,,2.0,1.0,,,,Thailand,,1,,,5.0,,,4.0,,0.0,1.0,,,,1.0,2.0,,4.0,,0.0,2.0,,THA,2.0,2.0,2.0,1.0,2.0,2.0,1,1.0,,,2.0,False,Female,70_plus
1184,1.0,2.0,,East Asia & Pacific (excluding high income),1.0,1.0,1.0,2.0,2.0,3.0,,1,,,,,1.0,38.0,2024,,126708751,1,,60882768.0,1.0,,3.0,1.0,1.0,,0.692598191,2.0,1.0,Q5 Highest,,1.0,1.0,1.0,,,,Thailand,,1,,,3.0,,,4.0,,1.0,1.0,,2.0,,2.0,2.0,,3.0,,1.0,,,THA,4.0,1.0,2.0,4.0,2.0,2.0,2,,,,1.0,False,Male,30_39
1185,0.0,2.0,,East Asia & Pacific (excluding high income),2.0,1.0,0.0,2.0,1.0,1.0,,1,2.0,,2.0,,4.0,58.0,2024,,126727645,1,,60882768.0,1.0,,1.0,3.0,2.0,,0.477718088,2.0,1.0,Q2,,,4.0,1.0,,2.0,,Thailand,1.0,2,,,4.0,,,2.0,2.0,0.0,0.0,,,,2.0,2.0,,1.0,,0.0,,2.0,THA,2.0,2.0,1.0,4.0,2.0,2.0,1,,,,2.0,False,Female,50_59
1186,0.0,2.0,,East Asia & Pacific (excluding high income),2.0,1.0,0.0,2.0,2.0,1.0,,0,,2.0,,2.0,,52.0,2024,1.0,126968636,0,2.0,60882768.0,,,1.0,3.0,,,2.110423436,2.0,,Q1 Lowest,,,,1.0,2.0,2.0,,Thailand,,2,1.0,2.0,4.0,,,2.0,2.0,0.0,0.0,,,,2.0,2.0,,2.0,,0.0,,2.0,THA,4.0,2.0,1.0,4.0,,2.0,2,,,,2.0,False,Male,50_59
1187,1.0,2.0,,East Asia & Pacific (excluding high income),1.0,1.0,1.0,2.0,2.0,2.0,,1,,,,,1.0,40.0,2024,,126973601,1,,60882768.0,2.0,,2.0,3.0,1.0,,0.84305081,2.0,1.0,Q5 Highest,,1.0,1.0,1.0,,,,Thailand,,2,,,4.0,,,4.0,,1.0,1.0,,,,2.0,2.0,,1.0,,0.0,,,THA,4.0,2.0,2.0,4.0,2.0,2.0,1,,,,2.0,False,Female,40_49
1188,1.0,2.0,,East Asia & Pacific (excluding high income),1.0,1.0,1.0,2.0,2.0,3.0,,1,,,,,1.0,58.0,2024,,127010057,1,,60882768.0,1.0,,3.0,4.0,1.0,1.0,0.644350964,2.0,2.0,Q5 Highest,,1.0,1.0,1.0,,1.0,,Thailand,,1,,,1.0,,,1.0,2.0,1.0,1.0,,1.0,,2.0,2.0,2.0,4.0,,1.0,,1.0,THA,4.0,2.0,1.0,4.0,1.0,2.0,2,,,,2.0,False,Male,50_59
1189,1.0,2.0,,East Asia & Pacific (excluding high income),1.0,1.0,1.0,2.0,2.0,3.0,,1,,,,,1.0,20.0,2024,,127061150,1,,60882768.0,1.0,,2.0,1.0,1.0,1.0,1.450028121,2.0,1.0,Q5 Highest,,1.0,2.0,1.0,,1.0,,Thailand,,2,,,1.0,,,1.0,2.0,1.0,0.0,,,,2.0,1.0,,3.0,,1.0,,1.0,THA,4.0,1.0,1.0,4.0,2.0,2.0,2,,,,1.0,False,Male,18_22
1190,1.0,2.0,,East Asia & Pacific (excluding high income),1.0,1.0,1.0,2.0,1.0,1.0,,1,2.0,,1.0,,3.0,53.0,2024,,127085182,1,,60882768.0,1.0,,1.0,2.0,1.0,,0.444649642,1.0,2.0,Q4,,,3.0,2.0,,,,Thailand,1.0,1,,,5.0,,,4.0,,0.0,1.0,,,,1.0,1.0,,4.0,,0.0,2.0,,THA,1.0,1.0,2.0,1.0,2.0,2.0,1,1.0,,,1.0,False,Female,50_59
1191,0.0,2.0,,East Asia & Pacific (excluding high income),2.0,2.0,1.0,2.0,2.0,,,1,,,,,3.0,37.0,2024,,127106742,1,,60882768.0,1.0,,1.0,7.0,2.0,,0.135631464,1.0,2.0,Q4,2.0,,4.0,1.0,,4.0,,Thailand,4.0,2,,,3.0,,,3.0,2.0,0.0,1.0,,1.0,,2.0,,,6.0,,0.0,,4.0,THA,4.0,4.0,1.0,4.0,2.0,2.0,2,,,,,False,Male,30_39
1192,1.0,1.0,,East Asia & Pacific (excluding high income),1.0,1.0,1.0,2.0,2.0,2.0,,1,,,,,1.0,20.0,2024,,127202679,1,,60882768.0,1.0,,2.0,2.0,2.0,,0.343048216,1.0,1.0,Q5 Highest,,1.0,1.0,1.0,,,,Thailand,,2,,,5.0,,,4.0,,1.0,1.0,,2.0,,1.0,1.0,,2.0,,1.0,1.0,,THA,4.0,1.0,2.0,1.0,2.0,1.0,1,1.0,,,1.0,False,Female,18_22
1193,1.0,2.0,,East Asia & Pacific (excluding high income),2.0,2.0,0.0,2.0,2.0,1.0,,1,,,,,3.0,56.0,2024,,127244143,1,,60882768.0,1.0,,1.0,4.0,3.0,,0.208586437,2.0,1.0,Q3,,1.0,3.0,1.0,,,,Thailand,1.0,1,,,4.0,,,4.0,,0.0,1.0,,,,1.0,,,6.0,,0.0,2.0,,THA,4.0,4.0,2.0,1.0,2.0,2.0,1,1.0,,,,False,Female,50_59
1194,1.0,2.0,,East Asia & Pacific (excluding high income),2.0,2.0,1.0,1.0,1.0,1.0,,1,2.0,,1.0,,3.0,55.0,2024,,127351771,1,,60882768.0,1.0,,1.0,1.0,1.0,,0.500897406,2.0,1.0,Q3,,,3.0,2.0,,,,Thailand,1.0,1,,,3.0,,,4.0,,0.0,0.0,,,,1.0,,2.0,4.0,,0.0,2.0,,THA,1.0,4.0,2.0,1.0,2.0,2.0,2,1.0,,,,False,Male,50_59
1195,0.0,2.0,,East Asia & Pacific (excluding high income),2.0,1.0,0.0,2.0,2.0,1.0,,0,,2.0,,1.0,,77.0,2024,2.0,127409961,0,2.0,60882768.0,,,1.0,2.0,,,0.135631464,2.0,,Q1 Lowest,,,,2.0,2.0,,,Thailand,,2,1.0,2.0,3.0,,,4.0,,0.0,0.0,,,,2.0,2.0,,5.0,,0.0,,,THA,4.0,2.0,2.0,4.0,,2.0,1,,,,2.0,False,Female,70_plus
1196,0.0,2.0,,East Asia & Pacific (excluding high income),2.0,2.0,0.0,2.0,2.0,,,0,,2.0,,3.0,,15.0,2024,1.0,127410896,0,1.0,60882768.0,,,1.0,9.0,,,1.209486247,2.0,,Q4,,,,2.0,3.0,,,Thailand,,2,3.0,2.0,4.0,,,4.0,,0.0,0.0,,,,2.0,,,6.0,,0.0,,,THA,4.0,4.0,2.0,4.0,,2.0,2,,,,,False,Male,17_or_less
1197,1.0,2.0,,East Asia & Pacific (excluding high income),1.0,1.0,1.0,2.0,2.0,3.0,,1,,,,,1.0,27.0,2024,,127496042,1,,60882768.0,1.0,,1.0,5.0,1.0,2.0,1.261515595,2.0,1.0,Q5 Highest,,,1.0,1.0,,1.0,,Thailand,,2,,,3.0,,,1.0,2.0,1.0,0.0,,1.0,,2.0,2.0,,2.0,,1.0,,2.0,THA,4.0,1.0,1.0,4.0,2.0,2.0,2,,,,1.0,False,Male,23_29
1198,1.0,2.0,,East Asia & Pacific (excluding high income),1.0,1.0,1.0,2.0,2.0,3.0,,1,,,,,2.0,57.0,2024,,127545329,1,,60882768.0,1.0,2.0,3.0,2.0,1.0,,0.447379307,2.0,1.0,Q4,,,1.0,1.0,,,,Thailand,,1,,,1.0,,,4.0,,0.0,0.0,,,,1.0,1.0,,2.0,,0.0,2.0,,THA,4.0,1.0,2.0,3.0,2.0,2.0,1,2.0,,,1.0,False,Female,50_59
1199,1.0,2.0,,East Asia & Pacific (excluding high income),2.0,1.0,0.0,2.0,2.0,2.0,,1,,,,,1.0,50.0,2024,,127586930,1,,60882768.0,2.0,,1.0,5.0,1.0,2.0,0.153763907,1.0,1.0,Q5 Highest,,,1.0,1.0,,2.0,,Thailand,,2,,,4.0,,,1.0,2.0,0.0,1.0,,,,2.0,2.0,,2.0,,0.0,,1.0,THA,4.0,2.0,1.0,4.0,2.0,2.0,1,,,,2.0,False,Female,50_59
1200,1.0,2.0,,East Asia & Pacific (excluding high income),1.0,1.0,1.0,2.0,2.0,3.0,,1,,,,,1.0,42.0,2024,,127781415,1,,60882768.0,1.0,,3.0,1.0,1.0,2.0,2.077794572,2.0,2.0,Q5 Highest,,,2.0,1.0,,2.0,,Thailand,,2,,,3.0,,,1.0,1.0,1.0,0.0,,1.0,,2.0,2.0,,4.0,,1.0,,1.0,THA,4.0,2.0,1.0,4.0,2.0,2.0,2,,,,2.0,False,Male,40_49
1201,1.0,2.0,,East Asia & Pacific (excluding high income),1.0,1.0,1.0,2.0,2.0,2.0,,1,,,,,2.0,18.0,2024,,127867615,1,,60882768.0,2.0,,1.0,2.0,3.0,2.0,1.698955551,1.0,1.0,Q5 Highest,,1.0,2.0,1.0,,1.0,,Thailand,,2,,,4.0,,,1.0,2.0,1.0,1.0,,1.0,,2.0,2.0,,5.0,,1.0,,1.0,THA,4.0,1.0,1.0,4.0,2.0,2.0,2,,,,1.0,False,Male,18_22
1202,1.0,2.0,,East Asia & Pacific (excluding high income),1.0,1.0,1.0,2.0,2.0,2.0,,1,,,,,2.0,70.0,2024,,127928058,1,,60882768.0,4.0,,1.0,2.0,2.0,,0.398592587,2.0,1.0,Q2,,,2.0,2.0,,,,Thailand,,2,,,4.0,,,4.0,,0.0,0.0,,,,1.0,2.0,,2.0,,0.0,2.0,,THA,4.0,2.0,2.0,1.0,2.0,2.0,1,1.0,,,2.0,False,Female,70_plus
1203,0.0,2.0,,East Asia & Pacific (excluding high income),2.0,2.0,0.0,2.0,2.0,2.0,,0,,2.0,,1.0,,36.0,2024,1.0,128042761,0,1.0,60882768.0,,,1.0,2.0,,,2.448486546,1.0,,Q1 Lowest,,,,2.0,2.0,,,Thailand,,2,1.0,2.0,1.0,,,4.0,,0.0,1.0,,,,2.0,,,2.0,,0.0,,,THA,4.0,4.0,2.0,4.0,,2.0,1,,,,,False,Female,30_39
1204,1.0,2.0,,East Asia & Pacific (excluding high income),1.0,1.0,1.0,2.0,2.0,2.0,,1,,,,,1.0,62.0,2024,,128056290,1,,60882768.0,1.0,,2.0,2.0,1.0,,0.978200781,2.0,1.0,Q4,,,1.0,1.0,,,,Thailand,,1,,,3.0,,,4.0,,1.0,0.0,,,,2.0,1.0,,3.0,,0.0,,,THA,4.0,1.0,2.0,4.0,2.0,2.0,2,,,,1.0,False,Male,60_69
1205,0.0,2.0,,East Asia & Pacific (excluding high income),2.0,1.0,0.0,2.0,1.0,1.0,,0,2.0,1.0,2.0,2.0,,20.0,2024,2.0,128074914,0,1.0,60882768.0,,,1.0,2.0,,,1.581361418,1.0,,Q1 Lowest,,2.0,,1.0,2.0,,,Thailand,,2,1.0,2.0,4.0,,,4.0,,0.0,1.0,,,,2.0,2.0,,4.0,,0.0,,,THA,2.0,2.0,2.0,4.0,,2.0,1,,,,2.0,False,Female,18_22
1206,1.0,2.0,,East Asia & Pacific (excluding high income),2.0,1.0,1.0,2.0,2.0,1.0,,1,,,,,1.0,18.0,2024,,128170443,1,,60882768.0,1.0,,2.0,2.0,2.0,,0.647184838,2.0,1.0,Q4,,,3.0,1.0,,,,Thailand,,1,,,5.0,,,4.0,,1.0,1.0,,1.0,,2.0,1.0,,3.0,,1.0,,,THA,4.0,1.0,2.0,4.0,1.0,2.0,2,,,,1.0,False,Male,18_22
1207,1.0,2.0,,East Asia & Pacific (excluding high income),2.0,1.0,0.0,2.0,2.0,1.0,,1,,,,,4.0,64.0,2024,,128371002,1,,60882768.0,2.0,,1.0,2.0,2.0,,0.55474193,2.0,2.0,Q5 Highest,,,2.0,1.0,,,,Thailand,,2,,,2.0,,,4.0,,0.0,0.0,,,,2.0,2.0,,4.0,,0.0,,,THA,4.0,2.0,2.0,4.0,2.0,2.0,2,,,,2.0,False,Male,60_69
1208,0.0,2.0,,East Asia & Pacific (excluding high income),2.0,1.0,0.0,2.0,2.0,2.0,,1,,,,,2.0,79.0,2024,,128425434,1,,60882768.0,2.0,,1.0,2.0,2.0,,0.206097063,2.0,1.0,Q1 Lowest,,,2.0,2.0,,,,Thailand,,1,,,1.0,,,4.0,,0.0,0.0,,,,2.0,2.0,,1.0,,0.0,,,THA,4.0,2.0,2.0,4.0,2.0,2.0,1,,,,2.0,False,Female,70_plus
1209,1.0,2.0,,East Asia & Pacific (excluding high income),1.0,1.0,1.0,2.0,1.0,3.0,,1,2.0,,2.0,,3.0,26.0,2024,,128654132,1,,60882768.0,1.0,,2.0,1.0,1.0,,2.305606249,2.0,2.0,Q4,,,3.0,1.0,,,,Thailand,1.0,2,,,4.0,,,4.0,,1.0,0.0,,1.0,,1.0,2.0,,4.0,,1.0,2.0,,THA,2.0,1.0,2.0,1.0,2.0,2.0,2,1.0,,,1.0,False,Male,23_29
1210,1.0,2.0,,East Asia & Pacific (excluding high income),1.0,1.0,1.0,2.0,2.0,3.0,,1,,,,,1.0,38.0,2024,,128699684,1,,60882768.0,1.0,,2.0,2.0,1.0,,0.638179311,1.0,1.0,Q5 Highest,,1.0,2.0,1.0,,,,Thailand,,1,,,1.0,,,4.0,,1.0,1.0,,1.0,,2.0,1.0,,4.0,,1.0,,,THA,4.0,1.0,2.0,4.0,1.0,2.0,1,,,,1.0,False,Female,30_39
1211,1.0,2.0,,East Asia & Pacific (excluding high income),1.0,1.0,1.0,2.0,2.0,2.0,,1,,,,,1.0,26.0,2024,,128718052,1,,60882768.0,1.0,2.0,3.0,3.0,1.0,,0.447741876,2.0,2.0,Q5 Highest,,1.0,1.0,1.0,,,,Thailand,,2,,,3.0,,,4.0,,1.0,0.0,,,,1.0,1.0,,4.0,,0.0,2.0,,THA,4.0,1.0,2.0,3.0,2.0,2.0,1,2.0,,,1.0,False,Female,23_29
1212,1.0,2.0,,East Asia & Pacific (excluding high income),2.0,1.0,0.0,2.0,2.0,1.0,,1,,,,,2.0,64.0,2024,,128795023,1,,60882768.0,1.0,,1.0,2.0,2.0,,1.99127415,2.0,1.0,Q3,,1.0,2.0,1.0,,,,Thailand,,1,,,4.0,,,4.0,,0.0,0.0,,,,1.0,2.0,,4.0,,0.0,2.0,,THA,4.0,2.0,2.0,1.0,2.0,2.0,1,1.0,,,2.0,False,Female,60_69
1213,1.0,2.0,,East Asia & Pacific (excluding high income),1.0,1.0,1.0,2.0,2.0,,,1,,,,,1.0,47.0,2024,,128951282,1,,60882768.0,4.0,,1.0,9.0,1.0,,0.679687665,2.0,1.0,Q4,,1.0,6.0,1.0,,2.0,,Thailand,,1,,,3.0,,,2.0,2.0,1.0,0.0,,,,2.0,2.0,,4.0,,0.0,,2.0,THA,4.0,2.0,1.0,4.0,2.0,2.0,1,,,,2.0,False,Female,40_49
1214,1.0,2.0,,East Asia & Pacific (excluding high income),1.0,1.0,1.0,2.0,2.0,3.0,,1,,,,,1.0,39.0,2024,,129095543,1,,60882768.0,1.0,,2.0,3.0,1.0,2.0,1.490995435,2.0,1.0,Q4,,,2.0,1.0,,1.0,,Thailand,,1,,,1.0,,,1.0,2.0,1.0,1.0,,,,2.0,1.0,,6.0,,1.0,,1.0,THA,4.0,1.0,1.0,4.0,1.0,2.0,2,,,,1.0,False,Male,30_39
1215,1.0,2.0,,East Asia & Pacific (excluding high income),2.0,1.0,0.0,2.0,2.0,2.0,,1,,,,,2.0,45.0,2024,,129135214,1,,60882768.0,2.0,,3.0,2.0,1.0,1.0,0.683548798,1.0,1.0,Q3,,1.0,3.0,1.0,,1.0,,Thailand,,1,,,5.0,,,1.0,2.0,1.0,1.0,,,,1.0,2.0,,4.0,,1.0,2.0,1.0,THA,4.0,2.0,1.0,1.0,2.0,2.0,1,1.0,,,2.0,False,Female,40_49
1216,1.0,2.0,,East Asia & Pacific (excluding high income),1.0,1.0,1.0,2.0,2.0,2.0,,1,,,,,1.0,37.0,2024,,129166147,1,,60882768.0,1.0,,3.0,1.0,1.0,2.0,0.587421784,2.0,1.0,Q5 Highest,,1.0,1.0,1.0,,1.0,,Thailand,,1,,,4.0,,,1.0,1.0,1.0,0.0,,1.0,,1.0,1.0,,2.0,,1.0,1.0,1.0,THA,4.0,1.0,1.0,1.0,2.0,2.0,1,1.0,,,1.0,False,Female,30_39
1217,1.0,2.0,,East Asia & Pacific (excluding high income),1.0,1.0,1.0,2.0,2.0,2.0,,1,,,,,2.0,46.0,2024,,129220901,1,,60882768.0,1.0,,2.0,2.0,2.0,,0.135631464,2.0,1.0,Q4,,,3.0,1.0,,,,Thailand,,1,,,4.0,,,4.0,,0.0,0.0,,2.0,,1.0,1.0,,4.0,,1.0,1.0,,THA,4.0,1.0,2.0,1.0,2.0,2.0,1,1.0,,,1.0,False,Female,40_49
1218,0.0,2.0,,East Asia & Pacific (excluding high income),2.0,1.0,0.0,2.0,2.0,2.0,,1,,,,,2.0,67.0,2024,,129261688,1,,60882768.0,2.0,,1.0,5.0,2.0,,0.42656637,2.0,2.0,Q1 Lowest,,,2.0,1.0,,,,Thailand,,1,,,1.0,,,4.0,,0.0,0.0,,,,2.0,2.0,,1.0,,0.0,,,THA,4.0,2.0,2.0,4.0,2.0,2.0,1,,,,2.0,False,Female,60_69
1219,0.0,2.0,,East Asia & Pacific (excluding high income),1.0,2.0,1.0,2.0,2.0,2.0,,1,,,,,4.0,58.0,2024,,129331751,1,,60882768.0,2.0,,1.0,2.0,2.0,,0.312879656,2.0,1.0,Q4,,,4.0,2.0,,,,Thailand,2.0,2,,,3.0,,,4.0,,0.0,0.0,,,,2.0,,,5.0,,0.0,,,THA,4.0,4.0,2.0,4.0,2.0,2.0,1,,,,,False,Female,50_59
1220,1.0,2.0,,East Asia & Pacific (excluding high income),1.0,1.0,1.0,2.0,1.0,2.0,,1,2.0,,2.0,,3.0,61.0,2024,,129657533,1,,60882768.0,1.0,,1.0,3.0,1.0,2.0,0.236583034,2.0,1.0,Q4,,1.0,3.0,1.0,,2.0,,Thailand,1.0,1,,,3.0,,,1.0,1.0,1.0,1.0,,,,1.0,1.0,,4.0,,0.0,2.0,1.0,THA,2.0,1.0,1.0,1.0,2.0,1.0,1,1.0,,,2.0,False,Female,60_69
1221,1.0,2.0,,East Asia & Pacific (excluding high income),1.0,1.0,1.0,2.0,2.0,3.0,,1,,,,,2.0,25.0,2024,,129663401,1,,60882768.0,1.0,,2.0,2.0,1.0,2.0,0.732108113,1.0,1.0,Q5 Highest,,1.0,2.0,1.0,,1.0,,Thailand,,1,,,3.0,,,1.0,1.0,1.0,1.0,,1.0,,2.0,1.0,,4.0,,1.0,,1.0,THA,4.0,1.0,1.0,4.0,2.0,2.0,2,,,,1.0,False,Male,23_29
1222,1.0,2.0,,East Asia & Pacific (excluding high income),2.0,2.0,0.0,2.0,2.0,1.0,,1,,,,,1.0,50.0,2024,,129701744,1,,60882768.0,2.0,,2.0,2.0,2.0,,0.135631464,2.0,1.0,Q5 Highest,,,2.0,2.0,,,,Thailand,,1,,,5.0,,,4.0,,0.0,0.0,,,,2.0,,,4.0,,0.0,,,THA,4.0,4.0,2.0,4.0,2.0,2.0,1,,,,,False,Female,50_59
1223,1.0,2.0,,East Asia & Pacific (excluding high income),1.0,1.0,1.0,2.0,2.0,3.0,,1,,,,,1.0,53.0,2024,,129817164,1,,60882768.0,1.0,,2.0,1.0,1.0,2.0,0.827758392,2.0,1.0,Q5 Highest,,1.0,2.0,1.0,,1.0,,Thailand,,1,,,4.0,,,1.0,1.0,1.0,0.0,,,,2.0,1.0,2.0,4.0,,1.0,,1.0,THA,4.0,1.0,1.0,4.0,2.0,2.0,2,,,,1.0,False,Male,50_59
1224,1.0,2.0,,East Asia & Pacific (excluding high income),1.0,1.0,1.0,2.0,2.0,1.0,,1,,,,,1.0,56.0,2024,,129824210,1,,60882768.0,2.0,,1.0,4.0,1.0,2.0,0.38341234,1.0,1.0,Q3,,,1.0,1.0,,1.0,,Thailand,,2,,,4.0,,,1.0,2.0,1.0,1.0,,2.0,,2.0,2.0,,2.0,,1.0,,1.0,THA,4.0,1.0,1.0,4.0,2.0,1.0,1,,,,1.0,False,Female,50_59
1225,1.0,2.0,,East Asia & Pacific (excluding high income),1.0,2.0,1.0,2.0,2.0,2.0,,1,,,,,1.0,22.0,2024,,129863037,1,,60882768.0,1.0,,1.0,2.0,2.0,2.0,1.296053256,1.0,2.0,Q5 Highest,,1.0,1.0,1.0,,1.0,,Thailand,,1,,,4.0,,,1.0,2.0,1.0,1.0,,2.0,,2.0,,,2.0,,1.0,,2.0,THA,4.0,4.0,1.0,4.0,2.0,2.0,1,,,,,False,Female,18_22
1226,1.0,2.0,,East Asia & Pacific (excluding high income),1.0,1.0,1.0,2.0,2.0,2.0,,1,,,,,1.0,44.0,2024,,129898444,1,,60882768.0,1.0,,2.0,4.0,1.0,2.0,1.369672285,1.0,1.0,Q4,,1.0,2.0,1.0,,1.0,,Thailand,,1,,,4.0,,,1.0,2.0,1.0,1.0,,1.0,,2.0,1.0,,4.0,,1.0,,1.0,THA,4.0,1.0,1.0,4.0,1.0,2.0,1,,,,1.0,False,Female,40_49
1227,0.0,2.0,,East Asia & Pacific (excluding high income),2.0,1.0,0.0,2.0,2.0,,,0,,2.0,,2.0,,57.0,2024,1.0,129928214,0,1.0,60882768.0,,,1.0,7.0,,,0.728139649,2.0,,Q3,,,,1.0,2.0,,,Thailand,,2,1.0,2.0,8.0,,,4.0,,0.0,0.0,,,,2.0,2.0,,4.0,,0.0,,,THA,4.0,2.0,2.0,4.0,,2.0,2,,,,2.0,False,Male,50_59
1228,1.0,2.0,,East Asia & Pacific (excluding high income),1.0,1.0,1.0,2.0,2.0,2.0,,1,,,,,1.0,43.0,2024,,130051422,1,,60882768.0,1.0,,3.0,2.0,1.0,,1.065140671,2.0,1.0,Q3,,,1.0,1.0,,,,Thailand,,1,,,1.0,,,4.0,,1.0,1.0,,,,2.0,2.0,,2.0,,0.0,,,THA,4.0,1.0,2.0,4.0,2.0,2.0,1,,,,1.0,False,Female,40_49
1229,1.0,2.0,,East Asia & Pacific (excluding high income),2.0,1.0,0.0,2.0,1.0,1.0,,1,2.0,,2.0,,2.0,76.0,2024,,130055690,1,,60882768.0,2.0,,1.0,2.0,2.0,,0.42656637,1.0,1.0,Q2,,2.0,2.0,1.0,,,,Thailand,,1,,,4.0,,,4.0,,0.0,1.0,,,,1.0,2.0,,2.0,,0.0,2.0,,THA,2.0,2.0,2.0,1.0,2.0,2.0,1,1.0,,,2.0,False,Female,70_plus
1230,1.0,2.0,,East Asia & Pacific (excluding high income),2.0,2.0,0.0,2.0,2.0,,,1,,,,,4.0,25.0,2024,,130209369,1,,60882768.0,2.0,,1.0,7.0,2.0,,3.424553462,2.0,2.0,Q3,,1.0,4.0,2.0,,,,Thailand,2.0,2,,,4.0,,,4.0,,0.0,0.0,,,,2.0,,,3.0,,0.0,,,THA,4.0,4.0,2.0,4.0,2.0,2.0,1,,,,,False,Female,23_29
1231,1.0,2.0,,East Asia & Pacific (excluding high income),2.0,1.0,0.0,1.0,2.0,,,1,,,,,1.0,65.0,2024,,130225373,1,,60882768.0,2.0,,1.0,7.0,1.0,2.0,0.498620887,2.0,1.0,Q4,,1.0,2.0,2.0,,2.0,,Thailand,,1,,,4.0,,,1.0,1.0,0.0,0.0,,,,2.0,2.0,,5.0,,0.0,2.0,1.0,THA,4.0,2.0,1.0,4.0,2.0,2.0,2,1.0,,,2.0,False,Male,60_69
1232,1.0,2.0,,East Asia & Pacific (excluding high income),2.0,1.0,0.0,2.0,1.0,1.0,,1,2.0,,2.0,,,38.0,2024,,130668264,1,,60882768.0,,1.0,2.0,2.0,,,0.366643227,2.0,,Q3,,,,1.0,,,,Thailand,,2,,,3.0,,,4.0,,0.0,0.0,,,,1.0,2.0,,2.0,,0.0,2.0,,THA,2.0,2.0,2.0,1.0,,2.0,2,2.0,,,2.0,False,Male,30_39
1233,1.0,2.0,,East Asia & Pacific (excluding high income),2.0,1.0,0.0,2.0,2.0,,,1,,,,,2.0,69.0,2024,,130807747,1,,60882768.0,2.0,,1.0,7.0,2.0,,0.135631464,2.0,1.0,Q1 Lowest,,,2.0,2.0,,,,Thailand,,1,,,4.0,,,4.0,,0.0,0.0,,,,1.0,2.0,,1.0,,0.0,2.0,,THA,4.0,2.0,2.0,1.0,2.0,2.0,1,1.0,,,2.0,False,Female,60_69
1234,0.0,2.0,,East Asia & Pacific (excluding high income),2.0,1.0,0.0,2.0,2.0,,,1,,,,,4.0,85.0,2024,,130835147,1,,60882768.0,2.0,,1.0,7.0,2.0,,0.135631464,2.0,1.0,Q1 Lowest,,,4.0,2.0,,,,Thailand,2.0,2,,,3.0,,,4.0,,0.0,0.0,,,,1.0,2.0,,5.0,,0.0,2.0,,THA,4.0,2.0,2.0,2.0,2.0,2.0,1,2.0,,,2.0,False,Female,70_plus
1235,1.0,2.0,,East Asia & Pacific (excluding high income),1.0,1.0,1.0,2.0,2.0,3.0,,1,,,,,1.0,25.0,2024,,131318513,1,,60882768.0,4.0,,2.0,3.0,4.0,2.0,0.610660359,2.0,2.0,Q5 Highest,,,2.0,1.0,,2.0,,Thailand,,2,,,8.0,,,1.0,2.0,1.0,1.0,,1.0,,2.0,1.0,,2.0,,1.0,,1.0,THA,4.0,1.0,1.0,4.0,2.0,2.0,2,,,,1.0,False,Male,23_29
1236,1.0,1.0,,East Asia & Pacific (excluding high income),1.0,1.0,1.0,2.0,1.0,1.0,,1,2.0,,1.0,,1.0,23.0,2024,,131354412,1,,60882768.0,1.0,,1.0,2.0,1.0,,1.566293145,1.0,2.0,Q2,,,3.0,2.0,,,,Thailand,,2,,,4.0,,,4.0,,1.0,1.0,,,,1.0,2.0,,1.0,,0.0,2.0,,THA,1.0,1.0,2.0,1.0,2.0,2.0,1,1.0,,,1.0,False,Female,23_29
1237,1.0,1.0,,East Asia & Pacific (excluding high income),2.0,1.0,0.0,2.0,2.0,1.0,,1,,,,,2.0,37.0,2024,,131414110,1,,60882768.0,2.0,2.0,2.0,2.0,1.0,,1.914537934,2.0,1.0,Q4,,1.0,3.0,1.0,,,,Thailand,,1,,,4.0,,,4.0,,0.0,1.0,,,,1.0,1.0,,1.0,,0.0,2.0,,THA,4.0,1.0,2.0,3.0,2.0,1.0,1,2.0,,,1.0,False,Female,30_39
1238,1.0,2.0,,East Asia & Pacific (excluding high income),2.0,1.0,0.0,2.0,2.0,,,1,,,,,2.0,77.0,2024,,131420510,1,,60882768.0,2.0,,1.0,7.0,2.0,,0.135631464,2.0,1.0,Q1 Lowest,,,2.0,2.0,,,,Thailand,,2,,,5.0,,,4.0,,0.0,0.0,,,,1.0,2.0,,5.0,,0.0,2.0,,THA,4.0,2.0,2.0,1.0,2.0,2.0,2,1.0,,,2.0,False,Male,70_plus
1239,1.0,2.0,,East Asia & Pacific (excluding high income),1.0,1.0,1.0,2.0,1.0,2.0,,1,1.0,,1.0,,3.0,40.0,2024,,131423363,1,,60882768.0,1.0,,1.0,5.0,1.0,2.0,0.830915352,1.0,1.0,Q2,,1.0,3.0,1.0,,1.0,,Thailand,1.0,1,,,3.0,,,1.0,2.0,1.0,1.0,,,,1.0,1.0,,2.0,,1.0,2.0,1.0,THA,1.0,1.0,1.0,1.0,2.0,1.0,2,1.0,,,1.0,False,Male,40_49
1240,1.0,1.0,,East Asia & Pacific (excluding high income),2.0,1.0,0.0,2.0,2.0,1.0,,1,,,,,3.0,51.0,2024,,131436621,1,,60882768.0,2.0,,1.0,4.0,2.0,,0.602739064,1.0,2.0,Q5 Highest,,1.0,3.0,1.0,,,,Thailand,2.0,1,,,4.0,,,4.0,,1.0,1.0,,,,2.0,2.0,,1.0,,0.0,,,THA,4.0,1.0,2.0,4.0,2.0,2.0,1,,,,1.0,False,Female,50_59
1241,1.0,2.0,,East Asia & Pacific (excluding high income),2.0,2.0,0.0,2.0,2.0,3.0,,1,,,,,2.0,63.0,2024,,131457693,1,,60882768.0,2.0,,1.0,3.0,3.0,2.0,1.869889041,2.0,1.0,Q4,,,2.0,1.0,,2.0,,Thailand,,1,,,1.0,,,1.0,1.0,0.0,0.0,,,,1.0,,,3.0,,0.0,2.0,1.0,THA,4.0,4.0,1.0,1.0,2.0,2.0,2,1.0,,,,False,Male,60_69
1242,1.0,1.0,,East Asia & Pacific (excluding high income),1.0,1.0,1.0,2.0,2.0,1.0,,1,,,,,1.0,32.0,2024,,131879244,1,,60882768.0,1.0,,2.0,2.0,2.0,2.0,3.019877106,2.0,1.0,Q5 Highest,,1.0,2.0,1.0,,1.0,,Thailand,,1,,,7.0,,,1.0,2.0,1.0,1.0,,1.0,,2.0,1.0,,2.0,,1.0,,1.0,THA,4.0,1.0,1.0,4.0,1.0,1.0,2,,,,1.0,False,Male,30_39
1243,1.0,2.0,,East Asia & Pacific (excluding high income),2.0,1.0,0.0,2.0,2.0,3.0,,1,,,,,3.0,38.0,2024,,131980389,1,,60882768.0,1.0,,1.0,1.0,2.0,,1.659881548,2.0,2.0,Q4,,1.0,2.0,1.0,,2.0,,Thailand,,1,,,5.0,,,2.0,2.0,0.0,0.0,,,,2.0,2.0,,4.0,,0.0,,2.0,THA,4.0,2.0,1.0,4.0,2.0,2.0,2,,,,2.0,False,Male,30_39
1244,1.0,2.0,,East Asia & Pacific (excluding high income),2.0,2.0,0.0,2.0,2.0,2.0,,1,,,,,1.0,21.0,2024,,132039921,1,,60882768.0,2.0,,1.0,2.0,1.0,2.0,0.842747033,2.0,1.0,Q4,,,2.0,2.0,,2.0,,Thailand,,1,,,4.0,,,1.0,1.0,1.0,1.0,,,,2.0,,,4.0,,0.0,,1.0,THA,4.0,4.0,1.0,4.0,2.0,2.0,2,,,,,False,Male,18_22
1245,1.0,2.0,,East Asia & Pacific (excluding high income),2.0,1.0,0.0,2.0,2.0,1.0,,1,,,,,2.0,70.0,2024,,132052676,1,,60882768.0,2.0,,1.0,2.0,2.0,,0.284140415,1.0,1.0,Q1 Lowest,,2.0,4.0,1.0,,,,Thailand,,2,,,3.0,,,4.0,,0.0,1.0,,,,1.0,2.0,,1.0,,0.0,2.0,,THA,4.0,2.0,2.0,1.0,2.0,2.0,1,1.0,,,2.0,False,Female,70_plus
1246,1.0,2.0,,East Asia & Pacific (excluding high income),1.0,1.0,1.0,2.0,2.0,3.0,,1,,,,,,47.0,2024,,132226211,1,,60882768.0,,,,1.0,,,0.462910443,2.0,,Q1 Lowest,,1.0,,1.0,,,,Thailand,,4,,,6.0,,,4.0,,1.0,0.0,,1.0,,2.0,1.0,,4.0,,0.0,,,THA,4.0,1.0,2.0,4.0,,2.0,2,,,,4.0,False,Male,40_49
1247,1.0,2.0,,East Asia & Pacific (excluding high income),2.0,1.0,0.0,1.0,2.0,3.0,,1,,,,,2.0,84.0,2024,,132241247,1,,60882768.0,2.0,,2.0,2.0,2.0,,0.645189068,2.0,1.0,Q5 Highest,,,2.0,2.0,,,,Thailand,,1,,,1.0,,,4.0,,0.0,0.0,,,,2.0,2.0,,4.0,,0.0,2.0,,THA,4.0,2.0,2.0,4.0,2.0,2.0,1,1.0,,,2.0,False,Female,70_plus
1248,1.0,2.0,,East Asia & Pacific (excluding high income),1.0,1.0,1.0,2.0,2.0,3.0,,1,,,,,1.0,29.0,2024,,132259687,1,,60882768.0,1.0,,2.0,4.0,1.0,2.0,0.846753606,2.0,1.0,Q5 Highest,,1.0,2.0,1.0,,1.0,,Thailand,,1,,,1.0,,,1.0,2.0,1.0,1.0,,1.0,,2.0,1.0,,4.0,,1.0,,1.0,THA,4.0,1.0,1.0,4.0,1.0,2.0,2,,,,1.0,False,Male,23_29
1249,1.0,2.0,,East Asia & Pacific (excluding high income),1.0,1.0,1.0,2.0,2.0,,,1,,,,,3.0,80.0,2024,,132283044,1,,60882768.0,1.0,,1.0,7.0,1.0,,0.147023863,2.0,1.0,Q2,,,2.0,1.0,,,,Thailand,,1,,,1.0,,,4.0,,0.0,0.0,,,,1.0,2.0,,2.0,,0.0,2.0,,THA,4.0,2.0,2.0,1.0,2.0,2.0,1,1.0,,,2.0,False,Female,70_plus
1250,1.0,2.0,,East Asia & Pacific (excluding high income),1.0,1.0,1.0,2.0,2.0,1.0,,1,,,,,1.0,41.0,2024,,132372574,1,,60882768.0,1.0,,2.0,2.0,1.0,2.0,0.485799082,1.0,1.0,Q4,,,2.0,1.0,,1.0,,Thailand,,1,,,5.0,,,1.0,2.0,1.0,1.0,,1.0,,1.0,1.0,,3.0,,1.0,1.0,1.0,THA,4.0,1.0,1.0,1.0,2.0,2.0,1,1.0,,,1.0,False,Female,40_49
1251,1.0,2.0,,East Asia & Pacific (excluding high income),2.0,1.0,1.0,1.0,2.0,2.0,,1,,,,,2.0,62.0,2024,,132551153,1,,60882768.0,2.0,,1.0,2.0,1.0,,0.238859044,2.0,1.0,Q1 Lowest,,,2.0,2.0,,,,Thailand,,2,,,3.0,,,4.0,,0.0,0.0,,,,1.0,2.0,,2.0,,0.0,2.0,,THA,4.0,2.0,2.0,1.0,2.0,2.0,1,1.0,,,2.0,False,Female,60_69
1252,0.0,2.0,,East Asia & Pacific (excluding high income),2.0,2.0,0.0,2.0,2.0,1.0,,1,,,,,2.0,17.0,2024,,132683205,1,,60882768.0,2.0,,2.0,2.0,2.0,,0.510118927,2.0,2.0,Q3,,,1.0,2.0,,,,Thailand,,2,,,5.0,,,4.0,,0.0,0.0,,,,2.0,,,4.0,,0.0,,,THA,4.0,4.0,2.0,4.0,2.0,2.0,2,,,,,False,Male,17_or_less
1253,1.0,2.0,,East Asia & Pacific (excluding high income),1.0,1.0,1.0,2.0,2.0,2.0,,1,,,,,1.0,46.0,2024,,132772149,1,,60882768.0,1.0,2.0,2.0,2.0,1.0,1.0,0.449922426,1.0,1.0,Q5 Highest,,1.0,1.0,1.0,,1.0,,Thailand,,1,,,4.0,,,1.0,2.0,1.0,1.0,,2.0,,1.0,2.0,2.0,4.0,,1.0,2.0,1.0,THA,4.0,1.0,1.0,3.0,2.0,2.0,1,2.0,,,1.0,False,Female,40_49
1254,1.0,1.0,,East Asia & Pacific (excluding high income),1.0,1.0,1.0,2.0,2.0,3.0,,1,,,,,2.0,26.0,2024,,132774959,1,,60882768.0,1.0,,2.0,4.0,1.0,2.0,0.9391292,2.0,1.0,Q5 Highest,,,1.0,1.0,,1.0,,Thailand,,1,,,4.0,,,1.0,2.0,1.0,1.0,,1.0,,2.0,1.0,,2.0,,1.0,,1.0,THA,4.0,1.0,1.0,4.0,1.0,1.0,1,,,,1.0,False,Female,23_29
1255,1.0,2.0,,East Asia & Pacific (excluding high income),1.0,1.0,1.0,2.0,2.0,2.0,,1,,,,,1.0,52.0,2024,,132836198,1,,60882768.0,1.0,,2.0,2.0,1.0,,0.368087485,2.0,1.0,Q5 Highest,,,1.0,1.0,,,,Thailand,,2,,,7.0,,,4.0,,1.0,0.0,,,,2.0,2.0,,6.0,,0.0,,,THA,4.0,1.0,2.0,4.0,2.0,2.0,1,,,,1.0,False,Female,50_59
1256,1.0,2.0,,East Asia & Pacific (excluding high income),1.0,1.0,1.0,2.0,1.0,2.0,,1,2.0,,2.0,,2.0,64.0,2024,,133001004,1,,60882768.0,1.0,,2.0,2.0,2.0,,0.839056837,2.0,2.0,Q2,,2.0,2.0,1.0,,,,Thailand,,2,,,3.0,,,4.0,,0.0,0.0,,,,1.0,2.0,,1.0,,0.0,2.0,,THA,2.0,2.0,2.0,1.0,2.0,2.0,2,1.0,,,2.0,False,Male,60_69
1257,1.0,2.0,,East Asia & Pacific (excluding high income),2.0,1.0,1.0,2.0,1.0,1.0,,1,1.0,,2.0,,2.0,66.0,2024,,133012139,1,,60882768.0,2.0,,2.0,4.0,1.0,2.0,0.135631464,2.0,1.0,Q4,,,2.0,1.0,,2.0,,Thailand,,1,,,4.0,,,1.0,2.0,1.0,1.0,,,,2.0,1.0,2.0,2.0,,1.0,,1.0,THA,1.0,1.0,1.0,4.0,2.0,1.0,1,,,,1.0,False,Female,60_69
1258,1.0,2.0,,East Asia & Pacific (excluding high income),2.0,2.0,1.0,2.0,2.0,3.0,,1,,,,,1.0,58.0,2024,,133252588,1,,60882768.0,1.0,,2.0,1.0,4.0,4.0,0.171576898,2.0,1.0,Q5 Highest,,,2.0,1.0,,2.0,,Thailand,,1,,,1.0,,,1.0,1.0,0.0,0.0,,,,2.0,,,4.0,,0.0,,1.0,THA,4.0,4.0,1.0,4.0,4.0,2.0,1,,,,,False,Female,50_59
1259,1.0,2.0,,East Asia & Pacific (excluding high income),1.0,2.0,1.0,2.0,2.0,2.0,,1,,,,,2.0,45.0,2024,,133296336,1,,60882768.0,4.0,,1.0,3.0,4.0,,0.368087485,2.0,1.0,Q5 Highest,,,2.0,1.0,,,,Thailand,,2,,,3.0,,,4.0,,1.0,0.0,,,,2.0,,2.0,3.0,,0.0,,,THA,4.0,4.0,2.0,4.0,2.0,2.0,1,,,,,False,Female,40_49
1260,1.0,2.0,,East Asia & Pacific (excluding high income),2.0,1.0,1.0,2.0,1.0,2.0,,1,2.0,,2.0,,1.0,39.0,2024,,133376805,1,,60882768.0,2.0,,3.0,2.0,1.0,2.0,1.511875762,1.0,1.0,Q2,,,3.0,1.0,,2.0,,Thailand,,1,,,4.0,,,1.0,1.0,1.0,1.0,,,,2.0,1.0,,2.0,,0.0,,1.0,THA,2.0,1.0,1.0,4.0,1.0,2.0,1,,,,1.0,False,Female,30_39
1261,1.0,2.0,,East Asia & Pacific (excluding high income),1.0,1.0,1.0,2.0,2.0,1.0,,1,,,,,1.0,61.0,2024,,133624478,1,,60882768.0,2.0,,1.0,4.0,1.0,2.0,0.542458225,1.0,1.0,Q3,,,2.0,1.0,,1.0,,Thailand,,1,,,1.0,,,1.0,2.0,1.0,1.0,,,,2.0,1.0,,1.0,,1.0,,1.0,THA,4.0,1.0,1.0,4.0,1.0,2.0,1,,,,1.0,False,Female,60_69
1262,1.0,2.0,,East Asia & Pacific (excluding high income),2.0,1.0,1.0,2.0,1.0,1.0,,1,2.0,,2.0,,2.0,67.0,2024,,133657812,1,,60882768.0,2.0,,1.0,5.0,1.0,,1.53364936,1.0,1.0,Q1 Lowest,,1.0,2.0,1.0,,,,Thailand,,1,,,4.0,,,4.0,,0.0,1.0,,,,1.0,2.0,2.0,3.0,,0.0,2.0,,THA,2.0,2.0,2.0,1.0,2.0,2.0,1,1.0,,,2.0,False,Female,60_69
1263,1.0,2.0,,East Asia & Pacific (excluding high income),2.0,1.0,0.0,2.0,1.0,1.0,,1,2.0,,2.0,,2.0,42.0,2024,,133691763,1,,60882768.0,2.0,,2.0,2.0,2.0,,0.927564508,1.0,1.0,Q3,,,2.0,1.0,,2.0,,Thailand,,2,,,4.0,,,2.0,2.0,0.0,1.0,,,,2.0,2.0,,2.0,,0.0,,2.0,THA,2.0,2.0,1.0,4.0,2.0,2.0,2,,,,2.0,False,Male,40_49
1264,0.0,2.0,,East Asia & Pacific (excluding high income),2.0,1.0,0.0,2.0,2.0,4.0,,1,,,,,1.0,60.0,2024,,133699251,1,,60882768.0,1.0,,2.0,5.0,2.0,,0.227229446,2.0,1.0,Q3,,,1.0,2.0,,,,Thailand,,1,,,3.0,,,4.0,,0.0,0.0,,,,2.0,2.0,,4.0,,0.0,,,THA,4.0,2.0,2.0,4.0,2.0,2.0,2,,,,2.0,False,Male,60_69
1265,1.0,2.0,,East Asia & Pacific (excluding high income),1.0,1.0,1.0,2.0,2.0,2.0,,1,,,,,1.0,18.0,2024,,133728137,1,,60882768.0,1.0,,2.0,2.0,1.0,2.0,1.81422937,1.0,1.0,Q5 Highest,,1.0,1.0,1.0,,1.0,,Thailand,,2,,,2.0,,,1.0,2.0,1.0,1.0,,1.0,,1.0,1.0,,2.0,,1.0,1.0,1.0,THA,4.0,1.0,1.0,1.0,2.0,2.0,2,1.0,,,1.0,False,Male,18_22
1266,1.0,2.0,,East Asia & Pacific (excluding high income),1.0,1.0,1.0,2.0,1.0,3.0,,1,2.0,,1.0,,3.0,28.0,2024,,133841739,1,,60882768.0,1.0,,2.0,2.0,1.0,,1.505014755,2.0,2.0,Q5 Highest,,,2.0,1.0,,2.0,,Thailand,,1,,,3.0,,,2.0,2.0,0.0,0.0,,,,2.0,2.0,,2.0,,0.0,,2.0,THA,1.0,2.0,1.0,4.0,2.0,2.0,2,,,,2.0,False,Male,23_29
1267,1.0,2.0,,East Asia & Pacific (excluding high income),1.0,1.0,1.0,2.0,2.0,,,1,,,,,2.0,76.0,2024,,133844592,1,,60882768.0,1.0,,1.0,7.0,2.0,,0.135631464,2.0,1.0,Q4,,,2.0,1.0,,,,Thailand,,1,,,3.0,,,4.0,,0.0,0.0,,,,1.0,2.0,,5.0,,0.0,2.0,,THA,4.0,2.0,2.0,1.0,2.0,2.0,1,1.0,,,2.0,False,Female,70_plus
1268,1.0,2.0,,East Asia & Pacific (excluding high income),2.0,1.0,1.0,2.0,2.0,1.0,,1,,,,,1.0,30.0,2024,,133855180,1,,60882768.0,1.0,,2.0,2.0,1.0,,1.14720394,1.0,1.0,Q2,,1.0,2.0,2.0,,,,Thailand,,1,,,5.0,,,4.0,,1.0,1.0,,1.0,,1.0,2.0,,2.0,,1.0,2.0,,THA,4.0,1.0,2.0,1.0,2.0,2.0,1,1.0,,,1.0,False,Female,30_39
1269,0.0,2.0,,East Asia & Pacific (excluding high income),2.0,2.0,1.0,2.0,2.0,2.0,,1,,,,,2.0,54.0,2024,,133912515,1,,60882768.0,1.0,,1.0,5.0,1.0,,0.679687665,2.0,1.0,Q4,,,2.0,1.0,,,,Thailand,,2,,,1.0,,,4.0,,0.0,1.0,,,,2.0,,,4.0,,0.0,,,THA,4.0,4.0,2.0,4.0,2.0,1.0,1,,,,,False,Female,50_59
1270,0.0,2.0,,East Asia & Pacific (excluding high income),2.0,2.0,0.0,2.0,2.0,,,1,,,,,4.0,80.0,2024,,133956821,1,,60882768.0,2.0,,1.0,7.0,2.0,,0.135631464,2.0,1.0,Q2,,,1.0,2.0,,,,Thailand,,1,,,1.0,,,4.0,,0.0,0.0,,,,2.0,,,5.0,,0.0,,,THA,4.0,4.0,2.0,4.0,2.0,2.0,1,,,,,False,Female,70_plus
1271,1.0,2.0,,East Asia & Pacific (excluding high income),1.0,1.0,1.0,2.0,1.0,2.0,,1,1.0,,1.0,,1.0,54.0,2024,,134212661,1,,60882768.0,1.0,,1.0,2.0,1.0,,3.424553462,2.0,2.0,Q5 Highest,,1.0,1.0,1.0,,,,Thailand,,1,,,3.0,,,4.0,,1.0,1.0,,,,2.0,2.0,2.0,2.0,,1.0,,,THA,1.0,2.0,2.0,4.0,2.0,1.0,2,,,,2.0,False,Male,50_59
1272,1.0,2.0,,East Asia & Pacific (excluding high income),4.0,2.0,0.0,2.0,4.0,,,1,,,,,6.0,32.0,2024,,134227689,1,,60882768.0,4.0,,2.0,9.0,4.0,2.0,0.610660359,4.0,1.0,Q3,,,6.0,1.0,,2.0,,Thailand,4.0,2,,,3.0,,,1.0,2.0,1.0,0.0,,4.0,,2.0,,,2.0,,1.0,,1.0,THA,5.0,4.0,1.0,4.0,2.0,2.0,2,,,,,False,Male,30_39
1273,1.0,2.0,,East Asia & Pacific (excluding high income),2.0,1.0,0.0,2.0,2.0,,,1,,,,,3.0,48.0,2024,,134263872,1,,60882768.0,2.0,,2.0,8.0,1.0,2.0,0.351440634,1.0,1.0,Q3,,,5.0,1.0,,2.0,,Thailand,1.0,1,,,4.0,,,1.0,1.0,1.0,1.0,,,,1.0,2.0,,4.0,,0.0,2.0,1.0,THA,4.0,2.0,1.0,1.0,2.0,2.0,1,1.0,,,2.0,False,Female,40_49
1274,1.0,2.0,,East Asia & Pacific (excluding high income),1.0,1.0,1.0,1.0,2.0,3.0,,1,,,,,1.0,64.0,2024,,134381622,1,,60882768.0,1.0,,2.0,1.0,1.0,2.0,0.880844485,2.0,1.0,Q4,,1.0,2.0,1.0,,2.0,,Thailand,,1,,,3.0,,,1.0,1.0,0.0,1.0,,,,2.0,2.0,,4.0,,0.0,2.0,1.0,THA,4.0,2.0,1.0,4.0,2.0,1.0,2,1.0,,,2.0,False,Male,60_69
1275,1.0,2.0,,East Asia & Pacific (excluding high income),2.0,2.0,0.0,1.0,2.0,,,1,,,,,2.0,65.0,2024,,134415102,1,,60882768.0,2.0,,2.0,7.0,1.0,,0.135631464,2.0,1.0,Q1 Lowest,,,2.0,1.0,,,,Thailand,,1,,,4.0,,,4.0,,0.0,0.0,,,,1.0,,,2.0,,0.0,2.0,,THA,4.0,4.0,2.0,1.0,2.0,2.0,2,1.0,,,,False,Male,60_69
1276,0.0,2.0,,East Asia & Pacific (excluding high income),1.0,1.0,1.0,2.0,2.0,3.0,,1,,,,,3.0,55.0,2024,,134531264,1,,60882768.0,1.0,,1.0,2.0,1.0,,1.243167421,2.0,2.0,Q4,,,3.0,1.0,,,,Thailand,1.0,2,,,1.0,,,4.0,,0.0,0.0,,,,2.0,2.0,,1.0,,0.0,,,THA,4.0,2.0,2.0,4.0,2.0,2.0,1,,,,2.0,False,Female,50_59
1277,1.0,2.0,,East Asia & Pacific (excluding high income),2.0,1.0,0.0,2.0,2.0,3.0,,1,,,,,2.0,72.0,2024,,134591209,1,,60882768.0,1.0,,1.0,2.0,2.0,,0.42656637,2.0,1.0,Q2,,,2.0,2.0,,,,Thailand,,3,,,7.0,,,4.0,,0.0,0.0,,,,1.0,2.0,,1.0,,0.0,2.0,,THA,4.0,2.0,2.0,1.0,2.0,2.0,1,1.0,,,2.0,False,Female,70_plus
1278,0.0,2.0,,East Asia & Pacific (excluding high income),1.0,1.0,1.0,2.0,2.0,3.0,,1,,,,,2.0,55.0,2024,,134636100,1,,60882768.0,1.0,,1.0,5.0,1.0,,0.489664262,2.0,2.0,Q5 Highest,,,2.0,1.0,,,,Thailand,,1,,,1.0,,,4.0,,0.0,0.0,,,,2.0,2.0,,4.0,,0.0,,,THA,4.0,2.0,2.0,4.0,2.0,2.0,1,,,,2.0,False,Female,50_59
1279,1.0,2.0,,East Asia & Pacific (excluding high income),1.0,2.0,1.0,2.0,2.0,,,1,,,,,3.0,58.0,2024,,134636743,1,,60882768.0,2.0,,2.0,9.0,2.0,2.0,0.195208259,2.0,1.0,Q4,,1.0,3.0,1.0,,1.0,,Thailand,1.0,1,,,6.0,,,1.0,2.0,1.0,0.0,,1.0,,2.0,,,4.0,,1.0,,2.0,THA,4.0,4.0,1.0,4.0,2.0,2.0,1,,,,,False,Female,50_59
1280,1.0,2.0,,East Asia & Pacific (excluding high income),1.0,1.0,1.0,2.0,2.0,3.0,,1,,,,,1.0,55.0,2024,,134674761,1,,60882768.0,1.0,,2.0,1.0,1.0,2.0,0.978200781,2.0,1.0,Q5 Highest,,1.0,2.0,1.0,,1.0,,Thailand,,1,,,1.0,,,1.0,2.0,1.0,0.0,,1.0,,2.0,1.0,,4.0,,1.0,,1.0,THA,4.0,1.0,1.0,4.0,2.0,2.0,2,,,,1.0,False,Male,50_59
1281,1.0,2.0,,East Asia & Pacific (excluding high income),1.0,1.0,1.0,2.0,2.0,1.0,,1,,,,,2.0,65.0,2024,,134676086,1,,60882768.0,2.0,,1.0,2.0,2.0,,0.728139649,2.0,1.0,Q2,,,2.0,2.0,,,,Thailand,,2,,,1.0,,,4.0,,0.0,1.0,,,,1.0,2.0,,2.0,,0.0,2.0,,THA,4.0,2.0,2.0,1.0,2.0,1.0,2,1.0,,,2.0,False,Male,60_69
1282,1.0,2.0,,East Asia & Pacific (excluding high income),1.0,2.0,1.0,2.0,2.0,1.0,,1,,,,,3.0,47.0,2024,,134883293,1,,60882768.0,2.0,,1.0,2.0,1.0,,1.677726294,1.0,1.0,Q3,,,3.0,1.0,,,,Thailand,1.0,1,,,4.0,,,4.0,,1.0,1.0,,1.0,,1.0,,,1.0,,1.0,2.0,,THA,4.0,4.0,2.0,1.0,2.0,2.0,2,1.0,,,,False,Male,40_49
1283,1.0,2.0,,East Asia & Pacific (excluding high income),1.0,1.0,1.0,2.0,2.0,2.0,,1,,,,,1.0,36.0,2024,,134950479,1,,60882768.0,1.0,,1.0,2.0,1.0,2.0,2.356848544,1.0,1.0,Q3,,1.0,2.0,1.0,,2.0,,Thailand,,1,,,1.0,,,1.0,2.0,1.0,1.0,,,,2.0,1.0,,3.0,,0.0,,1.0,THA,4.0,1.0,1.0,4.0,2.0,2.0,2,,,,1.0,False,Male,30_39
1284,1.0,2.0,,East Asia & Pacific (excluding high income),2.0,1.0,0.0,2.0,2.0,,,1,,,,,2.0,62.0,2024,,135041238,1,,60882768.0,2.0,,1.0,7.0,2.0,,2.771359282,2.0,1.0,Q2,,1.0,2.0,1.0,,2.0,,Thailand,,1,,,4.0,,,2.0,2.0,1.0,1.0,,,,1.0,2.0,,4.0,,0.0,2.0,2.0,THA,4.0,2.0,1.0,1.0,2.0,1.0,2,1.0,,,2.0,False,Male,60_69
1285,1.0,2.0,,East Asia & Pacific (excluding high income),2.0,2.0,1.0,2.0,2.0,1.0,,1,,,,,2.0,22.0,2024,,135078751,1,,60882768.0,2.0,,2.0,2.0,2.0,4.0,1.53872457,1.0,1.0,Q3,,,2.0,1.0,,1.0,,Thailand,,2,,,4.0,,,1.0,2.0,1.0,1.0,,1.0,,2.0,,,3.0,,1.0,,1.0,THA,4.0,4.0,1.0,4.0,2.0,2.0,1,,,,,False,Female,18_22
1286,1.0,2.0,,East Asia & Pacific (excluding high income),1.0,1.0,1.0,2.0,2.0,3.0,,1,,,,,1.0,20.0,2024,,135079704,1,,60882768.0,1.0,,2.0,2.0,1.0,,0.647184838,2.0,1.0,Q5 Highest,,,2.0,1.0,,,,Thailand,,1,,,2.0,,,4.0,,1.0,0.0,,1.0,,2.0,2.0,,3.0,,1.0,,,THA,4.0,2.0,2.0,4.0,1.0,2.0,2,,,,2.0,False,Male,18_22
1287,1.0,2.0,,East Asia & Pacific (excluding high income),2.0,1.0,1.0,2.0,1.0,,,1,2.0,,1.0,,2.0,49.0,2024,,135127672,1,,60882768.0,1.0,,1.0,9.0,2.0,,1.202575137,2.0,2.0,Q4,,,3.0,1.0,,,,Thailand,,1,,,2.0,,,4.0,,0.0,1.0,,,,2.0,2.0,,6.0,,0.0,,,THA,1.0,2.0,2.0,4.0,2.0,1.0,1,,,,2.0,False,Female,40_49
1288,1.0,2.0,,East Asia & Pacific (excluding high income),1.0,2.0,1.0,2.0,2.0,2.0,,1,,,,,2.0,75.0,2024,,135152905,1,,60882768.0,1.0,,1.0,2.0,2.0,,0.135631464,2.0,2.0,Q3,,,2.0,1.0,,,,Thailand,,2,,,1.0,,,4.0,,0.0,0.0,,,,1.0,,,1.0,,0.0,2.0,,THA,4.0,4.0,2.0,1.0,2.0,2.0,1,1.0,,,,False,Female,70_plus
1289,1.0,2.0,,East Asia & Pacific (excluding high income),1.0,2.0,1.0,1.0,2.0,1.0,,1,,,,,2.0,60.0,2024,,135188736,1,,60882768.0,1.0,,1.0,2.0,2.0,,0.135631464,2.0,1.0,Q2,,,2.0,1.0,,,,Thailand,,1,,,1.0,,,4.0,,0.0,0.0,,,,1.0,,,1.0,,0.0,2.0,,THA,4.0,4.0,2.0,1.0,2.0,2.0,1,1.0,,,,False,Female,60_69
1290,1.0,2.0,,East Asia & Pacific (excluding high income),1.0,1.0,1.0,2.0,1.0,2.0,,1,2.0,,2.0,,2.0,59.0,2024,,135343516,1,,60882768.0,2.0,,2.0,4.0,1.0,,0.387019133,2.0,1.0,Q1 Lowest,,,3.0,1.0,,,,Thailand,,1,,,1.0,,,4.0,,1.0,1.0,,,,2.0,2.0,,4.0,,0.0,,,THA,2.0,1.0,2.0,4.0,2.0,1.0,1,,,,1.0,False,Female,50_59
1291,1.0,2.0,,East Asia & Pacific (excluding high income),1.0,1.0,1.0,1.0,1.0,3.0,,1,2.0,,2.0,,1.0,52.0,2024,,135372915,1,,60882768.0,1.0,,1.0,2.0,1.0,,1.33506234,1.0,1.0,Q5 Highest,,1.0,1.0,1.0,,,,Thailand,,1,,,1.0,,,4.0,,1.0,1.0,,1.0,,1.0,2.0,,5.0,,1.0,2.0,,THA,2.0,2.0,2.0,1.0,2.0,1.0,1,1.0,,,2.0,False,Female,50_59
1292,0.0,2.0,,East Asia & Pacific (excluding high income),1.0,1.0,1.0,2.0,2.0,1.0,,1,,,,,3.0,65.0,2024,,135397759,1,,60882768.0,1.0,,1.0,2.0,3.0,,0.27227749,1.0,1.0,Q5 Highest,,,4.0,1.0,,,,Thailand,1.0,2,,,4.0,,,4.0,,0.0,1.0,,,,2.0,2.0,,1.0,,0.0,,,THA,4.0,2.0,2.0,4.0,2.0,2.0,1,,,,2.0,False,Female,60_69
1293,1.0,2.0,,East Asia & Pacific (excluding high income),1.0,1.0,1.0,2.0,2.0,2.0,,1,,,,,2.0,65.0,2024,,135587116,1,,60882768.0,1.0,,2.0,2.0,2.0,2.0,0.349454168,2.0,1.0,Q3,,,2.0,1.0,,2.0,,Thailand,,1,,,1.0,,,1.0,2.0,0.0,0.0,,,,1.0,2.0,,2.0,,0.0,2.0,1.0,THA,4.0,2.0,1.0,1.0,2.0,2.0,1,1.0,,,2.0,False,Female,60_69
1294,1.0,2.0,,East Asia & Pacific (excluding high income),2.0,1.0,0.0,2.0,1.0,1.0,,1,1.0,,2.0,,2.0,67.0,2024,,135608365,1,,60882768.0,2.0,,1.0,4.0,1.0,,0.55474193,2.0,1.0,Q1 Lowest,,,2.0,1.0,,,,Thailand,,1,,,1.0,,,4.0,,0.0,0.0,,,,2.0,1.0,,3.0,,1.0,,,THA,1.0,1.0,2.0,4.0,2.0,2.0,2,,,,1.0,False,Male,60_69
1295,1.0,2.0,,East Asia & Pacific (excluding high income),1.0,2.0,1.0,2.0,2.0,2.0,,1,,,,,2.0,27.0,2024,,135784610,1,,60882768.0,1.0,,1.0,1.0,1.0,2.0,1.940073747,2.0,1.0,Q2,,,2.0,1.0,,1.0,,Thailand,,1,,,4.0,,,1.0,2.0,0.0,0.0,,,,1.0,,,2.0,,1.0,2.0,1.0,THA,4.0,4.0,1.0,1.0,2.0,2.0,1,1.0,,,,False,Female,23_29
1296,0.0,2.0,,East Asia & Pacific (excluding high income),2.0,2.0,0.0,2.0,1.0,2.0,,0,2.0,2.0,2.0,2.0,,68.0,2024,2.0,136107343,0,2.0,60882768.0,,,1.0,2.0,,,0.219738162,2.0,,Q2,,,,1.0,2.0,,,Thailand,,2,2.0,2.0,3.0,,,4.0,,0.0,0.0,,,,2.0,,,4.0,,0.0,,,THA,2.0,4.0,2.0,4.0,,2.0,1,,,,,False,Female,60_69
1297,1.0,2.0,,East Asia & Pacific (excluding high income),2.0,1.0,0.0,2.0,1.0,3.0,,1,2.0,,2.0,,2.0,56.0,2024,,136447321,1,,60882768.0,1.0,,1.0,3.0,2.0,,0.135631464,2.0,1.0,Q3,,,2.0,1.0,,2.0,,Thailand,,2,,,3.0,,,2.0,2.0,0.0,0.0,,,,1.0,2.0,,3.0,,0.0,2.0,2.0,THA,2.0,2.0,1.0,1.0,2.0,2.0,1,1.0,,,2.0,False,Female,50_59
1298,1.0,2.0,,East Asia & Pacific (excluding high income),2.0,1.0,0.0,2.0,2.0,3.0,,1,,,,,1.0,26.0,2024,,136661647,1,,60882768.0,2.0,,2.0,5.0,1.0,,2.570329026,2.0,1.0,Q2,,1.0,1.0,1.0,,,,Thailand,,2,,,5.0,,,4.0,,1.0,0.0,,2.0,,2.0,1.0,,5.0,,1.0,,,THA,4.0,1.0,2.0,4.0,2.0,2.0,1,,,,1.0,False,Female,23_29
1299,0.0,2.0,,East Asia & Pacific (excluding high income),2.0,2.0,0.0,2.0,1.0,3.0,,1,2.0,,2.0,,4.0,34.0,2024,,136805569,1,,60882768.0,2.0,,1.0,1.0,2.0,,1.283827884,1.0,2.0,Q2,,,4.0,1.0,,,,Thailand,2.0,1,,,4.0,,,4.0,,0.0,1.0,,,,2.0,,,2.0,,0.0,,,THA,2.0,4.0,2.0,4.0,2.0,2.0,1,,,,,False,Female,30_39
1300,0.0,2.0,,East Asia & Pacific (excluding high income),1.0,1.0,1.0,2.0,2.0,,,1,,,,,2.0,65.0,2024,,136918147,1,,60882768.0,2.0,,1.0,8.0,3.0,,0.271262929,2.0,1.0,Q1 Lowest,,,2.0,1.0,,,,Thailand,,1,,,7.0,,,4.0,,0.0,0.0,,,,1.0,2.0,2.0,1.0,,0.0,2.0,,THA,4.0,2.0,2.0,2.0,2.0,2.0,2,2.0,,,2.0,False,Male,60_69
1301,1.0,1.0,,East Asia & Pacific (excluding high income),1.0,1.0,1.0,2.0,2.0,3.0,,1,,,,,1.0,36.0,2024,,136941442,1,,60882768.0,1.0,,2.0,4.0,1.0,,0.547975732,2.0,1.0,Q4,,,1.0,1.0,,,,Thailand,,2,,,4.0,,,4.0,,1.0,1.0,,1.0,,2.0,1.0,,1.0,,1.0,,,THA,4.0,1.0,2.0,4.0,2.0,1.0,2,,,,1.0,False,Male,30_39
1302,0.0,2.0,,East Asia & Pacific (excluding high income),2.0,1.0,0.0,2.0,2.0,1.0,,1,,,,,2.0,64.0,2024,,137080608,1,,60882768.0,2.0,,1.0,3.0,2.0,,0.573605707,1.0,2.0,Q1 Lowest,,,4.0,1.0,,2.0,,Thailand,,1,,,4.0,,,2.0,2.0,0.0,1.0,,,,2.0,2.0,,1.0,,0.0,,2.0,THA,4.0,2.0,1.0,4.0,2.0,2.0,2,,,,2.0,False,Male,60_69
1303,1.0,2.0,,East Asia & Pacific (excluding high income),1.0,1.0,1.0,2.0,2.0,3.0,,1,,,,,3.0,32.0,2024,,137316808,1,,60882768.0,2.0,,1.0,2.0,1.0,,1.121941154,1.0,3.0,Q3,,,1.0,2.0,,,,Thailand,,1,,,7.0,,,4.0,,1.0,1.0,,1.0,,2.0,2.0,,2.0,,1.0,,,THA,4.0,1.0,2.0,4.0,1.0,2.0,1,,,,1.0,False,Female,30_39
1304,1.0,2.0,,East Asia & Pacific (excluding high income),2.0,1.0,0.0,2.0,2.0,2.0,,1,,,,,3.0,51.0,2024,,137416878,1,,60882768.0,1.0,,1.0,2.0,1.0,,1.290080262,1.0,1.0,Q1 Lowest,,,3.0,2.0,,,,Thailand,1.0,1,,,4.0,,,4.0,,1.0,1.0,,,,1.0,2.0,,2.0,,0.0,2.0,,THA,4.0,2.0,2.0,2.0,2.0,2.0,1,2.0,,,2.0,False,Female,50_59
1305,0.0,2.0,,East Asia & Pacific (excluding high income),1.0,1.0,1.0,2.0,2.0,,,1,,,,,3.0,65.0,2024,,137474755,1,,60882768.0,1.0,,1.0,7.0,1.0,,2.425075476,2.0,1.0,Q1 Lowest,,,2.0,1.0,,,,Thailand,,1,,,3.0,,,4.0,,1.0,1.0,,,,2.0,2.0,,2.0,,0.0,,,THA,4.0,1.0,2.0,4.0,2.0,1.0,2,,,,1.0,False,Male,60_69
1306,1.0,2.0,,East Asia & Pacific (excluding high income),2.0,1.0,1.0,2.0,2.0,2.0,,1,,,,,4.0,68.0,2024,,137525698,1,,60882768.0,1.0,,1.0,2.0,2.0,,0.641394138,2.0,1.0,Q4,,,2.0,1.0,,,,Thailand,,2,,,4.0,,,4.0,,1.0,0.0,,,,1.0,2.0,,3.0,,0.0,2.0,,THA,4.0,2.0,2.0,1.0,2.0,2.0,1,1.0,,,2.0,False,Female,60_69
1307,1.0,2.0,,East Asia & Pacific (excluding high income),1.0,1.0,1.0,2.0,2.0,,,1,,,,,2.0,65.0,2024,,137589435,1,,60882768.0,1.0,,1.0,8.0,1.0,,0.236583034,2.0,1.0,Q4,,,2.0,1.0,,2.0,,Thailand,,1,,,4.0,,,2.0,2.0,0.0,1.0,,,,1.0,2.0,,4.0,,0.0,2.0,2.0,THA,4.0,2.0,1.0,1.0,2.0,1.0,1,1.0,,,2.0,False,Female,60_69
1308,1.0,2.0,,East Asia & Pacific (excluding high income),1.0,1.0,1.0,2.0,2.0,3.0,,1,,,,,1.0,51.0,2024,,137615280,1,,60882768.0,1.0,,2.0,1.0,2.0,,0.94246822,2.0,1.0,Q5 Highest,,1.0,2.0,1.0,,,,Thailand,,1,,,3.0,,,4.0,,1.0,0.0,,1.0,,2.0,1.0,,4.0,,1.0,,,THA,4.0,1.0,2.0,4.0,2.0,2.0,1,,,,1.0,False,Female,50_59
1309,1.0,2.0,,East Asia & Pacific (excluding high income),1.0,1.0,1.0,1.0,2.0,3.0,,1,,,,,1.0,63.0,2024,,137931866,1,,60882768.0,1.0,,2.0,1.0,1.0,,0.326066927,2.0,1.0,Q5 Highest,,1.0,2.0,2.0,,,,Thailand,,1,,,3.0,,,4.0,,1.0,1.0,,1.0,,1.0,1.0,,4.0,,1.0,1.0,,THA,4.0,1.0,2.0,1.0,1.0,2.0,2,1.0,,,1.0,False,Male,60_69
1310,1.0,2.0,,East Asia & Pacific (excluding high income),1.0,1.0,1.0,2.0,2.0,1.0,,1,,,,,2.0,72.0,2024,,138027371,1,,60882768.0,1.0,,1.0,1.0,2.0,,0.345363758,2.0,1.0,Q1 Lowest,,,2.0,1.0,,2.0,,Thailand,,1,,,3.0,,,2.0,2.0,0.0,0.0,,,,1.0,2.0,,3.0,,0.0,2.0,2.0,THA,4.0,2.0,1.0,1.0,2.0,2.0,1,1.0,,,2.0,False,Female,70_plus
1311,1.0,2.0,,East Asia & Pacific (excluding high income),2.0,1.0,0.0,2.0,2.0,1.0,,1,,,,,2.0,48.0,2024,,138046622,1,,60882768.0,2.0,,1.0,4.0,1.0,2.0,0.602739064,2.0,1.0,Q5 Highest,,2.0,2.0,1.0,,2.0,,Thailand,,1,,,4.0,,,1.0,2.0,0.0,0.0,,,,2.0,2.0,,1.0,,0.0,,1.0,THA,4.0,2.0,1.0,4.0,2.0,2.0,1,,,,2.0,False,Female,40_49
1312,1.0,2.0,,East Asia & Pacific (excluding high income),2.0,1.0,1.0,1.0,2.0,1.0,,1,,,,,3.0,65.0,2024,,138073272,1,,60882768.0,1.0,,1.0,4.0,2.0,,1.239466202,2.0,1.0,Q1 Lowest,,,2.0,2.0,,,,Thailand,,2,,,2.0,,,4.0,,0.0,0.0,,,,1.0,2.0,,4.0,,0.0,2.0,,THA,4.0,2.0,2.0,1.0,2.0,2.0,2,1.0,,,2.0,False,Male,60_69
1313,1.0,2.0,,East Asia & Pacific (excluding high income),1.0,2.0,1.0,2.0,2.0,3.0,,1,,,,,2.0,27.0,2024,,138323362,1,,60882768.0,1.0,,2.0,1.0,1.0,2.0,2.838386143,2.0,1.0,Q3,,1.0,2.0,1.0,,2.0,,Thailand,,1,,,6.0,,,1.0,1.0,1.0,0.0,,,,1.0,,,4.0,,0.0,2.0,1.0,THA,4.0,4.0,1.0,1.0,2.0,2.0,1,1.0,,,,False,Female,23_29
1314,1.0,2.0,,East Asia & Pacific (excluding high income),2.0,1.0,1.0,2.0,2.0,,,1,,,,,2.0,64.0,2024,,138496368,1,,60882768.0,2.0,,1.0,8.0,2.0,,0.135631464,2.0,1.0,Q1 Lowest,,,2.0,1.0,,,,Thailand,,2,,,3.0,,,4.0,,0.0,0.0,,,,1.0,2.0,2.0,2.0,,0.0,2.0,,THA,4.0,2.0,2.0,1.0,2.0,2.0,2,1.0,,,2.0,False,Male,60_69
1315,1.0,2.0,,East Asia & Pacific (excluding high income),1.0,2.0,1.0,2.0,2.0,1.0,,1,,,,,3.0,46.0,2024,,138619472,1,,60882768.0,2.0,,1.0,3.0,1.0,,0.446593874,2.0,1.0,Q2,,,3.0,1.0,,,,Thailand,1.0,1,,,4.0,,,4.0,,1.0,0.0,,1.0,,2.0,,2.0,1.0,,1.0,,,THA,4.0,4.0,2.0,4.0,2.0,2.0,1,,,,,False,Female,40_49
1316,0.0,2.0,,East Asia & Pacific (excluding high income),2.0,2.0,0.0,2.0,2.0,2.0,,0,,1.0,,1.0,,22.0,2024,2.0,138698114,0,2.0,60882768.0,,,2.0,1.0,,,3.314163978,2.0,,Q4,,,,2.0,2.0,,,Thailand,,4,2.0,2.0,2.0,,,4.0,,0.0,0.0,,,,2.0,,,4.0,,0.0,,,THA,4.0,4.0,2.0,4.0,,2.0,2,,,,,False,Male,18_22
1317,0.0,2.0,,East Asia & Pacific (excluding high income),2.0,1.0,1.0,2.0,2.0,2.0,,0,,2.0,,2.0,,36.0,2024,1.0,138964256,0,2.0,60882768.0,,,1.0,2.0,,,1.186865286,2.0,,Q5 Highest,,,,1.0,1.0,,,Thailand,,2,2.0,2.0,3.0,,,4.0,,0.0,0.0,,,,2.0,2.0,2.0,4.0,,0.0,,,THA,4.0,2.0,2.0,4.0,,2.0,1,,,,2.0,False,Female,30_39
1318,1.0,2.0,,East Asia & Pacific (excluding high income),2.0,1.0,0.0,2.0,2.0,,,1,,,,,2.0,71.0,2024,,138982340,1,,60882768.0,2.0,,1.0,8.0,2.0,,0.135631464,2.0,1.0,Q1 Lowest,,,2.0,1.0,,2.0,,Thailand,,2,,,4.0,,,2.0,2.0,0.0,0.0,,,,1.0,2.0,,3.0,,0.0,2.0,2.0,THA,4.0,2.0,1.0,1.0,2.0,2.0,2,1.0,,,2.0,False,Male,70_plus
1319,1.0,2.0,,East Asia & Pacific (excluding high income),2.0,1.0,0.0,2.0,2.0,,,1,,,,,2.0,58.0,2024,,138995960,1,,60882768.0,2.0,,1.0,7.0,2.0,,2.131024542,2.0,1.0,Q1 Lowest,,,2.0,1.0,,,,Thailand,,1,,,5.0,,,4.0,,0.0,0.0,,,,1.0,2.0,,6.0,,0.0,2.0,,THA,4.0,2.0,2.0,1.0,2.0,2.0,1,1.0,,,2.0,False,Female,50_59
1320,1.0,2.0,,East Asia & Pacific (excluding high income),2.0,1.0,0.0,2.0,2.0,2.0,,1,,,,,2.0,72.0,2024,,139070425,1,,60882768.0,2.0,,1.0,2.0,2.0,,0.477718088,2.0,1.0,Q2,,,2.0,1.0,,,,Thailand,,2,,,3.0,,,4.0,,0.0,0.0,,,,1.0,2.0,,2.0,,0.0,2.0,,THA,4.0,2.0,2.0,1.0,2.0,2.0,1,1.0,,,2.0,False,Female,70_plus
1321,0.0,2.0,,East Asia & Pacific (excluding high income),2.0,2.0,0.0,2.0,2.0,1.0,,0,,2.0,,2.0,,18.0,2024,1.0,139178431,0,1.0,60882768.0,,,1.0,2.0,,,1.667857371,1.0,,Q2,,,,1.0,1.0,,,Thailand,,2,1.0,1.0,4.0,,,4.0,,0.0,1.0,,,,2.0,,,1.0,,0.0,,,THA,4.0,4.0,2.0,4.0,,2.0,1,,,,,False,Female,18_22
1322,0.0,2.0,,East Asia & Pacific (excluding high income),2.0,1.0,1.0,2.0,2.0,3.0,,0,,1.0,,2.0,,52.0,2024,2.0,139189995,0,1.0,60882768.0,,,1.0,5.0,,,0.937140734,2.0,,Q5 Highest,,,,1.0,2.0,,,Thailand,,2,2.0,1.0,1.0,,,4.0,,0.0,0.0,,,,2.0,2.0,,5.0,,0.0,,,THA,4.0,2.0,2.0,4.0,,2.0,2,,,,2.0,False,Male,50_59
1323,0.0,2.0,,East Asia & Pacific (excluding high income),1.0,2.0,1.0,2.0,2.0,2.0,,1,,,,,4.0,75.0,2024,,139352973,1,,60882768.0,2.0,,1.0,2.0,2.0,,0.135631464,2.0,1.0,Q5 Highest,,,2.0,2.0,,,,Thailand,,2,,,4.0,,,4.0,,0.0,0.0,,,,2.0,,,3.0,,0.0,,,THA,4.0,4.0,2.0,4.0,2.0,2.0,2,,,,,False,Male,70_plus
1324,1.0,2.0,,East Asia & Pacific (excluding high income),1.0,2.0,1.0,2.0,1.0,2.0,,1,2.0,,2.0,,2.0,73.0,2024,,139402600,1,,60882768.0,2.0,,1.0,5.0,2.0,,0.42656637,2.0,2.0,Q1 Lowest,,,2.0,2.0,,,,Thailand,,2,,,1.0,,,4.0,,0.0,0.0,,,,1.0,,,5.0,,0.0,2.0,,THA,2.0,4.0,2.0,1.0,2.0,2.0,1,1.0,,,,False,Female,70_plus
1325,1.0,2.0,,East Asia & Pacific (excluding high income),2.0,1.0,1.0,2.0,2.0,,,1,,,,,1.0,49.0,2024,,139640840,1,,60882768.0,2.0,,1.0,7.0,1.0,,2.495020656,1.0,1.0,Q3,,1.0,2.0,1.0,,,,Thailand,,1,,,4.0,,,4.0,,0.0,1.0,,1.0,,1.0,1.0,,1.0,,1.0,2.0,,THA,4.0,1.0,2.0,1.0,2.0,2.0,1,1.0,,,1.0,False,Female,40_49
1326,1.0,2.0,,East Asia & Pacific (excluding high income),1.0,1.0,1.0,2.0,2.0,,,1,,,,,2.0,61.0,2024,,139688198,1,,60882768.0,4.0,,2.0,9.0,1.0,2.0,0.247735421,2.0,1.0,Q5 Highest,,,2.0,1.0,,2.0,,Thailand,,1,,,4.0,,,1.0,2.0,1.0,1.0,,,,1.0,1.0,,6.0,,0.0,2.0,1.0,THA,4.0,1.0,1.0,1.0,2.0,1.0,1,1.0,,,1.0,False,Female,60_69
1327,1.0,2.0,,East Asia & Pacific (excluding high income),1.0,1.0,1.0,2.0,2.0,2.0,,1,,,,,4.0,47.0,2024,,139810751,1,,60882768.0,2.0,,1.0,2.0,2.0,,0.456171107,2.0,1.0,Q5 Highest,2.0,,6.0,1.0,,2.0,,Thailand,2.0,1,,,5.0,,,3.0,2.0,1.0,0.0,,1.0,,2.0,1.0,2.0,4.0,,1.0,,2.0,THA,4.0,1.0,1.0,4.0,2.0,2.0,2,,,,2.0,False,Male,40_49
1328,1.0,2.0,,East Asia & Pacific (excluding high income),1.0,1.0,1.0,1.0,2.0,1.0,,1,,,,,1.0,42.0,2024,,139895290,1,,60882768.0,1.0,,2.0,1.0,2.0,1.0,0.829940774,2.0,1.0,Q5 Highest,,,2.0,1.0,,1.0,,Thailand,,2,,,3.0,,,1.0,1.0,1.0,0.0,,1.0,,1.0,1.0,,4.0,,1.0,3.0,1.0,THA,4.0,1.0,1.0,1.0,2.0,2.0,2,1.0,,,1.0,False,Male,40_49
1329,1.0,2.0,,East Asia & Pacific (excluding high income),1.0,1.0,1.0,2.0,2.0,2.0,,1,,,,,1.0,58.0,2024,,139957337,1,,60882768.0,1.0,,3.0,2.0,1.0,1.0,0.553518069,1.0,1.0,Q4,,1.0,2.0,1.0,,1.0,,Thailand,,1,,,4.0,,,1.0,1.0,1.0,1.0,,,,2.0,2.0,2.0,3.0,,1.0,,1.0,THA,4.0,1.0,1.0,4.0,2.0,2.0,1,,,,1.0,False,Female,50_59
1330,1.0,2.0,,East Asia & Pacific (excluding high income),2.0,1.0,1.0,2.0,2.0,1.0,,1,,,,,1.0,32.0,2024,,139976116,1,,60882768.0,2.0,,2.0,2.0,1.0,,1.662827025,1.0,1.0,Q2,,1.0,3.0,1.0,,,,Thailand,,2,,,3.0,,,4.0,,1.0,1.0,,1.0,,1.0,2.0,,2.0,,1.0,2.0,,THA,4.0,1.0,2.0,1.0,2.0,2.0,1,1.0,,,1.0,False,Female,30_39
1331,1.0,2.0,,East Asia & Pacific (excluding high income),2.0,1.0,0.0,2.0,2.0,1.0,,1,,,,,2.0,72.0,2024,,139992120,1,,60882768.0,2.0,,1.0,2.0,2.0,,0.135631464,2.0,2.0,Q4,,,2.0,2.0,,,,Thailand,,1,,,1.0,,,4.0,,0.0,0.0,,,,1.0,2.0,,1.0,,0.0,2.0,,THA,4.0,2.0,2.0,1.0,2.0,2.0,1,1.0,,,2.0,False,Female,70_plus
1332,1.0,2.0,,East Asia & Pacific (excluding high income),2.0,1.0,0.0,1.0,2.0,,,1,,,,,1.0,74.0,2024,,140398309,1,,60882768.0,2.0,,1.0,7.0,2.0,,0.135631464,2.0,1.0,Q1 Lowest,,,4.0,2.0,,,,Thailand,,2,,,6.0,,,4.0,,0.0,0.0,,,,1.0,2.0,,4.0,,0.0,2.0,,THA,4.0,2.0,2.0,1.0,2.0,2.0,1,1.0,,,2.0,False,Female,70_plus
1333,1.0,2.0,,East Asia & Pacific (excluding high income),2.0,1.0,0.0,2.0,1.0,2.0,,1,2.0,,2.0,,4.0,54.0,2024,,140469470,1,,60882768.0,1.0,,1.0,3.0,2.0,,1.042618296,1.0,1.0,Q3,,,4.0,1.0,,2.0,,Thailand,2.0,1,,,4.0,,,2.0,2.0,0.0,1.0,,,,1.0,2.0,,2.0,,0.0,2.0,2.0,THA,2.0,2.0,1.0,1.0,2.0,1.0,2,1.0,,,2.0,False,Male,50_59
1334,1.0,2.0,,East Asia & Pacific (excluding high income),2.0,1.0,0.0,2.0,2.0,,,1,,,,,4.0,84.0,2024,,140652235,1,,60882768.0,1.0,,1.0,8.0,2.0,,0.562277255,2.0,2.0,Q1 Lowest,,,4.0,2.0,,,,Thailand,2.0,2,,,3.0,,,4.0,,0.0,0.0,,,,1.0,2.0,,4.0,,0.0,2.0,,THA,4.0,2.0,2.0,1.0,2.0,2.0,2,1.0,,,2.0,False,Male,70_plus
1335,1.0,2.0,,East Asia & Pacific (excluding high income),4.0,1.0,1.0,2.0,2.0,3.0,,1,,,,,1.0,67.0,2024,,140714550,1,,60882768.0,1.0,,1.0,1.0,4.0,,0.135631464,2.0,1.0,Q5 Highest,,,1.0,1.0,,,,Thailand,,4,,,8.0,,,4.0,,0.0,0.0,,,,1.0,2.0,,4.0,,0.0,2.0,,THA,4.0,2.0,2.0,1.0,2.0,2.0,1,1.0,,,2.0,False,Female,60_69
1336,1.0,2.0,,East Asia & Pacific (excluding high income),1.0,1.0,1.0,2.0,2.0,2.0,,1,,,,,3.0,25.0,2024,,140715263,1,,60882768.0,1.0,,2.0,4.0,1.0,1.0,2.287439117,2.0,1.0,Q3,,,2.0,1.0,,1.0,,Thailand,,1,,,1.0,,,1.0,2.0,1.0,1.0,,1.0,,1.0,1.0,,2.0,,1.0,1.0,1.0,THA,4.0,1.0,1.0,1.0,2.0,2.0,2,1.0,,,1.0,False,Male,23_29
1337,1.0,2.0,,East Asia & Pacific (excluding high income),1.0,1.0,1.0,1.0,2.0,2.0,,1,,,,,2.0,74.0,2024,,140720281,1,,60882768.0,1.0,,1.0,2.0,2.0,,2.875685924,2.0,1.0,Q5 Highest,,,2.0,2.0,,,,Thailand,,2,,,1.0,,,4.0,,0.0,0.0,,,,2.0,2.0,,1.0,,0.0,2.0,,THA,4.0,2.0,2.0,4.0,2.0,2.0,1,1.0,,,2.0,False,Female,70_plus
1338,1.0,2.0,,East Asia & Pacific (excluding high income),2.0,2.0,0.0,2.0,1.0,2.0,,1,2.0,,2.0,,3.0,65.0,2024,,141087917,1,,60882768.0,2.0,,1.0,2.0,3.0,,1.285851678,2.0,1.0,Q2,,,2.0,1.0,,,,Thailand,,1,,,2.0,,,4.0,,0.0,0.0,,,,1.0,,,1.0,,0.0,2.0,,THA,2.0,4.0,2.0,1.0,2.0,2.0,2,1.0,,,,False,Male,60_69
1339,1.0,2.0,,East Asia & Pacific (excluding high income),2.0,2.0,0.0,2.0,2.0,1.0,,1,,,,,2.0,43.0,2024,,141162607,1,,60882768.0,2.0,,2.0,2.0,1.0,2.0,0.738115893,2.0,1.0,Q2,,,1.0,1.0,,2.0,,Thailand,,1,,,5.0,,,1.0,2.0,0.0,0.0,,,,2.0,,,1.0,,0.0,,1.0,THA,4.0,4.0,1.0,4.0,2.0,2.0,1,,,,,False,Female,40_49
1340,1.0,2.0,,East Asia & Pacific (excluding high income),2.0,1.0,0.0,2.0,2.0,,,1,,,,,2.0,72.0,2024,,141287316,1,,60882768.0,2.0,,1.0,7.0,2.0,,0.619733101,2.0,1.0,Q1 Lowest,,,3.0,1.0,,,,Thailand,,1,,,4.0,,,4.0,,1.0,0.0,,,,1.0,2.0,,1.0,,0.0,2.0,,THA,4.0,2.0,2.0,1.0,2.0,2.0,2,1.0,,,2.0,False,Male,70_plus
1341,1.0,2.0,,East Asia & Pacific (excluding high income),1.0,2.0,1.0,2.0,2.0,1.0,,1,,,,,,19.0,2024,,141422508,1,,60882768.0,,,1.0,5.0,,2.0,0.756760119,2.0,,Q2,,,,1.0,,1.0,,Thailand,,2,,,7.0,,,1.0,2.0,1.0,0.0,,1.0,,1.0,,,5.0,,1.0,1.0,1.0,THA,4.0,4.0,1.0,1.0,,2.0,1,1.0,,,,False,Female,18_22
1342,1.0,1.0,,East Asia & Pacific (excluding high income),1.0,2.0,1.0,2.0,2.0,2.0,,1,,,,,1.0,31.0,2024,,141435536,1,,60882768.0,1.0,,2.0,2.0,1.0,2.0,1.688853949,1.0,1.0,Q4,,1.0,1.0,1.0,,1.0,,Thailand,,2,,,1.0,,,1.0,1.0,1.0,1.0,,1.0,,2.0,,,3.0,,1.0,,1.0,THA,4.0,4.0,1.0,4.0,2.0,1.0,1,,,,,False,Female,30_39
1343,0.0,2.0,,East Asia & Pacific (excluding high income),2.0,1.0,0.0,2.0,2.0,2.0,,0,,2.0,,2.0,,18.0,2024,1.0,141745302,0,2.0,60882768.0,,,2.0,2.0,,,1.306404406,1.0,,Q1 Lowest,,,,1.0,2.0,,,Thailand,,2,1.0,2.0,4.0,,,4.0,,0.0,1.0,,,,2.0,2.0,,1.0,,0.0,,,THA,4.0,2.0,2.0,4.0,,2.0,1,,,,2.0,False,Female,18_22
1344,0.0,2.0,,East Asia & Pacific (excluding high income),2.0,1.0,1.0,2.0,2.0,3.0,,0,,2.0,,2.0,,50.0,2024,2.0,141839533,0,2.0,60882768.0,,,1.0,2.0,,,1.074172953,2.0,,Q1 Lowest,,,,1.0,2.0,,,Thailand,,2,2.0,2.0,4.0,,,4.0,,0.0,0.0,,,,2.0,2.0,,4.0,,0.0,,,THA,4.0,2.0,2.0,4.0,,2.0,2,,,,2.0,False,Male,50_59
1345,1.0,2.0,,East Asia & Pacific (excluding high income),2.0,2.0,1.0,2.0,1.0,,,1,2.0,,2.0,,1.0,50.0,2024,,142131722,1,,60882768.0,2.0,,2.0,8.0,1.0,2.0,0.231281354,2.0,1.0,Q5 Highest,,,1.0,1.0,,1.0,,Thailand,,1,,,6.0,,,1.0,1.0,1.0,0.0,,1.0,,2.0,,,4.0,,1.0,,1.0,THA,2.0,4.0,1.0,4.0,2.0,2.0,2,,,,,False,Male,50_59
1346,0.0,2.0,,East Asia & Pacific (excluding high income),2.0,1.0,0.0,2.0,1.0,1.0,,1,2.0,,2.0,,2.0,58.0,2024,,142173440,1,,60882768.0,2.0,,1.0,5.0,2.0,,2.131024542,2.0,1.0,Q1 Lowest,,,4.0,1.0,,,,Thailand,,1,,,4.0,,,4.0,,0.0,0.0,,,,2.0,2.0,,3.0,,0.0,,,THA,2.0,2.0,2.0,4.0,2.0,2.0,1,,,,2.0,False,Female,50_59
1347,1.0,2.0,,East Asia & Pacific (excluding high income),1.0,1.0,1.0,2.0,2.0,3.0,,1,,,,,1.0,32.0,2024,,142179546,1,,60882768.0,2.0,2.0,1.0,1.0,1.0,2.0,0.970036873,2.0,1.0,Q4,,,1.0,1.0,,2.0,,Thailand,,1,,,3.0,,,1.0,2.0,1.0,0.0,,1.0,,1.0,1.0,,2.0,,1.0,2.0,1.0,THA,4.0,1.0,1.0,3.0,2.0,2.0,1,2.0,,,1.0,False,Female,30_39
1348,0.0,2.0,,East Asia & Pacific (excluding high income),2.0,2.0,0.0,3.0,2.0,,,1,,,,,2.0,77.0,2024,,142532480,1,,60882768.0,1.0,,1.0,7.0,2.0,,0.135631464,2.0,1.0,Q1 Lowest,,,2.0,1.0,,,,Thailand,,2,,,1.0,,,4.0,,0.0,0.0,,,,2.0,,,5.0,,0.0,,,THA,4.0,4.0,2.0,4.0,2.0,2.0,1,,,,,False,Female,70_plus
1349,1.0,2.0,,East Asia & Pacific (excluding high income),1.0,1.0,1.0,2.0,2.0,1.0,,1,,,,,2.0,62.0,2024,,142556435,1,,60882768.0,2.0,,2.0,2.0,2.0,,0.495470843,2.0,1.0,Q1 Lowest,,,2.0,2.0,,,,Thailand,,1,,,1.0,,,4.0,,1.0,1.0,,,,1.0,2.0,,1.0,,0.0,2.0,,THA,4.0,2.0,2.0,1.0,2.0,1.0,1,1.0,,,2.0,False,Female,60_69
1350,1.0,2.0,,East Asia & Pacific (excluding high income),1.0,1.0,1.0,2.0,2.0,3.0,,1,,,,,2.0,18.0,2024,,142817248,1,,60882768.0,1.0,,1.0,1.0,1.0,,0.465014568,2.0,2.0,Q5 Highest,,1.0,2.0,2.0,,,,Thailand,,2,,,3.0,,,4.0,,1.0,0.0,,1.0,,2.0,1.0,,2.0,,1.0,,,THA,4.0,1.0,2.0,4.0,2.0,2.0,1,,,,1.0,False,Female,18_22
1351,1.0,2.0,,East Asia & Pacific (excluding high income),2.0,1.0,0.0,2.0,2.0,1.0,,1,,,,,2.0,67.0,2024,,142819460,1,,60882768.0,2.0,,1.0,2.0,2.0,,0.320697069,2.0,1.0,Q4,,1.0,2.0,1.0,,,,Thailand,,1,,,4.0,,,4.0,,0.0,0.0,,,,1.0,2.0,,3.0,,0.0,2.0,,THA,4.0,2.0,2.0,1.0,2.0,2.0,1,1.0,,,2.0,False,Female,60_69
1352,1.0,2.0,,East Asia & Pacific (excluding high income),2.0,1.0,0.0,2.0,2.0,1.0,,1,,,,,,38.0,2024,,142938051,1,,60882768.0,,,1.0,2.0,,2.0,0.324874109,1.0,,Q4,,,,1.0,,1.0,,Thailand,,2,,,1.0,,,1.0,2.0,0.0,1.0,,,,1.0,2.0,,1.0,,1.0,2.0,2.0,THA,4.0,2.0,1.0,1.0,,2.0,2,1.0,,,2.0,False,Male,30_39
1353,1.0,2.0,,East Asia & Pacific (excluding high income),2.0,1.0,1.0,2.0,2.0,2.0,,1,,,,,3.0,42.0,2024,,142939980,1,,60882768.0,1.0,,1.0,3.0,2.0,,0.393064592,2.0,2.0,Q5 Highest,,,4.0,1.0,,2.0,,Thailand,1.0,1,,,1.0,,,2.0,2.0,0.0,0.0,,,,2.0,1.0,,5.0,,0.0,,2.0,THA,4.0,1.0,1.0,4.0,2.0,2.0,1,,,,2.0,False,Female,40_49
1354,1.0,2.0,,East Asia & Pacific (excluding high income),1.0,1.0,1.0,2.0,2.0,3.0,,1,,,,,2.0,84.0,2024,,143109969,1,,60882768.0,1.0,,1.0,2.0,2.0,,0.208743243,1.0,1.0,Q1 Lowest,,1.0,2.0,2.0,,,,Thailand,,1,,,6.0,,,4.0,,0.0,1.0,,,,1.0,2.0,,4.0,,0.0,2.0,,THA,4.0,2.0,2.0,1.0,2.0,2.0,1,1.0,,,2.0,False,Female,70_plus
1355,1.0,2.0,,East Asia & Pacific (excluding high income),1.0,1.0,1.0,2.0,1.0,1.0,,1,2.0,,2.0,,4.0,58.0,2024,,143375602,1,,60882768.0,1.0,,1.0,5.0,1.0,,0.710341514,2.0,1.0,Q1 Lowest,,,2.0,1.0,,,,Thailand,,2,,,2.0,,,4.0,,0.0,0.0,,,,1.0,2.0,,3.0,,0.0,2.0,,THA,2.0,2.0,2.0,1.0,2.0,2.0,1,1.0,,,2.0,False,Female,50_59
1356,1.0,2.0,,East Asia & Pacific (excluding high income),2.0,1.0,0.0,2.0,2.0,2.0,,1,,,,,3.0,15.0,2024,,143382280,1,,60882768.0,1.0,,1.0,1.0,2.0,,0.686096432,2.0,2.0,Q4,,,2.0,2.0,,,,Thailand,,2,,,4.0,,,4.0,,1.0,0.0,,2.0,,3.0,2.0,,3.0,,1.0,,,THA,4.0,2.0,2.0,5.0,2.0,2.0,1,,,,2.0,False,Female,17_or_less
1357,1.0,2.0,,East Asia & Pacific (excluding high income),2.0,1.0,1.0,2.0,1.0,2.0,,1,1.0,,2.0,,1.0,59.0,2024,,143385979,1,,60882768.0,2.0,,2.0,4.0,1.0,,0.495470843,2.0,1.0,Q2,,,2.0,1.0,,,,Thailand,,1,,,2.0,,,4.0,,1.0,1.0,,,,2.0,1.0,2.0,1.0,,1.0,,,THA,1.0,1.0,2.0,4.0,2.0,1.0,1,,,,1.0,False,Female,50_59
1358,1.0,2.0,,East Asia & Pacific (excluding high income),2.0,1.0,0.0,1.0,2.0,1.0,,1,,,,,2.0,69.0,2024,,143657444,1,,60882768.0,2.0,,1.0,2.0,2.0,,0.57912399,2.0,1.0,Q1 Lowest,,,2.0,1.0,,,,Thailand,,2,,,1.0,,,4.0,,0.0,0.0,,,,1.0,2.0,,2.0,,0.0,2.0,,THA,4.0,2.0,2.0,1.0,2.0,2.0,2,1.0,,,2.0,False,Male,60_69
1359,0.0,2.0,,East Asia & Pacific (excluding high income),2.0,2.0,0.0,2.0,2.0,1.0,,1,,,,,3.0,73.0,2024,,143721375,1,,60882768.0,1.0,,1.0,2.0,1.0,,0.286873942,2.0,1.0,Q1 Lowest,,,2.0,1.0,,,,Thailand,,1,,,7.0,,,4.0,,0.0,0.0,,,,2.0,,,2.0,,0.0,,,THA,4.0,4.0,2.0,4.0,2.0,2.0,1,,,,,False,Female,70_plus
1360,1.0,2.0,,East Asia & Pacific (excluding high income),1.0,1.0,1.0,2.0,2.0,3.0,,1,,,,,2.0,54.0,2024,,143971181,1,,60882768.0,1.0,,1.0,2.0,1.0,2.0,0.432125595,2.0,1.0,Q5 Highest,,1.0,2.0,1.0,,1.0,,Thailand,,1,,,5.0,,,1.0,1.0,1.0,1.0,,1.0,,2.0,1.0,,4.0,,1.0,,1.0,THA,4.0,1.0,1.0,4.0,2.0,2.0,2,,,,1.0,False,Male,50_59
1361,0.0,2.0,,East Asia & Pacific (excluding high income),2.0,2.0,0.0,2.0,2.0,,,0,,2.0,,2.0,,85.0,2024,2.0,144118042,0,1.0,60882768.0,,2.0,1.0,7.0,,,0.230242505,2.0,,Q1 Lowest,,,,2.0,2.0,,,Thailand,,2,2.0,1.0,3.0,,,4.0,,0.0,0.0,,,,1.0,,,4.0,,0.0,2.0,,THA,4.0,4.0,2.0,3.0,,2.0,1,3.0,,,,False,Female,70_plus
1362,1.0,2.0,,East Asia & Pacific (excluding high income),2.0,1.0,0.0,2.0,2.0,1.0,,1,,,,,2.0,63.0,2024,,144186715,1,,60882768.0,2.0,,1.0,2.0,2.0,,0.135631464,2.0,1.0,Q1 Lowest,,,2.0,2.0,,,,Thailand,,2,,,4.0,,,4.0,,1.0,1.0,,,,1.0,2.0,,1.0,,0.0,2.0,,THA,4.0,2.0,2.0,1.0,2.0,2.0,2,1.0,,,2.0,False,Male,60_69
1363,0.0,2.0,,East Asia & Pacific (excluding high income),2.0,1.0,0.0,2.0,2.0,1.0,,1,,,,,4.0,49.0,2024,,144402912,1,,60882768.0,2.0,2.0,2.0,2.0,2.0,,0.320962037,2.0,2.0,Q3,,,4.0,1.0,,,,Thailand,2.0,2,,,4.0,,,4.0,,0.0,0.0,,,,1.0,2.0,,1.0,,0.0,2.0,,THA,4.0,2.0,2.0,3.0,2.0,2.0,1,2.0,,,2.0,False,Female,40_49
1364,1.0,2.0,,East Asia & Pacific (excluding high income),1.0,2.0,1.0,2.0,2.0,2.0,,1,,,,,1.0,17.0,2024,,144492504,1,,60882768.0,1.0,,1.0,1.0,1.0,2.0,1.209486247,2.0,2.0,Q4,,,1.0,1.0,,2.0,,Thailand,,1,,,4.0,,,1.0,2.0,1.0,0.0,,1.0,,2.0,,,3.0,,1.0,,1.0,THA,4.0,4.0,1.0,4.0,2.0,2.0,2,,,,,False,Male,17_or_less
1365,1.0,2.0,,East Asia & Pacific (excluding high income),2.0,1.0,1.0,2.0,2.0,2.0,,1,,,,,1.0,40.0,2024,,144788991,1,,60882768.0,1.0,,1.0,3.0,1.0,1.0,3.424553462,2.0,1.0,Q5 Highest,,1.0,6.0,1.0,,1.0,,Thailand,,1,,,5.0,,,1.0,2.0,1.0,0.0,,,,2.0,1.0,,4.0,,1.0,,1.0,THA,4.0,1.0,1.0,4.0,2.0,2.0,1,,,,1.0,False,Female,40_49
1366,1.0,2.0,,East Asia & Pacific (excluding high income),2.0,2.0,0.0,2.0,2.0,1.0,,1,,,,,,44.0,2024,,144815906,1,,60882768.0,,,1.0,5.0,,2.0,0.927564508,2.0,,Q4,,1.0,,1.0,,2.0,,Thailand,,2,,,4.0,,,1.0,2.0,0.0,0.0,,,,2.0,,,1.0,,0.0,,1.0,THA,4.0,4.0,1.0,4.0,,2.0,2,,,,,False,Male,40_49
1367,1.0,2.0,,East Asia & Pacific (excluding high income),1.0,1.0,1.0,1.0,2.0,2.0,,1,,,,,3.0,52.0,2024,,144851781,1,,60882768.0,2.0,,1.0,2.0,1.0,2.0,3.424553462,1.0,1.0,Q2,,1.0,2.0,1.0,,2.0,,Thailand,,2,,,4.0,,,1.0,2.0,0.0,1.0,,,,1.0,2.0,,1.0,,0.0,2.0,1.0,THA,4.0,2.0,1.0,1.0,2.0,2.0,1,1.0,,,2.0,False,Female,50_59
1368,1.0,2.0,,East Asia & Pacific (excluding high income),2.0,2.0,0.0,2.0,1.0,2.0,,1,2.0,,2.0,,2.0,66.0,2024,,144893819,1,,60882768.0,2.0,,1.0,2.0,2.0,,1.285851678,2.0,1.0,Q3,,,2.0,1.0,,2.0,,Thailand,,1,,,3.0,,,2.0,2.0,0.0,1.0,,,,1.0,,,2.0,,0.0,2.0,2.0,THA,2.0,4.0,1.0,1.0,2.0,1.0,2,1.0,,,,False,Male,60_69
1369,0.0,2.0,,East Asia & Pacific (excluding high income),1.0,1.0,1.0,2.0,2.0,3.0,,1,,,,,3.0,54.0,2024,,144939886,1,,60882768.0,1.0,2.0,1.0,4.0,2.0,,0.72061025,2.0,1.0,Q3,,,2.0,1.0,,2.0,,Thailand,,1,,,1.0,,,2.0,2.0,0.0,0.0,,,,1.0,2.0,,2.0,,0.0,2.0,2.0,THA,4.0,2.0,1.0,3.0,2.0,2.0,1,2.0,,,2.0,False,Female,50_59
1370,1.0,2.0,,East Asia & Pacific (excluding high income),1.0,1.0,1.0,2.0,2.0,3.0,,1,,,,,1.0,47.0,2024,,144960536,1,,60882768.0,1.0,,3.0,1.0,1.0,2.0,0.743537384,2.0,1.0,Q5 Highest,,1.0,2.0,2.0,,1.0,,Thailand,,1,,,1.0,,,1.0,2.0,1.0,0.0,,1.0,,2.0,1.0,,4.0,,1.0,,1.0,THA,4.0,1.0,1.0,4.0,2.0,2.0,2,,,,1.0,False,Male,40_49
1371,1.0,2.0,,East Asia & Pacific (excluding high income),1.0,1.0,1.0,2.0,2.0,1.0,,1,,,,,1.0,40.0,2024,,145079983,1,,60882768.0,1.0,,3.0,2.0,1.0,,0.90221729,1.0,1.0,Q3,,1.0,1.0,1.0,,,,Thailand,,1,,,5.0,,,4.0,,1.0,1.0,,1.0,,1.0,2.0,,2.0,,1.0,2.0,,THA,4.0,1.0,2.0,1.0,2.0,2.0,1,1.0,,,1.0,False,Female,40_49
1372,1.0,2.0,,East Asia & Pacific (excluding high income),2.0,2.0,0.0,2.0,2.0,,,1,,,,,,65.0,2024,,145093411,1,,60882768.0,,,1.0,7.0,,,0.135631464,2.0,,Q1 Lowest,,,,2.0,,,,Thailand,,2,,,5.0,,,4.0,,0.0,0.0,,,,1.0,,,1.0,,0.0,2.0,,THA,4.0,4.0,2.0,1.0,,2.0,2,1.0,,,,False,Male,60_69
1373,1.0,2.0,,East Asia & Pacific (excluding high income),2.0,1.0,0.0,2.0,1.0,2.0,,1,2.0,,2.0,,1.0,70.0,2024,,145144631,1,,60882768.0,2.0,,1.0,2.0,2.0,,0.503966111,2.0,1.0,Q4,,,2.0,1.0,,,,Thailand,,1,,,6.0,,,4.0,,0.0,0.0,,,,1.0,1.0,,2.0,,0.0,2.0,,THA,2.0,1.0,2.0,1.0,2.0,2.0,1,1.0,,,2.0,False,Female,70_plus
1374,1.0,2.0,,East Asia & Pacific (excluding high income),2.0,2.0,0.0,2.0,2.0,3.0,,1,,,,,2.0,78.0,2024,,145212109,1,,60882768.0,2.0,,1.0,2.0,2.0,,0.441071588,2.0,1.0,Q4,,,4.0,2.0,,,,Thailand,,1,,,4.0,,,4.0,,0.0,0.0,,,,2.0,,,4.0,,0.0,,,THA,4.0,4.0,2.0,4.0,2.0,2.0,1,,,,,False,Female,70_plus
1375,1.0,2.0,,East Asia & Pacific (excluding high income),1.0,1.0,1.0,2.0,1.0,3.0,,1,1.0,,1.0,,1.0,27.0,2024,,145232482,1,,60882768.0,1.0,,2.0,5.0,1.0,,0.454827199,2.0,2.0,Q5 Highest,,1.0,1.0,1.0,,,,Thailand,,1,,,7.0,,,4.0,,1.0,1.0,,1.0,,2.0,1.0,,4.0,,1.0,,,THA,1.0,1.0,2.0,4.0,1.0,2.0,2,,,,1.0,False,Male,23_29
1376,1.0,2.0,,East Asia & Pacific (excluding high income),2.0,1.0,1.0,2.0,2.0,2.0,,1,,,,,1.0,31.0,2024,,145242034,1,,60882768.0,1.0,,3.0,2.0,1.0,2.0,0.836648027,1.0,1.0,Q5 Highest,,1.0,2.0,1.0,,1.0,,Thailand,,2,,,1.0,,,1.0,2.0,1.0,1.0,,1.0,,2.0,1.0,,4.0,,1.0,,1.0,THA,4.0,1.0,1.0,4.0,1.0,2.0,2,,,,1.0,False,Male,30_39
1377,1.0,2.0,,East Asia & Pacific (excluding high income),1.0,2.0,1.0,2.0,2.0,2.0,,1,,,,,1.0,18.0,2024,,145461208,1,,60882768.0,1.0,,2.0,2.0,1.0,,1.209486247,2.0,2.0,Q5 Highest,,,1.0,2.0,,,,Thailand,,2,,,6.0,,,4.0,,0.0,0.0,,1.0,,2.0,,,2.0,,1.0,,,THA,4.0,4.0,2.0,4.0,2.0,2.0,2,,,,,False,Male,18_22
1378,0.0,2.0,,East Asia & Pacific (excluding high income),2.0,2.0,1.0,2.0,2.0,2.0,,0,,1.0,,1.0,,64.0,2024,2.0,145524718,0,1.0,60882768.0,,,1.0,2.0,,,1.239466202,2.0,,Q1 Lowest,,2.0,,1.0,1.0,,,Thailand,,2,1.0,2.0,1.0,,,4.0,,0.0,0.0,,,,2.0,,,2.0,,0.0,,,THA,4.0,4.0,2.0,4.0,,2.0,2,,,,,False,Male,60_69
1379,1.0,2.0,,East Asia & Pacific (excluding high income),1.0,1.0,1.0,1.0,1.0,1.0,,1,2.0,,2.0,,1.0,29.0,2024,,145793508,1,,60882768.0,1.0,,2.0,3.0,2.0,2.0,2.076654795,1.0,1.0,Q2,,,4.0,1.0,,1.0,,Thailand,,2,,,4.0,,,1.0,2.0,1.0,1.0,,1.0,,1.0,1.0,,4.0,,1.0,1.0,1.0,THA,2.0,1.0,1.0,1.0,2.0,1.0,2,1.0,,,1.0,False,Male,23_29
1380,0.0,2.0,,East Asia & Pacific (excluding high income),2.0,2.0,0.0,2.0,2.0,3.0,,0,,2.0,,2.0,,48.0,2024,1.0,145838070,0,1.0,60882768.0,,,1.0,3.0,,,0.990345968,2.0,,Q4,,,,1.0,2.0,2.0,,Thailand,,2,2.0,1.0,4.0,,,2.0,2.0,0.0,0.0,,,,2.0,,,2.0,,0.0,,2.0,THA,4.0,4.0,1.0,4.0,,2.0,2,,,,,False,Male,40_49
1381,1.0,2.0,,East Asia & Pacific (excluding high income),1.0,1.0,1.0,2.0,2.0,2.0,,1,,,,,1.0,37.0,2024,,146165176,1,,60882768.0,1.0,,1.0,1.0,1.0,,1.712783454,2.0,2.0,Q5 Highest,,1.0,1.0,1.0,,,,Thailand,,2,,,3.0,,,4.0,,1.0,0.0,,,,2.0,1.0,,4.0,,0.0,,,THA,4.0,1.0,2.0,4.0,2.0,2.0,2,,,,1.0,False,Male,30_39
1382,1.0,2.0,,East Asia & Pacific (excluding high income),1.0,1.0,1.0,2.0,1.0,2.0,,1,2.0,,1.0,,1.0,41.0,2024,,146276808,1,,60882768.0,1.0,,3.0,3.0,1.0,,3.424553462,1.0,1.0,Q5 Highest,,1.0,1.0,1.0,,,,Thailand,,2,,,5.0,,,4.0,,1.0,1.0,,1.0,,2.0,1.0,,4.0,,1.0,,,THA,1.0,1.0,2.0,4.0,1.0,2.0,1,,,,1.0,False,Female,40_49
1383,0.0,2.0,,East Asia & Pacific (excluding high income),2.0,1.0,0.0,2.0,1.0,,,1,2.0,,2.0,,,70.0,2024,,146370678,1,,60882768.0,,,1.0,7.0,,,0.234535512,2.0,,Q1 Lowest,,,,1.0,,,,Thailand,,2,,,1.0,1.0,,4.0,,0.0,0.0,,,,2.0,2.0,,5.0,,0.0,,,THA,1.0,2.0,2.0,4.0,,2.0,2,,,,2.0,False,Male,70_plus
1384,1.0,1.0,,East Asia & Pacific (excluding high income),1.0,2.0,1.0,2.0,2.0,2.0,,1,,,,,2.0,27.0,2024,,146390997,1,,60882768.0,1.0,,3.0,1.0,2.0,,0.994210948,2.0,1.0,Q2,,,2.0,1.0,,,,Thailand,,2,,,2.0,,,4.0,,1.0,1.0,,2.0,,2.0,,,4.0,,1.0,,,THA,4.0,4.0,2.0,4.0,2.0,1.0,1,,,,,False,Female,23_29
1385,1.0,2.0,,East Asia & Pacific (excluding high income),2.0,1.0,0.0,2.0,1.0,,,1,2.0,,2.0,,2.0,56.0,2024,,146413434,1,,60882768.0,2.0,,1.0,7.0,2.0,,0.494374999,2.0,2.0,Q4,,,2.0,2.0,,,,Thailand,,1,,,1.0,,,4.0,,0.0,0.0,,,,1.0,2.0,,1.0,,0.0,2.0,,THA,2.0,2.0,2.0,1.0,2.0,2.0,1,1.0,,,2.0,False,Female,50_59
1386,1.0,1.0,,East Asia & Pacific (excluding high income),2.0,1.0,0.0,2.0,2.0,2.0,,1,,,,,1.0,32.0,2024,,146533765,1,,60882768.0,2.0,,1.0,3.0,1.0,2.0,3.424553462,1.0,1.0,Q2,,,2.0,1.0,,2.0,,Thailand,,1,,,4.0,,,1.0,1.0,1.0,1.0,,2.0,,1.0,2.0,,1.0,,1.0,2.0,1.0,THA,4.0,1.0,1.0,1.0,1.0,2.0,1,1.0,,,1.0,False,Female,30_39
1387,1.0,1.0,,East Asia & Pacific (excluding high income),2.0,1.0,1.0,2.0,2.0,1.0,,1,,,,,1.0,45.0,2024,,146764521,1,,60882768.0,2.0,,3.0,2.0,1.0,,0.224961213,1.0,1.0,Q4,,1.0,1.0,1.0,,,,Thailand,,2,,,4.0,,,4.0,,1.0,1.0,,,,2.0,2.0,1.0,1.0,,0.0,,,THA,4.0,1.0,2.0,4.0,2.0,2.0,1,,,,1.0,False,Female,40_49
1388,1.0,2.0,,East Asia & Pacific (excluding high income),2.0,2.0,0.0,2.0,2.0,,,1,,,,,2.0,59.0,2024,,146853946,1,,60882768.0,2.0,,1.0,8.0,2.0,2.0,0.47030481,2.0,1.0,Q4,,,2.0,1.0,,2.0,,Thailand,,2,,,1.0,,,1.0,1.0,0.0,0.0,,,,2.0,,,2.0,,0.0,,1.0,THA,4.0,4.0,1.0,4.0,2.0,2.0,2,,,,,False,Male,50_59
1389,1.0,2.0,,East Asia & Pacific (excluding high income),1.0,1.0,1.0,2.0,2.0,,,1,,2.0,,2.0,,60.0,2024,2.0,147032086,0,2.0,60882768.0,,,2.0,9.0,,,0.135631464,2.0,,Q5 Highest,,,,2.0,2.0,,,Thailand,,2,2.0,1.0,8.0,,,4.0,,0.0,0.0,,1.0,,2.0,2.0,,3.0,,1.0,,,THA,4.0,2.0,2.0,4.0,,2.0,1,,,,2.0,False,Female,60_69
1390,1.0,2.0,,East Asia & Pacific (excluding high income),2.0,1.0,1.0,2.0,2.0,1.0,,1,,,,,3.0,43.0,2024,,147112191,1,,60882768.0,1.0,,1.0,4.0,2.0,,0.267720034,1.0,1.0,Q4,,,3.0,1.0,,,,Thailand,1.0,1,,,4.0,,,4.0,,0.0,1.0,,,,1.0,2.0,2.0,4.0,,0.0,2.0,,THA,4.0,2.0,2.0,1.0,2.0,1.0,1,1.0,,,2.0,False,Female,40_49
1391,1.0,2.0,,East Asia & Pacific (excluding high income),2.0,2.0,0.0,2.0,2.0,2.0,,1,,,,,3.0,70.0,2024,,147598402,1,,60882768.0,1.0,,1.0,2.0,1.0,,0.300320386,2.0,2.0,Q1 Lowest,,1.0,2.0,2.0,,,,Thailand,,1,,,1.0,,,4.0,,0.0,0.0,,,,1.0,,,6.0,,1.0,1.0,,THA,4.0,4.0,2.0,1.0,2.0,2.0,1,1.0,,,,False,Female,70_plus
1392,1.0,1.0,,East Asia & Pacific (excluding high income),1.0,1.0,1.0,2.0,2.0,2.0,,1,,,,,2.0,29.0,2024,,147667093,1,,60882768.0,2.0,,3.0,3.0,1.0,1.0,0.846753606,1.0,1.0,Q5 Highest,,,2.0,1.0,,1.0,,Thailand,,1,,,4.0,,,1.0,2.0,1.0,1.0,,,,1.0,1.0,,2.0,,1.0,1.0,1.0,THA,4.0,1.0,1.0,1.0,2.0,1.0,2,1.0,,,1.0,False,Male,23_29
1393,1.0,2.0,,East Asia & Pacific (excluding high income),2.0,1.0,0.0,2.0,1.0,2.0,,1,2.0,,2.0,,2.0,69.0,2024,,147951442,1,,60882768.0,2.0,,1.0,2.0,2.0,,0.135631464,2.0,1.0,Q4,,,2.0,1.0,,,,Thailand,,1,,,4.0,,,4.0,,0.0,0.0,,,,1.0,2.0,,4.0,,0.0,2.0,,THA,2.0,2.0,2.0,1.0,2.0,2.0,1,1.0,,,2.0,False,Female,60_69
1394,1.0,2.0,,East Asia & Pacific (excluding high income),1.0,1.0,1.0,2.0,1.0,3.0,,1,2.0,,2.0,,3.0,49.0,2024,,148017665,1,,60882768.0,1.0,,2.0,1.0,1.0,,0.244591453,2.0,1.0,Q2,,1.0,3.0,1.0,,,,Thailand,1.0,1,,,3.0,,,4.0,,1.0,0.0,,,,2.0,2.0,,4.0,,0.0,,,THA,2.0,1.0,2.0,4.0,2.0,2.0,1,,,,1.0,False,Female,40_49
1395,1.0,2.0,,East Asia & Pacific (excluding high income),1.0,1.0,1.0,2.0,2.0,1.0,,1,,,,,1.0,35.0,2024,,148078695,1,,60882768.0,1.0,,2.0,2.0,1.0,1.0,0.572780198,1.0,1.0,Q5 Highest,,1.0,1.0,1.0,,1.0,,Thailand,,2,,,3.0,,,1.0,2.0,1.0,1.0,,1.0,,2.0,1.0,,2.0,,1.0,,1.0,THA,4.0,1.0,1.0,4.0,1.0,1.0,2,,,,1.0,False,Male,30_39
1396,1.0,2.0,,East Asia & Pacific (excluding high income),2.0,2.0,0.0,1.0,2.0,1.0,,1,,,,,2.0,65.0,2024,,148285081,1,,60882768.0,2.0,,1.0,2.0,2.0,,0.135631464,2.0,2.0,Q3,,,2.0,2.0,,,,Thailand,,1,,,4.0,,,4.0,,0.0,0.0,,,,1.0,,,1.0,,0.0,2.0,,THA,4.0,4.0,2.0,1.0,2.0,2.0,1,1.0,,,,False,Female,60_69
1397,1.0,2.0,,East Asia & Pacific (excluding high income),1.0,1.0,1.0,2.0,2.0,2.0,,1,,,,,1.0,27.0,2024,,148344670,1,,60882768.0,1.0,,2.0,2.0,1.0,2.0,0.781781512,2.0,1.0,Q5 Highest,,,1.0,1.0,,2.0,,Thailand,,2,,,4.0,,,1.0,2.0,1.0,0.0,,1.0,,2.0,1.0,,4.0,,1.0,,1.0,THA,4.0,1.0,1.0,4.0,2.0,2.0,2,,,,1.0,False,Male,23_29
1398,1.0,2.0,,East Asia & Pacific (excluding high income),2.0,1.0,1.0,2.0,2.0,2.0,,1,,,,,2.0,32.0,2024,,148500735,1,,60882768.0,1.0,,3.0,2.0,1.0,2.0,1.201668744,1.0,1.0,Q3,,,1.0,1.0,,2.0,,Thailand,,2,,,4.0,,,1.0,1.0,1.0,1.0,,2.0,,1.0,1.0,,3.0,,1.0,2.0,1.0,THA,4.0,1.0,1.0,1.0,2.0,2.0,2,1.0,,,1.0,False,Male,30_39
1399,1.0,2.0,,East Asia & Pacific (excluding high income),1.0,1.0,1.0,2.0,2.0,2.0,,1,,,,,2.0,45.0,2024,,148568224,1,,60882768.0,2.0,,1.0,2.0,1.0,,0.752123667,1.0,2.0,Q4,,2.0,2.0,2.0,,,,Thailand,,2,,,4.0,,,4.0,,1.0,1.0,,,,1.0,2.0,,1.0,,0.0,2.0,,THA,4.0,1.0,2.0,1.0,2.0,2.0,1,1.0,,,1.0,False,Female,40_49
1400,1.0,2.0,,East Asia & Pacific (excluding high income),2.0,2.0,0.0,2.0,2.0,2.0,,1,,,,,4.0,55.0,2024,,148829187,1,,60882768.0,2.0,,1.0,2.0,2.0,,0.135631464,1.0,1.0,Q2,,,4.0,1.0,,2.0,,Thailand,1.0,1,,,4.0,,,2.0,2.0,0.0,1.0,,,,1.0,,,1.0,,0.0,2.0,2.0,THA,4.0,4.0,1.0,1.0,2.0,2.0,1,1.0,,,,False,Female,50_59
1401,1.0,1.0,,East Asia & Pacific (excluding high income),1.0,1.0,1.0,2.0,2.0,2.0,,1,,,,,1.0,47.0,2024,,148845267,1,,60882768.0,1.0,,2.0,3.0,1.0,2.0,1.655516784,2.0,1.0,Q5 Highest,,,2.0,1.0,,1.0,,Thailand,,1,,,3.0,,,1.0,1.0,1.0,1.0,,1.0,,1.0,1.0,1.0,2.0,,1.0,1.0,1.0,THA,4.0,1.0,1.0,1.0,1.0,1.0,2,1.0,,,1.0,False,Male,40_49
1402,1.0,2.0,,East Asia & Pacific (excluding high income),2.0,1.0,1.0,2.0,2.0,3.0,,1,,,,,2.0,63.0,2024,,148990563,1,,60882768.0,1.0,,1.0,2.0,1.0,,0.404653863,2.0,1.0,Q3,,1.0,2.0,2.0,,,,Thailand,,2,,,3.0,,,4.0,,1.0,1.0,,,,1.0,2.0,,4.0,,0.0,2.0,,THA,4.0,2.0,2.0,1.0,2.0,2.0,2,1.0,,,2.0,False,Male,60_69
1403,1.0,2.0,,East Asia & Pacific (excluding high income),1.0,2.0,1.0,2.0,2.0,2.0,,1,,,,,3.0,18.0,2024,,149018438,1,,60882768.0,1.0,,1.0,2.0,1.0,2.0,1.70699133,1.0,2.0,Q5 Highest,,,3.0,2.0,,2.0,,Thailand,1.0,1,,,4.0,,,1.0,2.0,1.0,1.0,,1.0,,2.0,,,1.0,,1.0,,1.0,THA,4.0,4.0,1.0,4.0,2.0,2.0,1,,,,,False,Female,18_22
1404,0.0,2.0,,East Asia & Pacific (excluding high income),2.0,1.0,0.0,2.0,1.0,2.0,,1,2.0,,2.0,,2.0,40.0,2024,,149039645,1,,60882768.0,1.0,,1.0,2.0,1.0,,0.713246652,1.0,1.0,Q2,,,2.0,2.0,,,,Thailand,,2,,,4.0,,,4.0,,0.0,1.0,,,,2.0,2.0,,4.0,,0.0,,,THA,2.0,2.0,2.0,4.0,2.0,2.0,1,,,,2.0,False,Female,40_49
1405,1.0,2.0,,East Asia & Pacific (excluding high income),4.0,1.0,1.0,2.0,2.0,,,1,,,,,6.0,36.0,2024,,149108561,1,,60882768.0,4.0,,2.0,9.0,4.0,2.0,3.424553462,4.0,2.0,Q3,,,6.0,1.0,,2.0,,Thailand,1.0,2,,,8.0,,,1.0,2.0,1.0,0.0,,1.0,,2.0,1.0,,5.0,,1.0,,1.0,THA,4.0,1.0,1.0,4.0,2.0,2.0,2,,,,1.0,False,Male,30_39
1406,1.0,2.0,,East Asia & Pacific (excluding high income),1.0,1.0,1.0,2.0,2.0,5.0,,1,,,,,1.0,54.0,2024,,149157174,1,,60882768.0,1.0,,2.0,3.0,1.0,4.0,0.19996721,1.0,2.0,Q3,,,1.0,1.0,,1.0,,Thailand,,2,,,1.0,,,1.0,1.0,1.0,1.0,,,,2.0,1.0,,3.0,,1.0,,1.0,THA,4.0,1.0,1.0,4.0,2.0,1.0,2,,,,1.0,False,Male,50_59
1407,1.0,1.0,,East Asia & Pacific (excluding high income),1.0,1.0,1.0,2.0,1.0,2.0,,1,1.0,,1.0,,1.0,20.0,2024,,149386686,1,,60882768.0,1.0,,2.0,1.0,1.0,2.0,2.588739352,2.0,2.0,Q5 Highest,,1.0,1.0,1.0,,1.0,,Thailand,,2,,,4.0,,,1.0,2.0,1.0,0.0,,,,2.0,1.0,,4.0,,1.0,,1.0,THA,1.0,1.0,1.0,4.0,2.0,2.0,2,,,,1.0,False,Male,18_22
1408,1.0,2.0,,East Asia & Pacific (excluding high income),2.0,1.0,0.0,2.0,2.0,,,1,,,,,2.0,85.0,2024,,149409659,1,,60882768.0,2.0,,1.0,7.0,2.0,,0.135631464,2.0,1.0,Q2,,,2.0,1.0,,,,Thailand,,1,,,1.0,,,4.0,,0.0,0.0,,,,1.0,2.0,,5.0,,0.0,2.0,,THA,4.0,2.0,2.0,1.0,2.0,2.0,2,1.0,,,2.0,False,Male,70_plus
1409,1.0,2.0,,East Asia & Pacific (excluding high income),1.0,1.0,1.0,2.0,1.0,1.0,,1,2.0,,2.0,,2.0,67.0,2024,,149425403,1,,60882768.0,2.0,,1.0,1.0,1.0,,0.310631912,2.0,1.0,Q2,,,2.0,1.0,,2.0,,Thailand,,1,,,1.0,,,2.0,2.0,0.0,0.0,,,,1.0,2.0,,4.0,,0.0,2.0,2.0,THA,2.0,2.0,1.0,1.0,2.0,2.0,2,1.0,,,2.0,False,Male,60_69
1410,1.0,2.0,,East Asia & Pacific (excluding high income),1.0,1.0,1.0,2.0,1.0,2.0,,1,2.0,,2.0,,3.0,59.0,2024,,149702239,1,,60882768.0,2.0,,1.0,2.0,2.0,,0.42656637,2.0,1.0,Q2,,,2.0,2.0,,,,Thailand,,1,,,4.0,,,4.0,,0.0,0.0,,,,1.0,2.0,2.0,5.0,,0.0,2.0,,THA,2.0,2.0,2.0,1.0,2.0,2.0,1,1.0,,,2.0,False,Female,50_59
1411,1.0,2.0,,East Asia & Pacific (excluding high income),2.0,2.0,0.0,2.0,2.0,2.0,,1,,,,,3.0,46.0,2024,,149783545,1,,60882768.0,2.0,,1.0,2.0,2.0,,0.135631464,1.0,1.0,Q5 Highest,,2.0,3.0,1.0,,,,Thailand,2.0,2,,,5.0,,,4.0,,0.0,1.0,,,,1.0,,,2.0,,0.0,2.0,,THA,4.0,4.0,2.0,1.0,2.0,2.0,1,1.0,,,,False,Female,40_49
1412,0.0,2.0,,East Asia & Pacific (excluding high income),2.0,1.0,0.0,2.0,2.0,1.0,,0,,1.0,,2.0,,55.0,2024,1.0,150029495,0,1.0,60882768.0,,,3.0,4.0,,,0.24246213,2.0,,Q3,,,,1.0,1.0,,,Thailand,,2,2.0,2.0,3.0,,,4.0,,0.0,1.0,,,,2.0,2.0,,4.0,,0.0,,,THA,4.0,2.0,2.0,4.0,,2.0,1,,,,2.0,False,Female,50_59
1413,1.0,2.0,,East Asia & Pacific (excluding high income),4.0,1.0,1.0,2.0,2.0,3.0,,1,,,,,6.0,36.0,2024,,150092065,1,,60882768.0,4.0,,1.0,2.0,1.0,2.0,1.16463717,2.0,2.0,Q4,,,6.0,1.0,,2.0,,Thailand,4.0,1,,,3.0,,,1.0,2.0,1.0,0.0,,4.0,,1.0,2.0,,4.0,,1.0,1.0,1.0,THA,4.0,1.0,1.0,1.0,2.0,2.0,2,1.0,,,1.0,False,Male,30_39
1414,1.0,2.0,,East Asia & Pacific (excluding high income),1.0,2.0,1.0,2.0,2.0,1.0,,1,,,,,2.0,16.0,2024,,150182478,1,,60882768.0,2.0,2.0,1.0,2.0,1.0,2.0,0.512711224,1.0,1.0,Q4,,,2.0,1.0,,1.0,,Thailand,,1,,,4.0,,,1.0,2.0,1.0,1.0,,1.0,,1.0,,,2.0,,1.0,2.0,1.0,THA,4.0,4.0,1.0,3.0,2.0,2.0,1,2.0,,,,False,Female,17_or_less
1415,1.0,2.0,,East Asia & Pacific (excluding high income),1.0,1.0,1.0,2.0,2.0,3.0,,1,,,,,1.0,44.0,2024,,150270102,1,,60882768.0,1.0,,3.0,2.0,1.0,2.0,1.174843568,2.0,1.0,Q4,,,2.0,1.0,,1.0,,Thailand,,2,,,1.0,,,1.0,1.0,1.0,0.0,,1.0,,2.0,1.0,,4.0,,1.0,,1.0,THA,4.0,1.0,1.0,4.0,2.0,2.0,1,,,,1.0,False,Female,40_49
1416,1.0,2.0,,East Asia & Pacific (excluding high income),1.0,1.0,1.0,2.0,1.0,1.0,,1,2.0,,1.0,,2.0,21.0,2024,,150309924,1,,60882768.0,1.0,,2.0,2.0,2.0,,0.892256132,2.0,2.0,Q4,,2.0,2.0,1.0,,2.0,,Thailand,,2,,,4.0,,,2.0,2.0,1.0,0.0,,1.0,,2.0,2.0,,2.0,,1.0,,2.0,THA,1.0,1.0,1.0,4.0,2.0,2.0,2,,,,1.0,False,Male,18_22
1417,1.0,2.0,,East Asia & Pacific (excluding high income),2.0,1.0,0.0,2.0,2.0,1.0,,1,,,,,2.0,64.0,2024,,150349161,1,,60882768.0,2.0,,1.0,2.0,2.0,,0.518362526,2.0,1.0,Q2,,,2.0,1.0,,,,Thailand,,1,,,1.0,,,4.0,,0.0,0.0,,,,2.0,1.0,,2.0,,0.0,,,THA,4.0,1.0,2.0,4.0,2.0,2.0,2,,,,2.0,False,Male,60_69
1418,1.0,2.0,,East Asia & Pacific (excluding high income),1.0,1.0,1.0,2.0,2.0,1.0,,1,,,,,2.0,85.0,2024,,150351101,1,,60882768.0,1.0,,,2.0,2.0,2.0,0.245257566,2.0,1.0,Q2,,,2.0,1.0,,2.0,,Thailand,,1,,,4.0,,,1.0,2.0,1.0,0.0,,,,1.0,2.0,,4.0,,0.0,2.0,1.0,THA,4.0,2.0,1.0,1.0,2.0,2.0,1,1.0,,,2.0,False,Female,70_plus
1419,0.0,2.0,,East Asia & Pacific (excluding high income),2.0,1.0,0.0,2.0,2.0,3.0,,0,,2.0,,1.0,,28.0,2024,2.0,150363869,0,2.0,60882768.0,,,1.0,2.0,,,0.610660359,1.0,,Q5 Highest,,2.0,,1.0,1.0,2.0,,Thailand,,2,2.0,2.0,3.0,,,2.0,2.0,0.0,1.0,,2.0,,2.0,2.0,,3.0,,0.0,,2.0,THA,4.0,2.0,1.0,4.0,,2.0,2,,,,2.0,False,Male,23_29
1420,1.0,2.0,,East Asia & Pacific (excluding high income),2.0,1.0,1.0,2.0,1.0,2.0,,1,2.0,,2.0,,,57.0,2024,,150588953,1,,60882768.0,,,1.0,1.0,,,0.216555199,2.0,,Q2,,2.0,,1.0,,,,Thailand,,2,,,1.0,,,4.0,,0.0,0.0,,,,1.0,2.0,,4.0,,0.0,2.0,,THA,2.0,2.0,2.0,1.0,,2.0,1,1.0,,,2.0,False,Female,50_59
1421,1.0,2.0,,East Asia & Pacific (excluding high income),2.0,1.0,0.0,2.0,2.0,3.0,,1,,,,,6.0,31.0,2024,,150686371,1,,60882768.0,4.0,,2.0,3.0,2.0,2.0,0.155509829,1.0,2.0,Q3,,,4.0,2.0,,2.0,,Thailand,2.0,1,,,8.0,,,1.0,2.0,0.0,1.0,,,,2.0,2.0,,1.0,,0.0,,1.0,THA,4.0,2.0,1.0,4.0,2.0,2.0,1,,,,2.0,False,Female,30_39
1422,1.0,2.0,,East Asia & Pacific (excluding high income),2.0,1.0,0.0,2.0,2.0,3.0,,1,,,,,1.0,44.0,2024,,150755097,1,,60882768.0,1.0,,1.0,2.0,3.0,,2.489822322,2.0,1.0,Q5 Highest,,1.0,1.0,1.0,,,,Thailand,,2,,,4.0,,,4.0,,0.0,0.0,,,,2.0,2.0,,3.0,,0.0,,,THA,4.0,2.0,2.0,4.0,2.0,2.0,2,,,,2.0,False,Male,40_49
1423,1.0,2.0,,East Asia & Pacific (excluding high income),2.0,1.0,0.0,2.0,2.0,,,1,,,,,2.0,70.0,2024,,151090474,1,,60882768.0,2.0,,1.0,8.0,2.0,,0.135631464,2.0,1.0,Q2,,,2.0,2.0,,,,Thailand,,2,,,4.0,,,4.0,,0.0,0.0,,,,1.0,2.0,,4.0,,0.0,2.0,,THA,4.0,2.0,2.0,1.0,2.0,2.0,2,1.0,,,2.0,False,Male,70_plus
1424,1.0,2.0,,East Asia & Pacific (excluding high income),1.0,2.0,1.0,2.0,2.0,1.0,,1,,,,,2.0,55.0,2024,,151109380,1,,60882768.0,1.0,,1.0,1.0,2.0,,0.135631464,2.0,2.0,Q3,,,2.0,1.0,,2.0,,Thailand,,1,,,3.0,,,2.0,1.0,0.0,0.0,,,,1.0,,,1.0,,0.0,2.0,2.0,THA,4.0,4.0,1.0,1.0,2.0,2.0,2,1.0,,,,False,Male,50_59
1425,1.0,2.0,,East Asia & Pacific (excluding high income),2.0,2.0,1.0,2.0,2.0,,,1,,,,,1.0,42.0,2024,,151186357,1,,60882768.0,2.0,,1.0,8.0,2.0,,3.404935421,2.0,1.0,Q2,,1.0,2.0,1.0,,2.0,,Thailand,,1,,,3.0,,,2.0,2.0,1.0,1.0,,1.0,,1.0,,,5.0,,1.0,2.0,2.0,THA,4.0,4.0,1.0,1.0,2.0,2.0,2,1.0,,,,False,Male,40_49
1426,1.0,2.0,,East Asia & Pacific (excluding high income),1.0,1.0,1.0,2.0,2.0,3.0,,1,,,,,1.0,51.0,2024,,151251455,1,,60882768.0,1.0,,2.0,1.0,2.0,2.0,0.805331095,1.0,1.0,Q4,,2.0,2.0,1.0,,1.0,,Thailand,,1,,,4.0,,,1.0,2.0,0.0,1.0,,,,1.0,2.0,,4.0,,1.0,2.0,1.0,THA,4.0,2.0,1.0,1.0,2.0,2.0,2,1.0,,,2.0,False,Male,50_59
1427,0.0,2.0,,East Asia & Pacific (excluding high income),2.0,2.0,0.0,2.0,2.0,3.0,,1,,,,,3.0,26.0,2024,,151259276,1,,60882768.0,2.0,,1.0,3.0,2.0,,1.10855135,2.0,1.0,Q1 Lowest,,,3.0,1.0,,2.0,,Thailand,2.0,2,,,4.0,,,2.0,2.0,0.0,0.0,,,,2.0,,,3.0,,0.0,,2.0,THA,4.0,4.0,1.0,4.0,2.0,2.0,1,,,,,False,Female,23_29
1428,1.0,2.0,,East Asia & Pacific (excluding high income),3.0,1.0,1.0,2.0,1.0,1.0,,1,2.0,,2.0,,,65.0,2024,,151285345,1,,60882768.0,,2.0,1.0,5.0,,,0.639849554,2.0,,Q1 Lowest,,2.0,,1.0,,,,Thailand,,2,,,2.0,,,4.0,,0.0,0.0,,,1.0,1.0,1.0,,2.0,,0.0,2.0,,THA,2.0,1.0,2.0,3.0,,2.0,1,2.0,,,2.0,False,Female,60_69
1429,0.0,2.0,,East Asia & Pacific (excluding high income),1.0,2.0,1.0,2.0,2.0,1.0,,1,,,,,3.0,53.0,2024,,151324942,1,,60882768.0,2.0,,1.0,2.0,2.0,,1.563927445,2.0,1.0,Q1 Lowest,,,3.0,1.0,,,,Thailand,1.0,1,,,3.0,,,4.0,,0.0,0.0,,,,2.0,,2.0,2.0,,0.0,,,THA,4.0,4.0,2.0,4.0,2.0,2.0,2,,,,,False,Male,50_59
1430,0.0,2.0,,East Asia & Pacific (excluding high income),2.0,1.0,1.0,1.0,2.0,1.0,,0,,2.0,,1.0,,67.0,2024,1.0,151352185,0,2.0,60882768.0,,2.0,1.0,1.0,,,0.135631464,2.0,,Q5 Highest,,,,1.0,2.0,,,Thailand,,2,2.0,2.0,3.0,,,4.0,,0.0,0.0,,,,2.0,2.0,,5.0,,0.0,2.0,,THA,4.0,2.0,2.0,4.0,,2.0,1,2.0,,,2.0,False,Female,60_69
1431,1.0,2.0,,East Asia & Pacific (excluding high income),1.0,1.0,1.0,1.0,2.0,1.0,,1,,,,,2.0,62.0,2024,,151430322,1,,60882768.0,1.0,,1.0,2.0,2.0,,0.144380606,2.0,1.0,Q1 Lowest,,,2.0,1.0,,,,Thailand,,1,,,1.0,,,4.0,,0.0,0.0,,,,1.0,2.0,,2.0,,0.0,2.0,,THA,4.0,2.0,2.0,1.0,2.0,2.0,1,1.0,,,2.0,False,Female,60_69
1432,1.0,2.0,,East Asia & Pacific (excluding high income),1.0,2.0,1.0,2.0,2.0,1.0,,1,,,,,1.0,55.0,2024,,151548244,1,,60882768.0,2.0,,1.0,4.0,2.0,,1.616716984,1.0,1.0,Q2,,,2.0,1.0,,,,Thailand,,1,,,1.0,,,4.0,,0.0,1.0,,,,2.0,,2.0,3.0,,0.0,,,THA,4.0,4.0,2.0,4.0,1.0,2.0,2,,,,,False,Male,50_59
1433,1.0,2.0,,East Asia & Pacific (excluding high income),2.0,1.0,0.0,2.0,2.0,,,1,,,,,2.0,21.0,2024,,151568024,1,,60882768.0,2.0,,2.0,8.0,3.0,2.0,1.114992752,2.0,1.0,Q4,,,2.0,1.0,,2.0,,Thailand,,2,,,5.0,,,1.0,2.0,1.0,0.0,,,,2.0,2.0,,3.0,,0.0,,1.0,THA,4.0,1.0,1.0,4.0,2.0,2.0,1,,,,1.0,False,Female,18_22
1434,0.0,2.0,,East Asia & Pacific (excluding high income),1.0,1.0,1.0,2.0,2.0,2.0,,1,,,,,1.0,48.0,2024,,151665460,1,,60882768.0,1.0,,1.0,5.0,2.0,,3.424553462,2.0,2.0,Q3,,,4.0,1.0,,2.0,,Thailand,,1,,,1.0,,,2.0,2.0,0.0,0.0,,,,2.0,2.0,,4.0,,0.0,,2.0,THA,4.0,3.0,1.0,4.0,2.0,2.0,2,,,,2.0,False,Male,40_49
1435,1.0,2.0,,East Asia & Pacific (excluding high income),4.0,1.0,0.0,2.0,2.0,2.0,,1,,,,,2.0,37.0,2024,,151682400,1,,60882768.0,1.0,,3.0,2.0,3.0,,1.241776945,1.0,1.0,Q5 Highest,,1.0,2.0,1.0,,,,Thailand,,1,,,4.0,,,4.0,,1.0,1.0,,,,2.0,1.0,,4.0,,0.0,,,THA,4.0,1.0,2.0,4.0,2.0,2.0,1,,,,1.0,False,Female,30_39
1436,1.0,2.0,,East Asia & Pacific (excluding high income),1.0,1.0,1.0,2.0,2.0,1.0,,1,,,,,2.0,72.0,2024,,152062133,1,,60882768.0,1.0,,1.0,2.0,2.0,,0.135631464,1.0,1.0,Q1 Lowest,,,2.0,1.0,,,,Thailand,,1,,,3.0,,,4.0,,0.0,1.0,,,,1.0,2.0,,2.0,,0.0,2.0,,THA,4.0,2.0,2.0,1.0,2.0,2.0,1,1.0,,,2.0,False,Female,70_plus
1437,1.0,2.0,,East Asia & Pacific (excluding high income),1.0,1.0,1.0,2.0,2.0,2.0,,1,,,,,2.0,40.0,2024,,152070566,1,,60882768.0,2.0,,2.0,1.0,1.0,2.0,1.686101619,1.0,1.0,Q3,,,2.0,1.0,,2.0,,Thailand,,2,,,5.0,,,1.0,2.0,1.0,1.0,,,,2.0,1.0,,2.0,,0.0,,1.0,THA,4.0,1.0,1.0,4.0,2.0,2.0,1,,,,1.0,False,Female,40_49
1438,1.0,2.0,,East Asia & Pacific (excluding high income),2.0,2.0,0.0,2.0,2.0,2.0,,1,,,,,5.0,72.0,2024,,152306817,1,,60882768.0,2.0,,1.0,2.0,1.0,,1.668243197,2.0,1.0,Q1 Lowest,,,5.0,1.0,,2.0,,Thailand,1.0,1,,,1.0,,,2.0,2.0,0.0,0.0,,,,1.0,,,1.0,,0.0,2.0,2.0,THA,4.0,4.0,1.0,2.0,2.0,2.0,2,2.0,,,,False,Male,70_plus
1439,1.0,1.0,,East Asia & Pacific (excluding high income),2.0,1.0,1.0,2.0,2.0,2.0,,1,,,,,3.0,38.0,2024,,152318096,1,,60882768.0,2.0,,1.0,4.0,1.0,,2.586963108,2.0,1.0,Q4,,2.0,1.0,1.0,,,,Thailand,,1,,,4.0,,,4.0,,1.0,1.0,,1.0,,1.0,1.0,,2.0,,1.0,1.0,,THA,4.0,1.0,2.0,1.0,2.0,2.0,1,2.0,,,1.0,False,Female,30_39
1440,0.0,2.0,,East Asia & Pacific (excluding high income),2.0,2.0,0.0,2.0,2.0,2.0,,1,,,,,3.0,60.0,2024,,152575027,1,,60882768.0,1.0,,1.0,2.0,1.0,,0.245933319,2.0,1.0,Q2,,,2.0,1.0,,,,Thailand,,1,,,4.0,,,4.0,,0.0,1.0,,,,2.0,,,4.0,,0.0,,,THA,4.0,4.0,2.0,4.0,2.0,2.0,2,,,,,False,Male,60_69
1441,1.0,2.0,,East Asia & Pacific (excluding high income),1.0,2.0,1.0,2.0,2.0,2.0,,1,,,,,1.0,19.0,2024,,152588251,1,,60882768.0,1.0,,2.0,2.0,2.0,,1.450028121,2.0,2.0,Q5 Highest,,1.0,1.0,2.0,,,,Thailand,,2,,,7.0,,,4.0,,1.0,0.0,,1.0,,2.0,,,6.0,,1.0,,,THA,4.0,4.0,2.0,4.0,2.0,2.0,2,,,,,False,Male,18_22
1442,0.0,2.0,,East Asia & Pacific (excluding high income),4.0,2.0,0.0,2.0,2.0,,,0,,3.0,,4.0,,49.0,2024,3.0,152616074,0,4.0,60882768.0,,,1.0,7.0,,,0.338952295,2.0,,Q5 Highest,,,,2.0,4.0,,,Thailand,,2,4.0,2.0,1.0,,,4.0,,0.0,0.0,,,,2.0,,,5.0,,0.0,,,THA,4.0,4.0,2.0,4.0,,2.0,1,,,,,False,Female,40_49
1443,1.0,2.0,,East Asia & Pacific (excluding high income),2.0,2.0,0.0,2.0,2.0,2.0,,1,,,,,2.0,39.0,2024,,152828830,1,,60882768.0,2.0,,3.0,5.0,1.0,,0.913801297,2.0,2.0,Q5 Highest,,,2.0,1.0,,,,Thailand,,2,,,4.0,,,4.0,,1.0,0.0,,2.0,,1.0,,,2.0,,1.0,2.0,,THA,4.0,4.0,2.0,1.0,2.0,2.0,1,1.0,,,,False,Female,30_39
1444,1.0,2.0,,East Asia & Pacific (excluding high income),2.0,2.0,0.0,1.0,1.0,,,1,2.0,,2.0,,2.0,70.0,2024,,152850614,1,,60882768.0,2.0,,1.0,7.0,2.0,,0.310631912,2.0,1.0,Q2,,,2.0,2.0,,,,Thailand,,2,,,2.0,,,4.0,,0.0,0.0,,,,1.0,,,3.0,,0.0,2.0,,THA,2.0,4.0,2.0,1.0,2.0,2.0,2,1.0,,,,False,Male,70_plus
1445,1.0,2.0,,East Asia & Pacific (excluding high income),1.0,1.0,1.0,2.0,2.0,1.0,,1,,,,,3.0,36.0,2024,,152935932,1,,60882768.0,2.0,2.0,1.0,4.0,1.0,2.0,1.276358623,2.0,1.0,Q5 Highest,,1.0,3.0,1.0,,1.0,,Thailand,1.0,1,,,4.0,,,1.0,1.0,1.0,0.0,,,,1.0,1.0,,3.0,,1.0,2.0,1.0,THA,4.0,1.0,1.0,3.0,2.0,2.0,1,2.0,,,1.0,False,Female,30_39
1446,0.0,2.0,,East Asia & Pacific (excluding high income),2.0,1.0,1.0,2.0,2.0,2.0,,0,,2.0,,2.0,,47.0,2024,1.0,153057935,0,1.0,60882768.0,,,1.0,2.0,,,0.954751767,2.0,,Q5 Highest,,,,2.0,2.0,,,Thailand,,2,2.0,1.0,4.0,,,4.0,,0.0,0.0,,,,2.0,2.0,2.0,4.0,,0.0,,,THA,4.0,2.0,2.0,4.0,,2.0,1,,,,2.0,False,Female,40_49
1447,1.0,2.0,,East Asia & Pacific (excluding high income),2.0,1.0,0.0,2.0,2.0,,,1,,,,,2.0,71.0,2024,,153121849,1,,60882768.0,2.0,,1.0,7.0,2.0,,0.135631464,2.0,1.0,Q1 Lowest,,,2.0,2.0,,,,Thailand,,1,,,4.0,,,4.0,,0.0,0.0,,,,1.0,2.0,,2.0,,0.0,2.0,,THA,4.0,2.0,2.0,1.0,2.0,2.0,2,1.0,,,2.0,False,Male,70_plus
1448,1.0,2.0,,East Asia & Pacific (excluding high income),2.0,2.0,0.0,2.0,2.0,2.0,,1,,,,,2.0,78.0,2024,,153146309,1,,60882768.0,2.0,,1.0,2.0,2.0,,0.561442464,1.0,1.0,Q1 Lowest,,,2.0,2.0,,,,Thailand,,2,,,6.0,,,4.0,,0.0,1.0,,,,1.0,,,4.0,,0.0,2.0,,THA,4.0,4.0,2.0,1.0,2.0,2.0,2,1.0,,,,False,Male,70_plus
1449,0.0,2.0,,East Asia & Pacific (excluding high income),2.0,2.0,0.0,2.0,1.0,2.0,,1,2.0,,2.0,,2.0,72.0,2024,,153265018,1,,60882768.0,2.0,,1.0,2.0,2.0,,0.660633363,2.0,1.0,Q3,,,2.0,1.0,,,,Thailand,,1,,,7.0,,,4.0,,0.0,0.0,,,,2.0,,,1.0,,0.0,,,THA,2.0,4.0,2.0,4.0,2.0,2.0,2,,,,,False,Male,70_plus
1450,1.0,2.0,,East Asia & Pacific (excluding high income),2.0,2.0,0.0,2.0,2.0,1.0,,1,,,,,2.0,82.0,2024,,153267862,1,,60882768.0,2.0,,1.0,1.0,2.0,,0.57912399,2.0,2.0,Q1 Lowest,,,2.0,2.0,,,,Thailand,,2,,,1.0,,,4.0,,0.0,0.0,,,,1.0,,,4.0,,0.0,2.0,,THA,4.0,4.0,2.0,1.0,2.0,2.0,2,1.0,,,,False,Male,70_plus
1451,1.0,2.0,,East Asia & Pacific (excluding high income),2.0,1.0,1.0,2.0,1.0,2.0,,1,2.0,,2.0,,1.0,48.0,2024,,153319181,1,,60882768.0,2.0,,3.0,5.0,1.0,1.0,0.683548798,2.0,1.0,Q2,,1.0,3.0,1.0,,1.0,,Thailand,,2,,,4.0,,,1.0,1.0,1.0,1.0,,,,1.0,1.0,,4.0,,1.0,2.0,1.0,THA,2.0,1.0,1.0,1.0,2.0,1.0,1,1.0,,,1.0,False,Female,40_49
1452,1.0,2.0,,East Asia & Pacific (excluding high income),2.0,2.0,0.0,1.0,2.0,1.0,,1,,,,,,46.0,2024,,153449834,1,,60882768.0,,1.0,1.0,2.0,,,0.328152472,2.0,,Q1 Lowest,,,,1.0,,,,Thailand,,2,,,3.0,,,4.0,,0.0,0.0,,,,2.0,,,4.0,,0.0,2.0,,THA,4.0,4.0,2.0,4.0,,2.0,1,2.0,,,,False,Female,40_49
1453,0.0,2.0,,East Asia & Pacific (excluding high income),1.0,2.0,1.0,2.0,2.0,2.0,,1,,,,,2.0,50.0,2024,,153553454,1,,60882768.0,1.0,,1.0,2.0,2.0,,0.945956497,2.0,1.0,Q2,,,2.0,1.0,,,,Thailand,,1,,,3.0,,,4.0,,0.0,1.0,,,,2.0,,,5.0,,0.0,,,THA,4.0,4.0,2.0,4.0,2.0,2.0,2,,,,,False,Male,50_59
1454,0.0,2.0,,East Asia & Pacific (excluding high income),2.0,1.0,0.0,2.0,1.0,3.0,,0,2.0,2.0,2.0,2.0,,35.0,2024,2.0,153613131,0,1.0,60882768.0,,,2.0,2.0,,,0.502737759,2.0,,Q3,,,,2.0,2.0,,,Thailand,,2,2.0,2.0,1.0,,,4.0,,0.0,0.0,,,,2.0,2.0,,4.0,,0.0,,,THA,2.0,2.0,2.0,4.0,,2.0,1,,,,2.0,False,Female,30_39
1455,1.0,2.0,,East Asia & Pacific (excluding high income),1.0,1.0,1.0,2.0,2.0,2.0,,1,,,,,1.0,50.0,2024,,153770089,1,,60882768.0,1.0,,2.0,3.0,1.0,1.0,0.506239568,2.0,2.0,Q3,,1.0,2.0,1.0,,1.0,,Thailand,,1,,,1.0,,,1.0,2.0,1.0,0.0,,,,1.0,2.0,,1.0,,1.0,2.0,2.0,THA,4.0,1.0,1.0,1.0,2.0,2.0,1,1.0,,,1.0,False,Female,50_59
1456,1.0,2.0,,East Asia & Pacific (excluding high income),2.0,1.0,1.0,1.0,2.0,2.0,,1,,,,,4.0,65.0,2024,,153784420,1,,60882768.0,1.0,,2.0,5.0,2.0,,0.135631464,2.0,2.0,Q5 Highest,,,4.0,1.0,,,,Thailand,2.0,2,,,3.0,,,4.0,,0.0,0.0,,,,2.0,2.0,,5.0,,0.0,2.0,,THA,4.0,2.0,2.0,4.0,2.0,2.0,1,1.0,,,2.0,False,Female,60_69
1457,0.0,2.0,,East Asia & Pacific (excluding high income),2.0,2.0,0.0,2.0,2.0,2.0,,0,,2.0,,3.0,,66.0,2024,2.0,153801895,0,4.0,60882768.0,,,1.0,2.0,,,0.485426433,2.0,,Q3,,,,2.0,3.0,,,Thailand,,2,2.0,2.0,7.0,,,4.0,,0.0,0.0,,,,1.0,,,1.0,,0.0,2.0,,THA,4.0,4.0,2.0,2.0,,2.0,2,2.0,,,,False,Male,60_69
1458,1.0,2.0,,East Asia & Pacific (excluding high income),2.0,1.0,0.0,2.0,1.0,1.0,,1,2.0,,2.0,,4.0,55.0,2024,,153838126,1,,60882768.0,2.0,1.0,1.0,2.0,2.0,,1.91039883,1.0,1.0,Q1 Lowest,,,4.0,1.0,,,,Thailand,2.0,2,,,4.0,,,4.0,,1.0,1.0,,,,1.0,2.0,,1.0,,0.0,2.0,,THA,2.0,2.0,2.0,1.0,2.0,2.0,2,2.0,,,2.0,False,Male,50_59
1459,0.0,2.0,,East Asia & Pacific (excluding high income),2.0,2.0,0.0,2.0,2.0,,,1,,,,,3.0,60.0,2024,,154029113,1,,60882768.0,4.0,,1.0,9.0,4.0,,0.19258143,2.0,2.0,Q4,,,3.0,2.0,,,,Thailand,1.0,2,,,4.0,,,4.0,,0.0,0.0,,,,2.0,,,2.0,,0.0,,,THA,4.0,4.0,2.0,4.0,2.0,2.0,1,,,,,False,Female,60_69
1460,1.0,2.0,,East Asia & Pacific (excluding high income),3.0,1.0,1.0,2.0,2.0,,,1,,,,,,71.0,2024,,154093030,1,,60882768.0,,,1.0,9.0,,,0.718921481,2.0,,Q2,,,,1.0,,,,Thailand,,2,,,3.0,,,4.0,,0.0,0.0,,1.0,,2.0,1.0,,6.0,,1.0,,,THA,4.0,1.0,2.0,4.0,,2.0,1,,,,1.0,False,Female,70_plus
1461,1.0,2.0,,East Asia & Pacific (excluding high income),1.0,1.0,1.0,2.0,2.0,,,1,,,,,1.0,54.0,2024,,154189655,1,,60882768.0,1.0,,1.0,8.0,1.0,,0.564441793,2.0,2.0,Q2,,,1.0,1.0,,2.0,,Thailand,,1,,,5.0,,,2.0,2.0,0.0,1.0,,,,2.0,1.0,,5.0,,0.0,,2.0,THA,4.0,1.0,1.0,4.0,2.0,2.0,1,,,,2.0,False,Female,50_59
1462,1.0,2.0,,East Asia & Pacific (excluding high income),2.0,2.0,0.0,2.0,2.0,1.0,,1,,,,,2.0,72.0,2024,,154260326,1,,60882768.0,2.0,,1.0,2.0,2.0,,0.842163696,2.0,1.0,Q1 Lowest,,,2.0,2.0,,,,Thailand,,1,,,5.0,,,4.0,,0.0,0.0,,,,1.0,,,5.0,,0.0,2.0,,THA,4.0,4.0,2.0,1.0,2.0,2.0,2,1.0,,,,False,Male,70_plus
1463,1.0,2.0,,East Asia & Pacific (excluding high income),2.0,1.0,1.0,2.0,2.0,2.0,,1,,,,,2.0,59.0,2024,,154539863,1,,60882768.0,2.0,,1.0,1.0,2.0,,0.55546348,2.0,1.0,Q2,,,2.0,1.0,,2.0,,Thailand,,1,,,4.0,,,2.0,2.0,0.0,1.0,,,,1.0,2.0,2.0,4.0,,0.0,2.0,2.0,THA,4.0,2.0,1.0,1.0,2.0,1.0,1,1.0,,,2.0,False,Female,50_59
1464,1.0,2.0,,East Asia & Pacific (excluding high income),1.0,1.0,1.0,2.0,2.0,2.0,,1,,,,,1.0,40.0,2024,,154559636,1,,60882768.0,1.0,,3.0,4.0,1.0,1.0,2.086121773,2.0,1.0,Q3,,1.0,2.0,1.0,,1.0,,Thailand,,1,,,5.0,,,1.0,2.0,1.0,1.0,,1.0,,1.0,1.0,,4.0,,1.0,1.0,1.0,THA,4.0,1.0,1.0,1.0,1.0,1.0,1,1.0,,,1.0,False,Female,40_49
1465,1.0,2.0,,East Asia & Pacific (excluding high income),2.0,1.0,0.0,2.0,2.0,3.0,,1,,,,,3.0,59.0,2024,,154604808,1,,60882768.0,1.0,,1.0,3.0,1.0,2.0,1.285851678,2.0,2.0,Q2,,1.0,2.0,1.0,,2.0,,Thailand,,1,,,4.0,,,1.0,2.0,0.0,0.0,,,,1.0,2.0,,1.0,,0.0,2.0,1.0,THA,4.0,2.0,1.0,1.0,2.0,2.0,2,1.0,,,2.0,False,Male,50_59
1466,1.0,1.0,,East Asia & Pacific (excluding high income),4.0,1.0,1.0,2.0,2.0,2.0,,1,,,,,1.0,48.0,2024,,154627955,1,,60882768.0,1.0,,2.0,4.0,1.0,2.0,0.636501178,1.0,2.0,Q4,,,2.0,1.0,,2.0,,Thailand,,4,,,5.0,,,1.0,2.0,1.0,1.0,,4.0,,2.0,2.0,,5.0,,1.0,,1.0,THA,4.0,1.0,1.0,4.0,2.0,2.0,1,,,,1.0,False,Female,40_49
1467,1.0,2.0,,East Asia & Pacific (excluding high income),1.0,1.0,1.0,2.0,2.0,3.0,,1,,,,,1.0,72.0,2024,,154661573,1,,60882768.0,1.0,,1.0,1.0,1.0,,0.988749998,2.0,1.0,Q1 Lowest,,,2.0,2.0,,,,Thailand,,1,,,4.0,,,4.0,,0.0,0.0,,,,1.0,2.0,,2.0,,0.0,2.0,,THA,4.0,2.0,2.0,1.0,2.0,2.0,1,1.0,,,2.0,False,Female,70_plus
1468,1.0,2.0,,East Asia & Pacific (excluding high income),1.0,1.0,1.0,2.0,1.0,2.0,,1,1.0,,2.0,,1.0,46.0,2024,,154662609,1,,60882768.0,2.0,,1.0,3.0,1.0,2.0,1.218910289,1.0,1.0,Q2,,,2.0,1.0,,1.0,,Thailand,,2,,,1.0,,,1.0,2.0,1.0,1.0,,,,2.0,2.0,,1.0,,1.0,,1.0,THA,1.0,1.0,1.0,4.0,2.0,2.0,1,,,,1.0,False,Female,40_49
1469,1.0,2.0,,East Asia & Pacific (excluding high income),1.0,1.0,1.0,2.0,2.0,2.0,,1,,,,,3.0,74.0,2024,,154906701,1,,60882768.0,1.0,,1.0,4.0,1.0,2.0,0.951744659,2.0,1.0,Q1 Lowest,,,3.0,1.0,,2.0,,Thailand,1.0,1,,,4.0,,,1.0,1.0,1.0,0.0,,1.0,,1.0,2.0,,1.0,,1.0,2.0,1.0,THA,4.0,2.0,1.0,1.0,2.0,2.0,2,1.0,,,2.0,False,Male,70_plus
1470,1.0,2.0,,East Asia & Pacific (excluding high income),2.0,1.0,0.0,2.0,2.0,1.0,,1,,,,,1.0,48.0,2024,,155075269,1,,60882768.0,2.0,,1.0,2.0,1.0,2.0,0.16419676,1.0,1.0,Q5 Highest,,1.0,2.0,1.0,,1.0,,Thailand,,1,,,7.0,,,1.0,1.0,1.0,1.0,,2.0,,2.0,2.0,,2.0,,1.0,,1.0,THA,4.0,1.0,1.0,4.0,2.0,1.0,1,,,,1.0,False,Female,40_49
1471,1.0,2.0,,East Asia & Pacific (excluding high income),2.0,1.0,0.0,2.0,1.0,1.0,,1,1.0,,2.0,,2.0,35.0,2024,,155141648,1,,60882768.0,2.0,,3.0,5.0,1.0,1.0,0.413925648,2.0,1.0,Q5 Highest,,,2.0,1.0,,2.0,,Thailand,,1,,,1.0,,,1.0,2.0,1.0,0.0,,,,1.0,2.0,,1.0,,1.0,1.0,1.0,THA,1.0,1.0,1.0,1.0,2.0,2.0,1,2.0,,,1.0,False,Female,30_39
1472,1.0,2.0,,East Asia & Pacific (excluding high income),1.0,1.0,1.0,2.0,1.0,,,1,2.0,,1.0,,3.0,61.0,2024,,155196374,1,,60882768.0,2.0,,1.0,7.0,1.0,,0.63679961,2.0,1.0,Q2,,,3.0,1.0,,,,Thailand,1.0,1,,,4.0,,,4.0,,0.0,1.0,,,,1.0,2.0,,2.0,,0.0,2.0,,THA,1.0,2.0,2.0,1.0,2.0,2.0,2,1.0,,,2.0,False,Male,60_69
1473,0.0,2.0,,East Asia & Pacific (excluding high income),1.0,1.0,1.0,2.0,2.0,1.0,,1,,,,,2.0,60.0,2024,,155257167,1,,60882768.0,2.0,,1.0,5.0,2.0,,0.38608266,2.0,1.0,Q2,,,2.0,1.0,,,,Thailand,,1,,,4.0,,,4.0,,0.0,0.0,,,,2.0,2.0,,3.0,,0.0,,,THA,4.0,2.0,2.0,4.0,2.0,2.0,2,,,,2.0,False,Male,60_69
1474,1.0,2.0,,East Asia & Pacific (excluding high income),1.0,1.0,1.0,2.0,2.0,2.0,,1,,,,,1.0,44.0,2024,,155518871,1,,60882768.0,1.0,,2.0,2.0,1.0,,1.362959318,1.0,1.0,Q5 Highest,,1.0,2.0,1.0,,,,Thailand,,1,,,4.0,,,4.0,,1.0,1.0,,2.0,,2.0,1.0,,4.0,,1.0,,,THA,4.0,1.0,2.0,4.0,2.0,2.0,1,,,,1.0,False,Female,40_49
1475,1.0,2.0,,East Asia & Pacific (excluding high income),1.0,1.0,1.0,2.0,1.0,2.0,,1,1.0,,1.0,,3.0,30.0,2024,,155677478,1,,60882768.0,1.0,,1.0,2.0,1.0,,3.424553462,2.0,1.0,Q2,,,3.0,1.0,,,,Thailand,1.0,1,,,3.0,,,4.0,,1.0,1.0,,,,1.0,1.0,,2.0,,1.0,3.0,,THA,1.0,1.0,2.0,1.0,2.0,1.0,2,1.0,,,1.0,False,Male,30_39
1476,1.0,2.0,,East Asia & Pacific (excluding high income),2.0,2.0,0.0,2.0,2.0,2.0,,1,,,,,1.0,46.0,2024,,155721506,1,,60882768.0,2.0,,3.0,2.0,1.0,2.0,0.29293856,1.0,2.0,Q5 Highest,,,2.0,1.0,,2.0,,Thailand,,1,,,4.0,,,1.0,1.0,1.0,1.0,,,,2.0,,,1.0,,0.0,,1.0,THA,4.0,4.0,1.0,4.0,1.0,2.0,1,,,,,False,Female,40_49
1477,1.0,2.0,,East Asia & Pacific (excluding high income),1.0,1.0,1.0,2.0,2.0,1.0,,1,,,,,1.0,77.0,2024,,155893814,1,,60882768.0,1.0,,1.0,4.0,2.0,,0.55474193,2.0,1.0,Q1 Lowest,,,2.0,2.0,,,,Thailand,,1,,,1.0,,,4.0,,1.0,1.0,,,,1.0,2.0,,1.0,,0.0,2.0,,THA,4.0,2.0,2.0,1.0,2.0,2.0,2,1.0,,,2.0,False,Male,70_plus
1478,1.0,2.0,,East Asia & Pacific (excluding high income),2.0,1.0,1.0,2.0,2.0,2.0,,1,,,,,4.0,65.0,2024,,156030767,1,,60882768.0,1.0,,2.0,1.0,2.0,,0.151121493,2.0,1.0,Q1 Lowest,,,3.0,1.0,,,,Thailand,1.0,1,,,1.0,,,4.0,,0.0,0.0,,,,2.0,2.0,,4.0,,0.0,,,THA,4.0,2.0,2.0,4.0,2.0,2.0,2,,,,2.0,False,Male,60_69
1479,1.0,2.0,,East Asia & Pacific (excluding high income),2.0,1.0,1.0,2.0,2.0,1.0,,1,,,,,1.0,58.0,2024,,156145205,1,,60882768.0,1.0,,2.0,5.0,1.0,,0.223689653,2.0,1.0,Q4,,,1.0,1.0,,,,Thailand,,2,,,4.0,,,4.0,,1.0,1.0,,1.0,,2.0,1.0,,4.0,,1.0,,,THA,4.0,1.0,2.0,4.0,2.0,1.0,1,,,,1.0,False,Female,50_59
1480,1.0,2.0,,East Asia & Pacific (excluding high income),2.0,1.0,0.0,2.0,2.0,1.0,,1,,,,,,72.0,2024,,156159423,1,,60882768.0,,,1.0,5.0,,,0.373266523,2.0,,Q4,,,,1.0,,,,Thailand,,2,,,4.0,,,4.0,,0.0,0.0,,,,1.0,2.0,,4.0,,0.0,2.0,,THA,4.0,2.0,2.0,1.0,,2.0,1,1.0,,,2.0,False,Female,70_plus
1481,0.0,2.0,,East Asia & Pacific (excluding high income),2.0,2.0,0.0,2.0,2.0,1.0,,0,,2.0,,1.0,,50.0,2024,1.0,156173207,0,1.0,60882768.0,,,1.0,1.0,,,0.448927322,2.0,,Q2,,,,2.0,1.0,,,Thailand,,2,1.0,2.0,3.0,,,4.0,,0.0,0.0,,,,2.0,,,2.0,,0.0,,,THA,4.0,4.0,2.0,4.0,,2.0,1,,,,,False,Female,50_59
1482,1.0,2.0,,East Asia & Pacific (excluding high income),2.0,1.0,0.0,2.0,2.0,,,1,,,,,2.0,28.0,2024,,156177990,1,,60882768.0,2.0,,1.0,7.0,1.0,,3.424553462,1.0,1.0,Q2,,,2.0,1.0,,,,Thailand,,1,,,4.0,,,4.0,,1.0,1.0,,,,2.0,1.0,,1.0,,0.0,,,THA,4.0,1.0,2.0,4.0,2.0,2.0,1,,,,1.0,False,Female,23_29
1483,1.0,2.0,,East Asia & Pacific (excluding high income),1.0,1.0,1.0,2.0,2.0,,,1,,,,,2.0,60.0,2024,,156197004,1,,60882768.0,1.0,,1.0,7.0,2.0,,0.561442464,2.0,1.0,Q1 Lowest,,,2.0,1.0,,,,Thailand,,1,,,3.0,,,4.0,,0.0,0.0,,,,1.0,2.0,,3.0,,0.0,2.0,,THA,4.0,2.0,2.0,1.0,2.0,2.0,2,1.0,,,2.0,False,Male,60_69
1484,1.0,2.0,,East Asia & Pacific (excluding high income),1.0,2.0,1.0,2.0,2.0,2.0,,1,,,,,2.0,56.0,2024,,156254045,1,,60882768.0,1.0,,1.0,2.0,1.0,4.0,1.864751131,2.0,1.0,Q2,,1.0,2.0,1.0,,2.0,,Thailand,,1,,,4.0,,,1.0,2.0,1.0,1.0,,,,2.0,,,4.0,,0.0,,1.0,THA,4.0,4.0,1.0,4.0,2.0,2.0,1,,,,,False,Female,50_59
1485,1.0,2.0,,East Asia & Pacific (excluding high income),1.0,1.0,1.0,1.0,1.0,2.0,,1,2.0,,2.0,,2.0,66.0,2024,,156299234,1,,60882768.0,2.0,2.0,1.0,2.0,2.0,,0.31115681,1.0,1.0,Q1 Lowest,,,2.0,1.0,,,,Thailand,,1,,,1.0,,,4.0,,0.0,1.0,,,,1.0,2.0,2.0,4.0,,0.0,2.0,,THA,2.0,2.0,2.0,3.0,2.0,2.0,1,2.0,,,2.0,False,Female,60_69
1486,1.0,2.0,,East Asia & Pacific (excluding high income),1.0,2.0,1.0,2.0,2.0,3.0,,1,,,,,1.0,29.0,2024,,156420221,1,,60882768.0,2.0,,2.0,2.0,2.0,2.0,3.387014425,2.0,1.0,Q4,,2.0,2.0,1.0,,2.0,,Thailand,,1,,,4.0,,,1.0,2.0,1.0,0.0,,,,2.0,,,4.0,,0.0,,1.0,THA,4.0,4.0,1.0,4.0,2.0,2.0,2,,,,,False,Male,23_29
1487,1.0,2.0,,East Asia & Pacific (excluding high income),1.0,1.0,1.0,2.0,1.0,3.0,,1,2.0,,1.0,,3.0,45.0,2024,,156637908,1,,60882768.0,1.0,2.0,3.0,3.0,1.0,2.0,1.816553071,2.0,1.0,Q4,,,2.0,1.0,,2.0,,Thailand,,1,,,4.0,,,1.0,2.0,1.0,0.0,,1.0,,1.0,1.0,,4.0,,1.0,2.0,1.0,THA,1.0,1.0,1.0,3.0,2.0,2.0,2,2.0,,,1.0,False,Male,40_49
1488,1.0,2.0,,East Asia & Pacific (excluding high income),2.0,1.0,1.0,2.0,1.0,3.0,,1,1.0,,1.0,,1.0,53.0,2024,,156771600,1,,60882768.0,1.0,,1.0,2.0,1.0,,2.393685743,1.0,1.0,Q5 Highest,,,2.0,1.0,,,,Thailand,,1,,,2.0,,,4.0,,1.0,1.0,,1.0,,2.0,1.0,,4.0,,1.0,,,THA,1.0,1.0,2.0,4.0,2.0,2.0,2,,,,1.0,False,Male,50_59
1489,1.0,2.0,,East Asia & Pacific (excluding high income),2.0,1.0,0.0,2.0,2.0,,,1,,,,,2.0,53.0,2024,,156863844,1,,60882768.0,2.0,,1.0,7.0,1.0,,1.30566269,2.0,1.0,Q4,,2.0,3.0,2.0,,,,Thailand,,2,,,4.0,,,4.0,,0.0,0.0,,2.0,,1.0,2.0,,1.0,,1.0,1.0,,THA,4.0,2.0,2.0,1.0,2.0,2.0,1,1.0,,,2.0,False,Female,50_59
1490,1.0,2.0,,East Asia & Pacific (excluding high income),1.0,1.0,1.0,2.0,2.0,2.0,,1,,,,,3.0,44.0,2024,,156894890,1,,60882768.0,1.0,,1.0,2.0,2.0,,0.222336984,2.0,2.0,Q5 Highest,,,3.0,1.0,,2.0,,Thailand,1.0,1,,,4.0,,,2.0,2.0,0.0,0.0,,,,1.0,2.0,,3.0,,0.0,2.0,2.0,THA,4.0,2.0,1.0,1.0,2.0,2.0,1,1.0,,,2.0,False,Female,40_49
1491,1.0,2.0,,East Asia & Pacific (excluding high income),1.0,1.0,1.0,2.0,1.0,2.0,,1,2.0,,2.0,,1.0,25.0,2024,,157052195,1,,60882768.0,1.0,,2.0,2.0,1.0,,1.164560593,2.0,2.0,Q4,,,2.0,1.0,,2.0,,Thailand,,2,,,4.0,,,2.0,1.0,1.0,0.0,,,,2.0,2.0,,2.0,,0.0,,2.0,THA,2.0,2.0,1.0,4.0,2.0,2.0,2,,,,2.0,False,Male,23_29
1492,1.0,2.0,,East Asia & Pacific (excluding high income),2.0,1.0,0.0,2.0,2.0,1.0,,1,,,,,3.0,58.0,2024,,157153386,1,,60882768.0,2.0,,1.0,2.0,2.0,,0.639849554,2.0,1.0,Q1 Lowest,,,2.0,1.0,,,,Thailand,,1,,,4.0,,,4.0,,1.0,0.0,,,,1.0,2.0,,2.0,,0.0,2.0,,THA,4.0,2.0,2.0,1.0,2.0,2.0,1,1.0,,,2.0,False,Female,50_59
1493,0.0,2.0,,East Asia & Pacific (excluding high income),2.0,1.0,0.0,2.0,1.0,,,1,2.0,,2.0,,2.0,76.0,2024,,157330482,1,,60882768.0,2.0,,1.0,7.0,2.0,,0.345363758,2.0,2.0,Q1 Lowest,,,2.0,2.0,,,,Thailand,,2,,,3.0,,,4.0,,0.0,0.0,,,,2.0,2.0,,2.0,,0.0,,,THA,2.0,2.0,2.0,4.0,2.0,2.0,1,,,,2.0,False,Female,70_plus
1494,1.0,2.0,,East Asia & Pacific (excluding high income),2.0,1.0,0.0,2.0,2.0,,,1,,,,,2.0,52.0,2024,,157377561,1,,60882768.0,2.0,,1.0,8.0,2.0,,0.135631464,2.0,1.0,Q1 Lowest,,,3.0,1.0,,2.0,,Thailand,,1,,,4.0,,,2.0,2.0,1.0,0.0,,,,1.0,2.0,,3.0,,0.0,2.0,2.0,THA,4.0,2.0,1.0,1.0,2.0,2.0,1,1.0,,,2.0,False,Female,50_59
1495,1.0,2.0,,East Asia & Pacific (excluding high income),1.0,2.0,1.0,2.0,2.0,1.0,,1,,,,,2.0,18.0,2024,,157407306,1,,60882768.0,1.0,,1.0,4.0,2.0,,1.000157657,2.0,2.0,Q2,,1.0,3.0,2.0,,,,Thailand,,1,,,5.0,,,4.0,,1.0,0.0,,,,1.0,,,2.0,,0.0,2.0,,THA,4.0,4.0,2.0,1.0,2.0,2.0,2,1.0,,,,False,Male,18_22
1496,0.0,2.0,,East Asia & Pacific (excluding high income),1.0,2.0,1.0,2.0,2.0,1.0,,1,,,,,4.0,54.0,2024,,157517466,1,,60882768.0,1.0,,1.0,5.0,2.0,,3.424553462,1.0,1.0,Q1 Lowest,,2.0,3.0,1.0,,,,Thailand,1.0,1,,,4.0,,,4.0,,0.0,1.0,,,,2.0,,,2.0,,0.0,,,THA,4.0,4.0,2.0,4.0,2.0,2.0,2,,,,,False,Male,50_59
1497,1.0,2.0,,East Asia & Pacific (excluding high income),2.0,1.0,1.0,2.0,1.0,2.0,,1,1.0,,1.0,,6.0,45.0,2024,,157552793,1,,60882768.0,4.0,,2.0,1.0,1.0,,0.656787039,1.0,2.0,Q4,4.0,1.0,6.0,1.0,,4.0,,Thailand,1.0,1,,,2.0,,,3.0,2.0,1.0,1.0,,1.0,,2.0,1.0,,1.0,,1.0,,4.0,THA,1.0,1.0,1.0,4.0,2.0,4.0,1,,,,1.0,False,Female,40_49
1498,1.0,2.0,,East Asia & Pacific (excluding high income),2.0,2.0,0.0,2.0,1.0,2.0,,1,2.0,2.0,2.0,2.0,,19.0,2024,2.0,157935023,0,1.0,60882768.0,,,1.0,2.0,,,3.424553462,1.0,,Q1 Lowest,,,,2.0,2.0,,,Thailand,,2,2.0,1.0,1.0,,,4.0,,1.0,1.0,,2.0,,2.0,,,3.0,,1.0,,,THA,2.0,4.0,2.0,4.0,,2.0,1,,,,,False,Female,18_22
1499,0.0,2.0,,East Asia & Pacific (excluding high income),2.0,1.0,0.0,2.0,2.0,,,0,,2.0,,2.0,,34.0,2024,1.0,158065059,0,1.0,60882768.0,,,1.0,8.0,,,3.424553462,2.0,,Q1 Lowest,,,,1.0,2.0,2.0,,Thailand,,2,2.0,2.0,1.0,,,2.0,2.0,0.0,0.0,,,,2.0,2.0,,5.0,,0.0,,2.0,THA,4.0,2.0,1.0,4.0,,2.0,2,,,,2.0,False,Male,30_39
1500,0.0,2.0,,East Asia & Pacific (excluding high income),1.0,1.0,1.0,1.0,2.0,1.0,,1,,,,,3.0,63.0,2024,,158335182,1,,60882768.0,1.0,,1.0,5.0,1.0,,0.38608266,2.0,1.0,Q3,,,3.0,1.0,,2.0,,Thailand,1.0,1,,,1.0,,,2.0,2.0,1.0,1.0,,,,1.0,2.0,,3.0,,0.0,2.0,2.0,THA,4.0,2.0,1.0,2.0,2.0,2.0,2,2.0,,,2.0,False,Male,60_69
1501,1.0,2.0,,East Asia & Pacific (excluding high income),2.0,1.0,0.0,2.0,2.0,1.0,,1,,,,,2.0,75.0,2024,,158381241,1,,60882768.0,2.0,,1.0,5.0,3.0,,0.320697069,2.0,1.0,Q4,,,2.0,2.0,,,,Thailand,,1,,,1.0,,,4.0,,0.0,0.0,,,,1.0,2.0,,1.0,,0.0,2.0,,THA,4.0,2.0,2.0,1.0,2.0,2.0,1,1.0,,,2.0,False,Female,70_plus
1502,0.0,2.0,,East Asia & Pacific (excluding high income),4.0,1.0,0.0,2.0,2.0,3.0,,0,,2.0,,2.0,,38.0,2024,2.0,158559996,0,1.0,60882768.0,,,2.0,2.0,,,2.192744983,2.0,,Q4,,,,1.0,2.0,,,Thailand,,4,2.0,1.0,1.0,,,4.0,,0.0,0.0,,,,3.0,2.0,,1.0,,0.0,,,THA,4.0,2.0,2.0,5.0,,2.0,2,,,,2.0,False,Male,30_39
1503,1.0,2.0,,East Asia & Pacific (excluding high income),1.0,1.0,1.0,2.0,1.0,2.0,,1,2.0,,2.0,,2.0,70.0,2024,,158646176,1,,60882768.0,1.0,,1.0,1.0,2.0,,0.38341234,2.0,1.0,Q5 Highest,,,2.0,1.0,,2.0,,Thailand,,1,,,7.0,,,2.0,2.0,0.0,1.0,,,,1.0,2.0,2.0,4.0,,0.0,2.0,2.0,THA,2.0,2.0,1.0,1.0,2.0,2.0,1,1.0,,,2.0,False,Female,70_plus
1504,1.0,2.0,,East Asia & Pacific (excluding high income),1.0,1.0,1.0,2.0,2.0,2.0,,1,,,,,2.0,55.0,2024,,158693403,1,,60882768.0,2.0,,1.0,2.0,2.0,,1.3275161,2.0,2.0,Q5 Highest,,1.0,3.0,1.0,,2.0,,Thailand,,1,,,1.0,,,2.0,2.0,0.0,0.0,,,,1.0,2.0,,1.0,,0.0,2.0,2.0,THA,4.0,2.0,1.0,1.0,2.0,2.0,1,1.0,,,2.0,False,Female,50_59
1505,1.0,2.0,,East Asia & Pacific (excluding high income),1.0,2.0,1.0,2.0,2.0,3.0,,1,,,,,2.0,31.0,2024,,158776884,1,,60882768.0,2.0,,3.0,2.0,2.0,2.0,2.92843245,2.0,2.0,Q3,,,2.0,1.0,,2.0,,Thailand,,2,,,1.0,,,1.0,2.0,1.0,0.0,,2.0,,2.0,,,4.0,,1.0,,1.0,THA,4.0,4.0,1.0,4.0,2.0,2.0,2,,,,,False,Male,30_39
1506,1.0,2.0,,East Asia & Pacific (excluding high income),1.0,2.0,1.0,2.0,2.0,2.0,,1,,,,,2.0,27.0,2024,,158804412,1,,60882768.0,1.0,,2.0,2.0,1.0,2.0,0.454827199,1.0,1.0,Q3,,,2.0,1.0,,1.0,,Thailand,,2,,,4.0,,,1.0,2.0,1.0,1.0,,1.0,,1.0,,,2.0,,1.0,2.0,2.0,THA,4.0,4.0,1.0,1.0,2.0,2.0,2,1.0,,,,False,Male,23_29
1507,1.0,2.0,,East Asia & Pacific (excluding high income),2.0,2.0,1.0,2.0,2.0,2.0,,1,,,,,1.0,52.0,2024,,159143635,1,,60882768.0,2.0,,2.0,1.0,1.0,,0.175720317,2.0,1.0,Q1 Lowest,,,2.0,2.0,,,,Thailand,,1,,,3.0,,,4.0,,0.0,1.0,,,,1.0,,1.0,4.0,,0.0,2.0,,THA,4.0,4.0,2.0,1.0,2.0,2.0,1,1.0,,,,False,Female,50_59
1508,1.0,2.0,,East Asia & Pacific (excluding high income),1.0,1.0,1.0,2.0,1.0,3.0,,1,2.0,,2.0,,3.0,53.0,2024,,159191394,1,,60882768.0,2.0,,1.0,1.0,1.0,,0.153763907,2.0,1.0,Q5 Highest,,2.0,3.0,1.0,,2.0,,Thailand,2.0,1,,,1.0,,,2.0,2.0,0.0,1.0,,,,2.0,2.0,1.0,4.0,,0.0,,2.0,THA,2.0,2.0,1.0,4.0,2.0,2.0,1,,,,2.0,False,Female,50_59
1509,1.0,2.0,,East Asia & Pacific (excluding high income),1.0,1.0,1.0,2.0,2.0,3.0,,1,,,,,1.0,39.0,2024,,159217753,1,,60882768.0,2.0,,2.0,1.0,2.0,2.0,0.816591451,2.0,1.0,Q5 Highest,,1.0,3.0,1.0,,1.0,,Thailand,,2,,,1.0,,,1.0,2.0,1.0,0.0,,,,2.0,1.0,,4.0,,1.0,,1.0,THA,4.0,1.0,1.0,4.0,1.0,2.0,2,,,,1.0,False,Male,30_39
1510,1.0,2.0,,East Asia & Pacific (excluding high income),1.0,2.0,1.0,2.0,1.0,1.0,,1,2.0,,2.0,,3.0,34.0,2024,,159225660,1,,60882768.0,2.0,,1.0,2.0,1.0,,3.424553462,2.0,2.0,Q1 Lowest,,,3.0,1.0,,2.0,,Thailand,1.0,1,,,1.0,,,2.0,2.0,0.0,1.0,,,,1.0,,,1.0,,0.0,2.0,2.0,THA,2.0,4.0,1.0,1.0,2.0,2.0,2,1.0,,,,False,Male,30_39
1511,1.0,2.0,,East Asia & Pacific (excluding high income),1.0,1.0,1.0,1.0,2.0,3.0,,1,,,,,2.0,54.0,2024,,159283606,1,,60882768.0,1.0,,2.0,1.0,1.0,,0.297574187,2.0,1.0,Q5 Highest,,,2.0,2.0,,,,Thailand,,1,,,6.0,,,4.0,,0.0,0.0,,,,2.0,2.0,,2.0,,0.0,2.0,,THA,4.0,2.0,2.0,4.0,2.0,2.0,2,1.0,,,2.0,False,Male,50_59
1512,1.0,2.0,,East Asia & Pacific (excluding high income),1.0,1.0,1.0,2.0,2.0,1.0,,1,,,,,2.0,60.0,2024,,159347725,1,,60882768.0,2.0,,1.0,4.0,1.0,,0.268374161,1.0,1.0,Q2,,1.0,1.0,1.0,,,,Thailand,,2,,,2.0,,,4.0,,0.0,1.0,,,,2.0,2.0,,4.0,,0.0,,,THA,4.0,2.0,2.0,4.0,2.0,1.0,1,,,,2.0,False,Female,60_69
1513,1.0,2.0,,East Asia & Pacific (excluding high income),2.0,2.0,0.0,2.0,2.0,1.0,,1,,,,,4.0,20.0,2024,,159385093,1,,60882768.0,2.0,,1.0,2.0,2.0,2.0,3.424553462,2.0,2.0,Q1 Lowest,,,4.0,1.0,,1.0,,Thailand,1.0,2,,,4.0,,,1.0,2.0,1.0,0.0,,,,1.0,,,1.0,,1.0,2.0,1.0,THA,4.0,4.0,1.0,1.0,2.0,2.0,1,1.0,,,,False,Female,18_22
1514,1.0,1.0,,East Asia & Pacific (excluding high income),2.0,1.0,1.0,2.0,1.0,2.0,,1,2.0,,2.0,,1.0,50.0,2024,,159526101,1,,60882768.0,3.0,,3.0,5.0,1.0,2.0,0.4079102,2.0,1.0,Q2,,2.0,3.0,1.0,,1.0,,Thailand,,2,,,3.0,,,1.0,2.0,1.0,1.0,,,,1.0,2.0,,5.0,,1.0,2.0,1.0,THA,2.0,2.0,1.0,1.0,2.0,1.0,1,1.0,,,2.0,False,Female,50_59
1515,1.0,2.0,,East Asia & Pacific (excluding high income),1.0,1.0,1.0,2.0,2.0,2.0,,1,,,,,1.0,35.0,2024,,159600257,1,,60882768.0,2.0,,1.0,2.0,1.0,,1.276358623,2.0,1.0,Q3,2.0,,2.0,2.0,,2.0,,Thailand,,2,,,4.0,,,3.0,2.0,1.0,0.0,,,,2.0,1.0,,2.0,,0.0,,2.0,THA,4.0,1.0,1.0,4.0,2.0,2.0,1,,,,1.0,False,Female,30_39
1516,1.0,2.0,,East Asia & Pacific (excluding high income),2.0,1.0,1.0,2.0,2.0,1.0,,1,,,,,2.0,24.0,2024,,159626609,1,,60882768.0,2.0,,2.0,2.0,2.0,,0.686096432,1.0,1.0,Q2,,,2.0,2.0,,,,Thailand,,2,,,4.0,,,4.0,,1.0,1.0,,1.0,,1.0,1.0,,1.0,,1.0,2.0,,THA,4.0,1.0,2.0,1.0,2.0,2.0,1,1.0,,,1.0,False,Female,23_29
1517,1.0,2.0,,East Asia & Pacific (excluding high income),2.0,2.0,0.0,2.0,2.0,1.0,,1,,,,,4.0,21.0,2024,,159869695,1,,60882768.0,2.0,,1.0,3.0,2.0,,3.424553462,2.0,2.0,Q2,,,4.0,1.0,,2.0,,Thailand,1.0,2,,,4.0,,,2.0,2.0,1.0,0.0,,,,1.0,,,1.0,,0.0,2.0,2.0,THA,4.0,4.0,1.0,1.0,2.0,2.0,2,1.0,,,,False,Male,18_22
1518,1.0,2.0,,East Asia & Pacific (excluding high income),2.0,1.0,0.0,2.0,2.0,2.0,,1,,,,,,51.0,2024,,159896311,1,,60882768.0,,,1.0,2.0,,2.0,0.181294952,2.0,,Q5 Highest,,,,1.0,,2.0,,Thailand,,2,,,4.0,,,1.0,2.0,0.0,0.0,,,1.0,2.0,2.0,,4.0,,0.0,,1.0,THA,4.0,1.0,1.0,4.0,,2.0,2,,,,1.0,False,Male,50_59
1519,1.0,2.0,,East Asia & Pacific (excluding high income),1.0,1.0,1.0,2.0,2.0,2.0,,1,,,,,2.0,59.0,2024,,159920040,1,,60882768.0,2.0,,1.0,1.0,2.0,,0.353591045,2.0,1.0,Q3,,2.0,3.0,1.0,,,,Thailand,,1,,,1.0,,,4.0,,0.0,0.0,,,,1.0,1.0,,2.0,,0.0,2.0,,THA,4.0,1.0,2.0,1.0,2.0,2.0,1,1.0,,,2.0,False,Female,50_59
1520,1.0,2.0,,East Asia & Pacific (excluding high income),2.0,1.0,0.0,2.0,2.0,3.0,,1,,,,,1.0,65.0,2024,,159962083,1,,60882768.0,2.0,,1.0,2.0,2.0,,0.312879656,2.0,1.0,Q1 Lowest,,,2.0,1.0,,2.0,,Thailand,,2,,,3.0,,,2.0,2.0,0.0,0.0,,,,1.0,2.0,,2.0,,0.0,2.0,2.0,THA,4.0,2.0,1.0,1.0,2.0,2.0,1,1.0,,,2.0,False,Female,60_69
1521,1.0,2.0,,East Asia & Pacific (excluding high income),2.0,2.0,0.0,1.0,2.0,1.0,,1,,,,,,65.0,2024,,159969102,1,,60882768.0,,,1.0,2.0,,,0.143436971,2.0,,Q1 Lowest,,,,1.0,,,,Thailand,,2,,,3.0,,,4.0,,0.0,0.0,,,,1.0,,,3.0,,0.0,2.0,,THA,4.0,4.0,2.0,1.0,,2.0,1,1.0,,,,False,Female,60_69
1522,1.0,2.0,,East Asia & Pacific (excluding high income),2.0,1.0,0.0,2.0,2.0,,,1,,,,,2.0,65.0,2024,,159990462,1,,60882768.0,1.0,,1.0,9.0,2.0,2.0,0.903443559,2.0,1.0,Q3,,,2.0,1.0,,2.0,,Thailand,,1,,,4.0,,,1.0,2.0,0.0,0.0,,,,1.0,2.0,,4.0,,0.0,2.0,1.0,THA,4.0,2.0,1.0,1.0,2.0,2.0,2,1.0,,,2.0,False,Male,60_69
1523,1.0,2.0,,East Asia & Pacific (excluding high income),2.0,1.0,0.0,2.0,2.0,1.0,,1,,,,,1.0,49.0,2024,,160066548,1,,60882768.0,2.0,,1.0,2.0,1.0,,0.139405956,1.0,1.0,Q4,,,1.0,1.0,,,,Thailand,,2,,,4.0,,,4.0,,1.0,1.0,,2.0,,2.0,2.0,,1.0,,0.0,,,THA,4.0,1.0,2.0,4.0,2.0,2.0,1,,,,1.0,False,Female,40_49
1524,0.0,2.0,,East Asia & Pacific (excluding high income),1.0,2.0,1.0,2.0,2.0,4.0,,0,,2.0,,2.0,,17.0,2024,2.0,160109400,0,1.0,60882768.0,,,1.0,2.0,,,2.265274069,2.0,,Q5 Highest,,,,2.0,2.0,,,Thailand,,2,2.0,1.0,7.0,,,4.0,,0.0,0.0,,,,2.0,,,1.0,,0.0,,,THA,4.0,4.0,2.0,4.0,,2.0,2,,,,,False,Male,17_or_less
1525,1.0,2.0,,East Asia & Pacific (excluding high income),2.0,2.0,0.0,2.0,1.0,,,1,2.0,,2.0,,2.0,22.0,2024,,160154801,1,,60882768.0,2.0,,1.0,7.0,2.0,,3.424553462,1.0,1.0,Q1 Lowest,,,2.0,2.0,,2.0,,Thailand,,1,,,3.0,,,2.0,2.0,1.0,1.0,,,,1.0,,,1.0,,0.0,2.0,2.0,THA,2.0,4.0,1.0,1.0,2.0,2.0,1,1.0,,,,False,Female,18_22
1526,1.0,2.0,,East Asia & Pacific (excluding high income),1.0,2.0,1.0,2.0,2.0,2.0,,1,,,,,2.0,18.0,2024,,160161242,1,,60882768.0,1.0,,2.0,3.0,1.0,2.0,1.132637034,2.0,1.0,Q4,,,2.0,1.0,,1.0,,Thailand,,2,,,3.0,,,1.0,2.0,1.0,0.0,,1.0,,2.0,,,1.0,,1.0,,1.0,THA,4.0,4.0,1.0,4.0,2.0,2.0,2,,,,,False,Male,18_22
1527,0.0,2.0,,East Asia & Pacific (excluding high income),2.0,2.0,1.0,2.0,2.0,2.0,,1,,,,,1.0,52.0,2024,,160211186,1,,60882768.0,1.0,,1.0,2.0,4.0,,1.217100621,1.0,2.0,Q5 Highest,,,1.0,1.0,,,,Thailand,,1,,,3.0,,,4.0,,0.0,1.0,,,,2.0,,,2.0,,0.0,,,THA,4.0,4.0,2.0,4.0,4.0,2.0,1,,,,,False,Female,50_59
1528,1.0,2.0,,East Asia & Pacific (excluding high income),1.0,2.0,1.0,2.0,2.0,3.0,,1,,,,,3.0,33.0,2024,,160321467,1,,60882768.0,1.0,1.0,1.0,2.0,1.0,,1.801973199,2.0,1.0,Q2,,,2.0,1.0,,2.0,,Thailand,,1,,,3.0,,,2.0,2.0,1.0,0.0,,,,1.0,,,4.0,,0.0,2.0,2.0,THA,4.0,4.0,1.0,1.0,2.0,2.0,2,2.0,,,,False,Male,30_39
1529,1.0,1.0,,East Asia & Pacific (excluding high income),1.0,1.0,1.0,2.0,1.0,3.0,,1,1.0,,1.0,,3.0,38.0,2024,,160341286,1,,60882768.0,1.0,,1.0,2.0,1.0,,3.424553462,2.0,1.0,Q3,,,2.0,1.0,,,,Thailand,,1,,,2.0,,,4.0,,1.0,0.0,,1.0,,2.0,1.0,,3.0,,1.0,,,THA,1.0,1.0,2.0,4.0,2.0,2.0,2,,,,1.0,False,Male,30_39
1530,1.0,2.0,,East Asia & Pacific (excluding high income),2.0,1.0,0.0,2.0,2.0,2.0,,1,,,,,2.0,89.0,2024,,160351689,1,,60882768.0,2.0,1.0,1.0,2.0,2.0,,0.903443559,2.0,1.0,Q2,,,2.0,2.0,,,,Thailand,,1,,,4.0,,,4.0,,0.0,0.0,,,,1.0,2.0,,1.0,,0.0,2.0,,THA,4.0,2.0,2.0,1.0,2.0,2.0,2,2.0,,,2.0,False,Male,70_plus
1531,1.0,2.0,,East Asia & Pacific (excluding high income),2.0,2.0,0.0,2.0,1.0,3.0,,1,2.0,,2.0,,1.0,29.0,2024,,160420105,1,,60882768.0,1.0,,1.0,6.0,2.0,,0.346404843,2.0,2.0,Q2,,,3.0,1.0,,,,Thailand,,2,,,8.0,,,4.0,,1.0,0.0,,,,2.0,,,1.0,,0.0,,,THA,2.0,4.0,2.0,4.0,2.0,2.0,1,,,,,False,Female,23_29
1532,1.0,2.0,,East Asia & Pacific (excluding high income),2.0,1.0,0.0,2.0,2.0,,,1,,,,,,67.0,2024,,160488179,1,,60882768.0,,,1.0,7.0,,,0.135631464,2.0,,Q1 Lowest,,,,1.0,,,,Thailand,,2,,,1.0,,,4.0,,0.0,0.0,,,,1.0,2.0,,5.0,,0.0,2.0,,THA,4.0,2.0,2.0,1.0,,2.0,1,1.0,,,2.0,False,Female,60_69
1533,0.0,2.0,,East Asia & Pacific (excluding high income),2.0,2.0,0.0,2.0,2.0,2.0,,1,,,,,2.0,16.0,2024,,160604155,1,,60882768.0,2.0,,1.0,2.0,1.0,,1.492949812,2.0,2.0,Q1 Lowest,,,2.0,2.0,,,,Thailand,,2,,,5.0,,,4.0,,0.0,0.0,,,,2.0,,,1.0,,0.0,,,THA,4.0,4.0,2.0,4.0,2.0,2.0,1,,,,,False,Female,17_or_less
1534,1.0,2.0,,East Asia & Pacific (excluding high income),2.0,2.0,1.0,2.0,2.0,3.0,,1,,,,,1.0,26.0,2024,,160729919,1,,60882768.0,2.0,,1.0,2.0,1.0,,3.424553462,2.0,1.0,Q5 Highest,,2.0,2.0,1.0,,2.0,,Thailand,,1,,,4.0,,,2.0,2.0,1.0,1.0,,1.0,,2.0,,,5.0,,1.0,,2.0,THA,4.0,4.0,1.0,4.0,2.0,1.0,2,,,,,False,Male,23_29
1535,0.0,2.0,,East Asia & Pacific (excluding high income),2.0,1.0,0.0,2.0,2.0,2.0,,1,,,,,5.0,68.0,2024,,160741123,1,,60882768.0,2.0,,1.0,2.0,2.0,,0.312879656,2.0,1.0,Q1 Lowest,,,2.0,1.0,,,,Thailand,,1,,,1.0,,,4.0,,0.0,0.0,,,,2.0,2.0,,5.0,,0.0,,,THA,4.0,2.0,2.0,4.0,2.0,2.0,1,,,,2.0,False,Female,60_69
1536,1.0,2.0,,East Asia & Pacific (excluding high income),1.0,1.0,1.0,2.0,2.0,1.0,,1,,,,,1.0,20.0,2024,,160799168,1,,60882768.0,1.0,,1.0,1.0,1.0,2.0,0.512711224,1.0,1.0,Q4,,1.0,1.0,2.0,,2.0,,Thailand,,1,,,4.0,,,1.0,2.0,1.0,1.0,,1.0,,2.0,1.0,,2.0,,1.0,,1.0,THA,4.0,1.0,1.0,4.0,2.0,2.0,1,,,,1.0,False,Female,18_22
1537,1.0,2.0,,East Asia & Pacific (excluding high income),2.0,1.0,0.0,1.0,2.0,,,1,,,,,2.0,48.0,2024,,160831089,1,,60882768.0,2.0,,1.0,7.0,2.0,,0.269584833,2.0,1.0,Q2,,,2.0,1.0,,,,Thailand,,2,,,3.0,,,4.0,,0.0,1.0,,,,1.0,2.0,,2.0,,0.0,2.0,,THA,4.0,2.0,2.0,1.0,2.0,1.0,1,1.0,,,2.0,False,Female,40_49
1538,1.0,2.0,,East Asia & Pacific (excluding high income),1.0,2.0,1.0,2.0,2.0,1.0,,1,,,,,1.0,19.0,2024,,161024504,1,,60882768.0,1.0,,1.0,2.0,1.0,,2.123168391,1.0,1.0,Q3,,,1.0,2.0,,,,Thailand,,2,,,5.0,,,4.0,,1.0,1.0,,1.0,,2.0,,,4.0,,1.0,,,THA,4.0,4.0,2.0,4.0,2.0,2.0,1,,,,,False,Female,18_22
1539,1.0,2.0,,East Asia & Pacific (excluding high income),2.0,1.0,0.0,2.0,2.0,,,1,,,,,3.0,60.0,2024,,161205525,1,,60882768.0,2.0,,1.0,7.0,2.0,,0.135631464,2.0,1.0,Q1 Lowest,,,4.0,2.0,,,,Thailand,2.0,2,,,1.0,,,4.0,,0.0,0.0,,,,1.0,2.0,,1.0,,0.0,2.0,,THA,4.0,2.0,2.0,1.0,2.0,2.0,1,1.0,,,2.0,False,Female,60_69
1540,1.0,2.0,,East Asia & Pacific (excluding high income),1.0,1.0,1.0,2.0,1.0,3.0,,1,2.0,,1.0,,2.0,60.0,2024,,161335380,1,,60882768.0,1.0,,1.0,2.0,1.0,,0.135631464,2.0,1.0,Q4,,1.0,2.0,1.0,,,,Thailand,,1,,,1.0,,,4.0,,0.0,0.0,,,,1.0,2.0,,4.0,,0.0,2.0,,THA,1.0,2.0,2.0,1.0,1.0,2.0,1,1.0,,,2.0,False,Female,60_69
1541,0.0,2.0,,East Asia & Pacific (excluding high income),2.0,4.0,0.0,2.0,2.0,,,1,,,,,4.0,80.0,2024,,161364349,1,,60882768.0,2.0,,1.0,7.0,4.0,,0.288872145,2.0,2.0,Q1 Lowest,,,4.0,2.0,,,,Thailand,2.0,2,,,3.0,,,5.0,,0.0,0.0,,,,4.0,,,2.0,,0.0,,,THA,4.0,5.0,4.0,5.0,2.0,2.0,1,,,,,False,Female,70_plus
1542,0.0,2.0,,East Asia & Pacific (excluding high income),2.0,1.0,0.0,2.0,2.0,3.0,,0,,4.0,,2.0,,38.0,2024,2.0,161417863,0,2.0,60882768.0,,,2.0,1.0,,,2.125018739,2.0,,Q3,,,,1.0,2.0,2.0,,Thailand,,2,2.0,2.0,6.0,,,2.0,2.0,0.0,0.0,,,,2.0,2.0,,6.0,,0.0,,2.0,THA,4.0,2.0,1.0,4.0,,2.0,2,,,,2.0,False,Male,30_39
1543,1.0,2.0,,East Asia & Pacific (excluding high income),1.0,1.0,1.0,2.0,2.0,1.0,,1,,,,,2.0,38.0,2024,,161611108,1,,60882768.0,2.0,,1.0,2.0,1.0,2.0,2.417312734,1.0,1.0,Q4,,1.0,2.0,1.0,,2.0,,Thailand,,2,,,4.0,,,1.0,1.0,1.0,1.0,,,,2.0,1.0,,2.0,,0.0,,1.0,THA,4.0,1.0,1.0,4.0,2.0,2.0,1,,,,1.0,False,Female,30_39
1544,1.0,2.0,,East Asia & Pacific (excluding high income),1.0,1.0,1.0,2.0,2.0,3.0,,1,,,,,2.0,68.0,2024,,161618108,1,,60882768.0,1.0,,1.0,5.0,2.0,,0.206097063,2.0,1.0,Q1 Lowest,,2.0,2.0,2.0,,,,Thailand,,1,,,6.0,,,4.0,,0.0,0.0,,,,1.0,2.0,,1.0,,0.0,2.0,,THA,4.0,2.0,2.0,1.0,2.0,2.0,1,1.0,,,2.0,False,Female,60_69
1545,1.0,2.0,,East Asia & Pacific (excluding high income),1.0,1.0,1.0,2.0,2.0,3.0,,1,,,,,1.0,50.0,2024,,161685583,1,,60882768.0,1.0,,2.0,3.0,1.0,2.0,0.356941458,2.0,1.0,Q5 Highest,,1.0,2.0,1.0,,1.0,,Thailand,,1,,,3.0,,,1.0,2.0,1.0,1.0,,1.0,,2.0,1.0,2.0,4.0,,1.0,,1.0,THA,4.0,1.0,1.0,4.0,1.0,2.0,1,,,,1.0,False,Female,50_59
1546,1.0,1.0,,East Asia & Pacific (excluding high income),2.0,1.0,0.0,2.0,2.0,,,1,,,,,2.0,58.0,2024,,161996562,1,,60882768.0,2.0,,1.0,7.0,2.0,,0.37370484,1.0,1.0,Q2,,,2.0,1.0,,,,Thailand,,1,,,1.0,,,4.0,,0.0,1.0,,,,1.0,2.0,,6.0,,0.0,2.0,,THA,4.0,2.0,2.0,1.0,2.0,2.0,1,1.0,,,2.0,False,Female,50_59
1547,1.0,2.0,,East Asia & Pacific (excluding high income),2.0,2.0,0.0,2.0,1.0,,,1,2.0,,2.0,,2.0,60.0,2024,,162067631,1,,60882768.0,2.0,,1.0,7.0,2.0,,1.27359922,2.0,1.0,Q1 Lowest,,,2.0,1.0,,2.0,,Thailand,,1,,,4.0,,,2.0,2.0,0.0,1.0,,,,1.0,,,1.0,,0.0,2.0,2.0,THA,2.0,4.0,1.0,1.0,2.0,2.0,2,1.0,,,,False,Male,60_69
1548,0.0,2.0,,East Asia & Pacific (excluding high income),2.0,1.0,0.0,2.0,2.0,,,1,,,,,1.0,42.0,2024,,162291755,1,,60882768.0,2.0,,2.0,8.0,1.0,,1.458613702,2.0,1.0,Q2,2.0,,2.0,1.0,,2.0,,Thailand,,1,,,7.0,,,3.0,2.0,0.0,0.0,,,,2.0,2.0,,6.0,,0.0,,2.0,THA,4.0,1.0,1.0,4.0,2.0,2.0,1,,,,1.0,False,Female,40_49
1549,1.0,2.0,,East Asia & Pacific (excluding high income),1.0,2.0,1.0,2.0,1.0,1.0,,1,1.0,,1.0,,1.0,30.0,2024,,162497116,1,,60882768.0,1.0,,2.0,5.0,1.0,,2.269689388,1.0,1.0,Q2,,1.0,1.0,1.0,,,,Thailand,,2,,,4.0,,,4.0,,1.0,1.0,,1.0,,2.0,,,4.0,,1.0,,,THA,1.0,4.0,2.0,4.0,2.0,2.0,1,,,,,False,Female,30_39
1550,1.0,1.0,,East Asia & Pacific (excluding high income),2.0,2.0,0.0,2.0,2.0,1.0,,1,,,,,1.0,45.0,2024,,162945213,1,,60882768.0,2.0,,1.0,4.0,2.0,,0.730939276,2.0,1.0,Q4,,,1.0,1.0,,2.0,,Thailand,,2,,,4.0,,,2.0,2.0,1.0,0.0,,2.0,,1.0,,,2.0,,1.0,2.0,2.0,THA,4.0,4.0,1.0,1.0,2.0,2.0,2,1.0,,,,False,Male,40_49
1551,1.0,2.0,,East Asia & Pacific (excluding high income),1.0,1.0,1.0,2.0,2.0,3.0,,1,,,,,6.0,57.0,2024,,163180085,1,,60882768.0,1.0,,1.0,2.0,1.0,,0.641394138,2.0,2.0,Q1 Lowest,,,6.0,2.0,,,,Thailand,1.0,2,,,4.0,,,4.0,,0.0,0.0,,,,2.0,2.0,,3.0,,0.0,,,THA,4.0,2.0,2.0,4.0,2.0,2.0,1,,,,2.0,False,Female,50_59
1552,1.0,2.0,,East Asia & Pacific (excluding high income),1.0,2.0,1.0,2.0,2.0,2.0,,1,,,,,1.0,56.0,2024,,163214008,1,,60882768.0,1.0,,1.0,2.0,1.0,,0.320697069,2.0,1.0,Q5 Highest,,1.0,1.0,1.0,,,,Thailand,,1,,,1.0,,,4.0,,0.0,0.0,,,,2.0,,2.0,4.0,,0.0,,,THA,4.0,4.0,2.0,4.0,2.0,2.0,1,,,,,False,Female,50_59
1553,0.0,2.0,,East Asia & Pacific (excluding high income),2.0,1.0,1.0,2.0,2.0,2.0,,0,,2.0,,2.0,,45.0,2024,2.0,163316790,0,1.0,60882768.0,,,1.0,2.0,,,3.424553462,2.0,,Q4,,1.0,,1.0,2.0,,,Thailand,,2,2.0,1.0,4.0,,,4.0,,0.0,0.0,,,,2.0,2.0,,5.0,,0.0,,,THA,4.0,2.0,2.0,4.0,,2.0,2,,,,2.0,False,Male,40_49
1554,0.0,2.0,,East Asia & Pacific (excluding high income),2.0,2.0,0.0,2.0,2.0,1.0,,1,,,,,4.0,47.0,2024,,163384697,1,,60882768.0,2.0,,1.0,2.0,2.0,,1.007489496,2.0,1.0,Q1 Lowest,,,4.0,2.0,,,,Thailand,2.0,1,,,3.0,,,4.0,,0.0,0.0,,,,2.0,,,2.0,,0.0,,,THA,4.0,4.0,2.0,4.0,2.0,2.0,2,,,,,False,Male,40_49
1555,1.0,2.0,,East Asia & Pacific (excluding high income),2.0,1.0,0.0,2.0,1.0,3.0,,1,2.0,,1.0,,,54.0,2024,,163449128,1,,60882768.0,,,1.0,2.0,,,0.836953874,2.0,,Q5 Highest,,,,2.0,,,,Thailand,,2,,,1.0,,,4.0,,0.0,0.0,,,1.0,2.0,1.0,,3.0,,0.0,,,THA,1.0,1.0,2.0,4.0,,2.0,1,,,,2.0,False,Female,50_59
1556,1.0,2.0,,East Asia & Pacific (excluding high income),2.0,1.0,1.0,2.0,2.0,3.0,,1,,,,,1.0,28.0,2024,,163468371,1,,60882768.0,1.0,,2.0,1.0,1.0,4.0,1.322821922,2.0,1.0,Q4,,1.0,2.0,1.0,,2.0,,Thailand,,2,,,4.0,,,1.0,2.0,1.0,0.0,,1.0,,2.0,2.0,,5.0,,1.0,,1.0,THA,4.0,1.0,1.0,4.0,2.0,2.0,2,,,,1.0,False,Male,23_29
1557,1.0,2.0,,East Asia & Pacific (excluding high income),2.0,2.0,0.0,2.0,2.0,2.0,,1,,2.0,,2.0,,16.0,2024,2.0,163509923,0,1.0,60882768.0,,2.0,1.0,2.0,,,1.99059975,1.0,,Q1 Lowest,,,,1.0,2.0,,,Thailand,,2,2.0,2.0,1.0,,,4.0,,1.0,1.0,,2.0,,1.0,,,1.0,,1.0,2.0,,THA,4.0,4.0,2.0,3.0,,2.0,1,2.0,,,,False,Female,17_or_less
1558,1.0,2.0,,East Asia & Pacific (excluding high income),2.0,1.0,0.0,2.0,2.0,3.0,,1,,,,,1.0,50.0,2024,,163766705,1,,60882768.0,2.0,,1.0,5.0,1.0,2.0,1.91476475,2.0,2.0,Q5 Highest,,,2.0,1.0,,1.0,,Thailand,,1,,,1.0,,,1.0,2.0,1.0,0.0,,,,2.0,1.0,,4.0,,1.0,,1.0,THA,4.0,1.0,1.0,4.0,2.0,2.0,2,,,,1.0,False,Male,50_59
1559,1.0,1.0,,East Asia & Pacific (excluding high income),2.0,1.0,0.0,2.0,2.0,1.0,,1,,,,,,45.0,2024,,163815027,1,,60882768.0,,2.0,1.0,2.0,,,1.205478128,1.0,,Q4,,,,1.0,,,,Thailand,,2,,,4.0,,,4.0,,0.0,1.0,,,1.0,1.0,1.0,,2.0,,0.0,2.0,,THA,4.0,1.0,2.0,3.0,,1.0,1,2.0,,,1.0,False,Female,40_49
1560,1.0,2.0,,East Asia & Pacific (excluding high income),2.0,2.0,0.0,2.0,2.0,2.0,,1,,,,,2.0,68.0,2024,,164074329,1,,60882768.0,2.0,,1.0,4.0,2.0,,0.38608266,2.0,1.0,Q2,,,2.0,1.0,,2.0,,Thailand,,1,,,4.0,,,2.0,2.0,0.0,0.0,,,,1.0,,,1.0,,0.0,2.0,2.0,THA,4.0,4.0,1.0,1.0,2.0,2.0,2,1.0,,,,False,Male,60_69
1561,0.0,2.0,,East Asia & Pacific (excluding high income),2.0,1.0,1.0,2.0,2.0,2.0,,0,,2.0,,2.0,,24.0,2024,2.0,164111247,0,1.0,60882768.0,,,2.0,1.0,,,0.629967708,2.0,,Q5 Highest,,,,1.0,2.0,2.0,,Thailand,,2,2.0,1.0,2.0,,,2.0,2.0,0.0,1.0,,,,2.0,2.0,,2.0,,0.0,,2.0,THA,4.0,2.0,1.0,4.0,,2.0,2,,,,2.0,False,Male,23_29
1562,1.0,2.0,,East Asia & Pacific (excluding high income),2.0,2.0,0.0,2.0,2.0,1.0,,1,,,,,1.0,55.0,2024,,164349419,1,,60882768.0,2.0,,2.0,2.0,1.0,,0.223689653,1.0,1.0,Q3,,,1.0,1.0,,,,Thailand,,2,,,4.0,,,4.0,,1.0,1.0,,,,2.0,,,2.0,,0.0,,,THA,4.0,4.0,2.0,4.0,2.0,2.0,1,,,,,False,Female,50_59
1563,1.0,2.0,,East Asia & Pacific (excluding high income),2.0,1.0,0.0,2.0,2.0,1.0,,1,,,,,2.0,74.0,2024,,164372378,1,,60882768.0,2.0,,1.0,2.0,2.0,,0.288872145,1.0,1.0,Q2,,,2.0,2.0,,,,Thailand,,1,,,4.0,,,4.0,,0.0,1.0,,,,1.0,2.0,,4.0,,0.0,2.0,,THA,4.0,2.0,2.0,2.0,2.0,2.0,1,2.0,,,2.0,False,Female,70_plus
1564,1.0,2.0,,East Asia & Pacific (excluding high income),1.0,1.0,1.0,2.0,1.0,2.0,,1,1.0,,1.0,,1.0,49.0,2024,,164401997,1,,60882768.0,1.0,,2.0,5.0,1.0,2.0,0.834810769,2.0,1.0,Q3,,,1.0,1.0,,1.0,,Thailand,,1,,,4.0,,,1.0,2.0,1.0,1.0,,1.0,,2.0,1.0,,4.0,,1.0,,2.0,THA,1.0,1.0,1.0,4.0,2.0,2.0,2,,,,1.0,False,Male,40_49
1565,1.0,1.0,,East Asia & Pacific (excluding high income),2.0,2.0,0.0,2.0,2.0,1.0,,1,,,,,2.0,30.0,2024,,164491646,1,,60882768.0,2.0,,3.0,2.0,2.0,2.0,1.330426471,1.0,1.0,Q4,,,2.0,1.0,,2.0,,Thailand,,2,,,4.0,,,1.0,2.0,1.0,1.0,,,,2.0,,,2.0,,0.0,,1.0,THA,4.0,4.0,1.0,4.0,2.0,2.0,1,,,,,False,Female,30_39
1566,1.0,1.0,,East Asia & Pacific (excluding high income),2.0,1.0,1.0,2.0,2.0,2.0,,1,,,,,1.0,42.0,2024,,164774446,1,,60882768.0,2.0,,1.0,2.0,1.0,,0.279546999,2.0,1.0,Q5 Highest,,,1.0,1.0,,,,Thailand,,1,,,5.0,,,4.0,,1.0,1.0,,,,2.0,2.0,,1.0,,0.0,,,THA,4.0,2.0,2.0,4.0,2.0,2.0,1,,,,2.0,False,Female,40_49
1567,1.0,2.0,,East Asia & Pacific (excluding high income),2.0,1.0,0.0,2.0,2.0,,,1,,,,,2.0,65.0,2024,,164894100,1,,60882768.0,2.0,,1.0,7.0,2.0,,2.064026519,2.0,1.0,Q2,,1.0,2.0,1.0,,,,Thailand,,1,,,1.0,,,4.0,,0.0,0.0,,,,1.0,2.0,,2.0,,0.0,2.0,,THA,4.0,2.0,2.0,1.0,2.0,2.0,2,1.0,,,2.0,False,Male,60_69
1568,1.0,2.0,,East Asia & Pacific (excluding high income),1.0,1.0,1.0,2.0,2.0,2.0,,1,,,,,3.0,49.0,2024,,164916510,1,,60882768.0,1.0,,2.0,5.0,1.0,,0.417405385,2.0,1.0,Q5 Highest,,,3.0,1.0,,,,Thailand,1.0,1,,,2.0,,,4.0,,1.0,0.0,,1.0,,2.0,2.0,,4.0,,1.0,,,THA,4.0,1.0,2.0,4.0,2.0,2.0,2,,,,1.0,False,Male,40_49
1569,1.0,2.0,,East Asia & Pacific (excluding high income),2.0,2.0,0.0,2.0,2.0,,,1,,,,,6.0,17.0,2024,,164917179,1,,60882768.0,1.0,,1.0,9.0,2.0,,2.418972494,2.0,2.0,Q2,,,6.0,2.0,,,,Thailand,4.0,2,,,5.0,,,4.0,,1.0,0.0,,2.0,,4.0,,,6.0,,1.0,,,THA,4.0,4.0,2.0,5.0,2.0,4.0,2,,,,,False,Male,17_or_less
1570,0.0,2.0,,East Asia & Pacific (excluding high income),2.0,2.0,0.0,1.0,2.0,1.0,,1,,,,,2.0,69.0,2024,,164983460,1,,60882768.0,2.0,2.0,1.0,2.0,2.0,,1.616716984,1.0,2.0,Q1 Lowest,,,3.0,2.0,,,,Thailand,,1,,,4.0,,,4.0,,0.0,1.0,,,,1.0,,,1.0,,0.0,2.0,,THA,4.0,4.0,2.0,3.0,2.0,2.0,2,2.0,,,,False,Male,60_69
1571,1.0,2.0,,East Asia & Pacific (excluding high income),2.0,4.0,1.0,2.0,2.0,,,1,,,,,6.0,32.0,2024,,165104202,1,,60882768.0,2.0,,2.0,9.0,2.0,,0.661410961,1.0,1.0,Q4,,,3.0,2.0,,,,Thailand,1.0,1,,,7.0,,,5.0,,1.0,1.0,,1.0,,1.0,,,6.0,,1.0,2.0,,THA,4.0,5.0,4.0,1.0,2.0,2.0,2,1.0,,,,False,Male,30_39
1572,0.0,2.0,,East Asia & Pacific (excluding high income),1.0,1.0,1.0,2.0,2.0,2.0,,1,,,,,3.0,59.0,2024,,165131884,1,,60882768.0,1.0,,1.0,1.0,2.0,,0.581200079,2.0,1.0,Q3,,,3.0,1.0,,2.0,,Thailand,1.0,1,,,1.0,,,2.0,2.0,0.0,0.0,,,,2.0,2.0,,4.0,,0.0,,2.0,THA,4.0,2.0,1.0,4.0,2.0,2.0,2,,,,2.0,False,Male,50_59
1573,1.0,2.0,,East Asia & Pacific (excluding high income),1.0,1.0,1.0,1.0,2.0,1.0,,1,,,,,2.0,63.0,2024,,165157598,1,,60882768.0,2.0,,1.0,5.0,1.0,1.0,0.641394138,2.0,1.0,Q5 Highest,,,2.0,1.0,,1.0,,Thailand,,1,,,1.0,,,1.0,1.0,0.0,0.0,,2.0,,1.0,1.0,,2.0,,1.0,1.0,1.0,THA,4.0,1.0,1.0,1.0,2.0,2.0,1,1.0,,,1.0,False,Female,60_69
1574,1.0,2.0,,East Asia & Pacific (excluding high income),2.0,1.0,1.0,2.0,2.0,1.0,,1,,,,,3.0,17.0,2024,,165178595,1,,60882768.0,2.0,,1.0,2.0,1.0,,1.941554514,1.0,1.0,Q3,,,3.0,2.0,,,,Thailand,1.0,2,,,3.0,,,4.0,,1.0,1.0,,,,1.0,2.0,,1.0,,1.0,1.0,,THA,4.0,1.0,2.0,1.0,2.0,2.0,2,2.0,,,1.0,False,Male,17_or_less
1575,1.0,2.0,,East Asia & Pacific (excluding high income),1.0,1.0,1.0,2.0,1.0,3.0,,1,2.0,,1.0,,2.0,48.0,2024,,165210351,1,,60882768.0,1.0,,2.0,1.0,2.0,,0.652082246,2.0,2.0,Q4,,,2.0,1.0,,,,Thailand,,1,,,1.0,,,4.0,,0.0,0.0,,,,2.0,2.0,,4.0,,0.0,,,THA,1.0,2.0,2.0,4.0,2.0,2.0,2,,,,2.0,False,Male,40_49
1576,1.0,2.0,,East Asia & Pacific (excluding high income),2.0,1.0,0.0,2.0,2.0,2.0,,1,,,,,1.0,22.0,2024,,165215993,1,,60882768.0,2.0,,2.0,2.0,1.0,,0.648026628,1.0,2.0,Q5 Highest,,1.0,1.0,2.0,,,,Thailand,,1,,,4.0,,,4.0,,1.0,1.0,,2.0,,2.0,1.0,,4.0,,1.0,,,THA,4.0,1.0,2.0,4.0,2.0,2.0,1,,,,1.0,False,Female,18_22
1577,1.0,2.0,,East Asia & Pacific (excluding high income),1.0,1.0,1.0,2.0,2.0,2.0,,1,,,,,1.0,39.0,2024,,165296447,1,,60882768.0,1.0,,3.0,2.0,1.0,,1.174843568,2.0,1.0,Q4,,,1.0,1.0,,,,Thailand,,2,,,5.0,,,4.0,,1.0,0.0,,1.0,,2.0,1.0,2.0,1.0,,1.0,,,THA,4.0,1.0,2.0,4.0,2.0,2.0,1,,,,1.0,False,Female,30_39
1578,1.0,2.0,,East Asia & Pacific (excluding high income),2.0,1.0,1.0,2.0,2.0,2.0,,1,,,,,1.0,29.0,2024,,165389032,1,,60882768.0,1.0,,2.0,5.0,1.0,4.0,0.732108113,1.0,1.0,Q5 Highest,,1.0,2.0,2.0,,1.0,,Thailand,,1,,,3.0,,,1.0,2.0,0.0,1.0,,,,2.0,1.0,,4.0,,1.0,,1.0,THA,4.0,1.0,1.0,4.0,2.0,2.0,2,,,,1.0,False,Male,23_29
1579,0.0,2.0,,East Asia & Pacific (excluding high income),2.0,1.0,0.0,2.0,2.0,2.0,,0,,1.0,,2.0,,27.0,2024,2.0,165486242,0,1.0,60882768.0,,,1.0,2.0,,,1.45505531,1.0,,Q5 Highest,,,,1.0,2.0,2.0,,Thailand,,2,2.0,2.0,4.0,,,2.0,2.0,0.0,1.0,,,,2.0,2.0,,4.0,,0.0,,2.0,THA,4.0,2.0,1.0,4.0,,2.0,1,,,,2.0,False,Female,23_29
1580,0.0,2.0,,East Asia & Pacific (excluding high income),2.0,1.0,0.0,2.0,1.0,2.0,,1,2.0,,2.0,,3.0,59.0,2024,,165495039,1,,60882768.0,2.0,,1.0,2.0,2.0,,0.446330707,2.0,1.0,Q1 Lowest,,,3.0,1.0,,,,Thailand,1.0,1,,,1.0,,,4.0,,0.0,0.0,,,,2.0,2.0,,1.0,,0.0,,,THA,2.0,2.0,2.0,4.0,2.0,2.0,2,,,,2.0,False,Male,50_59
1581,1.0,2.0,,East Asia & Pacific (excluding high income),2.0,1.0,0.0,2.0,2.0,1.0,,1,,,,,2.0,50.0,2024,,165528058,1,,60882768.0,2.0,,1.0,5.0,1.0,,3.424553462,1.0,1.0,Q2,,,3.0,2.0,,,,Thailand,,1,,,4.0,,,4.0,,1.0,1.0,,,,2.0,2.0,,1.0,,0.0,,,THA,4.0,1.0,2.0,4.0,2.0,2.0,1,,,,1.0,False,Female,50_59
1582,1.0,2.0,,East Asia & Pacific (excluding high income),2.0,1.0,0.0,2.0,2.0,2.0,,1,,,,,3.0,62.0,2024,,165575869,1,,60882768.0,2.0,,1.0,3.0,2.0,2.0,0.135631464,2.0,1.0,Q3,,,2.0,1.0,,2.0,,Thailand,,2,,,3.0,,,1.0,2.0,1.0,0.0,,,,2.0,2.0,,1.0,,0.0,,1.0,THA,4.0,2.0,1.0,4.0,2.0,2.0,2,,,,2.0,False,Male,60_69
1583,1.0,2.0,,East Asia & Pacific (excluding high income),1.0,2.0,1.0,2.0,2.0,2.0,,1,,,,,1.0,20.0,2024,,165765208,1,,60882768.0,2.0,,2.0,3.0,1.0,2.0,1.81422937,2.0,2.0,Q3,,1.0,2.0,1.0,,1.0,,Thailand,,2,,,3.0,,,1.0,2.0,1.0,0.0,,1.0,,1.0,,,1.0,,1.0,1.0,1.0,THA,4.0,4.0,1.0,1.0,2.0,2.0,2,1.0,,,,False,Male,18_22
1584,1.0,2.0,,East Asia & Pacific (excluding high income),2.0,1.0,0.0,2.0,2.0,2.0,,1,,,,,4.0,57.0,2024,,165769251,1,,60882768.0,1.0,,1.0,2.0,2.0,,0.268374161,2.0,1.0,Q4,,,4.0,1.0,,2.0,,Thailand,2.0,2,,,1.0,,,2.0,2.0,0.0,0.0,,,,1.0,2.0,,4.0,,0.0,2.0,2.0,THA,4.0,2.0,1.0,1.0,2.0,2.0,1,1.0,,,2.0,False,Female,50_59
1585,1.0,2.0,,East Asia & Pacific (excluding high income),1.0,1.0,1.0,2.0,2.0,1.0,,1,,,,,1.0,29.0,2024,,165824293,1,,60882768.0,1.0,2.0,2.0,2.0,2.0,1.0,0.382082398,2.0,1.0,Q3,,,1.0,1.0,,1.0,,Thailand,,1,,,4.0,,,1.0,2.0,1.0,0.0,,,,1.0,2.0,,1.0,,1.0,2.0,1.0,THA,4.0,2.0,1.0,3.0,2.0,2.0,1,2.0,,,2.0,False,Female,23_29
1586,1.0,2.0,,East Asia & Pacific (excluding high income),2.0,2.0,0.0,2.0,2.0,,,1,,,,,3.0,91.0,2024,,165955819,1,,60882768.0,2.0,,1.0,9.0,2.0,,0.208586437,2.0,1.0,Q1 Lowest,,,2.0,2.0,,,,Thailand,,2,,,3.0,,,4.0,,0.0,0.0,,,,1.0,,,6.0,,0.0,2.0,,THA,4.0,4.0,2.0,1.0,2.0,2.0,1,1.0,,,,False,Female,70_plus
1587,1.0,2.0,,East Asia & Pacific (excluding high income),1.0,1.0,1.0,2.0,2.0,1.0,,1,,,,,2.0,81.0,2024,,166030715,1,,60882768.0,1.0,,1.0,2.0,1.0,,0.561442464,2.0,1.0,Q1 Lowest,,,2.0,1.0,,,,Thailand,,1,,,1.0,,,4.0,,0.0,1.0,,,,2.0,1.0,2.0,2.0,,0.0,,,THA,4.0,1.0,2.0,4.0,1.0,2.0,2,,,,2.0,False,Male,70_plus
1588,1.0,2.0,,East Asia & Pacific (excluding high income),2.0,1.0,0.0,2.0,1.0,1.0,,1,2.0,,2.0,,5.0,57.0,2024,,166074626,1,,60882768.0,2.0,,1.0,1.0,2.0,,0.22668224,2.0,1.0,Q4,,2.0,2.0,1.0,,2.0,,Thailand,,1,,,2.0,2.0,,2.0,1.0,1.0,0.0,,,,1.0,2.0,,5.0,,0.0,2.0,2.0,THA,3.0,2.0,1.0,2.0,2.0,2.0,2,2.0,,,2.0,False,Male,50_59
1589,1.0,2.0,,East Asia & Pacific (excluding high income),1.0,2.0,1.0,2.0,1.0,1.0,,1,2.0,,2.0,,3.0,78.0,2024,,166212764,1,,60882768.0,1.0,,1.0,2.0,2.0,,0.38608266,2.0,1.0,Q2,,,2.0,1.0,,,,Thailand,,1,,,3.0,,,4.0,,0.0,0.0,,,,1.0,,,2.0,,0.0,2.0,,THA,2.0,4.0,2.0,1.0,2.0,2.0,2,1.0,,,,False,Male,70_plus
1590,1.0,2.0,,East Asia & Pacific (excluding high income),2.0,1.0,0.0,2.0,1.0,,,1,2.0,,2.0,,,70.0,2024,,166379601,1,,60882768.0,,,1.0,7.0,,,0.55474193,2.0,,Q1 Lowest,,,,2.0,,,,Thailand,,2,,,3.0,,,4.0,,0.0,0.0,,,,1.0,2.0,,1.0,,0.0,2.0,,THA,2.0,2.0,2.0,1.0,,2.0,2,1.0,,,2.0,False,Male,70_plus
1591,1.0,2.0,,East Asia & Pacific (excluding high income),2.0,1.0,0.0,2.0,2.0,2.0,,1,,,,,,67.0,2024,,166707395,1,,60882768.0,,,1.0,2.0,,,0.294047726,2.0,,Q2,,2.0,,1.0,,,,Thailand,,2,,,1.0,,,4.0,,0.0,0.0,,,,1.0,2.0,,2.0,,0.0,2.0,,THA,4.0,2.0,2.0,1.0,,2.0,1,1.0,,,2.0,False,Female,60_69
1592,0.0,2.0,,East Asia & Pacific (excluding high income),1.0,1.0,1.0,2.0,2.0,,,1,,,,,3.0,68.0,2024,,166718338,1,,60882768.0,1.0,,3.0,8.0,2.0,,0.148767314,2.0,1.0,Q5 Highest,,,3.0,1.0,,,,Thailand,1.0,2,,,7.0,,,4.0,,0.0,0.0,,,,2.0,2.0,,4.0,,0.0,,,THA,4.0,2.0,2.0,4.0,2.0,2.0,1,,,,2.0,False,Female,60_69
1593,1.0,2.0,,East Asia & Pacific (excluding high income),2.0,1.0,0.0,2.0,1.0,1.0,,1,2.0,,1.0,,2.0,65.0,2024,,166742565,1,,60882768.0,2.0,,1.0,2.0,2.0,,0.38608266,1.0,2.0,Q4,,,2.0,1.0,,,,Thailand,,2,,,3.0,,,4.0,,0.0,1.0,,,,1.0,2.0,,4.0,,0.0,2.0,,THA,1.0,2.0,2.0,1.0,2.0,2.0,2,1.0,,,2.0,False,Male,60_69
1594,1.0,2.0,,East Asia & Pacific (excluding high income),2.0,1.0,1.0,2.0,2.0,2.0,,1,,,,,2.0,47.0,2024,,166744770,1,,60882768.0,1.0,,2.0,3.0,1.0,2.0,0.974585702,2.0,1.0,Q3,,1.0,3.0,1.0,,2.0,,Thailand,,1,,,5.0,,,1.0,2.0,0.0,1.0,,2.0,,1.0,2.0,,3.0,,1.0,2.0,1.0,THA,4.0,2.0,1.0,1.0,2.0,2.0,2,1.0,,,2.0,False,Male,40_49
1595,1.0,2.0,,East Asia & Pacific (excluding high income),2.0,1.0,1.0,2.0,1.0,2.0,,1,2.0,,2.0,,2.0,46.0,2024,,167122035,1,,60882768.0,1.0,,2.0,2.0,1.0,,0.501415778,1.0,2.0,Q3,,1.0,3.0,1.0,,,,Thailand,,1,,,2.0,,,4.0,,0.0,1.0,,,,1.0,2.0,,2.0,,0.0,2.0,,THA,2.0,2.0,2.0,1.0,2.0,2.0,1,1.0,,,2.0,False,Female,40_49
1596,1.0,2.0,,East Asia & Pacific (excluding high income),1.0,1.0,1.0,2.0,2.0,3.0,,1,,,,,3.0,32.0,2024,,167259590,1,,60882768.0,1.0,,2.0,2.0,1.0,1.0,1.67133345,2.0,1.0,Q5 Highest,,1.0,2.0,1.0,,1.0,,Thailand,,1,,,3.0,,,1.0,2.0,1.0,0.0,,1.0,,2.0,1.0,2.0,1.0,,1.0,,1.0,THA,4.0,1.0,1.0,4.0,1.0,2.0,2,,,,1.0,False,Male,30_39
1597,1.0,2.0,,East Asia & Pacific (excluding high income),1.0,2.0,1.0,2.0,2.0,1.0,,1,,,,,1.0,17.0,2024,,167372466,1,,60882768.0,1.0,,1.0,2.0,2.0,2.0,0.647184838,2.0,2.0,Q5 Highest,,1.0,2.0,1.0,,2.0,,Thailand,,2,,,3.0,,,1.0,2.0,1.0,0.0,,2.0,,2.0,,,4.0,,1.0,,1.0,THA,4.0,4.0,1.0,4.0,2.0,2.0,2,,,,,False,Male,17_or_less
1598,0.0,2.0,,East Asia & Pacific (excluding high income),1.0,1.0,1.0,2.0,2.0,2.0,,1,,,,,2.0,48.0,2024,,167401021,1,,60882768.0,1.0,,1.0,1.0,1.0,,0.564441793,2.0,2.0,Q3,,,2.0,1.0,,,,Thailand,,1,,,1.0,,,4.0,,0.0,0.0,,2.0,,2.0,2.0,,1.0,,0.0,,,THA,4.0,2.0,2.0,4.0,2.0,2.0,1,,,,2.0,False,Female,40_49
1599,1.0,2.0,,East Asia & Pacific (excluding high income),2.0,1.0,0.0,2.0,2.0,1.0,,1,,,,,4.0,55.0,2024,,167462655,1,,60882768.0,2.0,,1.0,5.0,2.0,,0.151977796,2.0,2.0,Q1 Lowest,,,4.0,2.0,,,,Thailand,1.0,1,,,4.0,,,4.0,,0.0,0.0,,,,2.0,2.0,,5.0,,0.0,,,THA,4.0,2.0,2.0,4.0,2.0,2.0,2,,,,2.0,False,Male,50_59
1600,1.0,2.0,,East Asia & Pacific (excluding high income),1.0,1.0,1.0,2.0,2.0,2.0,,1,,,,,1.0,36.0,2024,,167625069,1,,60882768.0,4.0,,1.0,2.0,1.0,2.0,3.086994131,2.0,1.0,Q4,,1.0,2.0,1.0,,2.0,,Thailand,,2,,,4.0,,,1.0,2.0,1.0,0.0,,,,2.0,2.0,,5.0,,0.0,,1.0,THA,4.0,1.0,1.0,4.0,2.0,2.0,2,,,,1.0,False,Male,30_39
1601,1.0,2.0,,East Asia & Pacific (excluding high income),2.0,2.0,1.0,2.0,2.0,1.0,,1,,,,,1.0,48.0,2024,,167712938,1,,60882768.0,2.0,,3.0,5.0,1.0,,0.178470729,2.0,1.0,Q5 Highest,,,2.0,2.0,,,,Thailand,,1,,,4.0,,,4.0,,1.0,0.0,,,,2.0,,,1.0,,0.0,,,THA,4.0,4.0,2.0,4.0,2.0,2.0,1,,,,,False,Female,40_49
1602,1.0,2.0,,East Asia & Pacific (excluding high income),2.0,1.0,0.0,2.0,2.0,3.0,,1,,,,,1.0,62.0,2024,,168062472,1,,60882768.0,1.0,,2.0,2.0,1.0,,0.135631464,1.0,1.0,Q5 Highest,,1.0,1.0,2.0,,,,Thailand,,1,,,3.0,,,4.0,,1.0,1.0,,,,1.0,1.0,,2.0,,0.0,2.0,,THA,4.0,1.0,2.0,1.0,2.0,2.0,2,1.0,,,1.0,False,Male,60_69
1603,1.0,2.0,,East Asia & Pacific (excluding high income),1.0,2.0,1.0,2.0,2.0,1.0,,1,,,,,2.0,60.0,2024,,168262088,1,,60882768.0,1.0,,1.0,4.0,2.0,2.0,1.587124122,1.0,1.0,Q2,,1.0,2.0,1.0,,2.0,,Thailand,,2,,,1.0,,,1.0,2.0,0.0,1.0,,,,1.0,,,1.0,,0.0,2.0,1.0,THA,4.0,4.0,1.0,1.0,2.0,2.0,1,1.0,,,,False,Female,60_69
1604,1.0,2.0,,East Asia & Pacific (excluding high income),1.0,1.0,1.0,1.0,1.0,2.0,,1,2.0,,1.0,,2.0,65.0,2024,,168270209,1,,60882768.0,2.0,,1.0,2.0,2.0,,0.494374999,1.0,1.0,Q3,,,2.0,1.0,,2.0,,Thailand,,2,,,2.0,,,2.0,2.0,0.0,1.0,,,,1.0,2.0,,3.0,,0.0,2.0,2.0,THA,1.0,2.0,1.0,1.0,2.0,2.0,1,1.0,,,2.0,False,Female,60_69
1605,1.0,2.0,,East Asia & Pacific (excluding high income),2.0,1.0,0.0,2.0,2.0,1.0,,1,,,,,4.0,55.0,2024,,168479264,1,,60882768.0,2.0,,1.0,5.0,1.0,,0.236583034,2.0,2.0,Q3,,,4.0,2.0,,,,Thailand,1.0,1,,,4.0,,,4.0,,1.0,0.0,,,,1.0,2.0,,1.0,,0.0,2.0,,THA,4.0,2.0,2.0,1.0,2.0,2.0,1,1.0,,,2.0,False,Female,50_59
1606,1.0,2.0,,East Asia & Pacific (excluding high income),2.0,1.0,0.0,2.0,2.0,1.0,,1,,,,,1.0,29.0,2024,,168620446,1,,60882768.0,2.0,,3.0,5.0,1.0,2.0,1.241863635,2.0,1.0,Q4,,,2.0,1.0,,1.0,,Thailand,,1,,,4.0,,,1.0,2.0,1.0,0.0,,,,2.0,2.0,,1.0,,1.0,,2.0,THA,4.0,1.0,1.0,4.0,2.0,2.0,1,,,,1.0,False,Female,23_29
1607,1.0,2.0,,East Asia & Pacific (excluding high income),2.0,1.0,0.0,1.0,2.0,1.0,,1,,,,,2.0,67.0,2024,,168701953,1,,60882768.0,2.0,,1.0,1.0,2.0,,0.206097063,2.0,1.0,Q1 Lowest,,,2.0,1.0,,,,Thailand,,2,,,1.0,,,4.0,,0.0,0.0,,,,1.0,2.0,,2.0,,0.0,2.0,,THA,4.0,2.0,2.0,1.0,2.0,2.0,1,1.0,,,2.0,False,Female,60_69
1608,0.0,2.0,,East Asia & Pacific (excluding high income),2.0,1.0,0.0,2.0,2.0,1.0,,1,,,,,3.0,74.0,2024,,168960990,1,,60882768.0,2.0,,1.0,2.0,2.0,,0.135631464,1.0,1.0,Q1 Lowest,,,2.0,2.0,,,,Thailand,,1,,,4.0,,,4.0,,0.0,1.0,,,,2.0,2.0,,4.0,,0.0,,,THA,4.0,2.0,2.0,4.0,2.0,2.0,2,,,,2.0,False,Male,70_plus
1609,1.0,2.0,,East Asia & Pacific (excluding high income),1.0,1.0,1.0,2.0,2.0,3.0,,1,,,,,1.0,56.0,2024,,169046177,1,,60882768.0,1.0,,1.0,4.0,1.0,,1.587124122,2.0,2.0,Q2,,1.0,1.0,1.0,,,,Thailand,,1,,,1.0,,,4.0,,1.0,0.0,,,,2.0,2.0,,4.0,,0.0,,,THA,4.0,1.0,2.0,4.0,2.0,2.0,1,,,,1.0,False,Female,50_59
1610,1.0,2.0,,East Asia & Pacific (excluding high income),2.0,1.0,0.0,2.0,2.0,,,1,,,,,2.0,67.0,2024,,169100531,1,,60882768.0,2.0,,1.0,7.0,2.0,,0.42656637,1.0,1.0,Q1 Lowest,,,2.0,2.0,,,,Thailand,,1,,,4.0,,,4.0,,0.0,1.0,,,,1.0,2.0,,2.0,,0.0,2.0,,THA,4.0,2.0,2.0,1.0,2.0,2.0,1,1.0,,,2.0,False,Female,60_69
1611,1.0,2.0,,East Asia & Pacific (excluding high income),1.0,1.0,1.0,2.0,2.0,3.0,,1,,,,,1.0,39.0,2024,,169152334,1,,60882768.0,1.0,,1.0,2.0,2.0,2.0,0.829940774,2.0,1.0,Q5 Highest,,1.0,1.0,1.0,,2.0,,Thailand,,2,,,5.0,,,1.0,2.0,1.0,1.0,,,,1.0,2.0,,3.0,,1.0,1.0,1.0,THA,4.0,2.0,1.0,1.0,2.0,2.0,2,1.0,,,2.0,False,Male,30_39
1612,1.0,1.0,,East Asia & Pacific (excluding high income),1.0,1.0,1.0,2.0,2.0,2.0,,1,,,,,1.0,21.0,2024,,169341741,1,,60882768.0,2.0,2.0,1.0,2.0,1.0,1.0,3.424553462,2.0,1.0,Q4,,,2.0,1.0,,1.0,,Thailand,,2,,,4.0,,,1.0,1.0,1.0,1.0,,,,1.0,1.0,,3.0,,1.0,2.0,1.0,THA,4.0,1.0,1.0,3.0,2.0,1.0,2,2.0,,,1.0,False,Male,18_22
1613,1.0,2.0,,East Asia & Pacific (excluding high income),2.0,1.0,0.0,2.0,2.0,1.0,,1,,,,,2.0,75.0,2024,,169375397,1,,60882768.0,2.0,,1.0,2.0,2.0,,0.135631464,2.0,1.0,Q3,,,2.0,1.0,,,,Thailand,,1,,,1.0,,,4.0,,0.0,0.0,,,,1.0,2.0,,1.0,,0.0,2.0,,THA,4.0,2.0,2.0,1.0,2.0,2.0,1,1.0,,,2.0,False,Female,70_plus
1614,1.0,2.0,,East Asia & Pacific (excluding high income),2.0,1.0,0.0,2.0,2.0,3.0,,1,,,,,1.0,52.0,2024,,169454578,1,,60882768.0,1.0,,3.0,2.0,1.0,,0.590556328,2.0,1.0,Q4,,1.0,1.0,1.0,,,,Thailand,,1,,,4.0,,,4.0,,1.0,0.0,,,,2.0,1.0,,4.0,,0.0,,,THA,4.0,1.0,2.0,4.0,2.0,2.0,1,,,,1.0,False,Female,50_59
1615,1.0,2.0,,East Asia & Pacific (excluding high income),2.0,2.0,0.0,1.0,2.0,,,1,,,,,2.0,70.0,2024,,169600026,1,,60882768.0,2.0,,1.0,7.0,2.0,,0.55546348,2.0,1.0,Q1 Lowest,,,2.0,2.0,,,,Thailand,,1,,,6.0,,,4.0,,0.0,0.0,,,,1.0,,,5.0,,0.0,2.0,,THA,4.0,4.0,2.0,1.0,2.0,2.0,1,1.0,,,,False,Female,70_plus
1616,1.0,2.0,,East Asia & Pacific (excluding high income),2.0,1.0,1.0,2.0,2.0,2.0,,1,,,,,1.0,53.0,2024,,169617002,1,,60882768.0,1.0,,3.0,3.0,1.0,,1.225663054,2.0,1.0,Q4,,1.0,1.0,1.0,,,,Thailand,,1,,,3.0,,,4.0,,1.0,1.0,,,,2.0,2.0,,1.0,,0.0,,,THA,4.0,2.0,2.0,4.0,2.0,2.0,2,,,,2.0,False,Male,50_59
1617,1.0,2.0,,East Asia & Pacific (excluding high income),1.0,1.0,1.0,2.0,2.0,3.0,,1,,,,,1.0,49.0,2024,,169872961,1,,60882768.0,2.0,,1.0,1.0,2.0,,0.368087485,2.0,2.0,Q5 Highest,,,2.0,1.0,,,,Thailand,,2,,,1.0,,,4.0,,1.0,0.0,,,,2.0,2.0,,4.0,,0.0,,,THA,4.0,1.0,2.0,4.0,2.0,2.0,1,,,,1.0,False,Female,40_49
1618,0.0,2.0,,East Asia & Pacific (excluding high income),2.0,1.0,1.0,2.0,2.0,2.0,,0,,2.0,,2.0,,31.0,2024,2.0,169907746,0,2.0,60882768.0,,,1.0,5.0,,,0.454827199,2.0,,Q5 Highest,,,,1.0,2.0,,,Thailand,,2,2.0,1.0,1.0,,,4.0,,0.0,0.0,,,,2.0,2.0,,2.0,,0.0,,,THA,4.0,2.0,2.0,4.0,,2.0,2,,,,2.0,False,Male,30_39
1619,1.0,2.0,,East Asia & Pacific (excluding high income),2.0,1.0,0.0,2.0,2.0,1.0,,1,,,,,6.0,23.0,2024,,170003486,1,,60882768.0,1.0,,1.0,2.0,2.0,,0.960637316,2.0,1.0,Q2,,1.0,6.0,1.0,,,,Thailand,1.0,2,,,4.0,,,4.0,,0.0,0.0,,,,2.0,2.0,,6.0,,0.0,,,THA,4.0,2.0,2.0,4.0,2.0,2.0,1,,,,2.0,False,Female,23_29
1620,1.0,2.0,,East Asia & Pacific (excluding high income),2.0,1.0,0.0,2.0,2.0,1.0,,1,,,,,6.0,53.0,2024,,170066650,1,,60882768.0,2.0,,2.0,2.0,1.0,1.0,0.148864625,2.0,1.0,Q5 Highest,,1.0,6.0,1.0,,1.0,,Thailand,1.0,1,,,4.0,,,1.0,2.0,1.0,1.0,,,,2.0,1.0,,6.0,,1.0,,1.0,THA,4.0,1.0,1.0,4.0,2.0,1.0,1,,,,1.0,False,Female,50_59
1621,1.0,2.0,,East Asia & Pacific (excluding high income),1.0,1.0,1.0,2.0,2.0,3.0,,1,,,,,1.0,33.0,2024,,170342318,1,,60882768.0,1.0,,3.0,1.0,2.0,2.0,2.024825047,2.0,2.0,Q5 Highest,,1.0,2.0,1.0,,1.0,,Thailand,,1,,,3.0,,,1.0,2.0,1.0,0.0,,,,2.0,1.0,,4.0,,1.0,,1.0,THA,4.0,1.0,1.0,4.0,2.0,2.0,1,,,,1.0,False,Female,30_39
1622,1.0,2.0,,East Asia & Pacific (excluding high income),2.0,1.0,1.0,2.0,2.0,2.0,,1,,,,,1.0,33.0,2024,,170414841,1,,60882768.0,1.0,,1.0,2.0,2.0,2.0,2.076654795,2.0,2.0,Q2,,,2.0,1.0,,1.0,,Thailand,,1,,,4.0,,,1.0,2.0,1.0,0.0,,2.0,,2.0,2.0,,4.0,,1.0,,1.0,THA,4.0,1.0,1.0,4.0,2.0,2.0,2,,,,1.0,False,Male,30_39
1623,1.0,2.0,,East Asia & Pacific (excluding high income),1.0,1.0,1.0,2.0,2.0,2.0,,1,,,,,1.0,20.0,2024,,170431192,1,,60882768.0,1.0,,1.0,2.0,2.0,,1.136087653,2.0,1.0,Q3,,,2.0,1.0,,2.0,,Thailand,,2,,,5.0,,,2.0,2.0,0.0,0.0,,,,1.0,2.0,,5.0,,0.0,2.0,2.0,THA,4.0,2.0,1.0,1.0,2.0,2.0,1,1.0,,,2.0,False,Female,18_22
1624,1.0,1.0,,East Asia & Pacific (excluding high income),2.0,1.0,1.0,1.0,2.0,1.0,,1,,,,,,55.0,2024,,170638065,1,,60882768.0,,,2.0,4.0,,,0.405604548,2.0,,Q1 Lowest,,1.0,,1.0,,,,Thailand,,4,,,3.0,,,4.0,,0.0,1.0,,,1.0,1.0,2.0,,4.0,,1.0,1.0,,THA,4.0,1.0,2.0,1.0,,1.0,1,1.0,,,1.0,False,Female,50_59
1625,1.0,1.0,,East Asia & Pacific (excluding high income),1.0,1.0,1.0,2.0,2.0,3.0,,1,,,,,1.0,46.0,2024,,170740997,1,,60882768.0,1.0,,3.0,3.0,1.0,2.0,0.814863526,1.0,1.0,Q5 Highest,,,2.0,1.0,,2.0,,Thailand,,2,,,3.0,,,1.0,2.0,1.0,1.0,,1.0,,2.0,1.0,,4.0,,1.0,,1.0,THA,4.0,1.0,1.0,4.0,2.0,1.0,1,,,,1.0,False,Female,40_49
1626,1.0,2.0,,East Asia & Pacific (excluding high income),1.0,2.0,1.0,2.0,2.0,1.0,,1,,,,,1.0,30.0,2024,,170792291,1,,60882768.0,1.0,,1.0,5.0,1.0,,2.567655768,1.0,1.0,Q3,,,2.0,1.0,,,,Thailand,,1,,,1.0,,,4.0,,1.0,1.0,,,,1.0,,,4.0,,0.0,2.0,,THA,4.0,4.0,2.0,1.0,2.0,2.0,1,1.0,,,,False,Female,30_39
1627,0.0,2.0,,East Asia & Pacific (excluding high income),2.0,1.0,0.0,2.0,2.0,2.0,,0,,2.0,,2.0,,49.0,2024,2.0,170879803,0,2.0,60882768.0,,,1.0,2.0,,,0.848995482,2.0,,Q4,,,,1.0,2.0,,,Thailand,,2,2.0,1.0,3.0,,,4.0,,0.0,0.0,,,,2.0,2.0,,3.0,,0.0,,,THA,4.0,2.0,2.0,4.0,,2.0,2,,,,2.0,False,Male,40_49
1628,1.0,2.0,,East Asia & Pacific (excluding high income),2.0,1.0,0.0,1.0,2.0,2.0,,1,,,,,1.0,67.0,2024,,170940620,1,,60882768.0,2.0,,1.0,2.0,1.0,2.0,0.135631464,2.0,1.0,Q3,,,1.0,1.0,,2.0,,Thailand,,1,,,4.0,,,1.0,2.0,0.0,0.0,,,,1.0,2.0,,2.0,,0.0,2.0,1.0,THA,4.0,2.0,1.0,1.0,2.0,2.0,1,1.0,,,2.0,False,Female,60_69
1629,0.0,2.0,,East Asia & Pacific (excluding high income),1.0,1.0,1.0,2.0,1.0,1.0,,1,2.0,,2.0,,2.0,48.0,2024,,171155552,1,,60882768.0,2.0,2.0,1.0,4.0,2.0,,1.858321468,2.0,1.0,Q3,,,2.0,1.0,,,,Thailand,,1,,,4.0,,,4.0,,0.0,1.0,,,,1.0,2.0,,4.0,,0.0,2.0,,THA,2.0,2.0,2.0,3.0,2.0,1.0,1,2.0,,,2.0,False,Female,40_49
1630,1.0,2.0,,East Asia & Pacific (excluding high income),1.0,1.0,1.0,2.0,2.0,1.0,,1,,,,,2.0,35.0,2024,,171394565,1,,60882768.0,2.0,,2.0,4.0,1.0,,0.638928709,1.0,1.0,Q1 Lowest,,,2.0,1.0,,,,Thailand,,1,,,4.0,,,4.0,,1.0,1.0,,1.0,,1.0,1.0,,1.0,,1.0,2.0,,THA,4.0,1.0,2.0,1.0,2.0,1.0,1,1.0,,,1.0,False,Female,30_39
1631,1.0,2.0,,East Asia & Pacific (excluding high income),2.0,2.0,0.0,2.0,2.0,,,1,,,,,2.0,66.0,2024,,171429292,1,,60882768.0,2.0,,1.0,7.0,2.0,,0.38516286,2.0,1.0,Q2,,,2.0,1.0,,2.0,,Thailand,,2,,,1.0,,,2.0,2.0,0.0,0.0,,,,1.0,,,3.0,,0.0,2.0,2.0,THA,4.0,4.0,1.0,1.0,2.0,2.0,1,1.0,,,,False,Female,60_69
1632,0.0,2.0,,East Asia & Pacific (excluding high income),2.0,1.0,0.0,2.0,2.0,1.0,,1,,,,,3.0,53.0,2024,,171537332,1,,60882768.0,2.0,,1.0,2.0,1.0,,3.424553462,2.0,1.0,Q3,,2.0,2.0,1.0,,,,Thailand,,1,,,4.0,,,4.0,,0.0,0.0,,,,2.0,2.0,,4.0,,0.0,,,THA,4.0,2.0,2.0,4.0,2.0,2.0,1,,,,2.0,False,Female,50_59
1633,0.0,2.0,,East Asia & Pacific (excluding high income),2.0,1.0,1.0,2.0,2.0,,,0,,2.0,,3.0,,71.0,2024,2.0,171600209,0,3.0,60882768.0,,,1.0,8.0,,,0.135631464,2.0,,Q1 Lowest,,,,2.0,3.0,,,Thailand,,2,2.0,2.0,7.0,,,4.0,,0.0,0.0,,,,2.0,2.0,,5.0,,0.0,,,THA,4.0,2.0,2.0,4.0,,2.0,1,,,,2.0,False,Female,70_plus
1634,1.0,2.0,,East Asia & Pacific (excluding high income),2.0,1.0,1.0,2.0,2.0,1.0,,1,,,,,3.0,48.0,2024,,172046909,1,,60882768.0,1.0,,1.0,2.0,2.0,,1.603433515,2.0,1.0,Q2,,,3.0,1.0,,,,Thailand,1.0,1,,,4.0,,,4.0,,0.0,0.0,,,,2.0,1.0,,3.0,,0.0,,,THA,4.0,1.0,2.0,4.0,2.0,2.0,1,,,,2.0,False,Female,40_49
1635,1.0,2.0,,East Asia & Pacific (excluding high income),2.0,2.0,0.0,2.0,2.0,1.0,,1,,,,,2.0,65.0,2024,,172261660,1,,60882768.0,2.0,,1.0,2.0,2.0,,0.83319522,2.0,1.0,Q2,,,2.0,1.0,,,,Thailand,,2,,,4.0,,,4.0,,0.0,0.0,,,,1.0,,,2.0,,0.0,2.0,,THA,4.0,4.0,2.0,1.0,2.0,2.0,1,1.0,,,,False,Female,60_69
1636,1.0,2.0,,East Asia & Pacific (excluding high income),1.0,2.0,1.0,2.0,2.0,2.0,,1,,,,,1.0,24.0,2024,,172424271,1,,60882768.0,2.0,,2.0,2.0,1.0,2.0,0.90083994,2.0,1.0,Q2,,1.0,1.0,1.0,,1.0,,Thailand,,2,,,4.0,,,1.0,2.0,1.0,0.0,,1.0,,1.0,,,2.0,,1.0,2.0,1.0,THA,4.0,4.0,1.0,1.0,2.0,2.0,2,1.0,,,,False,Male,23_29
1637,0.0,2.0,,East Asia & Pacific (excluding high income),2.0,2.0,1.0,2.0,2.0,3.0,,0,,2.0,,2.0,,20.0,2024,2.0,173018752,0,2.0,60882768.0,,,2.0,1.0,,,2.229985505,2.0,,Q3,,,,1.0,2.0,,,Thailand,,2,2.0,1.0,8.0,,,4.0,,0.0,0.0,,,,2.0,,,1.0,,0.0,,,THA,4.0,4.0,2.0,4.0,,2.0,1,,,,,False,Female,18_22
1638,1.0,2.0,,East Asia & Pacific (excluding high income),2.0,2.0,0.0,2.0,2.0,1.0,,1,,,,,2.0,32.0,2024,,173132196,1,,60882768.0,2.0,,2.0,5.0,1.0,2.0,1.441651193,2.0,1.0,Q2,,,2.0,1.0,,1.0,,Thailand,,2,,,3.0,,,1.0,2.0,0.0,0.0,,,,2.0,,,2.0,,1.0,,1.0,THA,4.0,4.0,1.0,4.0,2.0,2.0,2,,,,,False,Male,30_39
1639,1.0,2.0,,East Asia & Pacific (excluding high income),2.0,1.0,1.0,2.0,2.0,,,1,,,,,,76.0,2024,,173181109,1,,60882768.0,,,1.0,7.0,,,0.42656637,1.0,,Q1 Lowest,,,,2.0,,,,Thailand,,2,,,4.0,,,4.0,,0.0,1.0,,,,1.0,2.0,,2.0,,0.0,2.0,,THA,4.0,2.0,2.0,1.0,,2.0,1,1.0,,,2.0,False,Female,70_plus
1640,1.0,2.0,,East Asia & Pacific (excluding high income),2.0,1.0,0.0,2.0,2.0,1.0,,1,,,,,1.0,72.0,2024,,173346433,1,,60882768.0,2.0,,1.0,2.0,2.0,,0.562277255,2.0,1.0,Q4,,,1.0,1.0,,,,Thailand,,2,,,8.0,,,4.0,,0.0,0.0,,,,1.0,2.0,,5.0,,0.0,2.0,,THA,4.0,2.0,2.0,1.0,2.0,2.0,2,1.0,,,2.0,False,Male,70_plus
1641,1.0,2.0,,East Asia & Pacific (excluding high income),1.0,1.0,1.0,2.0,2.0,3.0,,1,,,,,2.0,54.0,2024,,173433964,1,,60882768.0,1.0,,3.0,1.0,1.0,,0.268443698,2.0,2.0,Q5 Highest,,,1.0,2.0,,,,Thailand,,1,,,7.0,,,4.0,,1.0,1.0,,2.0,,2.0,1.0,,3.0,,1.0,,,THA,4.0,1.0,2.0,4.0,1.0,2.0,2,,,,1.0,False,Male,50_59
1642,1.0,2.0,,East Asia & Pacific (excluding high income),1.0,1.0,1.0,2.0,2.0,1.0,,1,,,,,1.0,17.0,2024,,173442387,1,,60882768.0,1.0,,1.0,2.0,1.0,2.0,0.930029135,1.0,2.0,Q3,,,2.0,2.0,,2.0,,Thailand,,2,,,5.0,,,1.0,2.0,1.0,1.0,,2.0,,2.0,2.0,2.0,4.0,,1.0,,1.0,THA,4.0,2.0,1.0,4.0,2.0,2.0,1,,,,2.0,False,Female,17_or_less
1643,0.0,2.0,,East Asia & Pacific (excluding high income),2.0,1.0,0.0,2.0,2.0,,,1,,,,,3.0,53.0,2024,,173452446,1,,60882768.0,1.0,,1.0,9.0,2.0,,0.652831345,1.0,1.0,Q2,,2.0,3.0,1.0,,2.0,,Thailand,1.0,1,,,3.0,,,2.0,2.0,0.0,1.0,,,,2.0,2.0,,1.0,,0.0,,2.0,THA,4.0,3.0,1.0,4.0,2.0,2.0,1,,,,2.0,False,Female,50_59
1644,1.0,2.0,,East Asia & Pacific (excluding high income),1.0,1.0,1.0,2.0,2.0,3.0,,1,,,,,1.0,60.0,2024,,173608224,1,,60882768.0,2.0,,2.0,1.0,1.0,2.0,0.223689653,2.0,1.0,Q4,,,1.0,1.0,,1.0,,Thailand,,1,,,6.0,,,1.0,2.0,1.0,0.0,,,,1.0,2.0,,4.0,,1.0,2.0,1.0,THA,4.0,1.0,1.0,1.0,2.0,2.0,1,1.0,,,1.0,False,Female,60_69
1645,1.0,2.0,,East Asia & Pacific (excluding high income),2.0,1.0,0.0,2.0,2.0,,,1,,,,,3.0,83.0,2024,,173662832,1,,60882768.0,2.0,,1.0,7.0,2.0,,0.38341234,2.0,1.0,Q2,,,2.0,2.0,,,,Thailand,,1,,,6.0,,,4.0,,0.0,0.0,,,,1.0,2.0,,5.0,,0.0,2.0,,THA,4.0,2.0,2.0,1.0,2.0,2.0,1,1.0,,,2.0,False,Female,70_plus
1646,1.0,2.0,,East Asia & Pacific (excluding high income),2.0,2.0,0.0,2.0,2.0,2.0,,1,,,,,2.0,69.0,2024,,173678091,1,,60882768.0,2.0,,1.0,2.0,2.0,,0.842163696,2.0,1.0,Q2,,,2.0,2.0,,,,Thailand,,1,,,4.0,,,4.0,,0.0,0.0,,,,1.0,,,4.0,,0.0,2.0,,THA,4.0,4.0,2.0,1.0,2.0,2.0,2,1.0,,,,False,Male,60_69
1647,1.0,1.0,,East Asia & Pacific (excluding high income),1.0,1.0,1.0,2.0,2.0,3.0,,1,,,,,1.0,27.0,2024,,173794944,1,,60882768.0,2.0,,2.0,2.0,1.0,2.0,1.967793621,1.0,1.0,Q5 Highest,,2.0,2.0,1.0,,1.0,,Thailand,,1,,,4.0,,,1.0,2.0,1.0,1.0,,1.0,,2.0,1.0,,2.0,,1.0,,1.0,THA,4.0,1.0,1.0,4.0,2.0,2.0,2,,,,1.0,False,Male,23_29
1648,1.0,2.0,,East Asia & Pacific (excluding high income),1.0,2.0,1.0,2.0,1.0,2.0,,1,2.0,,2.0,,2.0,35.0,2024,,173949175,1,,60882768.0,1.0,,2.0,5.0,1.0,1.0,0.415457676,2.0,2.0,Q5 Highest,,1.0,2.0,1.0,,1.0,,Thailand,,1,,,1.0,,,1.0,1.0,1.0,0.0,,,,1.0,,,4.0,,1.0,1.0,1.0,THA,2.0,4.0,1.0,1.0,2.0,2.0,2,1.0,,,,False,Male,30_39
1649,1.0,2.0,,East Asia & Pacific (excluding high income),1.0,2.0,1.0,2.0,1.0,2.0,,1,1.0,,1.0,,1.0,28.0,2024,,174117446,1,,60882768.0,1.0,,3.0,2.0,1.0,2.0,2.487136239,2.0,1.0,Q5 Highest,,,2.0,1.0,,1.0,,Thailand,,1,,,3.0,,,1.0,2.0,1.0,0.0,,,,2.0,,,1.0,,1.0,,1.0,THA,1.0,4.0,1.0,4.0,2.0,2.0,2,,,,,False,Male,23_29
1650,0.0,2.0,,East Asia & Pacific (excluding high income),2.0,1.0,1.0,2.0,1.0,1.0,,1,2.0,,2.0,,2.0,19.0,2024,,174225436,1,,60882768.0,2.0,,2.0,4.0,1.0,,0.960637316,2.0,2.0,Q3,,,2.0,2.0,,,,Thailand,,2,,,5.0,,,4.0,,0.0,0.0,,,,2.0,2.0,,3.0,,0.0,,,THA,2.0,2.0,2.0,4.0,2.0,2.0,1,,,,2.0,False,Female,18_22
1651,1.0,2.0,,East Asia & Pacific (excluding high income),2.0,1.0,0.0,2.0,1.0,,,1,2.0,,2.0,,2.0,79.0,2024,,174424368,1,,60882768.0,2.0,,1.0,7.0,2.0,,0.446330707,2.0,1.0,Q5 Highest,,1.0,2.0,1.0,,,,Thailand,,1,,,3.0,,,4.0,,0.0,0.0,,,,1.0,2.0,,1.0,,0.0,2.0,,THA,2.0,2.0,2.0,1.0,2.0,2.0,2,1.0,,,2.0,False,Male,70_plus
1652,1.0,2.0,,East Asia & Pacific (excluding high income),1.0,1.0,1.0,2.0,2.0,1.0,,1,,,,,1.0,35.0,2024,,174488977,1,,60882768.0,2.0,,1.0,5.0,2.0,3.0,0.658518656,1.0,1.0,Q5 Highest,,,2.0,1.0,,1.0,,Thailand,,2,,,4.0,,,1.0,2.0,1.0,1.0,,1.0,,2.0,2.0,,3.0,,1.0,,1.0,THA,4.0,1.0,1.0,4.0,2.0,2.0,1,,,,1.0,False,Female,30_39
1653,1.0,2.0,,East Asia & Pacific (excluding high income),2.0,2.0,0.0,2.0,2.0,1.0,,1,,,,,1.0,48.0,2024,,174503607,1,,60882768.0,2.0,,1.0,4.0,1.0,,0.180975073,1.0,1.0,Q5 Highest,,1.0,3.0,1.0,,,,Thailand,,2,,,4.0,,,4.0,,1.0,1.0,,,,2.0,,,2.0,,0.0,,,THA,4.0,4.0,2.0,4.0,2.0,2.0,1,,,,,False,Female,40_49
1654,1.0,2.0,,East Asia & Pacific (excluding high income),2.0,1.0,0.0,2.0,1.0,1.0,,1,1.0,,1.0,,1.0,54.0,2024,,174504815,1,,60882768.0,2.0,,2.0,2.0,1.0,1.0,0.228521128,2.0,1.0,Q4,,1.0,2.0,1.0,,1.0,,Thailand,,1,,,2.0,,,1.0,1.0,1.0,1.0,,,,2.0,1.0,,2.0,,1.0,,1.0,THA,1.0,1.0,1.0,4.0,2.0,2.0,2,,,,1.0,False,Male,50_59
1655,0.0,2.0,,East Asia & Pacific (excluding high income),2.0,1.0,1.0,2.0,2.0,3.0,,0,,2.0,,2.0,,44.0,2024,2.0,174707052,0,1.0,60882768.0,,,2.0,3.0,,,0.638179311,2.0,,Q3,,,,1.0,2.0,2.0,,Thailand,,2,1.0,1.0,1.0,,,2.0,2.0,0.0,0.0,,,,2.0,2.0,,3.0,,0.0,,2.0,THA,4.0,2.0,1.0,4.0,,2.0,1,,,,2.0,False,Female,40_49
1656,1.0,2.0,,East Asia & Pacific (excluding high income),1.0,1.0,1.0,2.0,1.0,3.0,,1,1.0,,2.0,,3.0,44.0,2024,,174732565,1,,60882768.0,1.0,,2.0,5.0,1.0,,0.318925442,2.0,2.0,Q5 Highest,,1.0,3.0,1.0,,,,Thailand,1.0,1,,,2.0,,,4.0,,1.0,1.0,,,,2.0,2.0,,2.0,,1.0,,,THA,1.0,1.0,2.0,4.0,2.0,2.0,2,,,,1.0,False,Male,40_49
1657,1.0,2.0,,East Asia & Pacific (excluding high income),2.0,1.0,0.0,2.0,2.0,1.0,,1,,,,,3.0,48.0,2024,,174742478,1,,60882768.0,2.0,,1.0,2.0,2.0,1.0,0.19359578,2.0,2.0,Q5 Highest,,,3.0,1.0,,2.0,,Thailand,1.0,1,,,4.0,,,1.0,2.0,1.0,0.0,,2.0,,2.0,2.0,,4.0,,0.0,,1.0,THA,4.0,2.0,1.0,4.0,2.0,2.0,2,,,,2.0,False,Male,40_49
1658,1.0,2.0,,East Asia & Pacific (excluding high income),1.0,1.0,1.0,2.0,2.0,1.0,,1,,,,,3.0,48.0,2024,,174795038,1,,60882768.0,2.0,,1.0,2.0,2.0,,1.788771212,1.0,1.0,Q3,,,3.0,1.0,,2.0,,Thailand,2.0,2,,,4.0,,,2.0,2.0,0.0,1.0,,2.0,,1.0,2.0,,1.0,,1.0,2.0,2.0,THA,4.0,2.0,1.0,1.0,2.0,2.0,2,1.0,,,2.0,False,Male,40_49
1659,1.0,2.0,,East Asia & Pacific (excluding high income),1.0,1.0,1.0,2.0,2.0,2.0,,1,,,,,2.0,53.0,2024,,174797330,1,,60882768.0,1.0,,2.0,2.0,1.0,2.0,0.244591453,2.0,1.0,Q2,,,2.0,1.0,,2.0,,Thailand,,1,,,4.0,,,1.0,1.0,0.0,0.0,,,,1.0,2.0,,2.0,,0.0,2.0,1.0,THA,4.0,2.0,1.0,1.0,2.0,2.0,1,1.0,,,2.0,False,Female,50_59
1660,1.0,2.0,,East Asia & Pacific (excluding high income),2.0,1.0,0.0,2.0,2.0,2.0,,1,,,,,3.0,67.0,2024,,174835454,1,,60882768.0,2.0,,1.0,2.0,2.0,,0.135631464,1.0,1.0,Q2,,,1.0,2.0,,,,Thailand,,1,,,4.0,,,4.0,,1.0,1.0,,,,1.0,2.0,,4.0,,0.0,2.0,,THA,4.0,2.0,2.0,1.0,2.0,2.0,1,1.0,,,2.0,False,Female,60_69
1661,1.0,2.0,,East Asia & Pacific (excluding high income),1.0,1.0,1.0,2.0,2.0,3.0,,1,,,,,1.0,35.0,2024,,175020258,1,,60882768.0,1.0,,3.0,2.0,1.0,2.0,3.424553462,1.0,1.0,Q5 Highest,,,2.0,2.0,,1.0,,Thailand,,2,,,6.0,,,1.0,2.0,1.0,1.0,,,,2.0,1.0,,4.0,,1.0,,1.0,THA,4.0,1.0,1.0,4.0,2.0,2.0,2,,,,1.0,False,Male,30_39
1662,1.0,2.0,,East Asia & Pacific (excluding high income),1.0,1.0,1.0,2.0,2.0,3.0,,1,,,,,1.0,53.0,2024,,175169992,1,,60882768.0,1.0,,3.0,1.0,1.0,2.0,0.135631464,2.0,1.0,Q5 Highest,,1.0,2.0,1.0,,2.0,,Thailand,,1,,,1.0,,,1.0,2.0,1.0,0.0,,2.0,,2.0,1.0,,3.0,,1.0,,1.0,THA,4.0,1.0,1.0,4.0,2.0,2.0,1,,,,2.0,False,Female,50_59
1663,1.0,2.0,,East Asia & Pacific (excluding high income),1.0,1.0,1.0,2.0,2.0,2.0,,1,,,,,1.0,54.0,2024,,175471023,1,,60882768.0,1.0,,2.0,5.0,1.0,,0.322472854,2.0,1.0,Q4,,,1.0,1.0,,,,Thailand,,1,,,8.0,,,4.0,,1.0,1.0,,1.0,,2.0,2.0,,3.0,,1.0,,,THA,4.0,1.0,2.0,4.0,1.0,2.0,1,,,,1.0,False,Female,50_59
1664,1.0,1.0,,East Asia & Pacific (excluding high income),1.0,1.0,1.0,2.0,2.0,2.0,,1,,,,,1.0,37.0,2024,,175543439,1,,60882768.0,1.0,,3.0,4.0,1.0,2.0,1.385196381,1.0,1.0,Q4,,1.0,2.0,1.0,,2.0,,Thailand,,2,,,5.0,,,1.0,2.0,1.0,1.0,,2.0,,2.0,2.0,,2.0,,1.0,,1.0,THA,4.0,1.0,1.0,4.0,1.0,1.0,2,,,,1.0,False,Male,30_39
1665,1.0,2.0,,East Asia & Pacific (excluding high income),2.0,1.0,0.0,1.0,2.0,,,1,,,,,2.0,70.0,2024,,175721817,1,,60882768.0,2.0,,1.0,7.0,1.0,,0.135631464,1.0,1.0,Q1 Lowest,,,2.0,1.0,,,,Thailand,,1,,,4.0,,,4.0,,0.0,1.0,,,,1.0,2.0,,2.0,,0.0,2.0,,THA,4.0,2.0,2.0,1.0,2.0,2.0,2,1.0,,,2.0,False,Male,70_plus
1666,1.0,1.0,,East Asia & Pacific (excluding high income),1.0,1.0,1.0,2.0,2.0,2.0,,1,,,,,1.0,56.0,2024,,175802507,1,,60882768.0,1.0,,1.0,2.0,1.0,,0.477718088,1.0,2.0,Q3,,,1.0,1.0,,,,Thailand,,1,,,3.0,,,4.0,,1.0,1.0,,,,1.0,2.0,,4.0,,0.0,2.0,,THA,4.0,1.0,2.0,1.0,2.0,2.0,1,1.0,,,1.0,False,Female,50_59
1667,0.0,2.0,,East Asia & Pacific (excluding high income),2.0,2.0,0.0,2.0,1.0,2.0,,0,2.0,2.0,2.0,2.0,,53.0,2024,1.0,175969795,0,1.0,60882768.0,,,1.0,2.0,,,1.563927445,2.0,,Q4,,,,1.0,1.0,,,Thailand,,2,2.0,1.0,5.0,,,4.0,,0.0,0.0,,,,2.0,,,4.0,,0.0,,,THA,2.0,4.0,2.0,4.0,,2.0,2,,,,,False,Male,50_59
1668,1.0,1.0,,East Asia & Pacific (excluding high income),1.0,1.0,1.0,2.0,2.0,3.0,,1,,,,,2.0,32.0,2024,,175972425,1,,60882768.0,1.0,1.0,2.0,5.0,1.0,,3.085300551,2.0,2.0,Q3,,1.0,3.0,2.0,,,,Thailand,,1,,,4.0,,,4.0,,0.0,1.0,,1.0,,1.0,1.0,,4.0,,1.0,2.0,,THA,4.0,1.0,2.0,1.0,1.0,2.0,2,2.0,,,1.0,False,Male,30_39
1669,1.0,2.0,,East Asia & Pacific (excluding high income),1.0,1.0,1.0,2.0,2.0,2.0,,1,,,,,1.0,42.0,2024,,175997071,1,,60882768.0,1.0,,2.0,2.0,2.0,,2.187920552,2.0,2.0,Q3,,1.0,1.0,1.0,,,,Thailand,,1,,,2.0,,,4.0,,1.0,0.0,,,,2.0,1.0,,2.0,,0.0,,,THA,4.0,1.0,2.0,4.0,2.0,2.0,1,,,,1.0,False,Female,40_49
1670,1.0,2.0,,East Asia & Pacific (excluding high income),1.0,1.0,1.0,2.0,1.0,2.0,,1,1.0,,1.0,,2.0,25.0,2024,,176034737,1,,60882768.0,1.0,,1.0,4.0,1.0,,1.307034707,1.0,1.0,Q3,,1.0,3.0,1.0,,,,Thailand,,1,,,3.0,,,4.0,,1.0,1.0,,,,1.0,1.0,,1.0,,1.0,2.0,,THA,1.0,1.0,2.0,1.0,2.0,2.0,2,1.0,,,1.0,False,Male,23_29
1671,1.0,2.0,,East Asia & Pacific (excluding high income),2.0,2.0,0.0,1.0,2.0,2.0,,1,,,,,2.0,82.0,2024,,176066331,1,,60882768.0,2.0,,2.0,2.0,2.0,,0.346950907,1.0,1.0,Q5 Highest,,2.0,2.0,1.0,,,,Thailand,,1,,,3.0,,,4.0,,0.0,1.0,,,,2.0,,,2.0,,0.0,2.0,,THA,4.0,4.0,2.0,4.0,2.0,2.0,2,1.0,,,,False,Male,70_plus
1672,1.0,2.0,,East Asia & Pacific (excluding high income),1.0,1.0,1.0,2.0,2.0,2.0,,1,,,,,1.0,24.0,2024,,176077478,1,,60882768.0,1.0,,3.0,2.0,1.0,,1.851218565,1.0,2.0,Q5 Highest,,,1.0,1.0,,,,Thailand,,1,,,1.0,,,4.0,,1.0,1.0,,,,2.0,2.0,,2.0,,0.0,,,THA,4.0,2.0,2.0,4.0,2.0,2.0,2,,,,2.0,False,Male,23_29
1673,1.0,2.0,,East Asia & Pacific (excluding high income),2.0,1.0,0.0,2.0,2.0,2.0,,1,,,,,4.0,60.0,2024,,176271169,1,,60882768.0,2.0,,1.0,2.0,2.0,,2.571703356,2.0,1.0,Q4,,,2.0,1.0,,2.0,,Thailand,,1,,,3.0,,,2.0,2.0,0.0,1.0,,,,1.0,2.0,,4.0,,0.0,2.0,2.0,THA,4.0,2.0,1.0,1.0,2.0,1.0,2,1.0,,,2.0,False,Male,60_69
1674,0.0,2.0,,East Asia & Pacific (excluding high income),2.0,1.0,0.0,1.0,2.0,,,0,,1.0,,2.0,,63.0,2024,1.0,176439168,0,2.0,60882768.0,,2.0,1.0,7.0,,,0.135631464,2.0,,Q2,,,,1.0,2.0,,,Thailand,,2,2.0,2.0,1.0,,,4.0,,0.0,0.0,,,,2.0,2.0,,1.0,,0.0,2.0,,THA,4.0,2.0,2.0,4.0,,2.0,1,2.0,,,2.0,False,Female,60_69
1675,1.0,2.0,,East Asia & Pacific (excluding high income),1.0,1.0,1.0,1.0,2.0,3.0,,1,,,,,1.0,60.0,2024,,176468455,1,,60882768.0,1.0,,3.0,1.0,1.0,2.0,0.224223842,2.0,1.0,Q5 Highest,,1.0,2.0,1.0,,1.0,,Thailand,,1,,,6.0,,,1.0,1.0,1.0,0.0,,,,2.0,1.0,,4.0,,1.0,1.0,1.0,THA,4.0,1.0,1.0,4.0,1.0,2.0,2,1.0,,,1.0,False,Male,60_69
1676,1.0,2.0,,East Asia & Pacific (excluding high income),2.0,1.0,1.0,2.0,2.0,3.0,,1,,,,,1.0,64.0,2024,,176546357,1,,60882768.0,1.0,,1.0,5.0,2.0,,0.135631464,1.0,1.0,Q5 Highest,,,1.0,1.0,,,,Thailand,,1,,,7.0,,,4.0,,1.0,1.0,,,,1.0,2.0,,1.0,,0.0,2.0,,THA,4.0,2.0,2.0,1.0,2.0,2.0,1,1.0,,,2.0,False,Female,60_69
1677,1.0,2.0,,East Asia & Pacific (excluding high income),1.0,1.0,1.0,2.0,1.0,2.0,,1,2.0,,2.0,,4.0,46.0,2024,,176583425,1,,60882768.0,2.0,,1.0,3.0,2.0,,0.920307067,2.0,2.0,Q2,,2.0,3.0,1.0,,,,Thailand,1.0,1,,,4.0,,,4.0,,0.0,1.0,,,,1.0,2.0,2.0,1.0,,0.0,2.0,,THA,2.0,2.0,2.0,1.0,2.0,2.0,1,1.0,,,2.0,False,Female,40_49
1678,0.0,2.0,,East Asia & Pacific (excluding high income),2.0,2.0,0.0,2.0,2.0,,,0,,2.0,,2.0,,51.0,2024,1.0,176599769,0,2.0,60882768.0,,,1.0,7.0,,,0.317853325,2.0,,Q1 Lowest,,,,2.0,2.0,,,Thailand,,2,1.0,1.0,3.0,,,4.0,,0.0,0.0,,,,2.0,,,1.0,,0.0,,,THA,4.0,4.0,2.0,4.0,,2.0,2,,,,,False,Male,50_59
1679,1.0,2.0,,East Asia & Pacific (excluding high income),2.0,1.0,0.0,2.0,2.0,,,1,,,,,2.0,64.0,2024,,176815862,1,,60882768.0,2.0,,1.0,7.0,2.0,,0.238270523,2.0,1.0,Q5 Highest,,,2.0,1.0,,,,Thailand,,1,,,4.0,,,4.0,,0.0,0.0,,,,1.0,2.0,,1.0,,0.0,2.0,,THA,4.0,2.0,2.0,1.0,2.0,2.0,1,1.0,,,2.0,False,Female,60_69
1680,1.0,2.0,,East Asia & Pacific (excluding high income),4.0,1.0,0.0,2.0,2.0,3.0,,1,,,,,1.0,30.0,2024,,176863042,1,,60882768.0,4.0,,2.0,2.0,4.0,,0.729532197,2.0,1.0,Q5 Highest,,,1.0,1.0,,,,Thailand,,2,,,3.0,,,4.0,,1.0,0.0,,,,2.0,2.0,,5.0,,0.0,,,THA,4.0,1.0,2.0,4.0,4.0,2.0,2,,,,1.0,False,Male,30_39
1681,1.0,2.0,,East Asia & Pacific (excluding high income),2.0,1.0,0.0,1.0,2.0,3.0,,1,,,,,2.0,67.0,2024,,177052106,1,,60882768.0,2.0,,1.0,2.0,1.0,,0.764086169,2.0,1.0,Q4,,,2.0,2.0,,,,Thailand,,1,,,7.0,,,4.0,,1.0,0.0,,,,2.0,2.0,,5.0,,0.0,2.0,,THA,4.0,2.0,2.0,4.0,2.0,2.0,2,1.0,,,2.0,False,Male,60_69
1682,1.0,2.0,,East Asia & Pacific (excluding high income),2.0,1.0,1.0,2.0,2.0,1.0,,1,,,,,2.0,63.0,2024,,177077752,1,,60882768.0,2.0,,1.0,2.0,2.0,,0.581200079,2.0,1.0,Q5 Highest,,,2.0,1.0,,2.0,,Thailand,,1,,,3.0,,,2.0,2.0,0.0,0.0,,,,1.0,2.0,2.0,4.0,,0.0,2.0,2.0,THA,4.0,2.0,1.0,1.0,2.0,2.0,2,1.0,,,2.0,False,Male,60_69
1683,1.0,2.0,,East Asia & Pacific (excluding high income),1.0,1.0,1.0,2.0,2.0,3.0,,1,,,,,1.0,50.0,2024,,177129493,1,,60882768.0,1.0,,3.0,1.0,1.0,2.0,0.206418602,2.0,2.0,Q5 Highest,,1.0,1.0,1.0,,1.0,,Thailand,,2,,,3.0,,,1.0,2.0,1.0,0.0,,1.0,,2.0,1.0,2.0,4.0,,1.0,,1.0,THA,4.0,1.0,1.0,4.0,1.0,2.0,1,,,,2.0,False,Female,50_59
1684,0.0,2.0,,East Asia & Pacific (excluding high income),1.0,1.0,1.0,2.0,2.0,1.0,,1,,,,,2.0,43.0,2024,,177351190,1,,60882768.0,4.0,,1.0,5.0,2.0,,0.713246652,2.0,1.0,Q3,,,3.0,1.0,,,,Thailand,,1,,,4.0,,,4.0,,0.0,0.0,,,,2.0,2.0,,5.0,,0.0,,,THA,4.0,3.0,2.0,4.0,2.0,2.0,1,,,,2.0,False,Female,40_49
1685,0.0,2.0,,East Asia & Pacific (excluding high income),2.0,1.0,1.0,2.0,2.0,,,1,,,,,2.0,84.0,2024,,177539218,1,,60882768.0,1.0,,1.0,7.0,2.0,,0.343204036,2.0,1.0,Q1 Lowest,2.0,,2.0,1.0,,2.0,,Thailand,,1,,,1.0,,,3.0,2.0,0.0,0.0,,,,2.0,2.0,,4.0,,0.0,,2.0,THA,4.0,2.0,1.0,4.0,2.0,2.0,1,,,,2.0,False,Female,70_plus
1686,1.0,2.0,,East Asia & Pacific (excluding high income),4.0,1.0,1.0,1.0,2.0,1.0,,1,,,,,1.0,39.0,2024,,177756539,1,,60882768.0,2.0,,3.0,5.0,2.0,2.0,0.827851297,2.0,1.0,Q5 Highest,,1.0,2.0,1.0,,2.0,,Thailand,,1,,,4.0,,,1.0,2.0,1.0,0.0,,,,2.0,2.0,,4.0,,0.0,2.0,1.0,THA,4.0,1.0,1.0,4.0,2.0,2.0,1,1.0,,,1.0,False,Female,30_39
1687,1.0,2.0,,East Asia & Pacific (excluding high income),1.0,1.0,1.0,2.0,2.0,2.0,,1,,,,,1.0,18.0,2024,,177970721,1,,60882768.0,1.0,,2.0,3.0,1.0,2.0,1.310003915,2.0,1.0,Q4,,1.0,2.0,1.0,,1.0,,Thailand,,1,,,4.0,,,1.0,2.0,1.0,0.0,,1.0,,2.0,1.0,,4.0,,1.0,,1.0,THA,4.0,1.0,1.0,4.0,1.0,2.0,2,,,,1.0,False,Male,18_22
1688,1.0,1.0,,East Asia & Pacific (excluding high income),1.0,2.0,1.0,2.0,2.0,1.0,,1,,,,,1.0,38.0,2024,,178178494,1,,60882768.0,1.0,,1.0,1.0,2.0,1.0,0.77642478,1.0,1.0,Q1 Lowest,,,1.0,1.0,,2.0,,Thailand,,1,,,4.0,,,1.0,2.0,0.0,1.0,,,,1.0,,1.0,2.0,,0.0,2.0,1.0,THA,4.0,4.0,1.0,2.0,2.0,1.0,2,2.0,,,,False,Male,30_39
1689,1.0,2.0,,East Asia & Pacific (excluding high income),2.0,2.0,0.0,1.0,2.0,2.0,,1,,,,,2.0,74.0,2024,,178556339,1,,60882768.0,2.0,,1.0,2.0,2.0,,0.135631464,2.0,1.0,Q1 Lowest,,,2.0,2.0,,,,Thailand,,1,,,4.0,,,4.0,,0.0,0.0,,,,1.0,,,1.0,,0.0,2.0,,THA,4.0,4.0,2.0,1.0,2.0,2.0,2,1.0,,,,False,Male,70_plus
1690,1.0,2.0,,East Asia & Pacific (excluding high income),2.0,2.0,0.0,2.0,1.0,1.0,,1,2.0,,2.0,,2.0,23.0,2024,,178602995,1,,60882768.0,2.0,,1.0,2.0,1.0,,1.581361418,1.0,1.0,Q2,,,2.0,1.0,,,,Thailand,,1,,,2.0,,,4.0,,0.0,1.0,,,,1.0,,,4.0,,0.0,2.0,,THA,2.0,4.0,2.0,1.0,2.0,2.0,1,1.0,,,,False,Female,23_29
1691,1.0,2.0,,East Asia & Pacific (excluding high income),2.0,1.0,0.0,2.0,1.0,2.0,,1,1.0,,2.0,,6.0,42.0,2024,,178607994,1,,60882768.0,4.0,,1.0,2.0,2.0,,1.914537934,4.0,2.0,Q4,,,6.0,1.0,,,,Thailand,4.0,1,,,1.0,,,4.0,,0.0,0.0,,,,2.0,2.0,,4.0,,1.0,,,THA,1.0,2.0,2.0,4.0,2.0,4.0,1,,,,2.0,False,Female,40_49
1692,1.0,2.0,,East Asia & Pacific (excluding high income),2.0,1.0,0.0,2.0,2.0,2.0,,1,,,,,2.0,62.0,2024,,178785143,1,,60882768.0,2.0,,1.0,4.0,2.0,,1.849975983,2.0,1.0,Q1 Lowest,,,2.0,1.0,,,,Thailand,,1,,,5.0,,,4.0,,0.0,1.0,,,,1.0,2.0,,2.0,,0.0,2.0,,THA,4.0,2.0,2.0,1.0,2.0,1.0,1,1.0,,,2.0,False,Female,60_69
1693,1.0,2.0,,East Asia & Pacific (excluding high income),2.0,1.0,0.0,2.0,2.0,2.0,,1,,,,,1.0,50.0,2024,,178820085,1,,60882768.0,4.0,,2.0,2.0,2.0,,0.322472854,2.0,1.0,Q3,,1.0,3.0,1.0,,,,Thailand,,2,,,3.0,,,4.0,,0.0,0.0,,,,2.0,2.0,,5.0,,0.0,,,THA,4.0,2.0,2.0,4.0,2.0,2.0,1,,,,2.0,False,Female,50_59
1694,1.0,2.0,,East Asia & Pacific (excluding high income),2.0,2.0,0.0,2.0,2.0,2.0,,1,,,,,1.0,25.0,2024,,178981370,1,,60882768.0,2.0,,1.0,4.0,1.0,2.0,1.035853695,2.0,1.0,Q3,,1.0,2.0,1.0,,2.0,,Thailand,,2,,,4.0,,,1.0,2.0,1.0,0.0,,,,2.0,,,3.0,,0.0,,1.0,THA,4.0,4.0,1.0,4.0,2.0,2.0,1,,,,,False,Female,23_29
1695,0.0,2.0,,East Asia & Pacific (excluding high income),2.0,1.0,0.0,2.0,2.0,1.0,,0,,2.0,,1.0,,56.0,2024,1.0,179105211,0,2.0,60882768.0,,,1.0,4.0,,,0.261898246,2.0,,Q1 Lowest,,,,1.0,1.0,2.0,,Thailand,,2,2.0,2.0,1.0,,,2.0,2.0,0.0,0.0,,,,2.0,2.0,,1.0,,0.0,,2.0,THA,4.0,2.0,1.0,4.0,,2.0,1,,,,2.0,False,Female,50_59
1696,1.0,2.0,,East Asia & Pacific (excluding high income),1.0,1.0,1.0,2.0,2.0,2.0,,1,,,,,3.0,48.0,2024,,179314465,1,,60882768.0,1.0,,2.0,2.0,2.0,,0.696293967,1.0,1.0,Q4,,,1.0,1.0,,,,Thailand,,1,,,4.0,,,4.0,,1.0,1.0,,1.0,,2.0,1.0,,3.0,,1.0,,,THA,4.0,1.0,2.0,4.0,2.0,2.0,2,,,,1.0,False,Male,40_49
1697,0.0,2.0,,East Asia & Pacific (excluding high income),1.0,1.0,1.0,2.0,2.0,1.0,,1,,,,,1.0,55.0,2024,,179440008,1,,60882768.0,3.0,,1.0,5.0,1.0,,0.718921481,2.0,1.0,Q2,,,1.0,1.0,,,,Thailand,,4,,,1.0,,,4.0,,1.0,1.0,,1.0,,2.0,2.0,,5.0,,0.0,,,THA,4.0,2.0,2.0,4.0,2.0,1.0,1,,,,2.0,False,Female,50_59
1698,1.0,2.0,,East Asia & Pacific (excluding high income),2.0,1.0,0.0,2.0,2.0,1.0,,1,,,,,1.0,33.0,2024,,179556739,1,,60882768.0,2.0,,1.0,2.0,2.0,1.0,3.424553462,1.0,1.0,Q3,,,4.0,1.0,,1.0,,Thailand,,2,,,2.0,,,1.0,2.0,1.0,1.0,,,,1.0,1.0,,3.0,,1.0,2.0,1.0,THA,4.0,1.0,1.0,1.0,2.0,2.0,2,1.0,,,1.0,False,Male,30_39
1699,0.0,2.0,,East Asia & Pacific (excluding high income),2.0,2.0,0.0,2.0,2.0,2.0,,1,,,,,2.0,50.0,2024,,179747350,1,,60882768.0,2.0,,1.0,2.0,2.0,,0.178695935,2.0,2.0,Q2,,,2.0,1.0,,2.0,,Thailand,,1,,,4.0,,,2.0,2.0,0.0,0.0,,,,2.0,,,1.0,,0.0,,2.0,THA,4.0,4.0,1.0,4.0,2.0,2.0,2,,,,,False,Male,50_59
1700,1.0,2.0,,East Asia & Pacific (excluding high income),2.0,1.0,0.0,2.0,2.0,1.0,,1,,,,,2.0,58.0,2024,,179826529,1,,60882768.0,2.0,,1.0,2.0,2.0,,0.294047726,2.0,1.0,Q1 Lowest,,,3.0,2.0,,,,Thailand,,1,,,3.0,,,4.0,,0.0,0.0,,,,1.0,2.0,,2.0,,0.0,2.0,,THA,4.0,2.0,2.0,1.0,2.0,2.0,1,1.0,,,2.0,False,Female,50_59
1701,1.0,3.0,,East Asia & Pacific (excluding high income),2.0,2.0,0.0,2.0,2.0,,,1,,,,,,84.0,2024,,179892780,1,,60882768.0,,1.0,1.0,8.0,,,0.206097063,2.0,,Q1 Lowest,,,,2.0,,,,Thailand,,3,,,7.0,,,4.0,,0.0,0.0,,,,1.0,,,5.0,,0.0,3.0,,THA,4.0,4.0,2.0,1.0,,3.0,1,3.0,,,,False,Female,70_plus
1702,1.0,2.0,,East Asia & Pacific (excluding high income),2.0,1.0,0.0,2.0,2.0,1.0,,1,,,,,4.0,59.0,2024,,179895334,1,,60882768.0,2.0,,1.0,2.0,2.0,,0.709749103,2.0,1.0,Q1 Lowest,,,4.0,2.0,,,,Thailand,1.0,2,,,4.0,,,4.0,,0.0,0.0,,,,1.0,2.0,,2.0,,0.0,2.0,,THA,4.0,2.0,2.0,1.0,2.0,2.0,1,1.0,,,2.0,False,Female,50_59
1703,1.0,2.0,,East Asia & Pacific (excluding high income),2.0,1.0,0.0,2.0,1.0,2.0,,1,2.0,,1.0,,1.0,40.0,2024,,179955997,1,,60882768.0,1.0,,1.0,3.0,2.0,2.0,1.320182503,1.0,2.0,Q2,,,2.0,1.0,,1.0,,Thailand,,1,,,4.0,,,1.0,2.0,1.0,1.0,,,,2.0,2.0,,1.0,,1.0,,1.0,THA,1.0,1.0,1.0,4.0,2.0,2.0,2,,,,1.0,False,Male,40_49
1704,1.0,2.0,,East Asia & Pacific (excluding high income),1.0,1.0,1.0,2.0,2.0,2.0,,1,,,,,,40.0,2024,,180177862,1,,60882768.0,,,1.0,1.0,,,3.424553462,2.0,,Q1 Lowest,,1.0,,2.0,,,,Thailand,,2,,,3.0,,,4.0,,0.0,0.0,,,2.0,1.0,1.0,,3.0,,1.0,1.0,,THA,4.0,1.0,2.0,1.0,,2.0,1,1.0,,,1.0,False,Female,40_49
1705,1.0,2.0,,East Asia & Pacific (excluding high income),2.0,1.0,0.0,2.0,2.0,,,1,,,,,2.0,79.0,2024,,180368835,1,,60882768.0,2.0,,1.0,7.0,2.0,,0.619733101,2.0,1.0,Q1 Lowest,,,2.0,2.0,,,,Thailand,,1,,,4.0,,,4.0,,0.0,0.0,,,,1.0,2.0,,2.0,,0.0,2.0,,THA,4.0,2.0,2.0,1.0,2.0,2.0,2,1.0,,,2.0,False,Male,70_plus
1706,1.0,2.0,,East Asia & Pacific (excluding high income),2.0,1.0,1.0,2.0,2.0,,,1,,,,,3.0,58.0,2024,,180369449,1,,60882768.0,1.0,,1.0,7.0,2.0,,1.958657048,2.0,1.0,Q4,,1.0,2.0,2.0,,,,Thailand,,1,,,4.0,,,4.0,,0.0,1.0,,,,2.0,2.0,2.0,5.0,,0.0,,,THA,4.0,2.0,2.0,4.0,2.0,1.0,1,,,,2.0,False,Female,50_59
1707,1.0,2.0,,East Asia & Pacific (excluding high income),1.0,1.0,1.0,2.0,2.0,2.0,,1,,,,,2.0,58.0,2024,,180403678,1,,60882768.0,2.0,,1.0,2.0,2.0,,0.477718088,2.0,1.0,Q5 Highest,,1.0,2.0,2.0,,,,Thailand,,1,,,4.0,,,4.0,,0.0,0.0,,,,1.0,2.0,,2.0,,0.0,2.0,,THA,4.0,2.0,2.0,1.0,2.0,2.0,1,1.0,,,2.0,False,Female,50_59
1708,0.0,2.0,,East Asia & Pacific (excluding high income),4.0,2.0,0.0,2.0,2.0,,,1,,,,,6.0,19.0,2024,,180435326,1,,60882768.0,2.0,,1.0,8.0,3.0,,1.53872457,2.0,2.0,Q1 Lowest,,,6.0,2.0,,,,Thailand,2.0,2,,,7.0,,,4.0,,0.0,0.0,,2.0,,2.0,,,5.0,,0.0,,,THA,4.0,4.0,2.0,4.0,2.0,2.0,1,,,,,False,Female,18_22
1709,1.0,2.0,,East Asia & Pacific (excluding high income),1.0,2.0,1.0,2.0,2.0,2.0,,1,,,,,1.0,39.0,2024,,180534896,1,,60882768.0,1.0,,2.0,2.0,1.0,2.0,0.704734412,1.0,1.0,Q3,,,2.0,1.0,,2.0,,Thailand,,1,,,5.0,,,1.0,1.0,1.0,1.0,,1.0,,2.0,,,4.0,,1.0,,1.0,THA,4.0,4.0,1.0,4.0,2.0,2.0,1,,,,,False,Female,30_39
1710,1.0,2.0,,East Asia & Pacific (excluding high income),2.0,1.0,0.0,2.0,1.0,,,1,2.0,,2.0,,2.0,66.0,2024,,180688569,1,,60882768.0,2.0,,1.0,8.0,1.0,,0.176795522,1.0,2.0,Q2,,,3.0,1.0,,,,Thailand,,1,,,3.0,,,4.0,,0.0,1.0,,,,1.0,2.0,,1.0,,0.0,2.0,,THA,2.0,2.0,2.0,1.0,2.0,2.0,1,1.0,,,2.0,False,Female,60_69
1711,1.0,2.0,,East Asia & Pacific (excluding high income),1.0,1.0,1.0,2.0,2.0,1.0,,1,,,,,1.0,38.0,2024,,180690219,1,,60882768.0,1.0,,1.0,2.0,1.0,,3.424553462,1.0,1.0,Q2,,,2.0,1.0,,,,Thailand,,1,,,4.0,,,4.0,,0.0,1.0,,,,1.0,2.0,,1.0,,0.0,2.0,,THA,4.0,2.0,2.0,1.0,2.0,2.0,1,1.0,,,2.0,False,Female,30_39
1712,1.0,2.0,,East Asia & Pacific (excluding high income),2.0,2.0,0.0,2.0,2.0,1.0,,1,,,,,2.0,70.0,2024,,180913090,1,,60882768.0,2.0,,1.0,2.0,2.0,,0.498620887,2.0,1.0,Q2,,,2.0,2.0,,,,Thailand,,1,,,1.0,,,4.0,,0.0,0.0,,,,1.0,,,2.0,,0.0,2.0,,THA,4.0,4.0,2.0,1.0,2.0,2.0,2,1.0,,,,False,Male,70_plus
1713,1.0,2.0,,East Asia & Pacific (excluding high income),2.0,1.0,0.0,1.0,2.0,,,1,,,,,3.0,72.0,2024,,181259507,1,,60882768.0,2.0,,1.0,8.0,2.0,,0.714811568,2.0,1.0,Q1 Lowest,,,2.0,1.0,,,,Thailand,,1,,,4.0,,,4.0,,0.0,0.0,,,,1.0,2.0,,1.0,,0.0,2.0,,THA,4.0,2.0,2.0,1.0,2.0,2.0,1,1.0,,,2.0,False,Female,70_plus
1714,1.0,2.0,,East Asia & Pacific (excluding high income),2.0,1.0,0.0,2.0,2.0,1.0,,1,,,,,4.0,69.0,2024,,181302141,1,,60882768.0,2.0,,1.0,2.0,2.0,,0.135631464,1.0,1.0,Q5 Highest,,,2.0,1.0,,,,Thailand,,2,,,4.0,,,4.0,,0.0,1.0,,,,1.0,2.0,,4.0,,0.0,2.0,,THA,4.0,2.0,2.0,1.0,2.0,1.0,1,1.0,,,2.0,False,Female,60_69
1715,0.0,2.0,,East Asia & Pacific (excluding high income),2.0,1.0,0.0,2.0,2.0,,,0,,2.0,,1.0,,58.0,2024,1.0,181334428,0,2.0,60882768.0,,,1.0,7.0,,,0.714811568,2.0,,Q1 Lowest,,,,2.0,2.0,,,Thailand,,2,1.0,1.0,3.0,,,4.0,,0.0,0.0,,,,2.0,2.0,,6.0,,0.0,,,THA,4.0,2.0,2.0,4.0,,2.0,1,,,,2.0,False,Female,50_59
1716,1.0,2.0,,East Asia & Pacific (excluding high income),2.0,1.0,1.0,2.0,2.0,1.0,,1,,,,,2.0,59.0,2024,,181422459,1,,60882768.0,2.0,,2.0,2.0,1.0,,0.135631464,1.0,2.0,Q2,,1.0,2.0,2.0,,,,Thailand,,1,,,4.0,,,4.0,,1.0,1.0,,,,2.0,2.0,,1.0,,0.0,,,THA,4.0,2.0,2.0,4.0,2.0,2.0,2,,,,2.0,False,Male,50_59
1717,1.0,2.0,,East Asia & Pacific (excluding high income),1.0,2.0,1.0,2.0,2.0,2.0,,1,,,,,1.0,42.0,2024,,181558721,1,,60882768.0,1.0,,1.0,2.0,1.0,1.0,0.472116017,1.0,1.0,Q5 Highest,,,3.0,1.0,,2.0,,Thailand,,2,,,5.0,,,1.0,2.0,1.0,1.0,,,,2.0,,,2.0,,0.0,,1.0,THA,4.0,4.0,1.0,4.0,2.0,2.0,2,,,,,False,Male,40_49
1718,1.0,2.0,,East Asia & Pacific (excluding high income),2.0,1.0,0.0,1.0,2.0,,,1,,,,,2.0,78.0,2024,,181704094,1,,60882768.0,2.0,,1.0,7.0,2.0,,0.147023863,2.0,1.0,Q1 Lowest,,,2.0,2.0,,,,Thailand,,1,,,1.0,,,4.0,,1.0,0.0,,,,1.0,2.0,,5.0,,0.0,2.0,,THA,4.0,2.0,2.0,1.0,2.0,2.0,1,1.0,,,2.0,False,Female,70_plus
1719,1.0,2.0,,East Asia & Pacific (excluding high income),2.0,1.0,0.0,2.0,2.0,1.0,,1,,,,,4.0,57.0,2024,,181771418,1,,60882768.0,1.0,,1.0,2.0,2.0,,0.135631464,2.0,1.0,Q1 Lowest,,,4.0,1.0,,,,Thailand,2.0,1,,,1.0,,,4.0,,0.0,0.0,,,,1.0,2.0,,1.0,,0.0,2.0,,THA,4.0,2.0,2.0,1.0,2.0,2.0,1,1.0,,,2.0,False,Female,50_59
1720,1.0,2.0,,East Asia & Pacific (excluding high income),1.0,1.0,1.0,2.0,2.0,1.0,,1,,,,,2.0,26.0,2024,,181918801,1,,60882768.0,1.0,,2.0,2.0,1.0,2.0,1.92675469,2.0,1.0,Q4,,,2.0,1.0,,1.0,,Thailand,,1,,,2.0,,,1.0,2.0,0.0,1.0,,,,2.0,2.0,,1.0,,1.0,,1.0,THA,4.0,2.0,1.0,4.0,2.0,2.0,2,,,,2.0,False,Male,23_29
1721,1.0,2.0,,East Asia & Pacific (excluding high income),1.0,1.0,1.0,2.0,2.0,2.0,,1,,,,,1.0,46.0,2024,,181967313,1,,60882768.0,1.0,,1.0,3.0,1.0,,1.699267439,2.0,1.0,Q4,,1.0,1.0,1.0,,,,Thailand,,1,,,4.0,,,4.0,,1.0,1.0,,1.0,,2.0,1.0,,4.0,,1.0,,,THA,4.0,1.0,2.0,4.0,2.0,1.0,2,,,,1.0,False,Male,40_49
1722,1.0,2.0,,East Asia & Pacific (excluding high income),2.0,1.0,0.0,2.0,2.0,,,1,,,,,3.0,82.0,2024,,182081446,1,,60882768.0,2.0,,1.0,8.0,2.0,,2.064026519,2.0,1.0,Q1 Lowest,,,3.0,1.0,,,,Thailand,1.0,1,,,4.0,,,4.0,,0.0,0.0,,,,1.0,2.0,,5.0,,0.0,2.0,,THA,4.0,2.0,2.0,1.0,2.0,2.0,2,1.0,,,2.0,False,Male,70_plus
1723,1.0,2.0,,East Asia & Pacific (excluding high income),2.0,1.0,0.0,2.0,1.0,1.0,,1,2.0,,2.0,,2.0,69.0,2024,,182128299,1,,60882768.0,2.0,,1.0,4.0,2.0,,0.135631464,1.0,1.0,Q1 Lowest,,,2.0,1.0,,,,Thailand,,1,,,1.0,,,4.0,,0.0,1.0,,,,1.0,2.0,,4.0,,0.0,2.0,,THA,2.0,2.0,2.0,1.0,2.0,2.0,1,1.0,,,2.0,False,Female,60_69
1724,1.0,2.0,,East Asia & Pacific (excluding high income),2.0,1.0,0.0,2.0,2.0,2.0,,1,,,,,1.0,38.0,2024,,182135082,1,,60882768.0,1.0,,2.0,2.0,1.0,3.0,0.428195864,2.0,1.0,Q5 Highest,,,2.0,1.0,,2.0,,Thailand,,1,,,5.0,,,1.0,2.0,1.0,0.0,,2.0,,2.0,2.0,,2.0,,1.0,,1.0,THA,4.0,2.0,1.0,4.0,2.0,2.0,2,,,,2.0,False,Male,30_39
1725,1.0,1.0,,East Asia & Pacific (excluding high income),2.0,1.0,1.0,2.0,1.0,1.0,,1,1.0,,1.0,,1.0,52.0,2024,,182157803,1,,60882768.0,2.0,,1.0,4.0,2.0,2.0,0.444649642,1.0,1.0,Q5 Highest,,,2.0,1.0,,1.0,,Thailand,,1,,,4.0,,,1.0,2.0,1.0,1.0,,1.0,,1.0,2.0,,4.0,,1.0,1.0,1.0,THA,1.0,1.0,1.0,1.0,2.0,1.0,1,1.0,,,1.0,False,Female,50_59
1726,1.0,2.0,,East Asia & Pacific (excluding high income),1.0,1.0,1.0,2.0,2.0,2.0,,1,,,,,1.0,56.0,2024,,182304005,1,,60882768.0,1.0,,2.0,4.0,1.0,,0.136210349,1.0,1.0,Q5 Highest,,1.0,1.0,1.0,,,,Thailand,,1,,,4.0,,,4.0,,1.0,1.0,,,,2.0,1.0,1.0,4.0,,0.0,,,THA,4.0,1.0,2.0,4.0,1.0,2.0,2,,,,1.0,False,Male,50_59
1727,0.0,2.0,,East Asia & Pacific (excluding high income),1.0,1.0,1.0,2.0,2.0,1.0,,1,,,,,3.0,57.0,2024,,182603012,1,,60882768.0,1.0,,1.0,5.0,2.0,,0.42656637,2.0,1.0,Q3,,,3.0,1.0,,2.0,,Thailand,2.0,2,,,5.0,,,2.0,2.0,0.0,1.0,,,,2.0,2.0,,4.0,,0.0,,2.0,THA,4.0,2.0,1.0,4.0,2.0,1.0,1,,,,2.0,False,Female,50_59
1728,1.0,2.0,,East Asia & Pacific (excluding high income),2.0,1.0,1.0,2.0,2.0,2.0,,1,,,,,1.0,61.0,2024,,182630186,1,,60882768.0,2.0,,2.0,2.0,2.0,,0.243176725,1.0,1.0,Q2,,,1.0,1.0,,,,Thailand,,1,,,4.0,,,4.0,,1.0,1.0,,,,1.0,2.0,,1.0,,0.0,2.0,,THA,4.0,2.0,2.0,1.0,2.0,2.0,2,1.0,,,2.0,False,Male,60_69
1729,1.0,2.0,,East Asia & Pacific (excluding high income),1.0,2.0,1.0,2.0,2.0,3.0,,1,,,,,1.0,17.0,2024,,182755468,1,,60882768.0,1.0,,2.0,2.0,2.0,,1.510982631,2.0,2.0,Q4,,,1.0,2.0,,,,Thailand,,2,,,5.0,,,4.0,,1.0,0.0,,1.0,,2.0,,,5.0,,1.0,,,THA,4.0,4.0,2.0,4.0,2.0,2.0,1,,,,,False,Female,17_or_less
1730,1.0,2.0,,East Asia & Pacific (excluding high income),1.0,1.0,1.0,2.0,2.0,2.0,,1,,,,,1.0,42.0,2024,,182838469,1,,60882768.0,1.0,,3.0,2.0,1.0,,0.90221729,1.0,1.0,Q5 Highest,,1.0,2.0,1.0,,,,Thailand,,1,,,5.0,,,4.0,,1.0,1.0,,1.0,,1.0,1.0,2.0,4.0,,1.0,2.0,,THA,4.0,1.0,2.0,1.0,2.0,2.0,1,1.0,,,1.0,False,Female,40_49
1731,1.0,2.0,,East Asia & Pacific (excluding high income),2.0,1.0,0.0,1.0,1.0,1.0,,1,2.0,,2.0,,1.0,24.0,2024,,182894523,1,,60882768.0,2.0,,1.0,2.0,2.0,1.0,1.581361418,1.0,1.0,Q2,,1.0,2.0,1.0,,1.0,,Thailand,,1,,,2.0,,,1.0,1.0,1.0,1.0,,2.0,,1.0,1.0,,3.0,,1.0,1.0,1.0,THA,2.0,1.0,1.0,1.0,2.0,1.0,1,1.0,,,1.0,False,Female,23_29
1732,1.0,2.0,,East Asia & Pacific (excluding high income),1.0,2.0,1.0,2.0,2.0,1.0,,1,,,,,2.0,37.0,2024,,182896412,1,,60882768.0,2.0,,1.0,4.0,1.0,2.0,3.424553462,2.0,2.0,Q3,,1.0,3.0,2.0,,1.0,,Thailand,,2,,,4.0,,,1.0,2.0,0.0,0.0,,1.0,,1.0,,,1.0,,1.0,2.0,1.0,THA,4.0,4.0,1.0,1.0,2.0,2.0,2,1.0,,,,False,Male,30_39
1733,1.0,2.0,,East Asia & Pacific (excluding high income),2.0,2.0,0.0,2.0,2.0,3.0,,1,,,,,3.0,74.0,2024,,182956132,1,,60882768.0,2.0,,1.0,1.0,2.0,,0.299426258,2.0,1.0,Q4,,,2.0,2.0,,,,Thailand,,2,,,8.0,,,4.0,,0.0,0.0,,,,1.0,,,5.0,,0.0,2.0,,THA,4.0,4.0,2.0,1.0,2.0,2.0,2,1.0,,,,False,Male,70_plus
1734,1.0,2.0,,East Asia & Pacific (excluding high income),1.0,1.0,1.0,2.0,2.0,1.0,,1,,,,,2.0,64.0,2024,,183100067,1,,60882768.0,1.0,,1.0,5.0,2.0,,0.206097063,2.0,2.0,Q1 Lowest,,2.0,2.0,1.0,,,,Thailand,,1,,,4.0,,,4.0,,0.0,0.0,,,,1.0,2.0,,2.0,,0.0,2.0,,THA,4.0,2.0,2.0,1.0,3.0,2.0,1,1.0,,,2.0,False,Female,60_69
1735,1.0,2.0,,East Asia & Pacific (excluding high income),1.0,1.0,1.0,2.0,2.0,1.0,,1,,,,,3.0,65.0,2024,,183220346,1,,60882768.0,1.0,,1.0,5.0,2.0,,0.135631464,2.0,1.0,Q3,,,2.0,1.0,,,,Thailand,,1,,,4.0,,,4.0,,0.0,0.0,,,,1.0,2.0,,4.0,,0.0,2.0,,THA,4.0,2.0,2.0,1.0,2.0,2.0,2,1.0,,,2.0,False,Male,60_69
1736,0.0,2.0,,East Asia & Pacific (excluding high income),2.0,1.0,0.0,2.0,1.0,2.0,,0,2.0,2.0,2.0,2.0,,56.0,2024,1.0,183358457,0,2.0,60882768.0,,,1.0,3.0,,,0.647578073,2.0,,Q1 Lowest,,,,1.0,2.0,,,Thailand,,2,1.0,2.0,5.0,,,4.0,,0.0,0.0,,,,2.0,2.0,,4.0,,0.0,,,THA,2.0,2.0,2.0,4.0,,2.0,1,,,,2.0,False,Female,50_59
1737,1.0,2.0,,East Asia & Pacific (excluding high income),1.0,1.0,1.0,2.0,2.0,3.0,,1,,,,,1.0,55.0,2024,,183534026,1,,60882768.0,1.0,,2.0,1.0,1.0,2.0,1.018781559,2.0,1.0,Q5 Highest,,1.0,1.0,1.0,,1.0,,Thailand,,1,,,6.0,,,1.0,1.0,1.0,0.0,,1.0,,2.0,1.0,,4.0,,1.0,,1.0,THA,4.0,1.0,1.0,4.0,1.0,2.0,2,,,,1.0,False,Male,50_59
1738,1.0,2.0,,East Asia & Pacific (excluding high income),1.0,1.0,1.0,2.0,1.0,3.0,,1,2.0,,2.0,,3.0,61.0,2024,,183579158,1,,60882768.0,1.0,,1.0,1.0,1.0,,1.285851678,2.0,1.0,Q2,,1.0,2.0,1.0,,,,Thailand,,2,,,1.0,,,4.0,,0.0,1.0,,,,1.0,2.0,,4.0,,0.0,2.0,,THA,2.0,2.0,2.0,1.0,2.0,1.0,2,1.0,,,2.0,False,Male,60_69
1739,1.0,2.0,,East Asia & Pacific (excluding high income),2.0,1.0,0.0,2.0,2.0,,,1,,,,,2.0,78.0,2024,,183612259,1,,60882768.0,2.0,,1.0,7.0,2.0,,0.135631464,2.0,1.0,Q1 Lowest,,,2.0,1.0,,,,Thailand,,1,,,4.0,,,4.0,,1.0,0.0,,,,1.0,2.0,,5.0,,0.0,2.0,,THA,4.0,2.0,2.0,1.0,2.0,2.0,1,1.0,,,2.0,False,Female,70_plus
1740,1.0,2.0,,East Asia & Pacific (excluding high income),2.0,1.0,1.0,2.0,2.0,1.0,,1,,,,,1.0,46.0,2024,,183632579,1,,60882768.0,1.0,,2.0,2.0,1.0,,0.870151865,1.0,1.0,Q3,,,2.0,2.0,,,,Thailand,,1,,,3.0,,,4.0,,1.0,1.0,,1.0,,2.0,1.0,,3.0,,1.0,,,THA,4.0,1.0,2.0,4.0,2.0,2.0,1,,,,2.0,False,Female,40_49
1741,1.0,2.0,,East Asia & Pacific (excluding high income),2.0,1.0,0.0,1.0,2.0,3.0,,1,,,,,1.0,61.0,2024,,183640783,1,,60882768.0,1.0,,1.0,2.0,2.0,,0.135631464,1.0,1.0,Q5 Highest,,,2.0,1.0,,,,Thailand,,1,,,6.0,,,4.0,,0.0,1.0,,,,1.0,2.0,,4.0,,0.0,2.0,,THA,4.0,2.0,2.0,1.0,2.0,2.0,2,1.0,,,2.0,False,Male,60_69
1742,1.0,2.0,,East Asia & Pacific (excluding high income),2.0,1.0,0.0,2.0,2.0,3.0,,1,,,,,3.0,55.0,2024,,183689648,1,,60882768.0,2.0,,1.0,5.0,1.0,,0.135631464,2.0,1.0,Q2,,2.0,3.0,1.0,,,,Thailand,1.0,1,,,4.0,,,4.0,,0.0,0.0,,,,2.0,1.0,,1.0,,0.0,,,THA,4.0,1.0,2.0,4.0,2.0,2.0,1,,,,1.0,False,Female,50_59
1743,1.0,2.0,,East Asia & Pacific (excluding high income),2.0,1.0,0.0,2.0,2.0,,,1,,,,,2.0,58.0,2024,,183717826,1,,60882768.0,2.0,,1.0,8.0,1.0,,0.135631464,2.0,1.0,Q4,,,4.0,1.0,,,,Thailand,,2,,,4.0,,,4.0,,0.0,1.0,,,,1.0,2.0,,4.0,,0.0,2.0,,THA,4.0,2.0,2.0,1.0,2.0,1.0,2,1.0,,,2.0,False,Male,50_59
1744,1.0,2.0,,East Asia & Pacific (excluding high income),4.0,1.0,1.0,2.0,2.0,2.0,,1,,,,,6.0,19.0,2024,,183802482,1,,60882768.0,4.0,,2.0,2.0,1.0,,0.465014568,2.0,4.0,Q5 Highest,,,6.0,2.0,,,,Thailand,4.0,1,,,5.0,,,4.0,,1.0,0.0,,,,2.0,1.0,,4.0,,0.0,,,THA,4.0,1.0,2.0,4.0,2.0,2.0,1,,,,1.0,False,Female,18_22
1745,1.0,4.0,,East Asia & Pacific (excluding high income),4.0,1.0,0.0,2.0,4.0,,,1,,,,,6.0,59.0,2024,,183926143,1,,60882768.0,4.0,,2.0,9.0,4.0,,0.227229446,4.0,2.0,Q5 Highest,4.0,,6.0,1.0,,4.0,,Thailand,4.0,1,,,8.0,,,3.0,2.0,1.0,0.0,,,,2.0,1.0,,6.0,,0.0,,4.0,THA,5.0,1.0,1.0,4.0,4.0,4.0,2,,,,1.0,False,Male,50_59
1746,1.0,4.0,,East Asia & Pacific (excluding high income),2.0,1.0,1.0,2.0,2.0,1.0,,1,,,,,6.0,62.0,2024,,183934903,1,,60882768.0,4.0,,3.0,2.0,2.0,,0.43356132,4.0,1.0,Q5 Highest,,,6.0,2.0,,,,Thailand,4.0,1,,,4.0,,,4.0,,0.0,0.0,,,,1.0,2.0,,6.0,,0.0,2.0,,THA,4.0,2.0,2.0,1.0,2.0,4.0,1,1.0,,,2.0,False,Female,60_69
1747,1.0,2.0,,East Asia & Pacific (excluding high income),1.0,1.0,1.0,2.0,1.0,,,1,2.0,,1.0,,2.0,73.0,2024,,183957564,1,,60882768.0,1.0,,1.0,9.0,2.0,,1.91039883,2.0,1.0,Q4,2.0,1.0,2.0,2.0,,2.0,,Thailand,,1,,,1.0,,,3.0,2.0,0.0,1.0,,,,1.0,1.0,,6.0,,0.0,2.0,2.0,THA,1.0,1.0,1.0,1.0,2.0,1.0,2,1.0,,,2.0,False,Male,70_plus
1748,1.0,2.0,,East Asia & Pacific (excluding high income),2.0,1.0,0.0,1.0,2.0,1.0,,1,,,,,3.0,74.0,2024,,183994594,1,,60882768.0,1.0,,1.0,2.0,2.0,,0.230242505,2.0,1.0,Q3,,,2.0,2.0,,,,Thailand,,1,,,3.0,,,4.0,,0.0,0.0,,,,2.0,2.0,,4.0,,0.0,2.0,,THA,4.0,2.0,2.0,4.0,2.0,2.0,1,1.0,,,2.0,False,Female,70_plus
1749,1.0,2.0,,East Asia & Pacific (excluding high income),1.0,1.0,1.0,2.0,2.0,1.0,,1,,,,,1.0,20.0,2024,,184008089,1,,60882768.0,1.0,,1.0,1.0,2.0,,1.338384199,1.0,2.0,Q5 Highest,,,1.0,1.0,,,,Thailand,,2,,,2.0,,,4.0,,1.0,1.0,,1.0,,2.0,2.0,,1.0,,1.0,,,THA,4.0,1.0,2.0,4.0,2.0,2.0,2,,,,1.0,False,Male,18_22
1750,1.0,2.0,,East Asia & Pacific (excluding high income),2.0,1.0,0.0,1.0,2.0,,,1,,,,,2.0,62.0,2024,,184044297,1,,60882768.0,2.0,,1.0,7.0,2.0,,0.135631464,2.0,2.0,Q2,,,2.0,1.0,,2.0,,Thailand,,1,,,1.0,,,2.0,2.0,0.0,1.0,,,,2.0,2.0,,1.0,,0.0,2.0,2.0,THA,4.0,2.0,1.0,4.0,2.0,1.0,1,1.0,,,2.0,False,Female,60_69
1751,1.0,1.0,,East Asia & Pacific (excluding high income),2.0,2.0,0.0,2.0,2.0,1.0,,1,,,,,1.0,44.0,2024,,184117230,1,,60882768.0,1.0,,2.0,2.0,1.0,,1.069869979,1.0,1.0,Q2,,,1.0,1.0,,,,Thailand,,1,,,4.0,,,4.0,,1.0,1.0,,2.0,,2.0,,,1.0,,1.0,,,THA,4.0,4.0,2.0,4.0,2.0,2.0,1,,,,,False,Female,40_49
1752,1.0,2.0,,East Asia & Pacific (excluding high income),4.0,2.0,1.0,2.0,2.0,3.0,,1,,,,,1.0,23.0,2024,,184134538,1,,60882768.0,4.0,,2.0,1.0,1.0,,0.465014568,2.0,1.0,Q2,,,2.0,1.0,,,,Thailand,,1,,,8.0,,,4.0,,0.0,0.0,,1.0,,2.0,,,6.0,,1.0,,,THA,4.0,4.0,2.0,4.0,2.0,2.0,1,,,,,False,Female,23_29
1753,1.0,2.0,,East Asia & Pacific (excluding high income),2.0,1.0,0.0,2.0,2.0,1.0,,1,,,,,2.0,67.0,2024,,184174731,1,,60882768.0,2.0,,1.0,2.0,2.0,,0.417060799,2.0,1.0,Q1 Lowest,,,2.0,2.0,,,,Thailand,,1,,,4.0,,,4.0,,0.0,0.0,,,,1.0,2.0,,3.0,,1.0,1.0,,THA,4.0,2.0,2.0,1.0,2.0,2.0,2,1.0,,,2.0,False,Male,60_69
1754,1.0,2.0,,East Asia & Pacific (excluding high income),1.0,2.0,1.0,2.0,2.0,1.0,,1,,,,,3.0,16.0,2024,,184449117,1,,60882768.0,1.0,,1.0,2.0,1.0,,0.892256132,1.0,2.0,Q4,,,1.0,1.0,,2.0,,Thailand,,1,,,5.0,,,2.0,2.0,1.0,1.0,,1.0,,2.0,,,2.0,,1.0,,2.0,THA,4.0,4.0,1.0,4.0,2.0,2.0,2,,,,,False,Male,17_or_less
1755,0.0,2.0,,East Asia & Pacific (excluding high income),2.0,1.0,0.0,2.0,2.0,1.0,,1,,,,,3.0,55.0,2024,,184590383,1,,60882768.0,4.0,,1.0,2.0,2.0,,0.135631464,2.0,1.0,Q5 Highest,,,3.0,1.0,,,,Thailand,1.0,2,,,3.0,,,4.0,,0.0,1.0,,,,2.0,2.0,,1.0,,0.0,,,THA,4.0,2.0,2.0,4.0,2.0,2.0,2,,,,2.0,False,Male,50_59
1756,0.0,2.0,,East Asia & Pacific (excluding high income),2.0,1.0,1.0,2.0,2.0,1.0,,0,,2.0,,1.0,,55.0,2024,1.0,185053570,0,1.0,60882768.0,,,1.0,1.0,,,0.431718716,2.0,,Q2,,,,2.0,2.0,,,Thailand,,2,2.0,2.0,5.0,,,4.0,,0.0,0.0,,,,2.0,2.0,,1.0,,0.0,,,THA,4.0,2.0,2.0,4.0,,2.0,1,,,,2.0,False,Female,50_59
1757,1.0,2.0,,East Asia & Pacific (excluding high income),2.0,2.0,0.0,2.0,2.0,2.0,,1,,,,,2.0,57.0,2024,,185128579,1,,60882768.0,2.0,,1.0,2.0,2.0,,1.847572855,2.0,1.0,Q1 Lowest,,,2.0,1.0,,,,Thailand,,1,,,1.0,,,4.0,,1.0,0.0,,,,1.0,,,4.0,,0.0,2.0,,THA,4.0,4.0,2.0,1.0,2.0,2.0,2,1.0,,,,False,Male,50_59
1758,1.0,2.0,,East Asia & Pacific (excluding high income),2.0,2.0,1.0,2.0,2.0,2.0,,1,,,,,1.0,28.0,2024,,185274109,1,,60882768.0,2.0,,1.0,2.0,2.0,2.0,0.653517354,1.0,1.0,Q5 Highest,,2.0,1.0,1.0,,1.0,,Thailand,,2,,,1.0,,,1.0,2.0,1.0,1.0,,1.0,,2.0,,,1.0,,1.0,,1.0,THA,4.0,4.0,1.0,4.0,2.0,2.0,2,,,,,False,Male,23_29
1759,1.0,2.0,,East Asia & Pacific (excluding high income),1.0,1.0,1.0,2.0,2.0,3.0,,1,,,,,2.0,60.0,2024,,185426190,1,,60882768.0,1.0,,1.0,4.0,2.0,,0.142070207,1.0,1.0,Q3,,,2.0,1.0,,2.0,,Thailand,,2,,,4.0,,,2.0,2.0,0.0,1.0,,,,1.0,2.0,,2.0,,0.0,2.0,2.0,THA,4.0,2.0,1.0,1.0,2.0,2.0,1,1.0,,,2.0,False,Female,60_69
1760,1.0,2.0,,East Asia & Pacific (excluding high income),1.0,1.0,1.0,2.0,2.0,2.0,,1,,,,,1.0,45.0,2024,,185469788,1,,60882768.0,1.0,,1.0,1.0,1.0,,0.355685562,2.0,1.0,Q5 Highest,,,2.0,1.0,,,,Thailand,,1,,,4.0,,,4.0,,1.0,0.0,,1.0,,1.0,2.0,,2.0,,1.0,2.0,,THA,4.0,1.0,2.0,1.0,2.0,2.0,1,1.0,,,1.0,False,Female,40_49
1761,1.0,2.0,,East Asia & Pacific (excluding high income),1.0,2.0,1.0,2.0,2.0,2.0,,1,,,,,1.0,47.0,2024,,185529294,1,,60882768.0,1.0,,2.0,5.0,2.0,,1.059715433,2.0,1.0,Q4,,1.0,2.0,1.0,,,,Thailand,,1,,,5.0,,,4.0,,0.0,0.0,,,,1.0,,,2.0,,0.0,2.0,,THA,4.0,4.0,2.0,1.0,2.0,2.0,2,1.0,,,,False,Male,40_49
1762,0.0,2.0,,East Asia & Pacific (excluding high income),2.0,1.0,0.0,2.0,2.0,1.0,,0,,1.0,,1.0,,67.0,2024,1.0,185578181,0,2.0,60882768.0,,,1.0,2.0,,,0.853132739,1.0,,Q1 Lowest,,1.0,,2.0,1.0,,,Thailand,,2,2.0,2.0,1.0,,,4.0,,0.0,1.0,,,,2.0,2.0,,1.0,,0.0,,,THA,4.0,2.0,2.0,4.0,,2.0,1,,,,2.0,False,Female,60_69
1763,1.0,2.0,,East Asia & Pacific (excluding high income),1.0,1.0,1.0,2.0,2.0,3.0,,1,,,,,1.0,33.0,2024,,185599700,1,,60882768.0,1.0,,2.0,2.0,2.0,,3.026252517,2.0,2.0,Q2,,,1.0,1.0,,,,Thailand,,1,,,2.0,,,4.0,,1.0,0.0,,1.0,,2.0,1.0,,4.0,,1.0,,,THA,4.0,1.0,2.0,4.0,1.0,2.0,1,,,,1.0,False,Female,30_39
1764,1.0,2.0,,East Asia & Pacific (excluding high income),1.0,1.0,1.0,2.0,1.0,1.0,,1,2.0,,2.0,,2.0,54.0,2024,,185606008,1,,60882768.0,1.0,2.0,2.0,5.0,1.0,,1.891912994,2.0,1.0,Q1 Lowest,,1.0,2.0,1.0,,,,Thailand,,1,,,1.0,,,4.0,,0.0,1.0,,,,1.0,2.0,,4.0,,0.0,2.0,,THA,2.0,2.0,2.0,3.0,2.0,2.0,2,2.0,,,2.0,False,Male,50_59
1765,1.0,2.0,,East Asia & Pacific (excluding high income),2.0,1.0,0.0,2.0,2.0,2.0,,1,,,,,3.0,48.0,2024,,185621649,1,,60882768.0,1.0,,1.0,2.0,1.0,,0.355685562,2.0,1.0,Q3,,,3.0,2.0,,2.0,,Thailand,1.0,2,,,4.0,,,2.0,2.0,1.0,0.0,,,,2.0,2.0,,4.0,,0.0,,2.0,THA,4.0,2.0,1.0,4.0,2.0,2.0,1,,,,2.0,False,Female,40_49
1766,1.0,2.0,,East Asia & Pacific (excluding high income),2.0,2.0,0.0,2.0,2.0,2.0,,1,,,,,2.0,45.0,2024,,186120148,1,,60882768.0,2.0,,1.0,2.0,1.0,,3.355452588,1.0,1.0,Q1 Lowest,,2.0,3.0,1.0,,,,Thailand,,1,,,4.0,,,4.0,,1.0,1.0,,,,2.0,,,4.0,,0.0,,,THA,4.0,4.0,2.0,4.0,2.0,2.0,2,,,,,False,Male,40_49
1767,1.0,2.0,,East Asia & Pacific (excluding high income),2.0,1.0,0.0,2.0,2.0,,,1,,,,,2.0,61.0,2024,,186221205,1,,60882768.0,2.0,,2.0,7.0,2.0,,0.170773043,1.0,1.0,Q4,,,2.0,1.0,,2.0,,Thailand,,1,,,4.0,,,2.0,2.0,0.0,1.0,,,,2.0,2.0,,5.0,,0.0,,2.0,THA,4.0,2.0,1.0,4.0,2.0,2.0,1,,,,2.0,False,Female,60_69
1768,0.0,2.0,,East Asia & Pacific (excluding high income),2.0,1.0,0.0,2.0,2.0,1.0,,0,,2.0,,2.0,,74.0,2024,1.0,186344448,0,2.0,60882768.0,,,1.0,3.0,,,0.143436971,1.0,,Q1 Lowest,,,,1.0,2.0,2.0,,Thailand,,2,1.0,2.0,3.0,,,2.0,2.0,0.0,1.0,,,,1.0,2.0,,4.0,,0.0,2.0,2.0,THA,4.0,2.0,1.0,2.0,,2.0,1,2.0,,,2.0,False,Female,70_plus
1769,1.0,2.0,,East Asia & Pacific (excluding high income),1.0,1.0,1.0,2.0,1.0,3.0,,1,2.0,,2.0,,1.0,36.0,2024,,186378155,1,,60882768.0,1.0,,2.0,2.0,1.0,,0.572780198,2.0,2.0,Q4,,2.0,2.0,1.0,,,,Thailand,,1,,,6.0,,,4.0,,1.0,0.0,,1.0,,2.0,1.0,,3.0,,1.0,,,THA,2.0,1.0,2.0,4.0,2.0,2.0,2,,,,2.0,False,Male,30_39
1770,1.0,2.0,,East Asia & Pacific (excluding high income),2.0,1.0,0.0,2.0,2.0,1.0,,1,,,,,2.0,72.0,2024,,186393525,1,,60882768.0,2.0,,1.0,2.0,2.0,,0.268374161,2.0,1.0,Q3,,,2.0,2.0,,,,Thailand,,1,,,4.0,,,4.0,,0.0,0.0,,,,1.0,2.0,,1.0,,0.0,2.0,,THA,4.0,2.0,2.0,1.0,2.0,2.0,1,1.0,,,2.0,False,Female,70_plus
1771,0.0,2.0,,East Asia & Pacific (excluding high income),2.0,2.0,0.0,2.0,2.0,4.0,,0,,1.0,,2.0,,48.0,2024,2.0,186472013,0,1.0,60882768.0,,,1.0,2.0,,,1.020425145,2.0,,Q1 Lowest,,1.0,,1.0,2.0,,,Thailand,,2,2.0,2.0,3.0,,,4.0,,0.0,1.0,,,,2.0,,,3.0,,0.0,,,THA,4.0,4.0,2.0,4.0,,2.0,2,,,,,False,Male,40_49
1772,0.0,2.0,,East Asia & Pacific (excluding high income),2.0,2.0,0.0,2.0,2.0,,,0,,2.0,,2.0,,70.0,2024,2.0,186520787,0,1.0,60882768.0,,,1.0,7.0,,,0.135631464,1.0,,Q1 Lowest,,,,2.0,2.0,,,Thailand,,2,2.0,2.0,4.0,,,4.0,,0.0,1.0,,,,1.0,,,1.0,,0.0,2.0,,THA,4.0,4.0,2.0,2.0,,2.0,1,2.0,,,,False,Female,70_plus
1773,1.0,2.0,,East Asia & Pacific (excluding high income),1.0,1.0,1.0,2.0,2.0,1.0,,1,,,,,2.0,70.0,2024,,186580999,1,,60882768.0,1.0,,1.0,2.0,1.0,,0.135631464,2.0,1.0,Q3,,,2.0,2.0,,,,Thailand,,1,,,3.0,,,4.0,,0.0,0.0,,,,1.0,2.0,,1.0,,0.0,2.0,,THA,4.0,3.0,2.0,1.0,2.0,2.0,2,1.0,,,2.0,False,Male,70_plus
1774,1.0,2.0,,East Asia & Pacific (excluding high income),1.0,1.0,1.0,2.0,2.0,2.0,,1,,,,,3.0,63.0,2024,,186606252,1,,60882768.0,2.0,,2.0,2.0,2.0,,0.47030481,2.0,1.0,Q3,,,3.0,1.0,,,,Thailand,2.0,1,,,2.0,,,4.0,,0.0,0.0,,,,2.0,1.0,,4.0,,0.0,,,THA,4.0,1.0,2.0,4.0,2.0,2.0,2,,,,1.0,False,Male,60_69
1775,1.0,2.0,,East Asia & Pacific (excluding high income),1.0,1.0,1.0,2.0,2.0,3.0,,1,,,,,1.0,23.0,2024,,186616371,1,,60882768.0,1.0,,3.0,1.0,1.0,4.0,1.672489129,2.0,1.0,Q5 Highest,,,2.0,1.0,,1.0,,Thailand,,1,,,4.0,,,1.0,1.0,1.0,1.0,,1.0,,2.0,1.0,,4.0,,1.0,,1.0,THA,4.0,1.0,1.0,4.0,1.0,2.0,1,,,,1.0,False,Female,23_29
1776,1.0,2.0,,East Asia & Pacific (excluding high income),2.0,1.0,1.0,2.0,2.0,1.0,,1,,,,,1.0,52.0,2024,,186727241,1,,60882768.0,2.0,,1.0,5.0,1.0,,0.307527814,1.0,1.0,Q4,,,1.0,1.0,,,,Thailand,,1,,,3.0,,,4.0,,0.0,1.0,,,,1.0,1.0,,1.0,,1.0,1.0,,THA,4.0,1.0,2.0,1.0,2.0,1.0,1,1.0,,,1.0,False,Female,50_59
1777,0.0,2.0,,East Asia & Pacific (excluding high income),2.0,2.0,0.0,2.0,2.0,1.0,,1,,,,,4.0,56.0,2024,,186860472,1,,60882768.0,2.0,,1.0,5.0,2.0,,0.75623416,2.0,1.0,Q3,,,2.0,2.0,,,,Thailand,,2,,,1.0,,,4.0,,0.0,0.0,,,,2.0,,,4.0,,0.0,,,THA,4.0,4.0,2.0,4.0,2.0,2.0,2,,,,,False,Male,50_59
1778,1.0,2.0,,East Asia & Pacific (excluding high income),2.0,1.0,0.0,2.0,2.0,,,1,,,,,2.0,61.0,2024,,186867943,1,,60882768.0,2.0,,2.0,9.0,2.0,,0.135631464,2.0,1.0,Q2,,,2.0,2.0,,,,Thailand,,1,,,3.0,,,4.0,,0.0,0.0,,,,1.0,2.0,,6.0,,0.0,2.0,,THA,4.0,2.0,2.0,1.0,2.0,2.0,1,1.0,,,2.0,False,Female,60_69
1779,1.0,2.0,,East Asia & Pacific (excluding high income),1.0,1.0,1.0,2.0,2.0,3.0,,1,,,,,1.0,47.0,2024,,187073749,1,,60882768.0,1.0,,3.0,5.0,1.0,2.0,0.281187349,2.0,1.0,Q5 Highest,,,1.0,1.0,,1.0,,Thailand,,1,,,4.0,,,1.0,2.0,1.0,1.0,,1.0,,2.0,1.0,,3.0,,1.0,,1.0,THA,4.0,1.0,1.0,4.0,1.0,2.0,1,,,,1.0,False,Female,40_49
1780,1.0,4.0,,East Asia & Pacific (excluding high income),1.0,1.0,1.0,2.0,1.0,,,1,2.0,,2.0,,2.0,58.0,2024,,187089422,1,,60882768.0,2.0,,1.0,7.0,1.0,,0.300320386,4.0,2.0,Q2,,,6.0,1.0,,2.0,,Thailand,,2,,,3.0,,,2.0,2.0,0.0,0.0,,,,1.0,2.0,,6.0,,0.0,2.0,2.0,THA,2.0,2.0,1.0,1.0,2.0,4.0,1,1.0,,,2.0,False,Female,50_59
1781,1.0,2.0,,East Asia & Pacific (excluding high income),1.0,2.0,1.0,2.0,2.0,2.0,,1,,,,,2.0,20.0,2024,,187150349,1,,60882768.0,1.0,,2.0,1.0,1.0,,0.886806606,2.0,2.0,Q4,,,2.0,2.0,,,,Thailand,,1,,,1.0,,,4.0,,1.0,0.0,,1.0,,2.0,,,4.0,,1.0,,,THA,4.0,4.0,2.0,4.0,2.0,2.0,1,,,,,False,Female,18_22
1782,1.0,2.0,,East Asia & Pacific (excluding high income),1.0,1.0,1.0,2.0,2.0,3.0,,1,,,,,2.0,46.0,2024,,187173952,1,,60882768.0,1.0,,3.0,3.0,1.0,,0.47123411,2.0,1.0,Q5 Highest,,,1.0,1.0,,,,Thailand,,2,,,5.0,,,4.0,,1.0,1.0,,,,2.0,1.0,,4.0,,0.0,,,THA,4.0,1.0,2.0,4.0,1.0,1.0,1,,,,1.0,False,Female,40_49
1783,1.0,2.0,,East Asia & Pacific (excluding high income),2.0,2.0,0.0,2.0,1.0,1.0,,1,2.0,,2.0,,2.0,62.0,2024,,187262996,1,,60882768.0,2.0,,1.0,2.0,2.0,,1.27359922,2.0,1.0,Q1 Lowest,,,2.0,1.0,,,,Thailand,,1,,,1.0,,,4.0,,0.0,1.0,,,,1.0,,,1.0,,0.0,2.0,,THA,2.0,4.0,2.0,1.0,2.0,2.0,2,1.0,,,,False,Male,60_69
1784,1.0,2.0,,East Asia & Pacific (excluding high income),2.0,1.0,0.0,1.0,1.0,2.0,,1,2.0,,2.0,,2.0,62.0,2024,,187266319,1,,60882768.0,1.0,,1.0,1.0,2.0,,0.42656637,2.0,1.0,Q4,,,2.0,1.0,,,,Thailand,,1,,,1.0,,,4.0,,0.0,1.0,,,,1.0,1.0,,5.0,,0.0,2.0,,THA,2.0,1.0,2.0,1.0,2.0,1.0,1,1.0,,,1.0,False,Female,60_69
1785,1.0,2.0,,East Asia & Pacific (excluding high income),2.0,1.0,0.0,2.0,2.0,,,1,,,,,2.0,51.0,2024,,187398547,1,,60882768.0,2.0,,1.0,7.0,2.0,,0.564441793,2.0,1.0,Q3,,,2.0,2.0,,,,Thailand,,1,,,4.0,,,4.0,,0.0,0.0,,,,1.0,2.0,,6.0,,0.0,2.0,,THA,4.0,2.0,2.0,1.0,2.0,2.0,1,1.0,,,2.0,False,Female,50_59
1786,1.0,1.0,,East Asia & Pacific (excluding high income),2.0,1.0,0.0,2.0,2.0,2.0,,1,,,,,1.0,57.0,2024,,187426713,1,,60882768.0,2.0,,1.0,3.0,1.0,,0.951744659,2.0,2.0,Q4,,2.0,2.0,1.0,,,,Thailand,,1,,,4.0,,,4.0,,1.0,1.0,,,,2.0,2.0,,3.0,,0.0,,,THA,4.0,2.0,2.0,4.0,2.0,2.0,2,,,,2.0,False,Male,50_59
1787,1.0,2.0,,East Asia & Pacific (excluding high income),1.0,1.0,1.0,2.0,1.0,,,1,2.0,,1.0,,3.0,56.0,2024,,187432347,1,,60882768.0,1.0,,1.0,7.0,1.0,,2.774963975,2.0,2.0,Q1 Lowest,,,2.0,2.0,,,,Thailand,,1,,,5.0,,,4.0,,0.0,0.0,,,,2.0,2.0,,4.0,,0.0,,,THA,1.0,2.0,2.0,4.0,2.0,2.0,1,,,,2.0,False,Female,50_59
1788,0.0,2.0,,East Asia & Pacific (excluding high income),1.0,1.0,1.0,2.0,1.0,3.0,,1,2.0,,2.0,,3.0,49.0,2024,,187558622,1,,60882768.0,1.0,,1.0,1.0,2.0,,1.677726294,2.0,2.0,Q2,,2.0,3.0,1.0,,2.0,,Thailand,1.0,2,,,1.0,,,2.0,2.0,0.0,1.0,,,,2.0,2.0,,3.0,,0.0,,2.0,THA,2.0,2.0,1.0,4.0,2.0,1.0,2,,,,2.0,False,Male,40_49
1789,0.0,2.0,,East Asia & Pacific (excluding high income),2.0,1.0,0.0,2.0,2.0,1.0,,1,,,,,4.0,60.0,2024,,187726978,1,,60882768.0,1.0,,1.0,3.0,2.0,,0.639849554,2.0,2.0,Q4,,,2.0,2.0,,,,Thailand,,1,,,5.0,,,4.0,,0.0,0.0,,,,2.0,2.0,,4.0,,0.0,,,THA,4.0,2.0,2.0,4.0,2.0,2.0,1,,,,2.0,False,Female,60_69
1790,1.0,2.0,,East Asia & Pacific (excluding high income),2.0,2.0,0.0,2.0,2.0,1.0,,1,,,,,4.0,64.0,2024,,188087368,1,,60882768.0,1.0,,1.0,2.0,2.0,,0.893822494,1.0,1.0,Q4,,,2.0,1.0,,2.0,,Thailand,,1,,,1.0,,,2.0,2.0,0.0,1.0,,,,1.0,,,1.0,,0.0,2.0,2.0,THA,4.0,4.0,1.0,1.0,2.0,1.0,1,1.0,,,,False,Female,60_69
1791,1.0,2.0,,East Asia & Pacific (excluding high income),2.0,1.0,0.0,1.0,2.0,1.0,,1,,,,,2.0,64.0,2024,,188200849,1,,60882768.0,2.0,,1.0,5.0,2.0,,0.518362526,2.0,1.0,Q4,,,2.0,1.0,,,,Thailand,,1,,,3.0,,,4.0,,0.0,0.0,,,,1.0,2.0,,1.0,,0.0,2.0,,THA,4.0,2.0,2.0,1.0,2.0,2.0,2,1.0,,,2.0,False,Male,60_69
1792,1.0,2.0,,East Asia & Pacific (excluding high income),1.0,2.0,1.0,2.0,2.0,3.0,,1,,,,,1.0,18.0,2024,,188203585,1,,60882768.0,1.0,,1.0,5.0,1.0,2.0,1.310003915,2.0,1.0,Q5 Highest,,1.0,1.0,1.0,,1.0,,Thailand,,1,,,1.0,,,1.0,2.0,1.0,0.0,,1.0,,1.0,,,4.0,,1.0,1.0,1.0,THA,4.0,4.0,1.0,1.0,2.0,2.0,2,2.0,,,,False,Male,18_22
1793,0.0,2.0,,East Asia & Pacific (excluding high income),2.0,1.0,0.0,2.0,2.0,1.0,,1,,,,,4.0,45.0,2024,,188337588,1,,60882768.0,2.0,,1.0,5.0,2.0,,0.299306594,1.0,1.0,Q3,,2.0,4.0,1.0,,,,Thailand,2.0,1,,,3.0,,,4.0,,0.0,1.0,,,,1.0,2.0,,5.0,,0.0,2.0,,THA,4.0,2.0,2.0,2.0,2.0,1.0,1,2.0,,,2.0,False,Female,40_49
1794,1.0,2.0,,East Asia & Pacific (excluding high income),2.0,1.0,0.0,2.0,2.0,1.0,,1,,,,,4.0,65.0,2024,,188566193,1,,60882768.0,1.0,,1.0,2.0,2.0,1.0,0.176795522,1.0,1.0,Q5 Highest,,1.0,2.0,1.0,,1.0,,Thailand,,2,,,1.0,,,1.0,2.0,0.0,1.0,,,,2.0,1.0,,4.0,,1.0,,1.0,THA,4.0,1.0,1.0,4.0,2.0,2.0,1,,,,1.0,False,Female,60_69
1795,1.0,2.0,,East Asia & Pacific (excluding high income),2.0,2.0,1.0,2.0,2.0,1.0,,1,,,,,3.0,51.0,2024,,188671401,1,,60882768.0,2.0,,1.0,5.0,2.0,,1.677726294,2.0,1.0,Q4,,,3.0,1.0,,,,Thailand,1.0,2,,,3.0,,,4.0,,0.0,0.0,,1.0,,1.0,,,2.0,,1.0,2.0,,THA,4.0,4.0,2.0,1.0,2.0,2.0,2,1.0,,,,False,Male,50_59
1796,1.0,2.0,,East Asia & Pacific (excluding high income),2.0,1.0,1.0,2.0,2.0,2.0,,1,,,,,1.0,55.0,2024,,188710832,1,,60882768.0,1.0,,2.0,2.0,1.0,4.0,0.563838738,2.0,1.0,Q4,,,2.0,1.0,,1.0,,Thailand,,1,,,4.0,,,1.0,2.0,1.0,1.0,,,,2.0,1.0,,4.0,,1.0,,1.0,THA,4.0,1.0,1.0,4.0,2.0,2.0,2,,,,1.0,False,Male,50_59
1797,1.0,2.0,,East Asia & Pacific (excluding high income),2.0,1.0,0.0,1.0,2.0,,,1,,,,,2.0,56.0,2024,,188825763,1,,60882768.0,2.0,,1.0,7.0,2.0,,0.390561288,2.0,1.0,Q3,,2.0,2.0,1.0,,,,Thailand,,2,,,4.0,,,4.0,,0.0,0.0,,,,2.0,2.0,,2.0,,0.0,2.0,,THA,4.0,2.0,2.0,4.0,2.0,2.0,2,1.0,,,2.0,False,Male,50_59
1798,1.0,2.0,,East Asia & Pacific (excluding high income),2.0,1.0,0.0,2.0,2.0,1.0,,1,,,,,2.0,40.0,2024,,189158419,1,,60882768.0,2.0,,1.0,2.0,2.0,1.0,2.399996687,2.0,1.0,Q3,,,2.0,1.0,,1.0,,Thailand,,2,,,3.0,,,1.0,2.0,0.0,0.0,,,,2.0,2.0,,4.0,,1.0,,1.0,THA,4.0,3.0,1.0,4.0,2.0,2.0,2,,,,2.0,False,Male,40_49
1799,1.0,2.0,,East Asia & Pacific (excluding high income),2.0,2.0,0.0,2.0,2.0,2.0,,1,,,,,2.0,91.0,2024,,189223252,1,,60882768.0,2.0,,1.0,2.0,2.0,,0.417172874,2.0,1.0,Q2,,2.0,2.0,2.0,,,,Thailand,,2,,,4.0,,,4.0,,0.0,0.0,,,,1.0,,,4.0,,0.0,2.0,,THA,4.0,4.0,2.0,1.0,2.0,2.0,1,1.0,,,,False,Female,70_plus
1800,0.0,2.0,,East Asia & Pacific (excluding high income),2.0,2.0,0.0,2.0,2.0,1.0,,0,,2.0,,2.0,,53.0,2024,1.0,189418825,0,1.0,60882768.0,,,1.0,4.0,,,0.361950145,2.0,,Q3,2.0,,,1.0,2.0,2.0,,Thailand,,2,1.0,2.0,3.0,,,3.0,2.0,0.0,0.0,,,,2.0,,,2.0,,0.0,,2.0,THA,4.0,4.0,1.0,4.0,,2.0,1,,,,,False,Female,50_59
1801,1.0,2.0,,East Asia & Pacific (excluding high income),2.0,1.0,0.0,2.0,2.0,1.0,,1,,,,,3.0,39.0,2024,,189569507,1,,60882768.0,2.0,,2.0,5.0,1.0,,1.320182503,2.0,2.0,Q2,,,3.0,1.0,,2.0,,Thailand,1.0,1,,,4.0,,,2.0,2.0,1.0,0.0,,2.0,,2.0,2.0,,1.0,,1.0,,2.0,THA,4.0,2.0,1.0,4.0,2.0,2.0,2,,,,2.0,False,Male,30_39
1802,1.0,2.0,,East Asia & Pacific (excluding high income),1.0,1.0,1.0,2.0,1.0,1.0,,1,2.0,,2.0,,3.0,31.0,2024,,189757506,1,,60882768.0,1.0,,1.0,3.0,2.0,,0.349737376,2.0,1.0,Q5 Highest,,,3.0,1.0,,,,Thailand,1.0,1,,,3.0,,,4.0,,0.0,1.0,,,,1.0,2.0,,2.0,,0.0,2.0,,THA,2.0,2.0,2.0,1.0,2.0,1.0,1,1.0,,,2.0,False,Female,30_39
1803,0.0,2.0,,East Asia & Pacific (excluding high income),2.0,1.0,0.0,2.0,2.0,,,1,,,,,3.0,72.0,2024,,189827862,1,,60882768.0,2.0,2.0,1.0,7.0,2.0,,0.619733101,2.0,1.0,Q1 Lowest,,,2.0,1.0,,,,Thailand,,2,,,4.0,,,4.0,,0.0,1.0,,,,1.0,2.0,,2.0,,0.0,2.0,,THA,4.0,2.0,2.0,3.0,2.0,2.0,2,2.0,,,2.0,False,Male,70_plus
1804,1.0,2.0,,East Asia & Pacific (excluding high income),2.0,1.0,1.0,1.0,2.0,2.0,,1,,,,,1.0,30.0,2024,,189860317,1,,60882768.0,2.0,,1.0,2.0,2.0,2.0,1.322821922,2.0,1.0,Q3,,,1.0,1.0,,2.0,,Thailand,,1,,,4.0,,,1.0,2.0,0.0,0.0,,,,1.0,2.0,,2.0,,0.0,2.0,1.0,THA,4.0,2.0,1.0,1.0,2.0,2.0,2,1.0,,,2.0,False,Male,30_39
1805,0.0,2.0,,East Asia & Pacific (excluding high income),2.0,2.0,1.0,3.0,1.0,,,1,2.0,,2.0,,4.0,25.0,2024,,190164614,1,,60882768.0,2.0,,2.0,7.0,2.0,,0.171703431,2.0,1.0,Q3,,,4.0,1.0,,,,Thailand,2.0,1,,,3.0,,,4.0,,0.0,0.0,,,,2.0,,,5.0,,0.0,,,THA,2.0,4.0,2.0,4.0,2.0,2.0,2,,,,,False,Male,23_29
1806,1.0,2.0,,East Asia & Pacific (excluding high income),1.0,1.0,1.0,2.0,1.0,2.0,,1,2.0,,2.0,,2.0,60.0,2024,,190548566,1,,60882768.0,1.0,,1.0,1.0,2.0,,0.95308209,2.0,2.0,Q1 Lowest,,,2.0,2.0,,,,Thailand,,1,,,4.0,,,4.0,,1.0,0.0,,,,1.0,2.0,,3.0,,0.0,2.0,,THA,2.0,2.0,2.0,1.0,2.0,2.0,1,1.0,,,2.0,False,Female,60_69
1807,1.0,2.0,,East Asia & Pacific (excluding high income),2.0,1.0,0.0,2.0,2.0,2.0,,1,,,,,2.0,61.0,2024,,190583589,1,,60882768.0,2.0,,1.0,2.0,2.0,,0.138068644,2.0,1.0,Q2,,,3.0,2.0,,,,Thailand,,1,,,3.0,,,4.0,,0.0,0.0,,,,1.0,2.0,,1.0,,0.0,2.0,,THA,4.0,2.0,2.0,1.0,2.0,2.0,2,1.0,,,2.0,False,Male,60_69
1808,1.0,2.0,,East Asia & Pacific (excluding high income),4.0,2.0,1.0,2.0,2.0,1.0,,1,,,,,,54.0,2024,,190629163,1,,60882768.0,,,1.0,4.0,,,3.135405466,2.0,,Q3,,,,1.0,,,,Thailand,,2,,,2.0,,,4.0,,0.0,0.0,,,,1.0,,,4.0,,0.0,2.0,,THA,4.0,4.0,2.0,1.0,,2.0,2,1.0,,,,False,Male,50_59
1809,0.0,2.0,,East Asia & Pacific (excluding high income),2.0,1.0,1.0,2.0,1.0,2.0,,0,2.0,2.0,2.0,2.0,,17.0,2024,2.0,190705137,0,1.0,60882768.0,,,3.0,2.0,,,1.713430399,1.0,,Q3,,,,1.0,2.0,2.0,,Thailand,,2,2.0,2.0,5.0,,,2.0,2.0,0.0,1.0,,,,1.0,2.0,,3.0,,0.0,2.0,2.0,THA,2.0,2.0,1.0,2.0,,2.0,2,2.0,,,2.0,False,Male,17_or_less
1810,1.0,2.0,,East Asia & Pacific (excluding high income),1.0,2.0,1.0,2.0,2.0,3.0,,1,,,,,3.0,63.0,2024,,190835892,1,,60882768.0,2.0,,1.0,2.0,2.0,,1.338992121,2.0,2.0,Q2,,,2.0,2.0,,,,Thailand,,1,,,4.0,,,4.0,,0.0,0.0,,,,1.0,,,4.0,,0.0,2.0,,THA,4.0,4.0,2.0,1.0,2.0,2.0,2,1.0,,,,False,Male,60_69
1811,0.0,2.0,,East Asia & Pacific (excluding high income),2.0,2.0,1.0,2.0,2.0,2.0,,0,,2.0,,2.0,,16.0,2024,2.0,190842586,0,1.0,60882768.0,,,1.0,1.0,,,0.769066836,1.0,,Q4,,,,1.0,2.0,,,Thailand,,2,2.0,1.0,3.0,,,4.0,,0.0,1.0,,2.0,,2.0,,,4.0,,0.0,,,THA,4.0,4.0,2.0,4.0,,2.0,1,,,,,False,Female,17_or_less
1812,1.0,2.0,,East Asia & Pacific (excluding high income),1.0,1.0,1.0,1.0,1.0,1.0,,1,2.0,,2.0,,3.0,73.0,2024,,190873443,1,,60882768.0,1.0,,1.0,1.0,2.0,,0.238270523,2.0,1.0,Q1 Lowest,,,2.0,1.0,,,,Thailand,,2,,,3.0,,,4.0,,0.0,1.0,,,,1.0,2.0,,4.0,,0.0,2.0,,THA,2.0,2.0,2.0,1.0,2.0,2.0,1,1.0,,,2.0,False,Female,70_plus
1813,1.0,2.0,,East Asia & Pacific (excluding high income),1.0,2.0,1.0,2.0,2.0,1.0,,1,,,,,1.0,39.0,2024,,190964844,1,,60882768.0,2.0,,2.0,2.0,1.0,,0.958393064,2.0,1.0,Q3,,1.0,1.0,1.0,,,,Thailand,,1,,,5.0,,,4.0,,0.0,0.0,,,,1.0,,,2.0,,0.0,2.0,,THA,4.0,4.0,2.0,1.0,2.0,2.0,1,1.0,,,,False,Female,30_39
1814,1.0,2.0,,East Asia & Pacific (excluding high income),1.0,1.0,1.0,2.0,1.0,3.0,,1,2.0,,2.0,,1.0,51.0,2024,,191196525,1,,60882768.0,1.0,2.0,1.0,1.0,1.0,2.0,0.760532959,2.0,1.0,Q4,,1.0,1.0,1.0,,2.0,,Thailand,,2,,,4.0,,,1.0,2.0,1.0,0.0,,,,1.0,2.0,,5.0,,0.0,2.0,1.0,THA,2.0,1.0,1.0,3.0,2.0,2.0,2,2.0,,,1.0,False,Male,50_59
1815,1.0,2.0,,East Asia & Pacific (excluding high income),1.0,1.0,1.0,2.0,2.0,2.0,,1,,,,,3.0,34.0,2024,,191311950,1,,60882768.0,1.0,,1.0,1.0,2.0,,0.454827199,2.0,1.0,Q1 Lowest,,,2.0,2.0,,,,Thailand,,1,,,1.0,,,4.0,,0.0,0.0,,,,1.0,2.0,,3.0,,0.0,2.0,,THA,4.0,2.0,2.0,1.0,2.0,2.0,2,1.0,,,2.0,False,Male,30_39
1816,1.0,2.0,,East Asia & Pacific (excluding high income),3.0,1.0,0.0,2.0,2.0,2.0,,1,,,,,1.0,43.0,2024,,191338671,1,,60882768.0,1.0,,2.0,1.0,1.0,2.0,1.476231786,2.0,1.0,Q4,,,2.0,1.0,,2.0,,Thailand,,1,,,4.0,,,1.0,2.0,1.0,1.0,,3.0,,2.0,2.0,,5.0,,1.0,,1.0,THA,4.0,1.0,1.0,4.0,2.0,1.0,1,,,,1.0,False,Female,40_49
1817,0.0,2.0,,East Asia & Pacific (excluding high income),1.0,1.0,1.0,2.0,2.0,2.0,,0,,2.0,,2.0,,50.0,2024,1.0,191349439,0,1.0,60882768.0,,,1.0,2.0,,,0.318250589,2.0,,Q5 Highest,,,,1.0,2.0,,,Thailand,,2,2.0,1.0,1.0,,,4.0,,0.0,0.0,,,,2.0,2.0,,3.0,,0.0,,,THA,4.0,2.0,2.0,4.0,,2.0,1,,,,2.0,False,Female,50_59
1818,1.0,2.0,,East Asia & Pacific (excluding high income),1.0,2.0,1.0,2.0,2.0,3.0,,1,,,,,1.0,30.0,2024,,191375051,1,,60882768.0,1.0,,3.0,1.0,1.0,1.0,3.424553462,2.0,1.0,Q4,,,1.0,1.0,,1.0,,Thailand,,1,,,1.0,,,1.0,2.0,1.0,1.0,,,,2.0,,,4.0,,1.0,,1.0,THA,4.0,4.0,1.0,4.0,1.0,2.0,2,,,,,False,Male,30_39
1819,1.0,2.0,,East Asia & Pacific (excluding high income),1.0,2.0,1.0,2.0,2.0,2.0,,1,,,,,2.0,22.0,2024,,191408442,1,,60882768.0,1.0,,2.0,2.0,2.0,2.0,1.272056424,1.0,2.0,Q5 Highest,,1.0,3.0,2.0,,1.0,,Thailand,,1,,,3.0,,,1.0,2.0,1.0,1.0,,1.0,,2.0,,,2.0,,1.0,,1.0,THA,4.0,4.0,1.0,4.0,2.0,2.0,2,,,,,False,Male,18_22
1820,1.0,2.0,,East Asia & Pacific (excluding high income),1.0,1.0,1.0,2.0,1.0,3.0,,1,2.0,,2.0,,3.0,44.0,2024,,191489088,1,,60882768.0,2.0,,1.0,2.0,2.0,,3.424553462,1.0,1.0,Q1 Lowest,,1.0,3.0,1.0,,,,Thailand,2.0,2,,,3.0,,,4.0,,1.0,1.0,,2.0,,2.0,1.0,,1.0,,1.0,,,THA,2.0,1.0,2.0,4.0,2.0,2.0,1,,,,1.0,False,Female,40_49
1821,1.0,2.0,,East Asia & Pacific (excluding high income),4.0,1.0,1.0,1.0,2.0,2.0,,1,,,,,2.0,74.0,2024,,191673833,1,,60882768.0,4.0,,3.0,2.0,2.0,,0.301047546,4.0,2.0,Q5 Highest,,,4.0,1.0,,,,Thailand,,2,,,3.0,,,5.0,,1.0,0.0,,,,2.0,4.0,,4.0,,0.0,2.0,,THA,4.0,1.0,4.0,4.0,2.0,2.0,2,1.0,,,1.0,False,Male,70_plus
1822,0.0,2.0,,East Asia & Pacific (excluding high income),1.0,1.0,1.0,2.0,2.0,3.0,,1,,,,,1.0,47.0,2024,,191707898,1,,60882768.0,1.0,,1.0,1.0,2.0,,0.957382375,2.0,1.0,Q3,,,2.0,1.0,,,,Thailand,,1,,,1.0,,,4.0,,0.0,0.0,,,,2.0,2.0,,4.0,,0.0,,,THA,4.0,2.0,2.0,4.0,2.0,2.0,2,,,,2.0,False,Male,40_49
1823,1.0,2.0,,East Asia & Pacific (excluding high income),2.0,1.0,1.0,2.0,1.0,2.0,,1,2.0,,2.0,,2.0,45.0,2024,,191916265,1,,60882768.0,1.0,,2.0,5.0,2.0,,0.727389092,2.0,1.0,Q1 Lowest,,2.0,2.0,2.0,,,,Thailand,,1,,,3.0,,,4.0,,0.0,1.0,,,,1.0,2.0,1.0,2.0,,0.0,2.0,,THA,2.0,2.0,2.0,1.0,2.0,1.0,1,1.0,,,2.0,False,Female,40_49
1824,1.0,2.0,,East Asia & Pacific (excluding high income),1.0,1.0,1.0,2.0,2.0,3.0,,1,,,,,1.0,25.0,2024,,192138273,1,,60882768.0,1.0,,2.0,5.0,1.0,2.0,0.661410961,1.0,1.0,Q5 Highest,,1.0,1.0,1.0,,1.0,,Thailand,,1,,,1.0,,,1.0,1.0,1.0,1.0,,1.0,,2.0,1.0,,1.0,,1.0,,1.0,THA,4.0,1.0,1.0,4.0,1.0,2.0,2,,,,1.0,False,Male,23_29
1825,1.0,2.0,,East Asia & Pacific (excluding high income),2.0,2.0,0.0,2.0,2.0,,,1,,,,,,65.0,2024,,192142693,1,,60882768.0,,,1.0,7.0,,,0.234535512,2.0,,Q1 Lowest,,,,2.0,,,,Thailand,,2,,,1.0,,,4.0,,0.0,0.0,,,,1.0,,,5.0,,0.0,2.0,,THA,4.0,4.0,2.0,1.0,,2.0,2,1.0,,,,False,Male,60_69
1826,1.0,2.0,,East Asia & Pacific (excluding high income),1.0,2.0,1.0,2.0,2.0,1.0,,1,,,,,1.0,19.0,2024,,192294092,1,,60882768.0,1.0,,2.0,1.0,1.0,,2.157808477,2.0,2.0,Q2,,,3.0,1.0,,,,Thailand,,1,,,5.0,,,4.0,,1.0,0.0,,,,2.0,,,1.0,,0.0,,,THA,4.0,4.0,2.0,4.0,2.0,2.0,2,,,,,False,Male,18_22
1827,1.0,2.0,,East Asia & Pacific (excluding high income),1.0,1.0,1.0,2.0,2.0,2.0,,1,,,,,1.0,19.0,2024,,192380785,1,,60882768.0,1.0,,2.0,2.0,1.0,1.0,2.169018664,2.0,2.0,Q4,,1.0,2.0,1.0,,1.0,,Thailand,,2,,,4.0,,,1.0,2.0,1.0,0.0,,1.0,,1.0,1.0,,4.0,,1.0,1.0,1.0,THA,4.0,1.0,1.0,1.0,2.0,2.0,2,1.0,,,1.0,False,Male,18_22
1828,0.0,2.0,,East Asia & Pacific (excluding high income),2.0,2.0,0.0,1.0,2.0,3.0,,1,,,,,2.0,60.0,2024,,192431030,1,,60882768.0,2.0,,1.0,2.0,1.0,,0.245257566,2.0,1.0,Q4,,,2.0,2.0,,,,Thailand,,1,,,7.0,,,4.0,,0.0,0.0,,,,1.0,,,2.0,,0.0,2.0,,THA,4.0,4.0,2.0,2.0,2.0,2.0,1,2.0,,,,False,Female,60_69
1829,1.0,2.0,,East Asia & Pacific (excluding high income),2.0,1.0,0.0,2.0,2.0,3.0,,1,,,,,2.0,75.0,2024,,192595480,1,,60882768.0,2.0,,1.0,2.0,2.0,,0.135631464,2.0,1.0,Q2,,,2.0,2.0,,,,Thailand,,2,,,3.0,,,4.0,,0.0,0.0,,,,1.0,2.0,,4.0,,0.0,2.0,,THA,4.0,2.0,2.0,1.0,2.0,2.0,1,1.0,,,2.0,False,Female,70_plus
1830,1.0,2.0,,East Asia & Pacific (excluding high income),1.0,1.0,1.0,2.0,1.0,2.0,,1,2.0,,2.0,,3.0,65.0,2024,,192701437,1,,60882768.0,1.0,,1.0,2.0,2.0,,0.296876565,2.0,1.0,Q1 Lowest,,,2.0,1.0,,,,Thailand,,2,,,5.0,,,4.0,,0.0,0.0,,,,1.0,2.0,,2.0,,0.0,2.0,,THA,2.0,2.0,2.0,1.0,2.0,2.0,1,1.0,,,2.0,False,Female,60_69
1831,1.0,2.0,,East Asia & Pacific (excluding high income),1.0,1.0,1.0,2.0,2.0,3.0,,1,,,,,1.0,49.0,2024,,192896977,1,,60882768.0,1.0,,1.0,2.0,1.0,1.0,0.339843832,2.0,1.0,Q5 Highest,,1.0,1.0,1.0,,1.0,,Thailand,,1,,,5.0,,,1.0,2.0,1.0,0.0,,2.0,,2.0,1.0,,3.0,,1.0,,1.0,THA,4.0,1.0,1.0,4.0,2.0,2.0,1,,,,1.0,False,Female,40_49
1832,0.0,2.0,,East Asia & Pacific (excluding high income),2.0,1.0,0.0,2.0,2.0,1.0,,0,,2.0,,2.0,,62.0,2024,2.0,192988351,0,2.0,60882768.0,,,1.0,2.0,,,0.135631464,2.0,,Q1 Lowest,,,,2.0,2.0,2.0,,Thailand,,2,2.0,2.0,1.0,,,2.0,2.0,0.0,0.0,,,,2.0,2.0,,3.0,,0.0,,2.0,THA,4.0,2.0,1.0,4.0,,2.0,2,,,,2.0,False,Male,60_69
1833,0.0,2.0,,East Asia & Pacific (excluding high income),2.0,1.0,0.0,2.0,2.0,,,0,,1.0,,2.0,,45.0,2024,2.0,193056048,0,4.0,60882768.0,,,3.0,9.0,,,0.899844852,2.0,,Q3,,,,1.0,4.0,,,Thailand,,4,2.0,4.0,7.0,,,4.0,,0.0,0.0,,,,2.0,4.0,,6.0,,0.0,,,THA,4.0,3.0,2.0,4.0,,2.0,1,,,,4.0,False,Female,40_49
1834,1.0,2.0,,East Asia & Pacific (excluding high income),1.0,1.0,1.0,2.0,2.0,3.0,,1,,,,,3.0,47.0,2024,,193241382,1,,60882768.0,1.0,,2.0,1.0,2.0,2.0,1.059715433,2.0,1.0,Q5 Highest,,1.0,3.0,1.0,,1.0,,Thailand,1.0,1,,,1.0,,,1.0,2.0,1.0,1.0,,1.0,,2.0,1.0,,4.0,,1.0,,1.0,THA,4.0,1.0,1.0,4.0,1.0,1.0,2,,,,1.0,False,Male,40_49
1835,0.0,2.0,,East Asia & Pacific (excluding high income),2.0,1.0,1.0,2.0,2.0,3.0,,0,,2.0,,2.0,,31.0,2024,2.0,193297506,0,2.0,60882768.0,,,1.0,2.0,,,1.161060615,2.0,,Q1 Lowest,,,,1.0,1.0,2.0,,Thailand,,2,2.0,2.0,3.0,,,2.0,2.0,0.0,0.0,,,,2.0,2.0,,2.0,,0.0,,2.0,THA,4.0,2.0,1.0,4.0,,2.0,1,,,,2.0,False,Female,30_39
1836,1.0,2.0,,East Asia & Pacific (excluding high income),2.0,1.0,1.0,2.0,1.0,2.0,,1,2.0,,2.0,,2.0,33.0,2024,,193323402,1,,60882768.0,1.0,,1.0,5.0,2.0,,2.245569161,2.0,1.0,Q1 Lowest,,,3.0,2.0,,2.0,,Thailand,,1,,,5.0,,,2.0,2.0,1.0,1.0,,,,1.0,2.0,,2.0,,1.0,1.0,2.0,THA,2.0,1.0,1.0,1.0,2.0,1.0,1,1.0,,,1.0,False,Female,30_39
1837,1.0,2.0,,East Asia & Pacific (excluding high income),2.0,1.0,0.0,1.0,2.0,1.0,,1,,,,,2.0,66.0,2024,,193435319,1,,60882768.0,2.0,,1.0,5.0,2.0,,0.268374161,2.0,1.0,Q1 Lowest,,,2.0,1.0,,,,Thailand,,1,,,4.0,,,4.0,,0.0,0.0,,,,1.0,2.0,,2.0,,0.0,2.0,,THA,4.0,2.0,2.0,1.0,2.0,2.0,1,1.0,,,2.0,False,Female,60_69
1838,0.0,2.0,,East Asia & Pacific (excluding high income),3.0,3.0,0.0,2.0,2.0,2.0,,1,,,,,4.0,41.0,2024,,193565322,1,,60882768.0,2.0,,1.0,2.0,2.0,,1.627079337,2.0,2.0,Q4,,,4.0,1.0,,,,Thailand,1.0,1,,,3.0,,,5.0,,0.0,0.0,,,,2.0,,,2.0,,0.0,,,THA,4.0,5.0,3.0,4.0,2.0,2.0,1,,,,,False,Female,40_49
1839,1.0,2.0,,East Asia & Pacific (excluding high income),1.0,1.0,1.0,2.0,1.0,3.0,,1,2.0,,2.0,,3.0,78.0,2024,,193615595,1,,60882768.0,1.0,,1.0,2.0,2.0,,1.27359922,2.0,1.0,Q1 Lowest,,,3.0,1.0,,,,Thailand,1.0,2,,,3.0,,,4.0,,0.0,0.0,,,,1.0,2.0,,4.0,,0.0,2.0,,THA,2.0,2.0,2.0,1.0,2.0,2.0,2,1.0,,,2.0,False,Male,70_plus
1840,1.0,2.0,,East Asia & Pacific (excluding high income),2.0,2.0,0.0,2.0,2.0,2.0,,1,,,,,3.0,67.0,2024,,193723108,1,,60882768.0,1.0,,,2.0,1.0,,0.509390779,2.0,2.0,Q5 Highest,,,4.0,1.0,,,,Thailand,1.0,2,,,1.0,,,4.0,,1.0,0.0,,,,2.0,,,1.0,,0.0,,,THA,4.0,4.0,2.0,4.0,2.0,2.0,2,,,,,False,Male,60_69
1841,0.0,2.0,,East Asia & Pacific (excluding high income),2.0,2.0,0.0,2.0,1.0,3.0,,1,2.0,,2.0,,3.0,18.0,2024,,193857755,1,,60882768.0,1.0,,1.0,1.0,2.0,,3.424553462,2.0,2.0,Q2,,,3.0,1.0,,,,Thailand,1.0,2,,,3.0,,,4.0,,0.0,0.0,,,,2.0,,,2.0,,0.0,,,THA,2.0,4.0,2.0,4.0,2.0,2.0,2,,,,,False,Male,18_22
1842,0.0,2.0,,East Asia & Pacific (excluding high income),4.0,1.0,0.0,2.0,2.0,,,0,,1.0,,4.0,,62.0,2024,4.0,193885302,0,4.0,60882768.0,,,3.0,9.0,,,0.135631464,2.0,,Q5 Highest,2.0,,,1.0,4.0,4.0,,Thailand,,4,4.0,4.0,8.0,,,3.0,2.0,0.0,0.0,,,,2.0,2.0,,6.0,,0.0,,2.0,THA,4.0,2.0,1.0,4.0,,2.0,1,,,,2.0,False,Female,60_69
1843,0.0,2.0,,East Asia & Pacific (excluding high income),2.0,2.0,0.0,3.0,2.0,1.0,,1,,,,,3.0,41.0,2024,,193907276,1,,60882768.0,2.0,,2.0,2.0,1.0,,0.135631464,2.0,1.0,Q2,,,3.0,2.0,,,,Thailand,2.0,2,,,6.0,,,4.0,,0.0,0.0,,,,2.0,,,4.0,,0.0,,,THA,4.0,4.0,2.0,4.0,2.0,2.0,2,,,,,False,Male,40_49
1844,1.0,2.0,,East Asia & Pacific (excluding high income),1.0,1.0,1.0,2.0,2.0,3.0,,1,,,,,1.0,35.0,2024,,193915087,1,,60882768.0,2.0,,2.0,2.0,1.0,,1.261427532,1.0,1.0,Q5 Highest,,1.0,1.0,1.0,,,,Thailand,,2,,,3.0,,,4.0,,1.0,1.0,,,,2.0,2.0,2.0,4.0,,0.0,,,THA,4.0,1.0,2.0,4.0,2.0,2.0,2,,,,1.0,False,Male,30_39
1845,1.0,2.0,,East Asia & Pacific (excluding high income),1.0,2.0,1.0,2.0,2.0,2.0,,1,,,,,1.0,30.0,2024,,194006181,1,,60882768.0,2.0,,1.0,1.0,1.0,,3.403972272,2.0,1.0,Q1 Lowest,,,3.0,1.0,,,,Thailand,,1,,,4.0,,,4.0,,0.0,0.0,,1.0,,1.0,,,4.0,,1.0,2.0,,THA,4.0,4.0,2.0,1.0,2.0,2.0,2,1.0,,,,False,Male,30_39
1846,1.0,1.0,,East Asia & Pacific (excluding high income),1.0,2.0,1.0,2.0,2.0,1.0,,1,,,,,1.0,48.0,2024,,194106883,1,,60882768.0,2.0,,2.0,2.0,1.0,1.0,0.73617497,1.0,1.0,Q5 Highest,,1.0,2.0,1.0,,1.0,,Thailand,,2,,,4.0,,,1.0,1.0,1.0,1.0,,1.0,,1.0,,,2.0,,1.0,1.0,1.0,THA,4.0,4.0,1.0,1.0,1.0,1.0,1,1.0,,,,False,Female,40_49
1847,0.0,2.0,,East Asia & Pacific (excluding high income),2.0,1.0,0.0,2.0,2.0,2.0,,1,,,,,3.0,68.0,2024,,194242577,1,,60882768.0,2.0,,1.0,4.0,2.0,,0.135631464,2.0,2.0,Q5 Highest,,,2.0,2.0,,,,Thailand,,2,,,1.0,,,4.0,,0.0,1.0,,,,2.0,2.0,,4.0,,0.0,,,THA,4.0,2.0,2.0,4.0,2.0,2.0,2,,,,2.0,False,Male,60_69
1848,1.0,2.0,,East Asia & Pacific (excluding high income),1.0,1.0,1.0,2.0,1.0,3.0,,1,2.0,,1.0,,2.0,46.0,2024,,194290169,1,,60882768.0,1.0,,3.0,2.0,1.0,,1.06095983,1.0,1.0,Q3,,,2.0,1.0,,,,Thailand,,1,,,1.0,,,4.0,,1.0,1.0,,,,2.0,1.0,1.0,1.0,,0.0,,,THA,1.0,1.0,2.0,4.0,1.0,2.0,2,,,,1.0,False,Male,40_49
1849,1.0,2.0,,East Asia & Pacific (excluding high income),1.0,1.0,1.0,2.0,2.0,3.0,,1,,,,,1.0,41.0,2024,,194465279,1,,60882768.0,1.0,,2.0,2.0,1.0,2.0,1.320182503,1.0,1.0,Q2,,,2.0,1.0,,1.0,,Thailand,,1,,,4.0,,,1.0,2.0,1.0,1.0,,1.0,,1.0,2.0,,1.0,,1.0,2.0,1.0,THA,4.0,1.0,1.0,1.0,2.0,2.0,2,1.0,,,1.0,False,Male,40_49
1850,1.0,1.0,,East Asia & Pacific (excluding high income),1.0,2.0,1.0,2.0,2.0,3.0,,1,,,,,1.0,50.0,2024,,194508649,1,,60882768.0,1.0,,1.0,3.0,1.0,1.0,2.351554099,2.0,1.0,Q5 Highest,,,2.0,1.0,,1.0,,Thailand,,1,,,2.0,,,1.0,2.0,1.0,1.0,,1.0,,2.0,,2.0,4.0,,1.0,,1.0,THA,4.0,4.0,1.0,4.0,2.0,1.0,2,,,,,False,Male,50_59
1851,1.0,2.0,,East Asia & Pacific (excluding high income),1.0,1.0,1.0,2.0,1.0,3.0,,1,2.0,,2.0,,1.0,24.0,2024,,194593636,1,,60882768.0,1.0,,3.0,3.0,1.0,,2.548411828,1.0,1.0,Q3,,1.0,3.0,1.0,,2.0,,Thailand,,2,,,5.0,,,2.0,2.0,1.0,1.0,,,,2.0,2.0,,2.0,,0.0,,2.0,THA,2.0,1.0,1.0,4.0,2.0,2.0,1,,,,1.0,False,Female,23_29
1852,1.0,2.0,,East Asia & Pacific (excluding high income),2.0,1.0,1.0,2.0,2.0,2.0,,1,,,,,1.0,34.0,2024,,194649067,1,,60882768.0,2.0,,3.0,3.0,1.0,,0.756563129,1.0,2.0,Q2,,,2.0,1.0,,,,Thailand,,2,,,3.0,,,4.0,,1.0,1.0,,,,2.0,1.0,,1.0,,0.0,,,THA,4.0,1.0,2.0,4.0,2.0,2.0,1,,,,1.0,False,Female,30_39
1853,1.0,2.0,,East Asia & Pacific (excluding high income),2.0,1.0,0.0,2.0,1.0,2.0,,1,1.0,,2.0,,1.0,21.0,2024,,194657861,1,,60882768.0,2.0,,1.0,2.0,1.0,,1.566293145,2.0,1.0,Q3,,1.0,2.0,1.0,,2.0,,Thailand,,1,,,4.0,,,2.0,2.0,1.0,1.0,,,,1.0,2.0,,2.0,,1.0,2.0,2.0,THA,1.0,1.0,1.0,1.0,2.0,2.0,1,1.0,,,1.0,False,Female,18_22
1854,1.0,2.0,,East Asia & Pacific (excluding high income),2.0,1.0,0.0,2.0,2.0,2.0,,1,,,,,4.0,18.0,2024,,194708039,1,,60882768.0,2.0,,1.0,4.0,2.0,,1.097809602,1.0,2.0,Q3,,,4.0,2.0,,,,Thailand,2.0,1,,,4.0,,,4.0,,0.0,1.0,,,,1.0,2.0,,1.0,,0.0,2.0,,THA,4.0,2.0,2.0,1.0,2.0,2.0,1,1.0,,,2.0,False,Female,18_22
1855,1.0,2.0,,East Asia & Pacific (excluding high income),1.0,2.0,1.0,2.0,2.0,1.0,,1,,,,,1.0,21.0,2024,,194930763,1,,60882768.0,1.0,,1.0,1.0,1.0,2.0,1.376949494,2.0,1.0,Q5 Highest,,,2.0,1.0,,1.0,,Thailand,,1,,,3.0,,,1.0,2.0,0.0,0.0,,1.0,,2.0,,,5.0,,1.0,,1.0,THA,4.0,4.0,1.0,4.0,2.0,2.0,2,,,,,False,Male,18_22
1856,1.0,2.0,,East Asia & Pacific (excluding high income),2.0,1.0,0.0,2.0,2.0,3.0,,1,,,,,5.0,65.0,2024,,194992486,1,,60882768.0,2.0,,1.0,2.0,1.0,,0.746533045,2.0,1.0,Q5 Highest,,1.0,2.0,2.0,,,,Thailand,,2,,,3.0,,,4.0,,1.0,0.0,,,,2.0,1.0,,4.0,,0.0,,,THA,4.0,1.0,2.0,4.0,2.0,2.0,1,,,,2.0,False,Female,60_69
1857,1.0,2.0,,East Asia & Pacific (excluding high income),1.0,1.0,1.0,2.0,2.0,3.0,,1,,,,,1.0,50.0,2024,,195074609,1,,60882768.0,1.0,,2.0,1.0,2.0,,0.144192472,2.0,2.0,Q3,,,2.0,1.0,,2.0,,Thailand,,1,,,3.0,,,2.0,2.0,0.0,0.0,,,,1.0,1.0,,4.0,,0.0,2.0,2.0,THA,4.0,1.0,1.0,1.0,2.0,2.0,2,1.0,,,1.0,False,Male,50_59
1858,0.0,2.0,,East Asia & Pacific (excluding high income),2.0,1.0,0.0,2.0,2.0,1.0,,1,,,,,4.0,25.0,2024,,195394446,1,,60882768.0,2.0,,1.0,3.0,2.0,,2.427929908,2.0,2.0,Q5 Highest,,,3.0,1.0,,2.0,,Thailand,2.0,1,,,4.0,,,2.0,2.0,0.0,0.0,,,,2.0,2.0,,5.0,,0.0,,2.0,THA,4.0,2.0,1.0,4.0,2.0,2.0,2,,,,2.0,False,Male,23_29
1859,0.0,2.0,,East Asia & Pacific (excluding high income),2.0,3.0,0.0,2.0,2.0,,,1,,,,,3.0,60.0,2024,,195398327,1,,60882768.0,2.0,,1.0,7.0,2.0,,0.135631464,2.0,1.0,Q2,,,2.0,2.0,,,,Thailand,,1,,,1.0,,,4.0,,0.0,0.0,,,,2.0,,,6.0,,0.0,,,THA,4.0,5.0,2.0,4.0,2.0,2.0,1,,,,,False,Female,60_69
1860,1.0,2.0,,East Asia & Pacific (excluding high income),2.0,1.0,1.0,2.0,2.0,1.0,,1,,,,,5.0,18.0,2024,,195439065,1,,60882768.0,2.0,,2.0,2.0,2.0,,2.223809828,1.0,2.0,Q2,,,5.0,2.0,,,,Thailand,1.0,2,,,5.0,,,4.0,,1.0,1.0,,2.0,,2.0,1.0,,5.0,,1.0,,,THA,4.0,1.0,2.0,4.0,2.0,2.0,1,,,,1.0,False,Female,18_22
1861,0.0,2.0,,East Asia & Pacific (excluding high income),2.0,2.0,0.0,2.0,2.0,2.0,,0,,2.0,,2.0,,26.0,2024,2.0,195686131,0,1.0,60882768.0,,,1.0,2.0,,,0.4504933,2.0,,Q5 Highest,,,,1.0,2.0,2.0,,Thailand,,2,2.0,2.0,4.0,,,2.0,2.0,0.0,0.0,,,,2.0,,,2.0,,0.0,,2.0,THA,4.0,4.0,1.0,4.0,,2.0,2,,,,,False,Male,23_29
1862,1.0,2.0,,East Asia & Pacific (excluding high income),1.0,1.0,1.0,2.0,2.0,3.0,,1,,,,,2.0,17.0,2024,,195749235,1,,60882768.0,1.0,,1.0,1.0,1.0,1.0,2.265274069,2.0,1.0,Q4,1.0,,1.0,1.0,,2.0,,Thailand,,1,,,3.0,,,1.0,2.0,1.0,0.0,,1.0,,2.0,1.0,,4.0,,1.0,,2.0,THA,4.0,1.0,1.0,4.0,2.0,2.0,2,,,,1.0,False,Male,17_or_less
1863,0.0,2.0,,East Asia & Pacific (excluding high income),2.0,2.0,0.0,2.0,2.0,,,1,,,,,4.0,46.0,2024,,195783820,1,,60882768.0,2.0,,1.0,7.0,2.0,,0.749140999,2.0,1.0,Q1 Lowest,,,4.0,1.0,,,,Thailand,2.0,1,,,4.0,,,4.0,,0.0,0.0,,,,2.0,,,1.0,,0.0,,,THA,4.0,4.0,2.0,4.0,2.0,2.0,1,,,,,False,Female,40_49
1864,1.0,2.0,,East Asia & Pacific (excluding high income),1.0,1.0,1.0,2.0,1.0,1.0,,1,2.0,,1.0,,1.0,40.0,2024,,195913104,1,,60882768.0,1.0,,1.0,4.0,1.0,,3.407495103,2.0,1.0,Q1 Lowest,,1.0,3.0,1.0,,,,Thailand,,1,,,5.0,,,4.0,,1.0,1.0,,,,1.0,1.0,,5.0,,0.0,2.0,,THA,1.0,1.0,2.0,1.0,2.0,2.0,2,1.0,,,1.0,False,Male,40_49
1865,1.0,2.0,,East Asia & Pacific (excluding high income),1.0,2.0,1.0,2.0,2.0,2.0,,1,,,,,2.0,70.0,2024,,196098397,1,,60882768.0,2.0,,1.0,2.0,3.0,,3.424553462,2.0,1.0,Q4,,,2.0,2.0,,,,Thailand,,2,,,3.0,,,4.0,,0.0,0.0,,1.0,,1.0,,,2.0,,1.0,1.0,,THA,4.0,4.0,2.0,1.0,2.0,2.0,2,1.0,,,,False,Male,70_plus
1866,1.0,2.0,,East Asia & Pacific (excluding high income),1.0,2.0,1.0,2.0,1.0,3.0,,1,2.0,,2.0,,3.0,63.0,2024,,196244727,1,,60882768.0,1.0,,1.0,4.0,2.0,,2.064026519,1.0,1.0,Q3,,2.0,2.0,1.0,,2.0,,Thailand,,1,,,1.0,,,2.0,2.0,0.0,1.0,,,,1.0,,,4.0,,0.0,2.0,2.0,THA,2.0,4.0,1.0,1.0,2.0,2.0,2,1.0,,,,False,Male,60_69
1867,0.0,2.0,,East Asia & Pacific (excluding high income),2.0,1.0,0.0,2.0,2.0,1.0,,1,,,,,2.0,59.0,2024,,196398430,1,,60882768.0,2.0,,1.0,2.0,2.0,,0.686408072,1.0,1.0,Q1 Lowest,,,2.0,2.0,,,,Thailand,,2,,,4.0,,,4.0,,0.0,1.0,,,,2.0,2.0,,4.0,,0.0,,,THA,4.0,2.0,2.0,4.0,2.0,2.0,1,,,,2.0,False,Female,50_59
1868,1.0,2.0,,East Asia & Pacific (excluding high income),2.0,1.0,1.0,2.0,2.0,3.0,,1,,,,,3.0,62.0,2024,,196468030,1,,60882768.0,1.0,1.0,1.0,1.0,2.0,,0.299426258,2.0,1.0,Q1 Lowest,,,2.0,1.0,,,,Thailand,,1,,,1.0,,,4.0,,0.0,0.0,,,,1.0,2.0,,4.0,,0.0,2.0,,THA,4.0,2.0,2.0,1.0,1.0,2.0,2,2.0,,,2.0,False,Male,60_69
1869,1.0,2.0,,East Asia & Pacific (excluding high income),2.0,2.0,0.0,2.0,2.0,1.0,,1,,,,,2.0,84.0,2024,,196490411,1,,60882768.0,2.0,,2.0,2.0,2.0,,0.135631464,2.0,1.0,Q1 Lowest,,,2.0,1.0,,,,Thailand,,1,,,4.0,,,4.0,,0.0,0.0,,,,1.0,,,1.0,,0.0,2.0,,THA,4.0,4.0,2.0,1.0,2.0,2.0,2,1.0,,,,False,Male,70_plus
1870,0.0,2.0,,East Asia & Pacific (excluding high income),2.0,1.0,0.0,2.0,2.0,1.0,,0,,2.0,,3.0,,43.0,2024,1.0,196781547,0,4.0,60882768.0,,,1.0,2.0,,,0.204617285,2.0,,Q3,,,,1.0,4.0,,,Thailand,,4,1.0,4.0,5.0,,,4.0,,0.0,0.0,,,,2.0,2.0,,2.0,,0.0,,,THA,4.0,2.0,2.0,4.0,,2.0,1,,,,2.0,False,Female,40_49
1871,0.0,2.0,,East Asia & Pacific (excluding high income),2.0,2.0,0.0,2.0,2.0,1.0,,1,,,,,3.0,60.0,2024,,196865001,1,,60882768.0,2.0,,1.0,2.0,2.0,,0.600640773,2.0,1.0,Q4,,,3.0,1.0,,,,Thailand,2.0,2,,,3.0,,,4.0,,0.0,0.0,,,,1.0,,,2.0,,0.0,2.0,,THA,4.0,4.0,2.0,2.0,2.0,2.0,1,2.0,,,,False,Female,60_69
1872,1.0,4.0,,East Asia & Pacific (excluding high income),1.0,1.0,1.0,2.0,2.0,2.0,,1,,,,,1.0,53.0,2024,,196961118,1,,60882768.0,4.0,,1.0,3.0,4.0,2.0,1.76784329,2.0,1.0,Q4,,,1.0,1.0,,2.0,,Thailand,,1,,,4.0,,,1.0,2.0,0.0,0.0,,,,2.0,2.0,,2.0,,0.0,,1.0,THA,4.0,2.0,1.0,4.0,2.0,2.0,2,,,,2.0,False,Male,50_59
1873,1.0,2.0,,East Asia & Pacific (excluding high income),1.0,1.0,1.0,2.0,1.0,2.0,,1,2.0,,2.0,,1.0,65.0,2024,,197228835,1,,60882768.0,1.0,,1.0,1.0,1.0,,1.27359922,2.0,1.0,Q2,,,2.0,1.0,,2.0,,Thailand,,1,,,4.0,,,2.0,2.0,0.0,0.0,,,,1.0,2.0,,4.0,,0.0,2.0,2.0,THA,2.0,2.0,1.0,1.0,2.0,2.0,2,1.0,,,2.0,False,Male,60_69
1874,1.0,2.0,,East Asia & Pacific (excluding high income),2.0,2.0,0.0,2.0,2.0,1.0,,1,,,,,1.0,17.0,2024,,197234289,1,,60882768.0,2.0,,1.0,2.0,2.0,,1.039045371,2.0,1.0,Q1 Lowest,,,1.0,1.0,,,,Thailand,,2,,,3.0,,,4.0,,1.0,0.0,,,,1.0,,,2.0,,0.0,2.0,,THA,4.0,4.0,2.0,2.0,2.0,2.0,1,2.0,,,,False,Female,17_or_less
1875,1.0,2.0,,East Asia & Pacific (excluding high income),2.0,1.0,0.0,2.0,2.0,1.0,,1,,,,,3.0,26.0,2024,,197240657,1,,60882768.0,2.0,,2.0,6.0,2.0,,1.238424443,2.0,1.0,Q3,,,3.0,1.0,,2.0,,Thailand,1.0,1,,,4.0,,,2.0,2.0,0.0,1.0,,2.0,,2.0,1.0,,1.0,,1.0,,2.0,THA,4.0,1.0,1.0,4.0,2.0,1.0,1,,,,1.0,False,Female,23_29
1876,1.0,2.0,,East Asia & Pacific (excluding high income),1.0,1.0,1.0,2.0,1.0,3.0,,1,2.0,,1.0,,3.0,32.0,2024,,197297274,1,,60882768.0,1.0,1.0,1.0,1.0,2.0,,0.4504933,2.0,1.0,Q2,,2.0,2.0,1.0,,,,Thailand,,1,,,1.0,,,4.0,,1.0,0.0,,,,1.0,2.0,,4.0,,0.0,2.0,,THA,1.0,2.0,2.0,1.0,2.0,2.0,2,2.0,,,2.0,False,Male,30_39
1877,0.0,2.0,,East Asia & Pacific (excluding high income),2.0,2.0,0.0,2.0,1.0,1.0,,1,2.0,,2.0,,2.0,65.0,2024,,197461356,1,,60882768.0,2.0,2.0,1.0,2.0,2.0,,1.587124122,2.0,1.0,Q5 Highest,,,4.0,1.0,,,,Thailand,,1,,,1.0,,,4.0,,0.0,0.0,,,,1.0,,,5.0,,0.0,2.0,,THA,2.0,4.0,2.0,3.0,2.0,2.0,1,2.0,,,,False,Female,60_69
1878,1.0,2.0,,East Asia & Pacific (excluding high income),1.0,1.0,1.0,2.0,2.0,2.0,,1,,,,,2.0,74.0,2024,,197489027,1,,60882768.0,1.0,,1.0,2.0,2.0,,0.746533045,2.0,1.0,Q2,,,2.0,2.0,,,,Thailand,,1,,,1.0,,,4.0,,0.0,0.0,,,,1.0,2.0,,1.0,,0.0,2.0,,THA,4.0,2.0,2.0,1.0,2.0,2.0,1,1.0,,,2.0,False,Female,70_plus
1879,1.0,2.0,,East Asia & Pacific (excluding high income),2.0,1.0,1.0,1.0,2.0,2.0,,1,,,,,1.0,50.0,2024,,197783540,1,,60882768.0,2.0,,1.0,2.0,2.0,2.0,2.702376182,2.0,1.0,Q2,,2.0,1.0,1.0,,1.0,,Thailand,,1,,,1.0,,,1.0,2.0,1.0,1.0,,,,1.0,1.0,,1.0,,1.0,2.0,1.0,THA,4.0,1.0,1.0,1.0,2.0,2.0,1,1.0,,,1.0,False,Female,50_59
1880,1.0,2.0,,East Asia & Pacific (excluding high income),1.0,1.0,1.0,2.0,2.0,3.0,,1,,,,,1.0,25.0,2024,,197798522,1,,60882768.0,1.0,,2.0,3.0,1.0,2.0,3.424553462,1.0,1.0,Q4,,1.0,6.0,1.0,,1.0,,Thailand,,1,,,4.0,,,1.0,2.0,1.0,1.0,,1.0,,1.0,1.0,,2.0,,1.0,1.0,1.0,THA,4.0,1.0,1.0,1.0,2.0,2.0,2,2.0,,,1.0,False,Male,23_29
1881,0.0,2.0,,East Asia & Pacific (excluding high income),1.0,2.0,1.0,2.0,2.0,1.0,,1,,,,,1.0,43.0,2024,,197817314,1,,60882768.0,1.0,,2.0,2.0,1.0,,1.659881548,1.0,1.0,Q5 Highest,,,2.0,1.0,,,,Thailand,,1,,,4.0,,,4.0,,0.0,1.0,,,,1.0,,,1.0,,0.0,2.0,,THA,4.0,4.0,2.0,2.0,2.0,2.0,2,2.0,,,,False,Male,40_49
1882,1.0,2.0,,East Asia & Pacific (excluding high income),1.0,1.0,1.0,2.0,1.0,2.0,,1,2.0,,1.0,,3.0,54.0,2024,,197845666,1,,60882768.0,1.0,,1.0,1.0,1.0,2.0,0.583821949,2.0,2.0,Q5 Highest,,,2.0,1.0,,2.0,,Thailand,,1,,,1.0,,,1.0,1.0,0.0,1.0,,,,2.0,2.0,,4.0,,0.0,,1.0,THA,1.0,2.0,1.0,4.0,2.0,1.0,2,,,,2.0,False,Male,50_59
1883,1.0,2.0,,East Asia & Pacific (excluding high income),2.0,1.0,1.0,2.0,1.0,3.0,,1,1.0,,2.0,,1.0,29.0,2024,,197892176,1,,60882768.0,1.0,,2.0,5.0,1.0,1.0,0.661410961,2.0,1.0,Q5 Highest,,,2.0,1.0,,1.0,,Thailand,,1,,,3.0,,,1.0,2.0,1.0,0.0,,,,2.0,2.0,2.0,3.0,,1.0,,1.0,THA,1.0,1.0,1.0,4.0,2.0,2.0,2,,,,1.0,False,Male,23_29
1884,1.0,2.0,,East Asia & Pacific (excluding high income),2.0,1.0,0.0,2.0,2.0,1.0,,1,,,,,1.0,46.0,2024,,197893697,1,,60882768.0,1.0,,2.0,2.0,1.0,,0.227678441,1.0,1.0,Q2,,1.0,1.0,1.0,,,,Thailand,,1,,,3.0,,,4.0,,1.0,1.0,,,,2.0,1.0,,4.0,,0.0,,,THA,4.0,1.0,2.0,4.0,2.0,2.0,1,,,,1.0,False,Female,40_49
1885,1.0,2.0,,East Asia & Pacific (excluding high income),2.0,2.0,0.0,2.0,2.0,3.0,,1,,,,,1.0,31.0,2024,,197969337,1,,60882768.0,2.0,,1.0,2.0,2.0,2.0,0.970036873,2.0,1.0,Q5 Highest,,,1.0,1.0,,1.0,,Thailand,,2,,,7.0,,,1.0,2.0,0.0,0.0,,,,1.0,,,1.0,,1.0,1.0,1.0,THA,4.0,4.0,1.0,1.0,2.0,2.0,1,1.0,,,,False,Female,30_39
1886,1.0,2.0,,East Asia & Pacific (excluding high income),1.0,1.0,1.0,2.0,2.0,1.0,,1,,,,,2.0,65.0,2024,,197971359,1,,60882768.0,1.0,,1.0,4.0,2.0,,0.893822494,2.0,1.0,Q5 Highest,,,2.0,1.0,,,,Thailand,,1,,,4.0,,,4.0,,0.0,0.0,,,,1.0,2.0,,1.0,,0.0,2.0,,THA,4.0,2.0,2.0,1.0,2.0,2.0,1,1.0,,,2.0,False,Female,60_69
1887,0.0,2.0,,East Asia & Pacific (excluding high income),2.0,1.0,0.0,2.0,2.0,,,1,,,,,3.0,58.0,2024,,198037524,1,,60882768.0,2.0,,1.0,7.0,1.0,,2.841366057,2.0,2.0,Q2,,,3.0,1.0,,,,Thailand,1.0,2,,,1.0,,,4.0,,0.0,1.0,,,,2.0,2.0,,4.0,,0.0,,,THA,4.0,2.0,2.0,4.0,2.0,1.0,1,,,,2.0,False,Female,50_59
1888,1.0,2.0,,East Asia & Pacific (excluding high income),1.0,1.0,1.0,2.0,1.0,3.0,,1,1.0,,1.0,,1.0,37.0,2024,,198109358,1,,60882768.0,1.0,,2.0,2.0,1.0,1.0,0.485799082,1.0,1.0,Q3,,1.0,1.0,1.0,,1.0,,Thailand,,2,,,5.0,,,1.0,2.0,1.0,1.0,,1.0,,1.0,2.0,1.0,4.0,,1.0,1.0,2.0,THA,1.0,1.0,1.0,1.0,2.0,1.0,1,1.0,,,1.0,False,Female,30_39
1889,0.0,2.0,,East Asia & Pacific (excluding high income),1.0,2.0,1.0,2.0,2.0,1.0,,1,,,,,3.0,35.0,2024,,198179464,1,,60882768.0,1.0,,1.0,4.0,1.0,,3.424553462,2.0,2.0,Q3,,,3.0,1.0,,2.0,,Thailand,1.0,1,,,4.0,,,2.0,2.0,0.0,1.0,,,,2.0,,,1.0,,0.0,,2.0,THA,4.0,4.0,1.0,4.0,2.0,1.0,1,,,,,False,Female,30_39
1890,1.0,2.0,,East Asia & Pacific (excluding high income),2.0,1.0,0.0,2.0,2.0,3.0,,1,,,,,4.0,63.0,2024,,198212169,1,,60882768.0,2.0,,1.0,2.0,2.0,,1.420683028,2.0,2.0,Q1 Lowest,,,4.0,1.0,,2.0,,Thailand,2.0,1,,,6.0,,,2.0,2.0,0.0,0.0,,,,1.0,2.0,,4.0,,0.0,2.0,2.0,THA,4.0,2.0,1.0,1.0,2.0,2.0,1,1.0,,,2.0,False,Female,60_69
1891,1.0,2.0,,East Asia & Pacific (excluding high income),1.0,1.0,1.0,2.0,2.0,3.0,,1,,,,,2.0,29.0,2024,,198234532,1,,60882768.0,2.0,,2.0,4.0,1.0,1.0,1.347109194,2.0,1.0,Q4,,1.0,2.0,1.0,,1.0,,Thailand,,1,,,3.0,,,1.0,1.0,1.0,1.0,,1.0,,2.0,1.0,,2.0,,1.0,,1.0,THA,4.0,1.0,1.0,4.0,1.0,1.0,2,,,,1.0,False,Male,23_29
1892,1.0,2.0,,East Asia & Pacific (excluding high income),2.0,1.0,1.0,2.0,1.0,1.0,,1,2.0,,2.0,,3.0,32.0,2024,,198247528,1,,60882768.0,2.0,,2.0,1.0,1.0,,3.424553462,2.0,1.0,Q2,,1.0,3.0,1.0,,,,Thailand,1.0,2,,,3.0,,,4.0,,1.0,1.0,,,,1.0,1.0,,4.0,,0.0,2.0,,THA,2.0,1.0,2.0,1.0,2.0,1.0,1,1.0,,,1.0,False,Female,30_39
1893,1.0,2.0,,East Asia & Pacific (excluding high income),2.0,1.0,0.0,1.0,2.0,3.0,,1,,,,,1.0,72.0,2024,,198455415,1,,60882768.0,1.0,,3.0,1.0,2.0,,0.242279995,2.0,1.0,Q5 Highest,,,2.0,2.0,,,,Thailand,,1,,,6.0,,,4.0,,0.0,0.0,,,,1.0,2.0,,2.0,,0.0,2.0,,THA,4.0,2.0,2.0,1.0,2.0,2.0,1,1.0,,,2.0,False,Female,70_plus
1894,1.0,2.0,,East Asia & Pacific (excluding high income),2.0,1.0,0.0,2.0,2.0,2.0,,1,,,,,1.0,38.0,2024,,198465144,1,,60882768.0,2.0,,1.0,5.0,1.0,,3.424553462,2.0,2.0,Q3,,,1.0,1.0,,,,Thailand,,1,,,4.0,,,4.0,,1.0,0.0,,,,2.0,2.0,,2.0,,0.0,,,THA,4.0,1.0,2.0,4.0,2.0,2.0,2,,,,1.0,False,Male,30_39
1895,1.0,2.0,,East Asia & Pacific (excluding high income),2.0,1.0,0.0,2.0,2.0,1.0,,1,,,,,4.0,61.0,2024,,198493902,1,,60882768.0,2.0,,1.0,2.0,2.0,,1.3275161,2.0,2.0,Q4,,,2.0,2.0,,,,Thailand,,2,,,3.0,,,4.0,,0.0,0.0,,,,1.0,2.0,,1.0,,0.0,2.0,,THA,4.0,2.0,2.0,1.0,2.0,2.0,1,1.0,,,2.0,False,Female,60_69
1896,1.0,2.0,,East Asia & Pacific (excluding high income),1.0,2.0,1.0,2.0,2.0,1.0,,1,,,,,2.0,79.0,2024,,198530064,1,,60882768.0,1.0,,1.0,2.0,2.0,,0.38608266,2.0,1.0,Q2,,,2.0,2.0,,,,Thailand,,1,,,1.0,,,4.0,,0.0,0.0,,,,1.0,,,1.0,,0.0,2.0,,THA,4.0,4.0,2.0,1.0,2.0,2.0,2,1.0,,,,False,Male,70_plus
1897,1.0,2.0,,East Asia & Pacific (excluding high income),1.0,2.0,1.0,2.0,2.0,1.0,,1,,,,,1.0,20.0,2024,,198726076,1,,60882768.0,1.0,,2.0,2.0,1.0,,0.648026628,1.0,2.0,Q5 Highest,,,2.0,2.0,,,,Thailand,,1,,,4.0,,,4.0,,1.0,1.0,,1.0,,1.0,,,1.0,,1.0,1.0,,THA,4.0,4.0,2.0,1.0,2.0,2.0,1,1.0,,,,False,Female,18_22
1898,0.0,2.0,,East Asia & Pacific (excluding high income),2.0,1.0,0.0,2.0,2.0,1.0,,0,,2.0,,3.0,,54.0,2024,1.0,198739855,0,1.0,60882768.0,,,1.0,2.0,,,1.567702733,2.0,,Q1 Lowest,,,,2.0,2.0,,,Thailand,,2,2.0,2.0,4.0,,,4.0,,0.0,0.0,,,,2.0,2.0,,1.0,,0.0,,,THA,4.0,2.0,2.0,4.0,,2.0,2,,,,2.0,False,Male,50_59
1899,0.0,2.0,,East Asia & Pacific (excluding high income),2.0,2.0,0.0,2.0,2.0,1.0,,0,,2.0,,1.0,,38.0,2024,2.0,198799723,0,1.0,60882768.0,,,1.0,3.0,,,1.425063278,1.0,,Q3,,,,1.0,2.0,,,Thailand,,2,2.0,2.0,3.0,,,4.0,,0.0,1.0,,,,2.0,,,4.0,,0.0,,,THA,4.0,4.0,2.0,4.0,,2.0,2,,,,,False,Male,30_39
1900,1.0,2.0,,East Asia & Pacific (excluding high income),1.0,1.0,1.0,2.0,2.0,,,1,,,,,,55.0,2024,,198812185,1,,60882768.0,,,2.0,7.0,,,0.925956751,4.0,,Q2,,,,1.0,,,,Thailand,,2,,,3.0,,,4.0,,0.0,0.0,,,1.0,2.0,1.0,,3.0,,0.0,,,THA,4.0,1.0,2.0,4.0,,4.0,1,,,,1.0,False,Female,50_59
1901,1.0,2.0,,East Asia & Pacific (excluding high income),1.0,1.0,1.0,2.0,2.0,2.0,,1,,,,,1.0,20.0,2024,,198862054,1,,60882768.0,2.0,,2.0,2.0,1.0,,0.892256132,2.0,2.0,Q3,,,3.0,2.0,,,,Thailand,,2,,,5.0,,,4.0,,1.0,0.0,,,,2.0,2.0,,3.0,,0.0,,,THA,4.0,1.0,2.0,4.0,2.0,2.0,2,,,,1.0,False,Male,18_22
1902,1.0,2.0,,East Asia & Pacific (excluding high income),2.0,1.0,1.0,2.0,1.0,2.0,,1,2.0,,2.0,,1.0,56.0,2024,,198969448,1,,60882768.0,1.0,,1.0,4.0,1.0,,1.847572855,2.0,2.0,Q3,,,2.0,1.0,,,,Thailand,,1,,,3.0,,,4.0,,0.0,0.0,,,,2.0,2.0,,4.0,,0.0,,,THA,2.0,2.0,2.0,4.0,2.0,2.0,2,,,,2.0,False,Male,50_59
1903,1.0,2.0,,East Asia & Pacific (excluding high income),1.0,2.0,1.0,2.0,2.0,1.0,,1,,,,,3.0,17.0,2024,,198972257,1,,60882768.0,1.0,,2.0,5.0,1.0,,2.588739352,2.0,2.0,Q1 Lowest,,,4.0,2.0,,,,Thailand,1.0,2,,,5.0,,,4.0,,1.0,0.0,,1.0,,2.0,,,3.0,,1.0,,,THA,4.0,4.0,2.0,4.0,2.0,2.0,2,,,,,False,Male,17_or_less
1904,0.0,2.0,,East Asia & Pacific (excluding high income),1.0,1.0,1.0,2.0,1.0,3.0,,1,2.0,,2.0,,3.0,43.0,2024,,199066280,1,,60882768.0,1.0,,1.0,2.0,2.0,,2.341444775,2.0,2.0,Q2,,,3.0,1.0,,,,Thailand,1.0,2,,,4.0,,,4.0,,0.0,0.0,,,,2.0,2.0,,2.0,,0.0,,,THA,2.0,2.0,2.0,4.0,2.0,2.0,2,,,,2.0,False,Male,40_49
1905,1.0,2.0,,East Asia & Pacific (excluding high income),1.0,1.0,1.0,2.0,1.0,2.0,,1,2.0,,2.0,,1.0,52.0,2024,,199070834,1,,60882768.0,1.0,,2.0,5.0,1.0,,0.207452083,2.0,1.0,Q3,,1.0,3.0,1.0,,,,Thailand,,1,,,4.0,,,4.0,,1.0,1.0,,,,2.0,2.0,,4.0,,0.0,,,THA,2.0,1.0,2.0,4.0,2.0,1.0,1,,,,1.0,False,Female,50_59
1906,1.0,2.0,,East Asia & Pacific (excluding high income),1.0,1.0,1.0,2.0,1.0,1.0,,1,2.0,,2.0,,1.0,44.0,2024,,199225386,1,,60882768.0,2.0,,2.0,5.0,1.0,,2.712964034,1.0,1.0,Q4,,1.0,1.0,1.0,,,,Thailand,,1,,,5.0,,,4.0,,1.0,1.0,,1.0,,2.0,1.0,1.0,2.0,,1.0,,,THA,2.0,1.0,2.0,4.0,2.0,2.0,2,,,,1.0,False,Male,40_49
1907,0.0,2.0,,East Asia & Pacific (excluding high income),1.0,2.0,1.0,2.0,2.0,1.0,,1,,,,,3.0,15.0,2024,,199486827,1,,60882768.0,1.0,,1.0,2.0,2.0,,2.542775449,2.0,1.0,Q3,,,3.0,2.0,,,,Thailand,1.0,2,,,5.0,,,4.0,,0.0,0.0,,,,1.0,,,1.0,,0.0,2.0,,THA,4.0,4.0,2.0,2.0,2.0,2.0,1,2.0,,,,False,Female,17_or_less
1908,1.0,2.0,,East Asia & Pacific (excluding high income),2.0,1.0,0.0,1.0,2.0,1.0,,1,,,,,2.0,73.0,2024,,199707951,1,,60882768.0,2.0,,1.0,4.0,2.0,,0.277370965,1.0,2.0,Q2,,,2.0,1.0,,2.0,,Thailand,,2,,,4.0,,,2.0,2.0,0.0,1.0,,,,1.0,2.0,,4.0,,0.0,2.0,2.0,THA,4.0,2.0,1.0,1.0,2.0,2.0,2,1.0,,,2.0,False,Male,70_plus
1909,1.0,2.0,,East Asia & Pacific (excluding high income),1.0,1.0,1.0,2.0,2.0,2.0,,1,,,,,1.0,39.0,2024,,199736055,1,,60882768.0,1.0,,3.0,5.0,1.0,2.0,1.299616627,2.0,1.0,Q3,,,2.0,1.0,,2.0,,Thailand,,1,,,4.0,,,1.0,1.0,1.0,1.0,,2.0,,1.0,1.0,,2.0,,1.0,2.0,1.0,THA,4.0,1.0,1.0,1.0,2.0,1.0,1,1.0,,,1.0,False,Female,30_39
1910,1.0,2.0,,East Asia & Pacific (excluding high income),2.0,2.0,0.0,2.0,2.0,,,1,,,,,4.0,63.0,2024,,199870330,1,,60882768.0,2.0,,1.0,9.0,2.0,,0.45412531,2.0,2.0,Q1 Lowest,,,4.0,2.0,,,,Thailand,1.0,2,,,1.0,,,4.0,,0.0,0.0,,,,1.0,,,6.0,,0.0,2.0,,THA,4.0,4.0,2.0,1.0,2.0,2.0,2,1.0,,,,False,Male,60_69
1911,1.0,2.0,,East Asia & Pacific (excluding high income),1.0,2.0,1.0,2.0,2.0,1.0,,1,,,,,1.0,16.0,2024,,199896208,1,,60882768.0,2.0,,2.0,2.0,1.0,2.0,1.446012443,1.0,1.0,Q5 Highest,,2.0,2.0,1.0,,1.0,,Thailand,,2,,,5.0,,,1.0,2.0,1.0,1.0,,1.0,,2.0,,,2.0,,1.0,,1.0,THA,4.0,4.0,1.0,4.0,2.0,2.0,2,,,,,False,Male,17_or_less
1912,1.0,2.0,,East Asia & Pacific (excluding high income),1.0,1.0,1.0,2.0,2.0,2.0,,1,,,,,2.0,48.0,2024,,199915828,1,,60882768.0,1.0,,1.0,4.0,1.0,2.0,0.432125595,2.0,1.0,Q5 Highest,,,2.0,1.0,,2.0,,Thailand,,1,,,1.0,,,1.0,2.0,0.0,0.0,,,,2.0,2.0,,3.0,,0.0,,1.0,THA,4.0,2.0,1.0,4.0,2.0,2.0,2,,,,2.0,False,Male,40_49
1913,1.0,2.0,,East Asia & Pacific (excluding high income),1.0,1.0,1.0,2.0,2.0,2.0,,1,,,,,1.0,19.0,2024,,199992082,1,,60882768.0,1.0,,2.0,2.0,1.0,2.0,1.294369676,1.0,1.0,Q4,,1.0,2.0,1.0,,1.0,,Thailand,,1,,,1.0,,,1.0,1.0,1.0,1.0,,1.0,,1.0,1.0,,1.0,,1.0,2.0,1.0,THA,4.0,1.0,1.0,1.0,2.0,2.0,2,1.0,,,1.0,False,Male,18_22
1914,1.0,2.0,,East Asia & Pacific (excluding high income),1.0,1.0,1.0,2.0,2.0,2.0,,1,,,,,1.0,58.0,2024,,200065235,1,,60882768.0,1.0,,1.0,6.0,1.0,2.0,0.62158371,2.0,1.0,Q5 Highest,,1.0,1.0,1.0,,1.0,,Thailand,,1,,,3.0,,,1.0,2.0,1.0,1.0,,1.0,,1.0,1.0,,1.0,,1.0,1.0,2.0,THA,4.0,1.0,1.0,1.0,2.0,2.0,1,1.0,,,1.0,False,Female,50_59
1915,1.0,2.0,,East Asia & Pacific (excluding high income),1.0,2.0,1.0,2.0,2.0,2.0,,1,,,,,1.0,17.0,2024,,200493844,1,,60882768.0,1.0,,1.0,1.0,1.0,2.0,0.995299875,2.0,2.0,Q4,,1.0,1.0,1.0,,1.0,,Thailand,,2,,,5.0,,,1.0,2.0,1.0,0.0,,1.0,,2.0,,,3.0,,1.0,,1.0,THA,4.0,4.0,1.0,4.0,2.0,2.0,1,,,,,False,Female,17_or_less
1916,1.0,2.0,,East Asia & Pacific (excluding high income),2.0,2.0,0.0,2.0,2.0,,,1,,,,,2.0,75.0,2024,,200534281,1,,60882768.0,1.0,,1.0,8.0,2.0,,0.135631464,2.0,1.0,Q5 Highest,,,2.0,1.0,,,,Thailand,,2,,,6.0,,,4.0,,0.0,0.0,,,,1.0,,,4.0,,0.0,2.0,,THA,4.0,4.0,2.0,1.0,2.0,2.0,1,1.0,,,,False,Female,70_plus
1917,0.0,2.0,,East Asia & Pacific (excluding high income),2.0,1.0,1.0,2.0,2.0,1.0,,1,,,,,1.0,58.0,2024,,200587159,1,,60882768.0,1.0,,1.0,2.0,2.0,,0.300320386,2.0,1.0,Q3,,2.0,1.0,1.0,,,,Thailand,,2,,,4.0,,,4.0,,0.0,0.0,,,,2.0,2.0,,4.0,,0.0,,,THA,4.0,2.0,2.0,4.0,2.0,2.0,1,,,,2.0,False,Female,50_59
1918,1.0,2.0,,East Asia & Pacific (excluding high income),1.0,2.0,1.0,2.0,2.0,3.0,,1,,,,,5.0,52.0,2024,,200661107,1,,60882768.0,1.0,,1.0,1.0,1.0,,0.135631464,2.0,2.0,Q1 Lowest,,1.0,5.0,1.0,,,,Thailand,1.0,2,,,1.0,,,4.0,,1.0,0.0,,,,2.0,,,4.0,,0.0,,,THA,4.0,4.0,2.0,4.0,2.0,2.0,1,,,,,False,Female,50_59
1919,1.0,2.0,,East Asia & Pacific (excluding high income),2.0,1.0,1.0,2.0,1.0,1.0,,1,2.0,,2.0,,2.0,60.0,2024,,200703861,1,,60882768.0,2.0,,1.0,4.0,1.0,,0.343204036,2.0,2.0,Q4,,1.0,2.0,1.0,,,,Thailand,,2,,,3.0,,,4.0,,0.0,0.0,,,,2.0,1.0,,2.0,,0.0,,,THA,2.0,1.0,2.0,4.0,2.0,2.0,1,,,,1.0,False,Female,60_69
1920,1.0,1.0,,East Asia & Pacific (excluding high income),1.0,1.0,1.0,2.0,1.0,2.0,,1,1.0,,1.0,,1.0,21.0,2024,,200721264,1,,60882768.0,1.0,,2.0,2.0,1.0,1.0,1.029144649,2.0,1.0,Q2,,,3.0,1.0,,1.0,,Thailand,,1,,,4.0,,,1.0,2.0,1.0,1.0,,1.0,,1.0,1.0,,2.0,,1.0,1.0,1.0,THA,1.0,1.0,1.0,1.0,1.0,2.0,1,1.0,,,1.0,False,Female,18_22
1921,1.0,2.0,,East Asia & Pacific (excluding high income),2.0,1.0,0.0,2.0,1.0,1.0,,1,2.0,,2.0,,2.0,62.0,2024,,200944537,1,,60882768.0,2.0,,1.0,4.0,2.0,,2.131024542,2.0,1.0,Q1 Lowest,,,2.0,2.0,,,,Thailand,,1,,,1.0,,,4.0,,0.0,0.0,,,,1.0,2.0,,4.0,,0.0,2.0,,THA,2.0,2.0,2.0,1.0,2.0,2.0,1,1.0,,,2.0,False,Female,60_69
1922,1.0,2.0,,East Asia & Pacific (excluding high income),2.0,1.0,0.0,2.0,2.0,1.0,,1,,,,,2.0,70.0,2024,,200972820,1,,60882768.0,2.0,,1.0,2.0,2.0,,0.135631464,2.0,1.0,Q4,,,2.0,1.0,,2.0,,Thailand,,1,,,4.0,,,2.0,2.0,0.0,1.0,,,,1.0,2.0,,6.0,,0.0,2.0,2.0,THA,4.0,2.0,1.0,1.0,2.0,1.0,2,1.0,,,2.0,False,Male,70_plus
1923,1.0,2.0,,East Asia & Pacific (excluding high income),1.0,1.0,1.0,2.0,2.0,2.0,,1,,,,,1.0,37.0,2024,,200984330,1,,60882768.0,1.0,,2.0,2.0,2.0,2.0,0.751379192,2.0,1.0,Q4,,,2.0,1.0,,1.0,,Thailand,,2,,,5.0,,,1.0,2.0,1.0,1.0,,,,1.0,1.0,,4.0,,1.0,1.0,1.0,THA,4.0,1.0,1.0,1.0,1.0,2.0,1,1.0,,,2.0,False,Female,30_39
1924,1.0,2.0,,East Asia & Pacific (excluding high income),2.0,2.0,0.0,2.0,2.0,1.0,,1,,,,,2.0,68.0,2024,,201261562,1,,60882768.0,2.0,,1.0,2.0,2.0,,0.135631464,2.0,1.0,Q5 Highest,,,2.0,1.0,,,,Thailand,,2,,,3.0,,,4.0,,0.0,0.0,,,,1.0,,,1.0,,0.0,2.0,,THA,4.0,4.0,2.0,1.0,2.0,2.0,1,1.0,,,,False,Female,60_69
1925,1.0,2.0,,East Asia & Pacific (excluding high income),2.0,1.0,0.0,2.0,1.0,1.0,,1,2.0,,2.0,,3.0,59.0,2024,,201276304,1,,60882768.0,2.0,,1.0,2.0,2.0,,0.294047726,1.0,1.0,Q4,,,3.0,1.0,,2.0,,Thailand,1.0,1,,,1.0,,,2.0,2.0,0.0,1.0,,,,1.0,2.0,,1.0,,0.0,2.0,2.0,THA,2.0,2.0,1.0,1.0,2.0,2.0,1,1.0,,,2.0,False,Female,50_59
1926,1.0,2.0,,East Asia & Pacific (excluding high income),1.0,2.0,1.0,2.0,2.0,2.0,,1,,,,,2.0,66.0,2024,,201279164,1,,60882768.0,1.0,,2.0,2.0,2.0,,0.135631464,2.0,1.0,Q2,,,2.0,2.0,,,,Thailand,,1,,,3.0,,,4.0,,0.0,0.0,,,,1.0,,,4.0,,0.0,2.0,,THA,4.0,4.0,2.0,1.0,2.0,2.0,1,1.0,,,,False,Female,60_69
1927,1.0,2.0,,East Asia & Pacific (excluding high income),1.0,1.0,1.0,2.0,1.0,2.0,,1,2.0,,2.0,,4.0,55.0,2024,,201579876,1,,60882768.0,1.0,,1.0,1.0,1.0,,0.853132739,1.0,1.0,Q3,,1.0,3.0,1.0,,,,Thailand,1.0,2,,,4.0,,,4.0,,1.0,1.0,,,,2.0,1.0,,4.0,,0.0,,,THA,2.0,1.0,2.0,4.0,2.0,2.0,1,,,,2.0,False,Female,50_59
1928,1.0,2.0,,East Asia & Pacific (excluding high income),2.0,2.0,0.0,2.0,2.0,,,1,,,,,6.0,53.0,2024,,201725491,1,,60882768.0,4.0,,1.0,8.0,4.0,,0.213378209,2.0,4.0,Q5 Highest,,,6.0,1.0,,2.0,,Thailand,1.0,2,,,8.0,,,2.0,2.0,0.0,0.0,,,,1.0,,,1.0,,0.0,2.0,2.0,THA,4.0,4.0,1.0,1.0,2.0,2.0,2,1.0,,,,False,Male,50_59
1929,1.0,2.0,,East Asia & Pacific (excluding high income),1.0,2.0,1.0,2.0,2.0,3.0,,1,,,,,1.0,17.0,2024,,201805574,1,,60882768.0,1.0,,1.0,2.0,1.0,,1.944079884,2.0,2.0,Q4,,,2.0,2.0,,,,Thailand,,2,,,4.0,,,4.0,,1.0,0.0,,1.0,,2.0,,,3.0,,1.0,,,THA,4.0,4.0,2.0,4.0,2.0,2.0,1,,,,,False,Female,17_or_less
1930,1.0,2.0,,East Asia & Pacific (excluding high income),2.0,1.0,0.0,2.0,2.0,3.0,,1,,,,,2.0,56.0,2024,,202174000,1,,60882768.0,2.0,,1.0,3.0,1.0,,0.793562061,2.0,1.0,Q5 Highest,,,2.0,1.0,,,,Thailand,,1,,,1.0,,,4.0,,0.0,0.0,,,,2.0,2.0,,4.0,,0.0,,,THA,4.0,2.0,2.0,4.0,2.0,2.0,1,,,,2.0,False,Female,50_59
1931,1.0,2.0,,East Asia & Pacific (excluding high income),1.0,1.0,1.0,2.0,1.0,,,1,2.0,,2.0,,2.0,47.0,2024,,202229061,1,,60882768.0,1.0,,1.0,7.0,2.0,,0.945956497,2.0,1.0,Q1 Lowest,,,3.0,1.0,,2.0,,Thailand,,2,,,5.0,,,2.0,2.0,0.0,0.0,,,,1.0,2.0,,2.0,,0.0,2.0,2.0,THA,2.0,2.0,1.0,1.0,2.0,2.0,2,1.0,,,2.0,False,Male,40_49
1932,0.0,2.0,,East Asia & Pacific (excluding high income),2.0,1.0,0.0,2.0,2.0,,,0,,2.0,,2.0,,59.0,2024,1.0,202339889,0,2.0,60882768.0,,,1.0,9.0,,,0.431718716,2.0,,Q3,,,,2.0,2.0,,,Thailand,,2,2.0,2.0,4.0,,,4.0,,0.0,0.0,,,,2.0,2.0,,6.0,,0.0,,,THA,4.0,2.0,2.0,4.0,,2.0,1,,,,2.0,False,Female,50_59
1933,1.0,2.0,,East Asia & Pacific (excluding high income),1.0,1.0,1.0,2.0,2.0,3.0,,1,,,,,2.0,49.0,2024,,202343225,1,,60882768.0,1.0,,1.0,1.0,1.0,1.0,0.181038461,1.0,1.0,Q5 Highest,,1.0,2.0,1.0,,1.0,,Thailand,,1,,,1.0,,,1.0,1.0,1.0,1.0,,1.0,,2.0,1.0,,1.0,,1.0,,1.0,THA,4.0,1.0,1.0,4.0,1.0,2.0,1,,,,1.0,False,Female,40_49
1934,1.0,2.0,,East Asia & Pacific (excluding high income),1.0,1.0,1.0,2.0,2.0,1.0,,1,,,,,1.0,40.0,2024,,202422561,1,,60882768.0,2.0,,1.0,2.0,1.0,,0.352367206,1.0,1.0,Q2,,1.0,2.0,1.0,,,,Thailand,,1,,,4.0,,,4.0,,1.0,1.0,,1.0,,1.0,2.0,,2.0,,1.0,2.0,,THA,4.0,1.0,2.0,1.0,2.0,2.0,1,1.0,,,1.0,False,Female,40_49
1935,1.0,2.0,,East Asia & Pacific (excluding high income),2.0,1.0,0.0,2.0,2.0,2.0,,1,,,,,2.0,30.0,2024,,202446222,1,,60882768.0,2.0,,2.0,2.0,4.0,,1.30221493,1.0,1.0,Q2,,1.0,3.0,2.0,,,,Thailand,,1,,,4.0,,,4.0,,0.0,1.0,,,,2.0,2.0,,3.0,,0.0,,,THA,4.0,3.0,2.0,4.0,2.0,2.0,1,,,,2.0,False,Female,30_39
1936,1.0,2.0,,East Asia & Pacific (excluding high income),2.0,1.0,0.0,2.0,2.0,2.0,,1,,,,,1.0,61.0,2024,,202554074,1,,60882768.0,2.0,,1.0,4.0,1.0,,0.180819408,2.0,1.0,Q5 Highest,,1.0,1.0,1.0,,,,Thailand,,1,,,1.0,,,4.0,,0.0,1.0,,,,1.0,2.0,,1.0,,1.0,1.0,,THA,4.0,2.0,2.0,1.0,2.0,2.0,1,1.0,,,2.0,False,Female,60_69
1937,1.0,2.0,,East Asia & Pacific (excluding high income),2.0,1.0,0.0,2.0,2.0,,,1,,,,,4.0,67.0,2024,,202712289,1,,60882768.0,2.0,,1.0,8.0,2.0,,0.42656637,2.0,1.0,Q1 Lowest,,,4.0,1.0,,,,Thailand,2.0,1,,,1.0,,,4.0,,1.0,0.0,,,,2.0,1.0,,2.0,,0.0,,,THA,4.0,1.0,2.0,4.0,2.0,2.0,1,,,,2.0,False,Female,60_69
1938,1.0,2.0,,East Asia & Pacific (excluding high income),1.0,1.0,1.0,2.0,2.0,1.0,,1,,,,,1.0,46.0,2024,,202815196,1,,60882768.0,1.0,,3.0,2.0,1.0,2.0,0.393704219,1.0,1.0,Q5 Highest,,1.0,2.0,1.0,,1.0,,Thailand,,1,,,4.0,,,1.0,2.0,1.0,1.0,,1.0,,2.0,1.0,,3.0,,1.0,,1.0,THA,4.0,1.0,1.0,4.0,2.0,2.0,1,,,,1.0,False,Female,40_49
1939,1.0,2.0,,East Asia & Pacific (excluding high income),2.0,1.0,0.0,2.0,2.0,3.0,,1,,,,,1.0,61.0,2024,,202928771,1,,60882768.0,2.0,,3.0,2.0,1.0,2.0,0.553518069,2.0,1.0,Q4,,,2.0,1.0,,2.0,,Thailand,,1,,,5.0,,,1.0,2.0,1.0,1.0,,,,2.0,2.0,,4.0,,0.0,,1.0,THA,4.0,1.0,1.0,4.0,2.0,2.0,1,,,,1.0,False,Female,60_69
1940,1.0,2.0,,East Asia & Pacific (excluding high income),1.0,1.0,1.0,2.0,2.0,2.0,,1,,,,,1.0,47.0,2024,,202998857,1,,60882768.0,1.0,,2.0,5.0,1.0,,0.636501178,2.0,1.0,Q3,,1.0,1.0,1.0,,,,Thailand,,1,,,4.0,,,4.0,,1.0,0.0,,,,2.0,1.0,,4.0,,0.0,,,THA,4.0,1.0,2.0,4.0,2.0,2.0,1,,,,1.0,False,Female,40_49
1941,1.0,2.0,,East Asia & Pacific (excluding high income),2.0,2.0,0.0,2.0,2.0,2.0,,1,,,,,,50.0,2024,,203208831,1,,60882768.0,,,1.0,2.0,,2.0,2.580160523,2.0,,Q1 Lowest,,,,1.0,,2.0,,Thailand,,2,,,3.0,,,1.0,2.0,0.0,0.0,,,,2.0,,,4.0,,0.0,,1.0,THA,4.0,4.0,1.0,4.0,,2.0,1,,,,,False,Female,50_59
1942,0.0,2.0,,East Asia & Pacific (excluding high income),2.0,2.0,0.0,2.0,2.0,,,0,,2.0,,1.0,,70.0,2024,1.0,203264623,0,1.0,60882768.0,,,1.0,7.0,,,0.476541045,2.0,,Q1 Lowest,,,,2.0,2.0,,,Thailand,,2,1.0,2.0,4.0,,,4.0,,0.0,0.0,,,,1.0,,,4.0,,0.0,2.0,,THA,4.0,4.0,2.0,2.0,,2.0,1,2.0,,,,False,Female,70_plus
1943,1.0,2.0,,East Asia & Pacific (excluding high income),2.0,1.0,1.0,2.0,2.0,,,1,,,,,1.0,47.0,2024,,203277652,1,,60882768.0,2.0,1.0,2.0,8.0,1.0,,0.420416977,2.0,1.0,Q4,,,1.0,2.0,,,,Thailand,,2,,,4.0,,,4.0,,1.0,0.0,,1.0,,1.0,1.0,,5.0,,1.0,2.0,,THA,4.0,1.0,2.0,1.0,2.0,2.0,1,2.0,,,1.0,False,Female,40_49
1944,1.0,2.0,,East Asia & Pacific (excluding high income),1.0,2.0,1.0,2.0,2.0,1.0,,1,,,,,2.0,51.0,2024,,203314415,1,,60882768.0,2.0,,1.0,5.0,1.0,,1.30566269,2.0,1.0,Q4,,,2.0,1.0,,,,Thailand,,1,,,4.0,,,4.0,,1.0,0.0,,,,2.0,,,1.0,,0.0,,,THA,4.0,4.0,2.0,4.0,2.0,2.0,1,,,,,False,Female,50_59
1945,1.0,1.0,,East Asia & Pacific (excluding high income),1.0,1.0,1.0,2.0,2.0,2.0,,1,,,,,2.0,18.0,2024,,203415710,1,,60882768.0,2.0,,2.0,5.0,1.0,,2.718129268,2.0,2.0,Q4,,2.0,1.0,1.0,,,,Thailand,,1,,,2.0,,,4.0,,1.0,1.0,,2.0,,2.0,1.0,,2.0,,1.0,,,THA,4.0,1.0,2.0,4.0,1.0,2.0,1,,,,1.0,False,Female,18_22
1946,1.0,2.0,,East Asia & Pacific (excluding high income),2.0,1.0,1.0,2.0,2.0,2.0,,1,,,,,4.0,54.0,2024,,203470145,1,,60882768.0,2.0,,1.0,2.0,2.0,,0.945956497,1.0,2.0,Q4,,,4.0,1.0,,,,Thailand,1.0,1,,,1.0,,,4.0,,0.0,1.0,,1.0,,1.0,2.0,,4.0,,1.0,2.0,,THA,4.0,1.0,2.0,1.0,2.0,2.0,2,1.0,,,1.0,False,Male,50_59
1947,1.0,2.0,,East Asia & Pacific (excluding high income),1.0,1.0,1.0,2.0,2.0,2.0,,1,,,,,2.0,50.0,2024,,203725434,1,,60882768.0,1.0,,2.0,4.0,1.0,2.0,0.412837204,1.0,1.0,Q5 Highest,,1.0,2.0,1.0,,1.0,,Thailand,,1,,,4.0,,,1.0,2.0,1.0,1.0,,1.0,,2.0,1.0,,4.0,,1.0,,1.0,THA,4.0,1.0,1.0,4.0,1.0,2.0,1,,,,1.0,False,Female,50_59
1948,1.0,2.0,,East Asia & Pacific (excluding high income),2.0,2.0,0.0,2.0,2.0,1.0,,1,,,,,2.0,78.0,2024,,203793492,1,,60882768.0,2.0,,1.0,2.0,2.0,,0.639849554,2.0,2.0,Q1 Lowest,,,2.0,1.0,,,,Thailand,,2,,,3.0,,,4.0,,0.0,0.0,,,,1.0,,,5.0,,0.0,2.0,,THA,4.0,4.0,2.0,1.0,2.0,2.0,1,1.0,,,,False,Female,70_plus
1949,0.0,2.0,,East Asia & Pacific (excluding high income),2.0,2.0,0.0,2.0,2.0,,,0,,2.0,,3.0,,52.0,2024,1.0,203859074,0,2.0,60882768.0,,,1.0,8.0,,,0.912342213,2.0,,Q2,,,,1.0,2.0,2.0,,Thailand,,2,3.0,2.0,3.0,,,2.0,2.0,0.0,0.0,,,,2.0,,,5.0,,0.0,,2.0,THA,4.0,4.0,1.0,4.0,,2.0,2,,,,,False,Male,50_59
1950,1.0,2.0,,East Asia & Pacific (excluding high income),1.0,1.0,1.0,2.0,2.0,3.0,,1,,,,,1.0,21.0,2024,,203950403,1,,60882768.0,1.0,2.0,2.0,3.0,1.0,2.0,1.310003915,2.0,1.0,Q5 Highest,,,2.0,1.0,,1.0,,Thailand,,2,,,3.0,,,1.0,2.0,1.0,1.0,,1.0,,1.0,1.0,,4.0,,1.0,2.0,1.0,THA,4.0,1.0,1.0,3.0,2.0,2.0,2,2.0,,,1.0,False,Male,18_22
1951,1.0,2.0,,East Asia & Pacific (excluding high income),1.0,1.0,1.0,2.0,1.0,,,1,2.0,,1.0,,3.0,67.0,2024,,204038093,1,,60882768.0,1.0,,1.0,7.0,2.0,,0.476541045,2.0,1.0,Q1 Lowest,,,2.0,2.0,,,,Thailand,,2,,,8.0,,,4.0,,0.0,1.0,,,,2.0,2.0,,3.0,,0.0,,,THA,1.0,2.0,2.0,4.0,2.0,2.0,1,,,,2.0,False,Female,60_69
1952,1.0,2.0,,East Asia & Pacific (excluding high income),1.0,1.0,1.0,1.0,1.0,2.0,,1,1.0,,1.0,,2.0,35.0,2024,,204382586,1,,60882768.0,1.0,,1.0,2.0,1.0,1.0,0.92826181,2.0,1.0,Q2,,1.0,2.0,1.0,,1.0,,Thailand,,1,,,4.0,,,1.0,1.0,1.0,1.0,,1.0,,1.0,1.0,,2.0,,1.0,1.0,1.0,THA,1.0,1.0,1.0,1.0,2.0,2.0,2,1.0,,,1.0,False,Male,30_39
1953,1.0,2.0,,East Asia & Pacific (excluding high income),1.0,1.0,1.0,2.0,2.0,3.0,,1,,,,,1.0,25.0,2024,,204397362,1,,60882768.0,1.0,,3.0,2.0,1.0,2.0,0.846753606,2.0,1.0,Q5 Highest,,1.0,2.0,1.0,,2.0,,Thailand,,1,,,4.0,,,1.0,2.0,1.0,0.0,,1.0,,2.0,1.0,,1.0,,1.0,,1.0,THA,4.0,1.0,1.0,4.0,1.0,2.0,2,,,,1.0,False,Male,23_29
1954,0.0,2.0,,East Asia & Pacific (excluding high income),2.0,2.0,0.0,2.0,2.0,1.0,,0,,2.0,,2.0,,28.0,2024,2.0,204398440,0,2.0,60882768.0,,,2.0,4.0,,,1.319187194,2.0,,Q4,,,,1.0,2.0,,,Thailand,,2,2.0,2.0,3.0,,,4.0,,0.0,1.0,,,,2.0,,,2.0,,0.0,,,THA,4.0,4.0,2.0,4.0,,2.0,1,,,,,False,Female,23_29
1955,1.0,2.0,,East Asia & Pacific (excluding high income),1.0,1.0,1.0,2.0,1.0,2.0,,1,1.0,,1.0,,1.0,48.0,2024,,204503407,1,,60882768.0,1.0,,2.0,3.0,1.0,,0.96288611,2.0,2.0,Q4,,2.0,4.0,1.0,,,,Thailand,,2,,,1.0,,,4.0,,1.0,0.0,,,,1.0,2.0,,4.0,,1.0,2.0,,THA,1.0,1.0,2.0,1.0,2.0,2.0,1,1.0,,,1.0,False,Female,40_49
1956,1.0,2.0,,East Asia & Pacific (excluding high income),2.0,1.0,0.0,2.0,2.0,,,1,,,,,5.0,78.0,2024,,204572529,1,,60882768.0,2.0,,1.0,7.0,3.0,,0.42656637,2.0,3.0,Q1 Lowest,,,5.0,2.0,,,,Thailand,3.0,1,,,4.0,,,4.0,,0.0,0.0,,,,1.0,2.0,,5.0,,0.0,2.0,,THA,4.0,2.0,2.0,1.0,2.0,2.0,1,1.0,,,2.0,False,Female,70_plus
1957,1.0,2.0,,East Asia & Pacific (excluding high income),2.0,2.0,0.0,2.0,2.0,1.0,,1,,,,,3.0,68.0,2024,,204805280,1,,60882768.0,1.0,,1.0,2.0,2.0,,0.42656637,1.0,1.0,Q1 Lowest,,,2.0,2.0,,,,Thailand,,2,,,3.0,,,4.0,,0.0,1.0,,,,1.0,,,2.0,,0.0,2.0,,THA,4.0,4.0,2.0,1.0,2.0,2.0,1,1.0,,,,False,Female,60_69
1958,1.0,2.0,,East Asia & Pacific (excluding high income),1.0,1.0,1.0,2.0,2.0,3.0,,1,,,,,2.0,68.0,2024,,204876353,1,,60882768.0,1.0,,1.0,1.0,2.0,,1.437842962,2.0,1.0,Q5 Highest,,,1.0,1.0,,,,Thailand,,1,,,1.0,,,4.0,,0.0,0.0,,,,2.0,2.0,,4.0,,0.0,,,THA,4.0,2.0,2.0,4.0,2.0,2.0,1,,,,2.0,False,Female,60_69
1959,0.0,2.0,,East Asia & Pacific (excluding high income),2.0,2.0,0.0,2.0,2.0,,,0,,2.0,,1.0,,33.0,2024,2.0,204911886,0,2.0,60882768.0,,,1.0,7.0,,,2.243882308,2.0,,Q1 Lowest,,,,1.0,1.0,,,Thailand,,2,1.0,2.0,5.0,,,4.0,,0.0,0.0,,,,2.0,,,1.0,,0.0,,,THA,4.0,4.0,2.0,4.0,,2.0,1,,,,,False,Female,30_39
1960,1.0,2.0,,East Asia & Pacific (excluding high income),2.0,3.0,0.0,2.0,1.0,2.0,,1,2.0,,2.0,,2.0,67.0,2024,,205017463,1,,60882768.0,2.0,,1.0,5.0,2.0,,1.847572855,2.0,1.0,Q1 Lowest,,,2.0,2.0,,,,Thailand,,1,,,1.0,,,4.0,,0.0,0.0,,,,1.0,,,4.0,,0.0,2.0,,THA,2.0,5.0,2.0,1.0,2.0,2.0,2,1.0,,,,False,Male,60_69
1961,1.0,2.0,,East Asia & Pacific (excluding high income),1.0,2.0,1.0,2.0,2.0,3.0,,1,,,,,3.0,23.0,2024,,205244169,1,,60882768.0,1.0,,2.0,2.0,2.0,,1.039045371,2.0,1.0,Q3,,,2.0,2.0,,,,Thailand,,2,,,6.0,,,4.0,,0.0,0.0,,,,1.0,,,4.0,,0.0,2.0,,THA,4.0,4.0,2.0,1.0,2.0,2.0,1,1.0,,,,False,Female,23_29
1962,1.0,2.0,,East Asia & Pacific (excluding high income),2.0,1.0,1.0,2.0,2.0,2.0,,1,,,,,1.0,35.0,2024,,205251208,1,,60882768.0,2.0,,1.0,5.0,1.0,,1.309105065,1.0,1.0,Q3,,,1.0,1.0,,,,Thailand,,2,,,4.0,,,4.0,,0.0,1.0,,2.0,,2.0,1.0,,2.0,,0.0,,,THA,4.0,1.0,2.0,4.0,2.0,2.0,1,,,,1.0,False,Female,30_39
1963,0.0,2.0,,East Asia & Pacific (excluding high income),2.0,1.0,1.0,2.0,2.0,1.0,,0,,2.0,,2.0,,49.0,2024,1.0,205506912,0,2.0,60882768.0,,,1.0,3.0,,,1.747150436,2.0,,Q1 Lowest,,,,1.0,2.0,2.0,,Thailand,,2,2.0,2.0,4.0,,,2.0,2.0,0.0,1.0,,,,2.0,2.0,,1.0,,0.0,,2.0,THA,4.0,2.0,1.0,4.0,,2.0,2,,,,2.0,False,Male,40_49
1964,1.0,1.0,,East Asia & Pacific (excluding high income),1.0,1.0,1.0,2.0,2.0,3.0,,1,,,,,1.0,48.0,2024,,205591745,1,,60882768.0,1.0,,2.0,4.0,1.0,1.0,0.393704219,1.0,2.0,Q5 Highest,,,1.0,1.0,,1.0,,Thailand,,1,,,2.0,,,1.0,2.0,1.0,1.0,,,,1.0,1.0,2.0,3.0,,1.0,1.0,1.0,THA,4.0,1.0,1.0,1.0,2.0,1.0,1,2.0,,,1.0,False,Female,40_49
1965,1.0,2.0,,East Asia & Pacific (excluding high income),1.0,2.0,1.0,2.0,2.0,2.0,,1,,2.0,,2.0,,15.0,2024,2.0,205688000,0,2.0,60882768.0,,,1.0,2.0,,,0.930029135,2.0,,Q5 Highest,,,,2.0,2.0,,,Thailand,,2,2.0,1.0,5.0,,,4.0,,1.0,0.0,,1.0,,2.0,,,2.0,,1.0,,,THA,4.0,4.0,2.0,4.0,,2.0,1,,,,,False,Female,17_or_less
1966,1.0,2.0,,East Asia & Pacific (excluding high income),1.0,1.0,1.0,2.0,2.0,1.0,,1,,,,,2.0,62.0,2024,,205774472,1,,60882768.0,1.0,,3.0,1.0,1.0,2.0,0.135631464,2.0,1.0,Q3,,1.0,2.0,1.0,,1.0,,Thailand,,1,,,1.0,,,1.0,2.0,1.0,0.0,,1.0,,2.0,1.0,,4.0,,1.0,,1.0,THA,4.0,1.0,1.0,4.0,2.0,2.0,1,,,,1.0,False,Female,60_69
1967,1.0,2.0,,East Asia & Pacific (excluding high income),2.0,2.0,0.0,2.0,2.0,,,1,,,,,2.0,73.0,2024,,205822515,1,,60882768.0,2.0,,1.0,7.0,2.0,,0.206097063,2.0,1.0,Q1 Lowest,,,2.0,2.0,,,,Thailand,,2,,,1.0,,,4.0,,0.0,0.0,,,,1.0,,,5.0,,0.0,2.0,,THA,4.0,4.0,2.0,1.0,2.0,2.0,1,1.0,,,,False,Female,70_plus
1968,0.0,2.0,,East Asia & Pacific (excluding high income),2.0,2.0,0.0,2.0,2.0,2.0,,0,,2.0,,2.0,,16.0,2024,2.0,205873279,0,1.0,60882768.0,,,1.0,2.0,,,0.870936271,2.0,,Q4,,,,2.0,2.0,,,Thailand,,2,2.0,2.0,5.0,,,4.0,,0.0,0.0,,,,2.0,,,2.0,,0.0,,,THA,4.0,4.0,2.0,4.0,,2.0,1,,,,,False,Female,17_or_less
1969,1.0,2.0,,East Asia & Pacific (excluding high income),2.0,1.0,0.0,2.0,2.0,2.0,,1,,,,,2.0,30.0,2024,,205948738,1,,60882768.0,2.0,,3.0,3.0,1.0,,1.419193071,2.0,1.0,Q4,,1.0,1.0,1.0,,,,Thailand,,1,,,2.0,,,4.0,,1.0,0.0,,,,1.0,2.0,,3.0,,0.0,2.0,,THA,4.0,1.0,2.0,1.0,2.0,2.0,1,1.0,,,1.0,False,Female,30_39
1970,1.0,2.0,,East Asia & Pacific (excluding high income),1.0,1.0,1.0,2.0,2.0,2.0,,1,,,,,1.0,42.0,2024,,206202646,1,,60882768.0,1.0,2.0,2.0,3.0,1.0,2.0,0.421525405,1.0,1.0,Q5 Highest,,,2.0,1.0,,2.0,,Thailand,,1,,,4.0,,,1.0,1.0,1.0,1.0,,1.0,,1.0,1.0,,2.0,,1.0,2.0,1.0,THA,4.0,1.0,1.0,3.0,1.0,1.0,1,2.0,,,1.0,False,Female,40_49
1971,1.0,2.0,,East Asia & Pacific (excluding high income),1.0,2.0,1.0,2.0,2.0,2.0,,1,,,,,2.0,17.0,2024,,206265590,1,,60882768.0,1.0,,2.0,1.0,1.0,,1.941554514,1.0,1.0,Q3,,1.0,2.0,1.0,,,,Thailand,,1,,,2.0,,,4.0,,1.0,1.0,,,,2.0,,1.0,3.0,,0.0,,,THA,4.0,4.0,2.0,4.0,1.0,2.0,2,,,,,False,Male,17_or_less
1972,1.0,2.0,,East Asia & Pacific (excluding high income),1.0,1.0,1.0,2.0,2.0,2.0,,1,,,,,1.0,23.0,2024,,206268687,1,,60882768.0,1.0,,3.0,2.0,1.0,,1.190644804,1.0,2.0,Q5 Highest,,1.0,1.0,1.0,,,,Thailand,,2,,,5.0,,,4.0,,1.0,1.0,,,,2.0,1.0,,4.0,,0.0,,,THA,4.0,1.0,2.0,4.0,2.0,2.0,1,,,,1.0,False,Female,23_29
1973,1.0,2.0,,East Asia & Pacific (excluding high income),2.0,1.0,0.0,2.0,1.0,,,1,2.0,,2.0,,2.0,64.0,2024,,206293225,1,,60882768.0,2.0,,1.0,7.0,2.0,,0.639849554,2.0,1.0,Q1 Lowest,,,2.0,1.0,,,,Thailand,,2,,,2.0,,,4.0,,1.0,0.0,,,,1.0,2.0,,5.0,,0.0,2.0,,THA,2.0,2.0,2.0,1.0,2.0,2.0,1,1.0,,,2.0,False,Female,60_69
1974,1.0,2.0,,East Asia & Pacific (excluding high income),2.0,2.0,0.0,2.0,2.0,1.0,,1,,,,,2.0,25.0,2024,,206412999,1,,60882768.0,1.0,,2.0,2.0,1.0,,1.4086938,1.0,1.0,Q4,,1.0,3.0,2.0,,,,Thailand,,1,,,4.0,,,4.0,,1.0,1.0,,2.0,,2.0,,,3.0,,1.0,,,THA,4.0,4.0,2.0,4.0,1.0,2.0,1,,,,,False,Female,23_29
1975,1.0,2.0,,East Asia & Pacific (excluding high income),2.0,2.0,0.0,2.0,2.0,,,1,,,,,2.0,75.0,2024,,206425801,1,,60882768.0,2.0,,1.0,7.0,2.0,,0.728139649,2.0,1.0,Q1 Lowest,,,2.0,2.0,,,,Thailand,,2,,,7.0,,,4.0,,0.0,0.0,,,,1.0,,,6.0,,0.0,2.0,,THA,4.0,4.0,2.0,1.0,2.0,2.0,2,1.0,,,,False,Male,70_plus
1976,1.0,2.0,,East Asia & Pacific (excluding high income),2.0,1.0,0.0,2.0,2.0,2.0,,1,,,,,3.0,65.0,2024,,206685149,1,,60882768.0,2.0,,1.0,2.0,1.0,,0.143436971,2.0,1.0,Q1 Lowest,,,2.0,2.0,,,,Thailand,,1,,,1.0,,,4.0,,0.0,0.0,,,,1.0,2.0,,4.0,,0.0,2.0,,THA,4.0,2.0,2.0,1.0,2.0,2.0,1,1.0,,,2.0,False,Female,60_69
1977,1.0,2.0,,East Asia & Pacific (excluding high income),2.0,2.0,0.0,2.0,2.0,1.0,,1,,,,,3.0,69.0,2024,,206694998,1,,60882768.0,2.0,,1.0,2.0,2.0,,0.485426433,1.0,1.0,Q5 Highest,,,2.0,1.0,,,,Thailand,,1,,,4.0,,,4.0,,0.0,1.0,,,,1.0,,,1.0,,0.0,2.0,,THA,4.0,4.0,2.0,1.0,2.0,2.0,2,1.0,,,,False,Male,60_69
1978,1.0,2.0,,East Asia & Pacific (excluding high income),1.0,1.0,1.0,2.0,2.0,2.0,,1,,,,,2.0,61.0,2024,,206797434,1,,60882768.0,1.0,,2.0,1.0,1.0,,0.503966111,2.0,1.0,Q2,,,2.0,2.0,,,,Thailand,,1,,,6.0,,,4.0,,0.0,0.0,,,,1.0,2.0,,1.0,,0.0,2.0,,THA,4.0,1.0,2.0,1.0,2.0,2.0,1,1.0,,,1.0,False,Female,60_69
1979,1.0,2.0,,East Asia & Pacific (excluding high income),2.0,1.0,0.0,2.0,2.0,1.0,,1,,,,,3.0,43.0,2024,,206881613,1,,60882768.0,2.0,,1.0,2.0,2.0,,1.543497066,2.0,1.0,Q1 Lowest,,,3.0,1.0,,2.0,,Thailand,1.0,1,,,4.0,,,2.0,2.0,0.0,0.0,,,,1.0,2.0,,4.0,,0.0,2.0,2.0,THA,4.0,2.0,1.0,1.0,2.0,2.0,2,1.0,,,2.0,False,Male,40_49
1980,1.0,2.0,,East Asia & Pacific (excluding high income),2.0,2.0,1.0,2.0,2.0,1.0,,1,,,,,,20.0,2024,,206915171,1,,60882768.0,,1.0,2.0,2.0,,,1.911308871,2.0,,Q4,,,,2.0,,2.0,,Thailand,,2,,,5.0,,,2.0,2.0,0.0,0.0,,,,1.0,,,4.0,,0.0,2.0,2.0,THA,4.0,4.0,1.0,1.0,,2.0,1,2.0,,,,False,Female,18_22
1981,0.0,2.0,,East Asia & Pacific (excluding high income),2.0,2.0,0.0,1.0,2.0,1.0,,0,,2.0,,1.0,,68.0,2024,1.0,207087444,0,1.0,60882768.0,,,1.0,2.0,,,0.445314847,2.0,,Q1 Lowest,,,,2.0,1.0,,,Thailand,,2,1.0,1.0,1.0,,,4.0,,0.0,0.0,,,,1.0,,,3.0,,0.0,2.0,,THA,4.0,4.0,2.0,2.0,,2.0,1,2.0,,,,False,Female,60_69
1982,1.0,2.0,,East Asia & Pacific (excluding high income),1.0,1.0,1.0,2.0,2.0,,,1,,,,,1.0,52.0,2024,,207108359,1,,60882768.0,1.0,2.0,1.0,8.0,2.0,,0.957382375,2.0,1.0,Q5 Highest,,2.0,1.0,1.0,,,,Thailand,,1,,,4.0,,,4.0,,1.0,0.0,,,,1.0,2.0,,1.0,,0.0,2.0,,THA,4.0,2.0,2.0,3.0,2.0,2.0,2,2.0,,,2.0,False,Male,50_59
1983,1.0,2.0,,East Asia & Pacific (excluding high income),1.0,2.0,1.0,2.0,1.0,3.0,,1,2.0,,1.0,,3.0,59.0,2024,,207295751,1,,60882768.0,1.0,,2.0,2.0,2.0,,0.135631464,2.0,1.0,Q2,,,3.0,1.0,,,,Thailand,1.0,2,,,3.0,,,4.0,,0.0,0.0,,,,2.0,,,1.0,,0.0,,,THA,1.0,4.0,2.0,4.0,2.0,2.0,1,,,,,False,Female,50_59
1984,1.0,2.0,,East Asia & Pacific (excluding high income),2.0,1.0,0.0,2.0,2.0,2.0,,1,,,,,1.0,39.0,2024,,207343606,1,,60882768.0,2.0,,1.0,2.0,1.0,,3.424553462,1.0,2.0,Q2,,1.0,2.0,1.0,,,,Thailand,,1,,,5.0,,,4.0,,1.0,1.0,,,,2.0,1.0,,2.0,,0.0,,,THA,4.0,1.0,2.0,4.0,2.0,2.0,1,,,,1.0,False,Female,30_39
1985,1.0,1.0,,East Asia & Pacific (excluding high income),1.0,1.0,1.0,2.0,2.0,2.0,,1,,,,,2.0,37.0,2024,,207470233,1,,60882768.0,2.0,,2.0,4.0,2.0,2.0,1.686101619,1.0,1.0,Q2,,,3.0,1.0,,1.0,,Thailand,,2,,,4.0,,,1.0,2.0,1.0,1.0,,1.0,,1.0,1.0,,1.0,,1.0,1.0,1.0,THA,4.0,1.0,1.0,1.0,2.0,2.0,1,1.0,,,1.0,False,Female,30_39
1986,1.0,2.0,,East Asia & Pacific (excluding high income),2.0,2.0,1.0,2.0,2.0,1.0,,1,,,,,2.0,84.0,2024,,207581582,1,,60882768.0,2.0,,1.0,2.0,2.0,,0.536051084,2.0,1.0,Q1 Lowest,,,2.0,2.0,,,,Thailand,,1,,,3.0,,,4.0,,0.0,0.0,,,,1.0,,2.0,5.0,,0.0,2.0,,THA,4.0,4.0,2.0,1.0,2.0,2.0,2,1.0,,,,False,Male,70_plus
1987,1.0,2.0,,East Asia & Pacific (excluding high income),1.0,1.0,1.0,1.0,1.0,1.0,,1,1.0,,2.0,,2.0,76.0,2024,,207583415,1,,60882768.0,1.0,,1.0,2.0,1.0,,0.180345052,1.0,1.0,Q1 Lowest,,1.0,2.0,1.0,,,,Thailand,,1,,,4.0,,,4.0,,0.0,1.0,,,,1.0,2.0,1.0,4.0,,1.0,1.0,,THA,1.0,1.0,2.0,1.0,2.0,1.0,1,1.0,,,1.0,False,Female,70_plus
1988,0.0,2.0,,East Asia & Pacific (excluding high income),2.0,1.0,1.0,2.0,2.0,3.0,,1,,,,,3.0,51.0,2024,,207910304,1,,60882768.0,1.0,,1.0,1.0,1.0,,0.562052545,2.0,1.0,Q3,,,3.0,1.0,,,,Thailand,1.0,1,,,3.0,,,4.0,,0.0,0.0,,,,2.0,2.0,,2.0,,0.0,,,THA,4.0,2.0,2.0,4.0,2.0,2.0,1,,,,2.0,False,Female,50_59
1989,1.0,2.0,,East Asia & Pacific (excluding high income),2.0,2.0,0.0,2.0,2.0,,,1,,,,,2.0,65.0,2024,,207994194,1,,60882768.0,2.0,,2.0,7.0,1.0,,0.135631464,1.0,1.0,Q1 Lowest,,,2.0,2.0,,,,Thailand,,1,,,1.0,,,4.0,,1.0,1.0,,,,1.0,,,4.0,,0.0,2.0,,THA,4.0,4.0,2.0,1.0,2.0,2.0,1,1.0,,,,False,Female,60_69
1990,1.0,2.0,,East Asia & Pacific (excluding high income),2.0,1.0,0.0,2.0,1.0,2.0,,1,2.0,,1.0,,,42.0,2024,,208296240,1,,60882768.0,,,1.0,2.0,,,1.800443671,2.0,,Q2,,1.0,,1.0,,,,Thailand,,2,,,4.0,,,4.0,,0.0,0.0,,,,2.0,2.0,,2.0,,0.0,,,THA,1.0,2.0,2.0,4.0,,2.0,1,,,,2.0,False,Female,40_49
1991,1.0,2.0,,East Asia & Pacific (excluding high income),1.0,2.0,1.0,2.0,2.0,1.0,,1,,,,,1.0,18.0,2024,,208344616,1,,60882768.0,1.0,,1.0,2.0,1.0,,2.528241099,2.0,1.0,Q5 Highest,,,2.0,2.0,,,,Thailand,,1,,,4.0,,,4.0,,1.0,0.0,,1.0,,2.0,,,1.0,,1.0,,,THA,4.0,4.0,2.0,4.0,2.0,2.0,2,,,,,False,Male,18_22
1992,1.0,2.0,,East Asia & Pacific (excluding high income),1.0,2.0,1.0,2.0,1.0,2.0,,1,2.0,,2.0,,2.0,51.0,2024,,208413630,1,,60882768.0,1.0,,1.0,2.0,2.0,2.0,2.416713814,2.0,1.0,Q4,,,2.0,1.0,,2.0,,Thailand,,1,,,4.0,,,1.0,2.0,0.0,1.0,,,,1.0,,,4.0,,0.0,2.0,1.0,THA,2.0,4.0,1.0,1.0,2.0,1.0,2,1.0,,,,False,Male,50_59
1993,0.0,2.0,,East Asia & Pacific (excluding high income),2.0,2.0,0.0,2.0,2.0,,,1,,,,,3.0,27.0,2024,,208456268,1,,60882768.0,2.0,,1.0,8.0,2.0,,1.45799341,2.0,1.0,Q3,,,3.0,1.0,,2.0,,Thailand,2.0,2,,,4.0,,,2.0,2.0,0.0,0.0,,,,2.0,,,3.0,,0.0,,2.0,THA,4.0,4.0,1.0,4.0,2.0,2.0,2,,,,,False,Male,23_29
1994,1.0,2.0,,East Asia & Pacific (excluding high income),2.0,2.0,0.0,1.0,2.0,2.0,,1,,,,,3.0,62.0,2024,,208616320,1,,60882768.0,1.0,,1.0,2.0,1.0,,0.417172874,2.0,1.0,Q5 Highest,,,2.0,2.0,,,,Thailand,,2,,,3.0,,,4.0,,0.0,0.0,,,,1.0,,,4.0,,0.0,2.0,,THA,4.0,4.0,2.0,1.0,2.0,2.0,1,1.0,,,,False,Female,60_69
1995,1.0,2.0,,East Asia & Pacific (excluding high income),2.0,2.0,1.0,2.0,2.0,3.0,,1,,,,,2.0,40.0,2024,,208706818,1,,60882768.0,2.0,,2.0,2.0,2.0,,1.661830705,2.0,1.0,Q2,,,1.0,2.0,,,,Thailand,,1,,,1.0,,,4.0,,1.0,0.0,,1.0,,1.0,,,3.0,,1.0,1.0,,THA,4.0,4.0,2.0,1.0,2.0,2.0,2,1.0,,,,False,Male,40_49
1996,1.0,2.0,,East Asia & Pacific (excluding high income),1.0,2.0,1.0,2.0,2.0,1.0,,1,,,,,1.0,16.0,2024,,208777756,1,,60882768.0,1.0,,1.0,1.0,1.0,,1.35125991,2.0,1.0,Q3,,,1.0,2.0,,,,Thailand,,2,,,5.0,,,4.0,,1.0,0.0,,1.0,,2.0,,,1.0,,1.0,,,THA,4.0,4.0,2.0,4.0,2.0,2.0,2,,,,,False,Male,17_or_less
1997,1.0,2.0,,East Asia & Pacific (excluding high income),2.0,2.0,0.0,2.0,2.0,2.0,,1,,,,,3.0,44.0,2024,,208826899,1,,60882768.0,2.0,,2.0,4.0,1.0,2.0,3.424553462,2.0,1.0,Q5 Highest,,,3.0,2.0,,1.0,,Thailand,2.0,1,,,4.0,,,1.0,2.0,0.0,0.0,,,,2.0,,,5.0,,1.0,,1.0,THA,4.0,4.0,1.0,4.0,2.0,2.0,1,,,,,False,Female,40_49
1998,1.0,2.0,,East Asia & Pacific (excluding high income),1.0,1.0,1.0,2.0,2.0,3.0,,1,,,,,2.0,66.0,2024,,208924564,1,,60882768.0,1.0,,1.0,2.0,2.0,2.0,0.446330707,1.0,2.0,Q4,,,2.0,1.0,,2.0,,Thailand,,1,,,3.0,,,1.0,2.0,0.0,1.0,,,,1.0,2.0,2.0,4.0,,0.0,2.0,1.0,THA,4.0,2.0,1.0,1.0,2.0,2.0,2,1.0,,,2.0,False,Male,60_69
1999,1.0,2.0,,East Asia & Pacific (excluding high income),1.0,1.0,1.0,2.0,2.0,2.0,,1,,,,,1.0,36.0,2024,,209129460,1,,60882768.0,1.0,,1.0,5.0,1.0,,0.490472635,1.0,1.0,Q1 Lowest,,1.0,3.0,1.0,,,,Thailand,,1,,,4.0,,,4.0,,1.0,1.0,,2.0,,1.0,2.0,,1.0,,1.0,2.0,,THA,4.0,2.0,2.0,1.0,2.0,1.0,1,1.0,,,2.0,False,Female,30_39
2000,0.0,2.0,,East Asia & Pacific (excluding high income),2.0,1.0,0.0,2.0,2.0,,,0,,2.0,,2.0,,65.0,2024,1.0,209157093,0,2.0,60882768.0,,,1.0,9.0,,,0.135631464,2.0,,Q3,,,,2.0,2.0,2.0,,Thailand,,2,1.0,2.0,1.0,,,2.0,2.0,0.0,0.0,,,,1.0,2.0,,3.0,,0.0,2.0,2.0,THA,4.0,2.0,1.0,2.0,,2.0,1,2.0,,,2.0,False,Female,60_69
2001,1.0,1.0,,East Asia & Pacific (excluding high income),2.0,1.0,1.0,2.0,2.0,2.0,,1,,,,,3.0,40.0,2024,,209204402,1,,60882768.0,2.0,,1.0,4.0,1.0,2.0,0.658518656,2.0,1.0,Q4,,1.0,1.0,1.0,,1.0,,Thailand,,2,,,4.0,,,1.0,2.0,1.0,1.0,,,,1.0,2.0,,4.0,,1.0,1.0,1.0,THA,4.0,1.0,1.0,1.0,2.0,2.0,1,1.0,,,1.0,False,Female,40_49
2002,1.0,2.0,,East Asia & Pacific (excluding high income),2.0,1.0,0.0,2.0,2.0,1.0,,1,,,,,1.0,26.0,2024,,209262638,1,,60882768.0,2.0,,2.0,4.0,1.0,,1.281605404,1.0,1.0,Q3,,,2.0,2.0,,,,Thailand,,2,,,4.0,,,4.0,,1.0,1.0,,,,1.0,1.0,,1.0,,0.0,2.0,,THA,4.0,1.0,2.0,1.0,2.0,2.0,1,1.0,,,1.0,False,Female,23_29
2003,1.0,2.0,,East Asia & Pacific (excluding high income),1.0,1.0,1.0,2.0,2.0,1.0,,1,,,,,1.0,62.0,2024,,209426643,1,,60882768.0,2.0,,1.0,2.0,2.0,3.0,1.243167421,2.0,1.0,Q3,,1.0,3.0,1.0,,2.0,,Thailand,,1,,,3.0,,,1.0,2.0,0.0,0.0,,,,2.0,2.0,,2.0,,0.0,,1.0,THA,4.0,2.0,1.0,4.0,2.0,2.0,1,,,,2.0,False,Female,60_69
2004,0.0,2.0,,East Asia & Pacific (excluding high income),2.0,1.0,0.0,1.0,2.0,,,1,,,,,4.0,61.0,2024,,209611996,1,,60882768.0,2.0,,1.0,7.0,2.0,,0.135631464,2.0,1.0,Q2,,,4.0,1.0,,,,Thailand,1.0,2,,,1.0,,,4.0,,0.0,0.0,,,,1.0,2.0,,1.0,,0.0,2.0,,THA,4.0,2.0,2.0,2.0,2.0,2.0,2,2.0,,,2.0,False,Male,60_69
2005,1.0,2.0,,East Asia & Pacific (excluding high income),1.0,1.0,1.0,2.0,2.0,3.0,,1,,,,,1.0,48.0,2024,,209761256,1,,60882768.0,1.0,,3.0,1.0,1.0,,0.196852109,1.0,2.0,Q5 Highest,,1.0,2.0,1.0,,2.0,,Thailand,,1,,,3.0,,,2.0,2.0,1.0,1.0,,1.0,,2.0,1.0,,3.0,,1.0,,2.0,THA,4.0,1.0,1.0,4.0,2.0,2.0,1,,,,1.0,False,Female,40_49
2006,1.0,2.0,,East Asia & Pacific (excluding high income),1.0,1.0,1.0,2.0,2.0,3.0,,1,,,,,1.0,55.0,2024,,209789545,1,,60882768.0,1.0,,1.0,1.0,1.0,,1.420683028,2.0,1.0,Q5 Highest,,1.0,2.0,1.0,,,,Thailand,,2,,,5.0,,,4.0,,1.0,0.0,,,,2.0,2.0,,4.0,,0.0,,,THA,4.0,2.0,2.0,4.0,2.0,2.0,1,,,,2.0,False,Female,50_59
2007,1.0,2.0,,East Asia & Pacific (excluding high income),2.0,2.0,0.0,2.0,2.0,3.0,,1,,,,,3.0,78.0,2024,,210013452,1,,60882768.0,2.0,,1.0,2.0,2.0,,0.135631464,2.0,2.0,Q3,,,2.0,2.0,,,,Thailand,,2,,,1.0,,,4.0,,1.0,0.0,,,,1.0,,,2.0,,0.0,2.0,,THA,4.0,4.0,2.0,1.0,2.0,2.0,1,1.0,,,,False,Female,70_plus
2008,1.0,2.0,,East Asia & Pacific (excluding high income),2.0,2.0,0.0,2.0,2.0,2.0,,1,,,,,3.0,49.0,2024,,210206159,1,,60882768.0,2.0,,1.0,2.0,2.0,,1.168245114,1.0,2.0,Q5 Highest,,,4.0,2.0,,,,Thailand,2.0,2,,,4.0,,,4.0,,0.0,1.0,,,,2.0,,,1.0,,0.0,,,THA,4.0,4.0,2.0,4.0,2.0,2.0,1,,,,,False,Female,40_49
2009,1.0,2.0,,East Asia & Pacific (excluding high income),1.0,1.0,1.0,2.0,2.0,1.0,,1,,,,,4.0,19.0,2024,,210368009,1,,60882768.0,1.0,,2.0,1.0,1.0,,1.395043703,1.0,1.0,Q2,,,3.0,2.0,,,,Thailand,1.0,1,,,5.0,,,4.0,,1.0,1.0,,1.0,,2.0,1.0,,3.0,,1.0,,,THA,4.0,1.0,2.0,4.0,2.0,2.0,1,,,,1.0,False,Female,18_22
2010,1.0,2.0,,East Asia & Pacific (excluding high income),2.0,1.0,0.0,2.0,1.0,3.0,,1,2.0,,2.0,,3.0,43.0,2024,,210373832,1,,60882768.0,2.0,,1.0,2.0,2.0,,2.411491444,2.0,1.0,Q2,,,3.0,1.0,,,,Thailand,1.0,1,,,5.0,,,4.0,,0.0,0.0,,,,1.0,2.0,,4.0,,0.0,2.0,,THA,2.0,2.0,2.0,1.0,2.0,2.0,1,1.0,,,2.0,False,Female,40_49
2011,1.0,2.0,,East Asia & Pacific (excluding high income),2.0,1.0,0.0,2.0,2.0,,,1,,,,,2.0,80.0,2024,,210548032,1,,60882768.0,2.0,,1.0,7.0,2.0,,0.135631464,2.0,1.0,Q2,,,2.0,2.0,,,,Thailand,,1,,,5.0,,,4.0,,0.0,0.0,,,,1.0,2.0,,2.0,,0.0,2.0,,THA,4.0,2.0,2.0,1.0,2.0,2.0,1,1.0,,,2.0,False,Female,70_plus
2012,1.0,2.0,,East Asia & Pacific (excluding high income),2.0,2.0,0.0,2.0,2.0,3.0,,1,,,,,3.0,61.0,2024,,210685754,1,,60882768.0,1.0,,1.0,2.0,2.0,,0.503966111,2.0,1.0,Q1 Lowest,,,2.0,2.0,,,,Thailand,,2,,,1.0,,,4.0,,0.0,0.0,,,,1.0,,,4.0,,0.0,2.0,,THA,4.0,4.0,2.0,1.0,2.0,2.0,1,1.0,,,,False,Female,60_69
2013,1.0,2.0,,East Asia & Pacific (excluding high income),1.0,1.0,1.0,2.0,2.0,1.0,,1,,,,,2.0,21.0,2024,,210806531,1,,60882768.0,2.0,,2.0,2.0,2.0,2.0,0.686096432,1.0,1.0,Q2,,1.0,2.0,1.0,,1.0,,Thailand,,1,,,4.0,,,1.0,2.0,1.0,1.0,,1.0,,1.0,2.0,,2.0,,1.0,1.0,1.0,THA,4.0,1.0,1.0,1.0,2.0,2.0,1,1.0,,,1.0,False,Female,18_22
2014,0.0,2.0,,East Asia & Pacific (excluding high income),1.0,1.0,1.0,2.0,2.0,,,1,,,,,2.0,69.0,2024,,210819657,1,,60882768.0,1.0,,1.0,8.0,2.0,,0.135631464,2.0,2.0,Q2,,,3.0,1.0,,2.0,,Thailand,,1,,,1.0,,,2.0,2.0,0.0,1.0,,,,2.0,2.0,,5.0,,0.0,,2.0,THA,4.0,3.0,1.0,4.0,2.0,2.0,2,,,,2.0,False,Male,60_69
2015,1.0,2.0,,East Asia & Pacific (excluding high income),2.0,1.0,0.0,2.0,2.0,1.0,,1,,,,,3.0,58.0,2024,,210884819,1,,60882768.0,2.0,,1.0,2.0,2.0,,0.42656637,2.0,1.0,Q1 Lowest,,,2.0,1.0,,,,Thailand,,2,,,4.0,,,4.0,,1.0,0.0,,,,1.0,2.0,,3.0,,0.0,2.0,,THA,4.0,2.0,2.0,1.0,2.0,2.0,1,1.0,,,2.0,False,Female,50_59
2016,1.0,2.0,,East Asia & Pacific (excluding high income),2.0,1.0,1.0,2.0,2.0,2.0,,1,,2.0,,2.0,,55.0,2024,4.0,211074303,0,1.0,60882768.0,,,2.0,1.0,,,0.250727731,2.0,,Q5 Highest,,1.0,,1.0,2.0,,,Thailand,,4,4.0,4.0,3.0,,,4.0,,1.0,1.0,,1.0,,2.0,2.0,,4.0,,1.0,,,THA,4.0,3.0,2.0,4.0,,2.0,1,,,,2.0,False,Female,50_59
